event_id,transaction_id,event_type,event_ts,ingestion_ts,processing_ms
E516225,T105576,AUTHORIZED,2026-09-08 21:29:43,2026-09-08 21:29:51,166
E519799,T106816,AUTHORIZED,2026-09-09 09:16:16,2026-09-09 09:16:45,234
E519975,T106876,CREATED,2026-09-09 11:06:27,2026-09-09 11:06:32,387
E518000,T106190,CREATED,2026-09-08 22:16:52,2026-09-08 22:16:54,176
E516435,T105651,CREATED,2026-09-08 14:09:28,2026-09-08 14:09:41,214
E517218,T105919,CREATED,2026-09-08 09:19:50,2026-09-08 09:19:53,60
E517816,T106126,AUTHORIZED,2026-09-08 10:10:09,2026-09-08 10:10:39,400
E517702,T106088,CREATED,2026-09-08 07:27:12,2026-09-08 07:27:18,319
E515873,T105457,SETTLED,2026-09-08 22:58:48,2026-09-08 22:59:10,191
E517507,T106019,AUTHORIZED,2026-09-08 10:16:03,2026-09-08 10:16:19,488
E518461,T106349,AUTHORIZED,2026-09-09 16:42:10,2026-09-09 16:42:24,460
E515975,T105492,AUTHORIZED,2026-09-08 21:47:12,2026-09-08 21:47:17,452
E519535,T106721,AUTHORIZED,2026-09-09 08:34:43,2026-09-09 08:35:00,110
E516947,T105825,SETTLED,2026-09-08 19:10:55,2026-09-08 19:11:20,757
E517462,T106003,CREATED,2026-09-08 22:41:40,2026-09-08 22:41:51,198
E517205,T105914,CREATED,2026-09-08 15:51:12,2026-09-08 15:51:21,339
E516450,T105655,SETTLED,2026-09-08 15:31:27,2026-09-08 15:31:34,754
E518475,T106354,CREATED,2026-09-09 07:28:21,2026-09-09 07:28:31,304
E517138,T105890,SETTLED,2026-09-08 06:25:41,2026-09-08 06:26:06,642
E519229,T106615,SETTLED,2026-09-09 13:32:26,2026-09-09 13:33:09,108
E515868,T105456,CREATED,2026-09-08 09:38:56,2026-09-08 09:38:59,317
E519491,T106705,AUTHORIZED,2026-09-09 09:45:33,2026-09-09 09:46:01,110
E519514,T106713,SETTLED,2026-09-09 13:29:59,2026-09-09 13:30:18,481
E519871,T106840,CREATED,2026-09-09 17:38:53,2026-09-09 17:39:06,304
E519063,T106556,AUTHORIZED,2026-09-09 22:23:51,2026-09-09 22:24:08,107
E516599,T105704,SETTLED,2026-09-08 19:35:42,2026-09-08 19:35:55,106
E515831,T105442,CREATED,2026-09-08 21:34:06,2026-09-08 21:34:10,201
E517684,T106081,SETTLED,2026-09-08 21:41:59,2026-09-08 21:42:01,249
E519914,T106856,CREATED,2026-09-09 17:30:24,2026-09-09 17:30:31,305
E519004,T106535,AUTHORIZED,2026-09-09 19:30:50,2026-09-09 19:31:19,352
E520222,T106961,CREATED,2026-09-09 09:08:45,2026-09-09 09:09:04,109
E519571,T106733,SETTLED,2026-09-09 19:14:00,2026-09-09 19:14:10,311
E518501,T106363,CREATED,2026-09-09 14:05:06,2026-09-09 14:05:19,336
E518596,T106395,SETTLED,2026-09-09 12:08:54,2026-09-09 12:08:55,168
E517911,T106158,FAILED,2026-09-08 06:38:45,2026-09-08 06:39:13,346
E515756,T105415,AUTHORIZED,2026-09-08 07:22:09,2026-09-08 07:22:18,333
E518525,T106370,SETTLED,2026-09-09 23:01:28,2026-09-09 23:01:59,437
E519154,T106588,SETTLED,2026-09-09 11:04:40,2026-09-09 11:05:24,796
E518543,T106377,CREATED,2026-09-09 12:27:50,2026-09-09 12:27:56,273
E515737,T105408,AUTHORIZED,2026-09-08 22:46:53,2026-09-08 22:47:07,184
E516243,T105582,SETTLED,2026-09-08 23:14:47,2026-09-08 23:57:47,590
E518414,T106333,CREATED,2026-09-09 08:16:29,2026-09-09 08:16:47,100
E516573,T105696,SETTLED,2026-09-08 13:50:24,2026-09-08 13:50:53,316
E520146,T106934,CREATED,2026-09-09 15:15:58,2026-09-09 15:16:13,360
E518791,T106464,CREATED,2026-09-09 21:58:14,2026-09-09 21:58:27,145
E518249,T106275,CREATED,2026-09-09 06:16:17,2026-09-09 06:16:34,386
E517969,T106179,CREATED,2026-09-08 19:24:53,2026-09-08 19:25:09,137
E519639,T106759,CREATED,2026-09-09 22:10:37,2026-09-09 22:10:40,142
E517374,T105972,AUTHORIZED,2026-09-08 15:20:00,2026-09-08 15:20:19,487
E517442,T105996,AUTHORIZED,2026-09-08 10:47:14,2026-09-08 10:47:44,48
E518957,T106519,AUTHORIZED,2026-09-09 16:44:25,2026-09-09 16:44:46,88
E519022,T106541,SETTLED,2026-09-09 08:22:55,2026-09-09 08:23:20,441
E519896,T106849,SETTLED,2026-09-09 09:25:53,2026-09-09 09:26:12,278
E519711,T106785,AUTHORIZED,2026-09-09 07:08:32,2026-09-09 07:08:59,440
E519486,T106703,AUTHORIZED,2026-09-09 21:54:31,2026-09-09 21:54:41,148
E518039,T106202,SETTLED,2026-09-08 13:54:29,2026-09-08 13:54:43,744
E515738,T105409,CREATED,2026-09-08 22:12:38,2026-09-08 22:12:48,76
E517249,T105929,CREATED,2026-09-08 06:45:45,2026-09-08 06:45:54,55
E516211,T105571,AUTHORIZED,2026-09-08 09:58:19,2026-09-08 09:58:29,278
E520010,T106888,CREATED,2026-09-09 06:54:51,2026-09-09 06:55:03,84
E520115,T106923,CREATED,2026-09-09 16:07:24,2026-09-09 16:07:39,49
E517275,T105937,CREATED,2026-09-08 06:51:19,2026-09-08 06:51:25,263
E519618,T106751,AUTHORIZED,2026-09-09 20:54:57,2026-09-09 20:55:05,71
E518453,T106346,SETTLED,2026-09-09 13:30:03,2026-09-09 13:30:24,848
E517683,T106081,AUTHORIZED,2026-09-08 21:22:59,2026-09-08 21:23:05,267
E515848,T105448,AUTHORIZED,2026-09-08 11:14:47,2026-09-08 11:15:02,328
E516131,T105544,CREATED,2026-09-08 12:00:34,2026-09-08 12:00:47,56
E518402,T106328,SETTLED,2026-09-09 18:55:22,2026-09-09 18:55:39,208
E517791,T106118,AUTHORIZED,2026-09-08 12:09:04,2026-09-08 12:09:12,362
E516203,T105568,CREATED,2026-09-08 10:44:23,2026-09-08 10:44:29,52
E515801,T105430,AUTHORIZED,2026-09-08 21:32:07,2026-09-08 21:32:18,294
E519827,T106825,SETTLED,2026-09-09 18:49:11,2026-09-09 18:49:12,254
E518662,T106418,AUTHORIZED,2026-09-09 07:52:23,2026-09-09 07:52:47,216
E519970,T106874,SETTLED,2026-09-09 14:02:46,2026-09-09 15:02:46,181
E515825,T105439,CREATED,2026-09-08 22:33:00,2026-09-08 22:33:01,245
E518702,T106432,AUTHORIZED,2026-09-09 19:58:43,2026-09-09 19:58:52,295
E518370,T106316,CREATED,2026-09-09 12:25:19,2026-09-09 12:25:34,385
E516216,T105573,CREATED,2026-09-08 11:37:03,2026-09-08 11:37:22,271
E516654,T105723,AUTHORIZED,2026-09-08 08:02:22,2026-09-08 08:02:49,429
E518201,T106258,AUTHORIZED,2026-09-09 17:37:31,2026-09-09 17:37:36,32
E518678,T106424,CREATED,2026-09-09 07:15:17,2026-09-09 07:15:31,125
E517444,T105997,CREATED,2026-09-08 06:49:34,2026-09-08 06:49:47,94
E515855,T105451,CREATED,2026-09-08 16:50:01,2026-09-08 16:50:14,300
E519763,T106803,SETTLED,2026-09-09 08:49:12,2026-09-09 08:49:35,895
E520073,T106908,SETTLED,2026-09-09 19:40:39,2026-09-09 20:24:39,398
E517548,T106033,SETTLED,2026-09-08 10:31:24,2026-09-08 10:31:58,600
E518789,T106463,AUTHORIZED,2026-09-09 08:46:09,2026-09-09 08:46:33,381
E517962,T106176,FAILED,2026-09-08 21:41:38,2026-09-08 21:41:45,454
E516964,T105831,CREATED,2026-09-08 20:48:19,2026-09-08 20:48:22,34
E515717,T105401,AUTHORIZED,2026-09-08 11:41:40,2026-09-08 11:41:55,79
E518954,T106518,SETTLED,2026-09-09 10:03:19,2026-09-09 10:03:38,229
E520140,T106932,CREATED,2026-09-09 12:42:32,2026-09-09 12:42:36,292
E518574,T106388,AUTHORIZED,2026-09-09 11:41:11,2026-09-09 11:41:17,459
E519238,T106618,SETTLED,2026-09-09 10:06:29,2026-09-09 10:06:38,112
E518586,T106392,AUTHORIZED,2026-09-09 21:26:59,2026-09-09 21:27:24,313
E518323,T106300,AUTHORIZED,2026-09-09 21:50:10,2026-09-09 21:50:18,395
E518234,T106269,SETTLED,2026-09-09 20:51:51,2026-09-09 20:52:01,558
E517479,T106008,SETTLED,2026-09-08 11:36:04,2026-09-08 11:36:22,316
E518571,T106387,SETTLED,2026-09-09 19:07:36,2026-09-09 19:08:10,615
E520006,T106886,SETTLED,2026-09-09 19:37:05,2026-09-09 19:37:14,891
E519564,T106731,AUTHORIZED,2026-09-09 10:44:39,2026-09-09 10:45:06,175
E516614,T105709,SETTLED,2026-09-08 06:42:04,2026-09-08 06:42:22,530
E516029,T105510,CREATED,2026-09-08 10:42:51,2026-09-08 10:43:07,342
E516892,T105805,SETTLED,2026-09-08 21:54:25,2026-09-08 21:54:56,31
E516140,T105547,AUTHORIZED,2026-09-08 14:25:28,2026-09-08 14:25:32,111
E516499,T105671,AUTHORIZED,2026-09-08 17:48:08,2026-09-08 17:48:26,110
E516861,T105795,CREATED,2026-09-08 16:18:47,2026-09-08 16:18:55,29
E519783,T106811,CREATED,2026-09-09 12:57:53,2026-09-09 12:58:07,281
E517692,T106084,SETTLED,2026-09-08 19:11:02,2026-09-08 19:11:28,209
E519463,T106695,SETTLED,2026-09-09 22:07:41,2026-09-09 22:08:16,322
E519630,T106756,CREATED,2026-09-09 10:30:52,2026-09-09 10:31:02,86
E518540,T106376,CREATED,2026-09-09 06:34:57,2026-09-09 06:35:15,179
E517673,T106078,CREATED,2026-09-08 16:34:12,2026-09-08 16:34:23,236
E516812,T105777,SETTLED,2026-09-08 13:43:57,2026-09-08 13:44:08,618
E519643,T106760,AUTHORIZED,2026-09-09 17:49:24,2026-09-09 17:49:27,75
E519243,T106620,AUTHORIZED,2026-09-09 09:13:21,2026-09-09 09:13:51,415
E516588,T105701,SETTLED,2026-09-08 14:39:18,2026-09-08 15:31:18,139
E516543,T105687,CREATED,2026-09-08 14:27:36,2026-09-08 14:27:47,116
E520169,T106942,CREATED,2026-09-09 10:50:43,2026-09-09 10:50:57,82
E520032,T106895,AUTHORIZED,2026-09-09 18:33:25,2026-09-09 18:33:31,435
E517397,T105981,CREATED,2026-09-08 14:05:46,2026-09-08 14:05:49,320
E519045,T106549,SETTLED,2026-09-09 20:36:27,2026-09-09 20:36:40,539
E517423,T105990,CREATED,2026-09-08 13:10:54,2026-09-08 13:10:56,222
E519549,T106726,CREATED,2026-09-09 09:54:20,2026-09-09 09:54:33,344
E519563,T106731,CREATED,2026-09-09 10:44:33,2026-09-09 10:44:40,86
E516756,T105757,SETTLED,2026-09-08 15:50:17,2026-09-08 16:10:17,74
E520046,T106900,CREATED,2026-09-09 18:41:13,2026-09-09 18:41:17,191
E517234,T105924,SETTLED,2026-09-08 21:42:45,2026-09-08 21:42:48,737
E518759,T106452,SETTLED,2026-09-09 19:01:04,2026-09-09 19:01:15,124
E519909,T106854,AUTHORIZED,2026-09-09 07:06:34,2026-09-09 07:07:04,392
E516157,T105552,AUTHORIZED,2026-09-08 13:41:11,2026-09-08 13:41:36,242
E520078,T106910,CREATED,2026-09-09 17:50:31,2026-09-09 17:50:42,138
E519187,T106601,AUTHORIZED,2026-09-09 11:37:35,2026-09-09 11:37:43,152
E517133,T105889,CREATED,2026-09-08 20:40:21,2026-09-08 20:40:26,300
E520255,T106972,CREATED,2026-09-09 16:26:29,2026-09-09 16:26:30,337
E517700,T106087,AUTHORIZED,2026-09-08 09:24:48,2026-09-08 09:25:07,304
E515834,T105443,CREATED,2026-09-08 22:33:19,2026-09-08 22:33:37,87
E517674,T106078,AUTHORIZED,2026-09-08 16:34:19,2026-09-08 16:34:31,377
E516741,T105752,AUTHORIZED,2026-09-08 16:35:01,2026-09-08 16:35:29,301
E520029,T106894,AUTHORIZED,2026-09-09 20:45:56,2026-09-09 20:46:06,477
E516092,T105531,CREATED,2026-09-08 14:43:24,2026-09-08 14:43:42,28
E517663,T106074,AUTHORIZED,2026-09-08 16:38:05,2026-09-08 16:38:17,331
E518999,T106533,AUTHORIZED,2026-09-09 12:31:47,2026-09-09 12:32:11,210
E516501,T105672,CREATED,2026-09-08 20:25:22,2026-09-08 20:25:42,80
E518377,T106319,AUTHORIZED,2026-09-09 16:32:21,2026-09-09 16:32:25,295
E520089,T106913,SETTLED,2026-09-09 07:10:20,2026-09-09 07:10:24,839
E519058,T106554,AUTHORIZED,2026-09-09 20:58:54,2026-09-09 20:59:01,445
E520281,T106981,AUTHORIZED,2026-09-09 14:06:26,2026-09-09 14:06:32,338
E518446,T106344,AUTHORIZED,2026-09-09 06:10:02,2026-09-09 06:10:08,449
E519823,T106824,AUTHORIZED,2026-09-09 06:48:55,2026-09-09 06:48:59,370
E517125,T105886,CREATED,2026-09-08 12:36:29,2026-09-08 12:36:41,382
E519458,T106694,CREATED,2026-09-09 10:54:41,2026-09-09 10:54:43,296
E519301,T106639,AUTHORIZED,2026-09-09 20:41:04,2026-09-09 20:41:18,468
E518268,T106281,SETTLED,2026-09-09 12:08:20,2026-09-09 12:08:44,98
E517334,T105957,CREATED,2026-09-08 13:30:29,2026-09-08 13:30:30,334
E518284,T106287,CREATED,2026-09-09 07:28:05,2026-09-09 07:28:24,142
E517599,T106052,CREATED,2026-09-08 17:36:20,2026-09-08 17:36:25,285
E516235,T105580,CREATED,2026-09-08 17:03:03,2026-09-08 17:03:12,231
E517506,T106019,CREATED,2026-09-08 10:15:27,2026-09-08 10:15:40,147
E518172,T106249,CREATED,2026-09-09 22:10:01,2026-09-09 22:10:14,45
E515850,T105449,CREATED,2026-09-08 08:16:59,2026-09-08 08:17:11,148
E518953,T106518,AUTHORIZED,2026-09-09 09:37:19,2026-09-09 09:37:40,255
E520077,T106909,SETTLED,2026-09-09 08:12:49,2026-09-09 08:12:58,515
E515706,T105397,AUTHORIZED,2026-09-08 08:11:16,2026-09-08 08:11:44,404
E519071,T106559,AUTHORIZED,2026-09-09 14:08:09,2026-09-09 14:08:18,438
E519476,T106700,CREATED,2026-09-09 10:31:10,2026-09-09 10:31:17,237
E517092,T105874,SETTLED,2026-09-08 18:37:16,2026-09-08 18:37:21,429
E519245,T106621,CREATED,2026-09-09 16:14:28,2026-09-09 16:14:44,53
E518575,T106388,SETTLED,2026-09-09 12:03:11,2026-09-09 12:03:42,136
E516630,T105715,CREATED,2026-09-08 13:19:38,2026-09-08 13:19:55,140
E517456,T106001,CREATED,2026-09-08 14:19:01,2026-09-08 14:19:07,379
E518860,T106486,SETTLED,2026-09-09 15:45:55,2026-09-09 15:46:27,443
E518713,T106436,CREATED,2026-09-09 20:41:42,2026-09-09 20:41:59,200
E517184,T105906,SETTLED,2026-09-08 17:10:50,2026-09-08 17:10:52,278
E517351,T105963,CREATED,2026-09-08 21:16:24,2026-09-08 21:16:40,301
E519291,T106635,SETTLED,2026-09-09 17:44:26,2026-09-09 17:44:27,230
E516932,T105820,FAILED,2026-09-08 12:04:53,2026-09-08 12:05:06,130
E515880,T105460,CREATED,2026-09-08 09:17:50,2026-09-08 09:18:02,340
E519575,T106735,CREATED,2026-09-09 16:37:19,2026-09-09 16:37:21,260
E519818,T106822,SETTLED,2026-09-09 14:44:32,2026-09-09 14:45:07,328
E516105,T105535,AUTHORIZED,2026-09-08 09:42:37,2026-09-08 09:43:03,69
E518831,T106477,CREATED,2026-09-09 11:49:30,2026-09-09 11:49:46,68
E518467,T106351,SETTLED,2026-09-09 08:06:47,2026-09-09 08:07:18,258
E516415,T105644,AUTHORIZED,2026-09-08 22:28:00,2026-09-08 22:28:15,78
E518306,T106294,CREATED,2026-09-09 06:43:35,2026-09-09 06:43:52,36
E518520,T106369,CREATED,2026-09-09 14:46:32,2026-09-09 14:46:47,373
E518036,T106201,SETTLED,2026-09-08 07:24:06,2026-09-08 07:24:21,557
E515842,T105446,AUTHORIZED,2026-09-08 18:59:33,2026-09-08 18:59:59,241
E517268,T105934,SETTLED,2026-09-08 10:38:26,2026-09-08 11:23:26,78
E516889,T105804,SETTLED,2026-09-08 19:01:11,2026-09-08 19:01:19,825
E516939,T105823,CREATED,2026-09-08 19:26:03,2026-09-08 19:26:19,294
E519332,T106650,AUTHORIZED,2026-09-09 14:22:35,2026-09-09 14:22:40,391
E516824,T105782,CREATED,2026-09-08 08:20:09,2026-09-08 08:20:24,29
E517778,T106114,CREATED,2026-09-08 13:04:38,2026-09-08 13:04:42,315
E519397,T106672,AUTHORIZED,2026-09-09 14:12:28,2026-09-09 14:12:54,418
E520065,T106906,CREATED,2026-09-09 19:26:53,2026-09-09 19:27:13,75
E519056,T106553,SETTLED,2026-09-09 07:13:14,2026-09-09 07:13:55,562
E519807,T106819,AUTHORIZED,2026-09-09 22:10:41,2026-09-09 22:11:03,134
E517867,T106143,AUTHORIZED,2026-09-08 18:21:36,2026-09-08 18:21:44,272
E516188,T105562,SETTLED,2026-09-08 12:04:01,2026-09-08 12:04:22,173
E517177,T105904,AUTHORIZED,2026-09-08 12:48:10,2026-09-08 12:48:26,315
E519791,T106814,CREATED,2026-09-09 10:11:03,2026-09-09 10:11:11,24
E516159,T105553,CREATED,2026-09-08 18:12:43,2026-09-08 18:12:54,55
E516981,T105836,SETTLED,2026-09-08 19:08:57,2026-09-08 19:09:00,350
E517201,T105912,SETTLED,2026-09-08 13:43:21,2026-09-08 13:43:23,803
E516700,T105739,SETTLED,2026-09-08 08:56:55,2026-09-08 09:32:55,639
E518516,T106367,SETTLED,2026-09-09 21:36:30,2026-09-09 21:36:37,438
E518488,T106358,SETTLED,2026-09-09 22:58:22,2026-09-10 00:07:22,88
E519315,T106644,AUTHORIZED,2026-09-09 11:14:20,2026-09-09 11:14:44,377
E519617,T106751,CREATED,2026-09-09 20:54:27,2026-09-09 20:54:34,345
E519898,T106850,AUTHORIZED,2026-09-09 22:19:46,2026-09-09 22:19:53,404
E519503,T106709,AUTHORIZED,2026-09-09 21:48:13,2026-09-09 21:48:19,328
E516482,T105665,SETTLED,2026-09-08 13:50:23,2026-09-08 13:51:01,481
E517845,T106136,CREATED,2026-09-08 13:33:29,2026-09-08 13:33:30,71
E516646,T105720,SETTLED,2026-09-08 09:29:36,2026-09-08 10:19:36,760
E517654,T106071,CREATED,2026-09-08 18:54:06,2026-09-08 18:54:21,334
E516769,T105762,AUTHORIZED,2026-09-08 12:48:51,2026-09-08 12:49:07,280
E518034,T106201,CREATED,2026-09-08 07:21:30,2026-09-08 07:21:31,379
E520156,T106937,SETTLED,2026-09-09 19:44:00,2026-09-09 19:44:03,213
E518421,T106335,AUTHORIZED,2026-09-09 08:38:02,2026-09-09 08:38:32,324
E516410,T105642,FAILED,2026-09-08 14:09:52,2026-09-08 14:10:18,387
E515745,T105411,SETTLED,2026-09-08 06:45:31,2026-09-08 06:45:50,46
E519865,T106837,SETTLED,2026-09-09 06:45:40,2026-09-09 06:46:13,809
E518127,T106233,CREATED,2026-09-08 16:19:01,2026-09-08 16:19:14,370
E517514,T106022,CREATED,2026-09-08 08:28:24,2026-09-08 08:28:35,76
E520096,T106916,CREATED,2026-09-09 15:25:38,2026-09-09 15:25:48,322
E515725,T105404,CREATED,2026-09-08 07:25:08,2026-09-08 07:25:16,192
E520290,T106984,AUTHORIZED,2026-09-09 16:35:38,2026-09-09 16:35:55,82
E518424,T106336,AUTHORIZED,2026-09-09 18:59:20,2026-09-09 18:59:45,496
E518033,T106200,SETTLED,2026-09-08 08:05:32,2026-09-08 08:06:17,577
E518720,T106438,SETTLED,2026-09-09 18:58:19,2026-09-09 18:58:23,668
E515919,T105473,SETTLED,2026-09-08 08:03:57,2026-09-08 08:04:14,214
E515900,T105467,CREATED,2026-09-08 22:00:24,2026-09-08 22:00:28,126
E517222,T105920,SETTLED,2026-09-08 10:20:15,2026-09-08 10:20:51,225
E516577,T105698,CREATED,2026-09-08 18:30:24,2026-09-08 18:30:37,66
E518832,T106477,AUTHORIZED,2026-09-09 11:50:07,2026-09-09 11:50:18,132
E517371,T105971,AUTHORIZED,2026-09-08 10:10:27,2026-09-08 10:10:44,159
E519534,T106721,CREATED,2026-09-09 08:34:10,2026-09-09 08:34:22,146
E516224,T105576,CREATED,2026-09-08 21:29:16,2026-09-08 21:29:29,99
E516843,T105789,CREATED,2026-09-08 14:17:36,2026-09-08 14:17:42,45
E516847,T105790,AUTHORIZED,2026-09-08 07:53:53,2026-09-08 07:54:04,301
E517322,T105953,CREATED,2026-09-08 09:24:23,2026-09-08 09:24:25,294
E520299,T106987,AUTHORIZED,2026-09-09 09:21:36,2026-09-09 09:21:48,452
E516671,T105729,AUTHORIZED,2026-09-08 08:16:38,2026-09-08 08:17:00,145
E517185,T105907,CREATED,2026-09-08 20:28:23,2026-09-08 20:28:26,343
E518576,T106389,CREATED,2026-09-09 11:38:19,2026-09-09 11:38:37,176
E519362,T106660,CREATED,2026-09-09 14:18:29,2026-09-09 14:18:49,171
E519508,T106711,FAILED,2026-09-09 06:39:42,2026-09-09 06:40:04,225
E516122,T105540,SETTLED,2026-09-08 08:02:49,2026-09-08 08:03:28,242
E519843,T106831,CREATED,2026-09-09 09:37:56,2026-09-09 09:37:59,55
E516925,T105818,CREATED,2026-09-08 18:13:20,2026-09-08 18:13:30,41
E520108,T106919,SETTLED,2026-09-09 07:29:11,2026-09-09 07:29:26,653
E520278,T106980,AUTHORIZED,2026-09-09 17:00:35,2026-09-09 17:00:59,309
E519110,T106573,SETTLED,2026-09-09 17:13:05,2026-09-09 17:13:20,259
E518675,T106422,SETTLED,2026-09-09 09:22:45,2026-09-09 09:22:49,545
E517790,T106118,CREATED,2026-09-08 12:08:46,2026-09-08 12:09:00,30
E518197,T106257,CREATED,2026-09-09 21:48:52,2026-09-09 21:48:59,49
E518833,T106477,SETTLED,2026-09-09 12:06:07,2026-09-09 12:06:44,702
E520047,T106900,AUTHORIZED,2026-09-09 18:41:52,2026-09-09 18:42:22,145
E518457,T106348,CREATED,2026-09-09 20:17:43,2026-09-09 20:17:49,25
E518947,T106516,AUTHORIZED,2026-09-09 13:16:06,2026-09-09 13:16:20,231
E520211,T106956,SETTLED,2026-09-09 22:27:34,2026-09-09 22:28:05,492
E519426,T106682,SETTLED,2026-09-09 06:39:10,2026-09-09 06:39:33,354
E516864,T105796,CREATED,2026-09-08 06:44:37,2026-09-08 06:44:40,348
E517937,T106168,CREATED,2026-09-08 20:06:05,2026-09-08 20:06:18,326
E519082,T106563,CREATED,2026-09-09 10:09:59,2026-09-09 10:10:18,217
E519805,T106818,SETTLED,2026-09-09 14:02:42,2026-09-09 14:03:22,380
E518553,T106380,SETTLED,2026-09-09 10:08:19,2026-09-09 10:08:43,457
E517535,T106029,AUTHORIZED,2026-09-08 08:02:58,2026-09-08 08:03:07,232
E515999,T105500,AUTHORIZED,2026-09-08 08:43:42,2026-09-08 08:43:54,333
E517579,T106044,AUTHORIZED,2026-09-08 17:28:59,2026-09-08 17:29:09,136
E515892,T105464,CREATED,2026-09-08 14:44:18,2026-09-08 14:44:30,115
E517975,T106181,CREATED,2026-09-08 09:49:17,2026-09-08 09:49:19,244
E520138,T106931,AUTHORIZED,2026-09-09 11:18:12,2026-09-09 11:18:28,34
E516777,T105765,CREATED,2026-09-08 11:44:43,2026-09-08 11:45:02,184
E517328,T105955,CREATED,2026-09-08 07:05:38,2026-09-08 07:05:39,276
E518989,T106530,AUTHORIZED,2026-09-09 10:28:00,2026-09-09 10:28:03,499
E520091,T106914,AUTHORIZED,2026-09-09 10:12:35,2026-09-09 10:12:36,219
E516822,T105781,AUTHORIZED,2026-09-08 10:15:57,2026-09-08 10:16:27,160
E520050,T106901,CREATED,2026-09-09 17:03:02,2026-09-09 17:03:06,356
E517016,T105848,SETTLED,2026-09-08 12:47:47,2026-09-08 12:47:52,466
E516124,T105541,AUTHORIZED,2026-09-08 21:13:51,2026-09-08 21:14:13,138
E519572,T106734,CREATED,2026-09-09 12:56:14,2026-09-09 12:56:23,296
E519230,T106616,CREATED,2026-09-09 07:23:48,2026-09-09 07:23:54,139
E516401,T105639,AUTHORIZED,2026-09-08 06:04:35,2026-09-08 06:04:53,234
E517540,T106030,SETTLED,2026-09-08 13:59:18,2026-09-08 13:59:19,156
E517298,T105944,SETTLED,2026-09-08 12:49:53,2026-09-08 12:50:14,822
E519624,T106754,CREATED,2026-09-09 14:17:22,2026-09-09 14:17:30,45
E518718,T106438,CREATED,2026-09-09 18:34:04,2026-09-09 18:34:17,134
E516945,T105825,CREATED,2026-09-08 18:56:37,2026-09-08 18:56:43,363
E518281,T106286,CREATED,2026-09-09 17:12:17,2026-09-09 17:12:25,155
E516697,T105738,AUTHORIZED,2026-09-08 18:59:21,2026-09-08 18:59:23,459
E519760,T106802,SETTLED,2026-09-09 17:25:19,2026-09-09 17:25:20,177
E518882,T106494,CREATED,2026-09-09 15:58:15,2026-09-09 15:58:34,183
E519664,T106767,SETTLED,2026-09-09 08:34:30,2026-09-09 08:34:41,320
E519373,T106663,SETTLED,2026-09-09 17:43:04,2026-09-09 18:11:04,164
E517370,T105971,CREATED,2026-09-08 10:10:05,2026-09-08 10:10:19,189
E519443,T106688,SETTLED,2026-09-09 12:02:28,2026-09-09 12:02:41,191
E516774,T105764,CREATED,2026-09-08 14:57:13,2026-09-08 14:57:21,35
E519597,T106743,SETTLED,2026-09-09 23:31:58,2026-09-09 23:32:18,375
E518658,T106417,CREATED,2026-09-09 13:29:16,2026-09-09 13:29:27,173
E519227,T106615,CREATED,2026-09-09 13:11:51,2026-09-09 13:12:03,375
E517610,T106055,AUTHORIZED,2026-09-08 09:57:10,2026-09-08 09:57:22,61
E515882,T105460,SETTLED,2026-09-08 12:16:29,2026-09-08 12:17:01,479
E516043,T105515,AUTHORIZED,2026-09-08 10:56:16,2026-09-08 10:56:43,199
E517726,T106096,AUTHORIZED,2026-09-08 18:50:39,2026-09-08 18:51:06,413
E516604,T105706,SETTLED,2026-09-08 22:00:29,2026-09-08 22:00:40,619
E518400,T106328,CREATED,2026-09-09 18:40:47,2026-09-09 18:41:00,166
E516742,T105753,CREATED,2026-09-08 09:37:20,2026-09-08 09:37:32,254
E519602,T106746,CREATED,2026-09-09 09:39:27,2026-09-09 09:39:47,235
E517146,T105893,AUTHORIZED,2026-09-08 15:34:14,2026-09-08 15:34:38,21
E518210,T106261,SETTLED,2026-09-09 17:31:57,2026-09-09 17:32:05,425
E518443,T106343,CREATED,2026-09-09 06:46:42,2026-09-09 06:47:00,161
E516545,T105687,SETTLED,2026-09-08 14:36:42,2026-09-08 14:37:12,671
E517544,T106032,AUTHORIZED,2026-09-08 20:59:25,2026-09-08 20:59:26,180
E519343,T106653,SETTLED,2026-09-09 07:08:41,2026-09-09 07:08:46,524
E516214,T105572,AUTHORIZED,2026-09-08 16:55:47,2026-09-08 16:56:00,136
E518327,T106301,SETTLED,2026-09-09 08:03:55,2026-09-09 08:04:29,869
E516867,T105797,CREATED,2026-09-08 21:46:34,2026-09-08 21:46:36,219
E519080,T106562,AUTHORIZED,2026-09-09 10:37:02,2026-09-09 10:37:12,53
E519499,T106707,SETTLED,2026-09-09 15:23:03,2026-09-09 15:23:40,759
E519880,T106843,AUTHORIZED,2026-09-09 21:32:43,2026-09-09 21:32:48,327
E516375,T105630,CREATED,2026-09-08 10:29:28,2026-09-08 10:29:31,49
E518667,T106420,CREATED,2026-09-09 14:36:39,2026-09-09 14:36:45,224
E520214,T106958,CREATED,2026-09-09 19:01:40,2026-09-09 19:02:00,191
E518449,T106345,AUTHORIZED,2026-09-09 16:49:41,2026-09-09 16:50:00,285
E518058,T106208,SETTLED,2026-09-08 20:09:03,2026-09-08 20:09:04,492
E519501,T106708,AUTHORIZED,2026-09-09 10:55:53,2026-09-09 10:56:21,273
E518250,T106275,AUTHORIZED,2026-09-09 06:16:46,2026-09-09 06:16:54,356
E519120,T106577,CREATED,2026-09-09 17:45:17,2026-09-09 17:45:23,184
E520149,T106935,AUTHORIZED,2026-09-09 16:17:35,2026-09-09 16:17:50,436
E517756,T106106,SETTLED,2026-09-08 15:50:48,2026-09-08 15:51:20,254
E515734,T105407,AUTHORIZED,2026-09-08 21:09:42,2026-09-08 21:09:49,452
E519921,T106858,FAILED,2026-09-09 13:34:57,2026-09-09 13:35:03,358
E516755,T105757,AUTHORIZED,2026-09-08 15:48:17,2026-09-08 15:48:42,381
E517811,T106124,SETTLED,2026-09-08 15:07:06,2026-09-08 15:07:43,258
E516010,T105503,AUTHORIZED,2026-09-08 07:42:26,2026-09-08 07:42:48,165
E519620,T106752,AUTHORIZED,2026-09-09 22:31:33,2026-09-09 22:31:48,204
E517772,T106112,CREATED,2026-09-08 07:35:00,2026-09-08 07:35:12,40
E519450,T106691,CREATED,2026-09-09 13:00:43,2026-09-09 13:00:44,168
E515881,T105460,AUTHORIZED,2026-09-08 09:18:29,2026-09-08 09:18:31,468
E519911,T106855,CREATED,2026-09-09 18:33:09,2026-09-09 18:33:14,48
E518647,T106413,SETTLED,2026-09-09 16:40:43,2026-09-09 16:40:54,679
E520176,T106944,AUTHORIZED,2026-09-09 10:59:58,2026-09-09 10:59:59,423
E519452,T106691,SETTLED,2026-09-09 13:08:19,2026-09-09 13:08:25,536
E515804,T105431,AUTHORIZED,2026-09-08 17:38:06,2026-09-08 17:38:15,498
E516754,T105757,CREATED,2026-09-08 15:48:06,2026-09-08 15:48:26,70
E516711,T105743,AUTHORIZED,2026-09-08 16:10:53,2026-09-08 16:11:20,93
E517169,T105901,SETTLED,2026-09-08 18:00:57,2026-09-08 18:01:37,268
E517846,T106136,AUTHORIZED,2026-09-08 13:33:59,2026-09-08 13:34:20,101
E518296,T106291,CREATED,2026-09-09 21:57:01,2026-09-09 21:57:16,90
E519256,T106624,SETTLED,2026-09-09 20:26:27,2026-09-09 20:26:47,690
E519922,T106859,CREATED,2026-09-09 17:56:39,2026-09-09 17:56:45,319
E517436,T105994,SETTLED,2026-09-08 13:43:53,2026-09-08 13:44:07,644
E519650,T106762,SETTLED,2026-09-09 13:09:36,2026-09-09 13:09:59,343
E517543,T106032,CREATED,2026-09-08 20:58:59,2026-09-08 20:59:17,148
E516914,T105814,CREATED,2026-09-08 20:30:11,2026-09-08 20:39:19,38
E519023,T106542,CREATED,2026-09-09 12:11:01,2026-09-09 12:11:09,355
E519886,T106845,SETTLED,2026-09-09 07:05:55,2026-09-09 07:05:59,135
E517824,T106129,CREATED,2026-09-08 17:24:01,2026-09-08 17:24:05,308
E518014,T106194,AUTHORIZED,2026-09-08 15:52:25,2026-09-08 15:52:39,122
E519037,T106547,CREATED,2026-09-09 22:44:44,2026-09-09 22:44:56,24
E516472,T105662,SETTLED,2026-09-09 08:06:15,2026-09-09 08:06:50,601
E520223,T106961,AUTHORIZED,2026-09-09 09:09:19,2026-09-09 09:09:27,442
E519151,T106587,SETTLED,2026-09-09 21:41:38,2026-09-09 21:41:41,741
E519479,T106701,CREATED,2026-09-09 06:21:09,2026-09-09 06:21:26,339
E516951,T105826,SETTLED,2026-09-08 08:08:37,2026-09-08 08:08:42,48
E519265,T106627,SETTLED,2026-09-09 14:41:25,2026-09-09 14:41:48,73
E516215,T105572,SETTLED,2026-09-08 17:02:47,2026-09-08 17:03:26,77
E516012,T105504,CREATED,2026-09-08 12:01:06,2026-09-08 12:01:12,221
E516120,T105540,CREATED,2026-09-08 07:50:38,2026-09-08 07:50:44,54
E518213,T106262,SETTLED,2026-09-09 15:53:04,2026-09-09 15:53:37,630
E516967,T105831,SETTLED,2026-09-08 20:55:42,2026-09-08 20:55:44,158
E520043,T106898,SETTLED,2026-09-09 11:00:48,2026-09-09 11:01:10,796
E519144,T106585,CREATED,2026-09-09 18:18:39,2026-09-09 18:18:58,113
E519150,T106587,AUTHORIZED,2026-09-09 21:32:38,2026-09-09 21:32:43,52
E516570,T105695,SETTLED,2026-09-08 09:28:54,2026-09-08 09:29:35,363
E518272,T106283,CREATED,2026-09-09 10:08:37,2026-09-09 10:08:41,158
E517829,T106130,SETTLED,2026-09-08 13:31:10,2026-09-08 13:31:48,270
E517233,T105924,AUTHORIZED,2026-09-08 21:26:45,2026-09-08 21:26:56,431
E516681,T105732,SETTLED,2026-09-08 10:44:22,2026-09-08 10:44:33,355
E519335,T106651,AUTHORIZED,2026-09-09 09:42:07,2026-09-09 09:42:26,119
E519451,T106691,AUTHORIZED,2026-09-09 13:01:19,2026-09-09 13:01:38,276
E516799,T105773,CREATED,2026-09-08 12:23:01,2026-09-08 12:23:02,126
E517361,T105967,CREATED,2026-09-08 12:19:23,2026-09-08 12:19:38,348
E517313,T105949,SETTLED,2026-09-08 16:19:03,2026-09-08 16:19:06,729
E517923,T106162,SETTLED,2026-09-08 06:20:51,2026-09-08 06:20:58,797
E517490,T106012,AUTHORIZED,2026-09-08 12:51:27,2026-09-08 12:51:28,465
E518747,T106448,SETTLED,2026-09-09 17:45:10,2026-09-09 18:32:10,432
E517733,T106098,SETTLED,2026-09-08 22:06:40,2026-09-08 22:07:01,798
E518966,T106522,FAILED,2026-09-09 19:49:51,2026-09-09 19:50:19,297
E520270,T106977,SETTLED,2026-09-09 11:30:34,2026-09-09 11:30:53,766
E516253,T105586,AUTHORIZED,2026-09-08 12:32:06,2026-09-08 12:32:31,493
E517067,T105866,CREATED,2026-09-08 09:16:58,2026-09-08 09:17:05,190
E518376,T106319,CREATED,2026-09-09 16:32:13,2026-09-09 16:32:28,125
E518825,T106475,CREATED,2026-09-09 14:31:15,2026-09-09 14:31:33,103
E519129,T106580,AUTHORIZED,2026-09-09 19:45:30,2026-09-09 19:45:55,235
E516564,T105694,CREATED,2026-09-08 15:37:10,2026-09-08 15:37:17,267
E518257,T106277,SETTLED,2026-09-09 21:41:53,2026-09-09 21:42:36,646
E519316,T106644,SETTLED,2026-09-09 11:30:20,2026-09-09 11:30:41,811
E517208,T105914,SETTLED,2026-09-08 16:09:52,2026-09-08 16:10:33,174
E517134,T105889,AUTHORIZED,2026-09-08 20:40:53,2026-09-08 20:40:55,234
E519924,T106859,SETTLED,2026-09-09 17:59:04,2026-09-09 17:59:19,612
E515725,T105404,CREATED,2026-09-08 07:25:08,2026-09-08 07:31:16,192
E517648,T106068,AUTHORIZED,2026-09-08 09:06:44,2026-09-08 09:07:00,65
E516628,T105714,AUTHORIZED,2026-09-08 07:43:31,2026-09-08 07:43:40,468
E520030,T106894,SETTLED,2026-09-09 20:49:56,2026-09-09 20:50:17,653
E516569,T105695,AUTHORIZED,2026-09-08 09:11:54,2026-09-08 09:12:09,92
E517901,T106155,CREATED,2026-09-08 19:26:50,2026-09-08 19:27:06,212
E520287,T106983,AUTHORIZED,2026-09-09 06:11:54,2026-09-09 06:11:56,328
E518884,T106494,SETTLED,2026-09-09 16:16:54,2026-09-09 16:17:31,438
E515757,T105415,SETTLED,2026-09-08 07:29:09,2026-09-08 07:29:48,78
E519142,T106584,AUTHORIZED,2026-09-09 12:05:39,2026-09-09 12:05:44,117
E518944,T106515,AUTHORIZED,2026-09-09 16:30:03,2026-09-09 16:30:30,245
E519248,T106622,CREATED,2026-09-09 10:20:15,2026-09-09 10:20:31,244
E519188,T106601,SETTLED,2026-09-09 11:42:35,2026-09-09 11:42:42,104
E519010,T106537,FAILED,2026-09-09 07:07:56,2026-09-09 07:08:16,111
E517127,T105887,CREATED,2026-09-08 19:11:24,2026-09-08 19:11:38,201
E517966,T106178,CREATED,2026-09-08 17:21:52,2026-09-08 17:22:07,389
E515688,T105391,AUTHORIZED,2026-09-08 17:09:46,2026-09-08 17:10:11,193
E516231,T105578,AUTHORIZED,2026-09-08 12:51:35,2026-09-08 12:51:48,126
E519279,T106631,SETTLED,2026-09-09 07:57:34,2026-09-09 07:58:14,507
E517986,T106185,AUTHORIZED,2026-09-08 07:10:00,2026-09-08 07:10:10,239
E519325,T106648,CREATED,2026-09-09 21:55:32,2026-09-09 21:55:49,231
E518469,T106352,AUTHORIZED,2026-09-09 13:32:02,2026-09-09 13:32:21,285
E519309,T106642,CREATED,2026-09-09 09:29:02,2026-09-09 09:29:17,225
E516518,T105678,AUTHORIZED,2026-09-08 12:46:13,2026-09-08 12:46:16,479
E516485,T105666,SETTLED,2026-09-08 20:26:17,2026-09-08 20:26:22,683
E519738,T106795,AUTHORIZED,2026-09-09 15:59:10,2026-09-09 15:59:28,320
E517976,T106181,AUTHORIZED,2026-09-08 09:49:42,2026-09-08 09:49:44,79
E518466,T106351,AUTHORIZED,2026-09-09 07:43:47,2026-09-09 07:44:11,392
E518732,T106443,AUTHORIZED,2026-09-09 20:58:23,2026-09-09 20:58:38,241
E519755,T106801,CREATED,2026-09-09 06:52:53,2026-09-09 06:53:12,163
E519041,T106548,SETTLED,2026-09-09 15:05:30,2026-09-09 15:05:58,785
E516503,T105672,SETTLED,2026-09-08 20:37:55,2026-09-08 20:38:31,744
E516481,T105665,AUTHORIZED,2026-09-08 13:22:23,2026-09-08 13:22:39,415
E519559,T106729,SETTLED,2026-09-09 14:43:23,2026-09-09 14:44:03,82
E517474,T106007,CREATED,2026-09-08 13:12:28,2026-09-08 13:12:40,368
E519314,T106644,CREATED,2026-09-09 11:14:03,2026-09-09 11:14:16,107
E516232,T105578,SETTLED,2026-09-08 12:55:35,2026-09-08 12:56:19,781
E517794,T106119,AUTHORIZED,2026-09-08 07:53:58,2026-09-08 07:54:24,340
E516011,T105503,SETTLED,2026-09-08 08:01:26,2026-09-08 08:02:03,863
E517767,T106110,CREATED,2026-09-08 09:44:37,2026-09-08 09:44:51,116
E520239,T106966,AUTHORIZED,2026-09-09 16:34:34,2026-09-09 16:34:48,499
E518362,T106313,AUTHORIZED,2026-09-09 07:42:25,2026-09-09 07:42:41,140
E518863,T106487,AUTHORIZED,2026-09-09 08:41:45,2026-09-09 08:42:07,274
E520205,T106954,SETTLED,2026-09-09 11:19:27,2026-09-09 11:19:43,493
E518517,T106368,CREATED,2026-09-09 13:09:54,2026-09-09 13:10:07,218
E517760,T106107,SETTLED,2026-09-08 20:28:57,2026-09-08 20:29:22,408
E517691,T106084,AUTHORIZED,2026-09-08 19:08:02,2026-09-08 19:08:23,443
E517117,T105883,AUTHORIZED,2026-09-08 08:40:43,2026-09-08 08:40:44,331
E519856,T106835,CREATED,2026-09-09 20:19:59,2026-09-09 20:20:06,136
E516982,T105836,SETTLED,2026-09-08 19:11:57,2026-09-08 19:12:24,165
E518176,T106250,AUTHORIZED,2026-09-09 11:40:15,2026-09-09 11:40:25,482
E516665,T105727,CREATED,2026-09-08 22:56:57,2026-09-08 22:56:59,198
E519589,T106740,SETTLED,2026-09-09 21:25:27,2026-09-09 21:25:37,148
E520134,T106929,AUTHORIZED,2026-09-09 08:04:38,2026-09-09 08:04:55,86
E516262,T105589,AUTHORIZED,2026-09-08 20:56:17,2026-09-08 20:56:30,71
E518433,T106339,SETTLED,2026-09-09 21:41:57,2026-09-09 21:42:37,500
E519980,T106877,SETTLED,2026-09-10 02:50:57,2026-09-10 02:51:28,255
E519253,T106623,SETTLED,2026-09-09 14:56:16,2026-09-09 15:03:16,899
E516364,T105626,CREATED,2026-09-08 15:26:44,2026-09-08 15:27:03,60
E517782,T106115,AUTHORIZED,2026-09-08 11:58:01,2026-09-08 11:58:04,312
E519775,T106808,CREATED,2026-09-09 21:19:40,2026-09-09 21:19:53,120
E519998,T106883,SETTLED,2026-09-09 16:35:12,2026-09-09 16:35:24,265
E518767,T106455,CREATED,2026-09-09 12:39:54,2026-09-09 12:40:12,311
E516005,T105501,SETTLED,2026-09-08 20:37:37,2026-09-08 20:37:58,553
E517451,T105999,AUTHORIZED,2026-09-08 18:51:58,2026-09-08 18:52:05,85
E517954,T106173,SETTLED,2026-09-08 21:16:20,2026-09-08 21:16:25,115
E516862,T105795,AUTHORIZED,2026-09-08 16:18:59,2026-09-08 16:19:09,124
E517551,T106034,SETTLED,2026-09-08 16:31:28,2026-09-08 16:56:28,696
E518955,T106518,SETTLED,2026-09-09 10:05:19,2026-09-09 10:05:32,472
E517612,T106055,SETTLED,2026-09-08 10:09:10,2026-09-08 10:09:18,416
E517783,T106115,SETTLED,2026-09-08 12:22:01,2026-09-08 12:22:16,201
E518208,T106261,CREATED,2026-09-09 17:11:22,2026-09-09 17:11:28,328
E519561,T106730,AUTHORIZED,2026-09-09 16:09:06,2026-09-09 16:09:33,407
E518813,T106470,SETTLED,2026-09-09 18:36:35,2026-09-09 18:36:48,53
E516722,T105746,AUTHORIZED,2026-09-08 20:44:47,2026-09-08 20:45:02,80
E518275,T106284,CREATED,2026-09-09 22:01:33,2026-09-09 22:01:35,139
E516428,T105648,SETTLED,2026-09-08 06:32:34,2026-09-08 06:32:37,699
E516612,T105709,AUTHORIZED,2026-09-08 06:18:04,2026-09-08 06:18:18,232
E518070,T106212,SETTLED,2026-09-08 17:10:43,2026-09-08 17:10:47,623
E518928,T106509,SETTLED,2026-09-09 08:45:13,2026-09-09 08:45:26,212
E516706,T105741,FAILED,2026-09-08 09:05:55,2026-09-08 09:06:22,35
E517319,T105952,CREATED,2026-09-08 20:40:16,2026-09-08 20:40:30,95
E519428,T106683,AUTHORIZED,2026-09-09 10:09:08,2026-09-09 10:09:19,447
E519657,T106765,AUTHORIZED,2026-09-09 15:50:31,2026-09-09 15:50:39,198
E516498,T105671,CREATED,2026-09-08 17:47:47,2026-09-08 17:48:00,326
E518098,T106222,SETTLED,2026-09-08 09:44:43,2026-09-08 09:44:57,178
E517017,T105849,CREATED,2026-09-08 17:25:45,2026-09-08 17:26:00,224
E520202,T106953,SETTLED,2026-09-09 13:10:59,2026-09-09 13:11:04,218
E519764,T106804,CREATED,2026-09-09 22:24:07,2026-09-09 22:24:11,224
E518958,T106519,SETTLED,2026-09-09 17:05:25,2026-09-09 17:05:39,77
E520216,T106958,SETTLED,2026-09-09 19:23:45,2026-09-09 19:24:00,497
E517316,T105951,CREATED,2026-09-08 22:41:38,2026-09-08 22:41:41,71
E518119,T106230,AUTHORIZED,2026-09-08 14:55:10,2026-09-08 14:55:27,100
E520080,T106910,SETTLED,2026-09-09 18:10:40,2026-09-09 18:11:16,401
E518301,T106292,SETTLED,2026-09-09 12:23:57,2026-09-09 12:24:16,154
E517477,T106008,CREATED,2026-09-08 11:08:33,2026-09-08 11:08:53,61
E515824,T105438,AUTHORIZED,2026-09-08 13:31:57,2026-09-08 13:32:20,70
E517725,T106096,CREATED,2026-09-08 18:50:34,2026-09-08 18:50:35,341
E516565,T105694,AUTHORIZED,2026-09-08 15:37:50,2026-09-08 15:38:13,183
E516687,T105735,CREATED,2026-09-08 12:08:42,2026-09-08 12:08:54,102
E517179,T105905,CREATED,2026-09-08 17:02:00,2026-09-08 17:02:11,308
E517152,T105895,SETTLED,2026-09-08 08:15:31,2026-09-08 08:16:14,260
E517809,T106124,CREATED,2026-09-08 14:55:37,2026-09-08 14:55:49,292
E519456,T106693,AUTHORIZED,2026-09-09 14:16:00,2026-09-09 14:16:06,490
E516134,T105545,CREATED,2026-09-08 13:13:19,2026-09-08 13:13:27,149
E518237,T106270,SETTLED,2026-09-09 09:27:28,2026-09-09 09:27:41,576
E518549,T106379,AUTHORIZED,2026-09-09 18:27:25,2026-09-09 18:27:32,436
E515943,T105481,SETTLED,2026-09-08 22:28:07,2026-09-08 22:28:39,104
E516297,T105601,SETTLED,2026-09-08 10:48:29,2026-09-08 10:48:59,732
E518115,T106228,SETTLED,2026-09-08 21:07:39,2026-09-08 21:07:54,243
E516440,T105652,SETTLED,2026-09-08 06:21:07,2026-09-08 06:21:28,604
E520076,T106909,SETTLED,2026-09-09 08:12:49,2026-09-09 08:13:10,886
E516616,T105710,AUTHORIZED,2026-09-08 06:26:47,2026-09-08 06:27:06,373
E518665,T106419,AUTHORIZED,2026-09-09 20:03:27,2026-09-09 20:03:29,464
E518763,T106453,SETTLED,2026-09-09 07:18:15,2026-09-09 07:18:30,499
E520227,T106962,SETTLED,2026-09-09 18:37:39,2026-09-09 18:38:00,597
E519920,T106858,CREATED,2026-09-09 13:34:21,2026-09-09 13:34:34,245
E517511,T106020,SETTLED,2026-09-08 23:16:44,2026-09-08 23:16:51,878
E518797,T106466,CREATED,2026-09-09 13:09:30,2026-09-09 13:09:34,40
E518581,T106390,SETTLED,2026-09-09 06:48:19,2026-09-09 06:48:28,832
E519852,T106833,SETTLED,2026-09-09 23:09:17,2026-09-09 23:09:54,474
E516044,T105515,SETTLED,2026-09-08 11:10:16,2026-09-08 11:10:40,591
E520063,T106905,AUTHORIZED,2026-09-09 11:34:09,2026-09-09 11:34:38,210
E520023,T106892,AUTHORIZED,2026-09-09 09:42:50,2026-09-09 09:43:16,110
E518088,T106219,CREATED,2026-09-08 15:31:57,2026-09-08 15:32:12,285
E518427,T106337,AUTHORIZED,2026-09-09 13:31:49,2026-09-09 13:32:08,436
E518087,T106218,SETTLED,2026-09-08 21:10:05,2026-09-08 21:10:27,559
E518423,T106336,CREATED,2026-09-09 18:59:14,2026-09-09 18:59:25,387
E518288,T106288,AUTHORIZED,2026-09-09 19:04:07,2026-09-09 19:04:20,254
E515860,T105452,SETTLED,2026-09-08 12:06:32,2026-09-08 13:33:32,164
E518778,T106459,CREATED,2026-09-09 21:57:01,2026-09-09 21:57:06,216
E520162,T106939,SETTLED,2026-09-09 07:11:31,2026-09-09 07:11:39,287
E519302,T106639,SETTLED,2026-09-09 20:47:04,2026-09-09 21:16:04,155
E516794,T105771,CREATED,2026-09-08 16:02:43,2026-09-08 16:02:56,239
E516290,T105599,AUTHORIZED,2026-09-08 12:47:07,2026-09-08 12:47:29,347
E515689,T105392,CREATED,2026-09-08 09:56:22,2026-09-08 09:56:33,230
E516112,T105537,SETTLED,2026-09-08 07:36:40,2026-09-08 07:37:14,55
E517070,T105867,AUTHORIZED,2026-09-08 13:55:21,2026-09-08 13:55:50,227
E518642,T106411,SETTLED,2026-09-09 17:31:54,2026-09-09 17:32:29,714
E518403,T106329,CREATED,2026-09-09 15:05:15,2026-09-09 15:05:26,109
E518854,T106484,SETTLED,2026-09-09 16:01:36,2026-09-09 16:02:12,879
E516699,T105739,AUTHORIZED,2026-09-08 06:19:55,2026-09-08 06:20:06,58
E516254,T105586,SETTLED,2026-09-08 12:46:06,2026-09-08 12:46:17,535
E517103,T105878,AUTHORIZED,2026-09-08 22:37:22,2026-09-08 22:37:49,497
E517661,T106073,SETTLED,2026-09-08 09:31:06,2026-09-08 10:11:06,440
E517951,T106172,SETTLED,2026-09-08 14:19:30,2026-09-08 14:19:51,721
E517865,T106142,SETTLED,2026-09-08 10:13:47,2026-09-08 10:14:22,759
E515901,T105467,AUTHORIZED,2026-09-08 22:00:44,2026-09-08 22:00:56,81
E517379,T105974,CREATED,2026-09-08 14:21:50,2026-09-08 14:22:02,342
E517482,T106009,SETTLED,2026-09-08 07:22:13,2026-09-08 07:22:14,54
E515926,T105476,CREATED,2026-09-08 09:17:05,2026-09-08 09:17:08,121
E516815,T105779,CREATED,2026-09-08 15:13:20,2026-09-08 15:13:26,236
E516427,T105648,AUTHORIZED,2026-09-08 06:04:34,2026-09-08 06:04:39,486
E519520,T106715,SETTLED,2026-09-09 06:46:31,2026-09-09 06:46:48,810
E515710,T105399,CREATED,2026-09-08 21:23:28,2026-09-08 21:23:46,145
E515995,T105499,CREATED,2026-09-08 14:17:24,2026-09-08 14:17:29,118
E515980,T105494,AUTHORIZED,2026-09-08 16:00:20,2026-09-08 16:00:35,419
E517527,T106026,AUTHORIZED,2026-09-08 20:01:51,2026-09-08 20:02:08,59
E517407,T105984,AUTHORIZED,2026-09-08 19:58:15,2026-09-08 19:58:27,86
E520122,T106925,AUTHORIZED,2026-09-09 21:16:18,2026-09-09 21:16:24,487
E517327,T105954,SETTLED,2026-09-08 20:14:18,2026-09-08 20:14:44,775
E520129,T106927,SETTLED,2026-09-09 16:47:42,2026-09-09 16:48:07,887
E517512,T106021,CREATED,2026-09-08 13:19:46,2026-09-08 13:19:56,262
E518080,T106216,AUTHORIZED,2026-09-08 22:29:07,2026-09-08 22:29:34,470
E517271,T105935,SETTLED,2026-09-08 18:05:18,2026-09-08 18:05:46,138
E518363,T106313,SETTLED,2026-09-09 07:44:25,2026-09-09 07:44:26,651
E520124,T106926,CREATED,2026-09-09 13:05:32,2026-09-09 13:05:44,247
E516694,T105737,AUTHORIZED,2026-09-08 08:07:22,2026-09-08 08:07:26,23
E518122,T106231,AUTHORIZED,2026-09-08 15:35:03,2026-09-08 15:35:31,317
E517405,T105983,SETTLED,2026-09-08 16:22:01,2026-09-08 16:22:30,834
E518597,T106396,CREATED,2026-09-09 06:20:26,2026-09-09 06:20:31,332
E517821,T106128,CREATED,2026-09-08 21:36:53,2026-09-08 21:37:06,319
E519769,T106805,SETTLED,2026-09-09 22:18:01,2026-09-09 22:18:16,561
E518468,T106352,CREATED,2026-09-09 13:31:28,2026-09-09 13:31:45,212
E516182,T105560,SETTLED,2026-09-08 10:16:06,2026-09-08 10:16:14,776
E517353,T105964,CREATED,2026-09-08 21:12:38,2026-09-08 21:12:51,240
E515887,T105462,AUTHORIZED,2026-09-08 09:13:34,2026-09-08 09:13:45,306
E515969,T105490,AUTHORIZED,2026-09-08 11:44:06,2026-09-08 11:44:23,46
E518694,T106429,SETTLED,2026-09-09 14:05:56,2026-09-09 14:06:09,820
E518785,T106462,CREATED,2026-09-09 21:24:19,2026-09-09 21:24:23,215
E517589,T106048,FAILED,2026-09-08 08:35:01,2026-09-08 08:35:10,203
E515820,T105437,CREATED,2026-09-08 21:59:29,2026-09-08 21:59:46,161
E520271,T106978,CREATED,2026-09-09 10:25:10,2026-09-09 10:25:12,62
E518456,T106347,SETTLED,2026-09-09 14:36:01,2026-09-09 14:36:44,734
E520300,T106988,CREATED,2026-09-09 18:31:52,2026-09-09 18:32:04,268
E519885,T106845,AUTHORIZED,2026-09-09 07:00:55,2026-09-09 07:01:02,123
E518085,T106218,AUTHORIZED,2026-09-08 20:59:05,2026-09-08 20:59:17,158
E515857,T105451,SETTLED,2026-09-08 16:58:21,2026-09-08 16:58:38,199
E520228,T106963,CREATED,2026-09-09 10:27:22,2026-09-09 10:27:27,61
E516126,T105542,CREATED,2026-09-08 21:54:35,2026-09-08 21:54:40,210
E517396,T105980,SETTLED,2026-09-08 13:54:19,2026-09-08 13:54:24,626
E518316,T106297,AUTHORIZED,2026-09-09 18:15:00,2026-09-09 18:15:18,422
E518874,T106491,FAILED,2026-09-09 11:53:54,2026-09-09 11:54:09,111
E518407,T106330,AUTHORIZED,2026-09-09 10:04:37,2026-09-09 10:04:56,81
E519246,T106621,AUTHORIZED,2026-09-09 16:15:08,2026-09-09 16:15:17,210
E518932,T106511,CREATED,2026-09-09 07:05:32,2026-09-09 07:05:33,52
E516316,T105608,CREATED,2026-09-08 07:02:21,2026-09-08 07:02:28,357
E518726,T106441,CREATED,2026-09-09 08:21:16,2026-09-09 08:21:18,93
E516462,T105659,AUTHORIZED,2026-09-08 19:47:04,2026-09-08 19:47:20,288
E518408,T106330,SETTLED,2026-09-09 10:30:37,2026-09-09 10:31:14,619
E516263,T105589,SETTLED,2026-09-08 21:06:17,2026-09-08 21:07:02,679
E516866,T105796,SETTLED,2026-09-08 07:00:48,2026-09-08 07:01:06,464
E517347,T105961,SETTLED,2026-09-08 19:42:21,2026-09-08 19:42:28,239
E518756,T106451,SETTLED,2026-09-09 10:51:29,2026-09-09 10:51:46,476
E517819,T106127,AUTHORIZED,2026-09-08 17:31:01,2026-09-08 17:31:04,116
E516790,T105770,CREATED,2026-09-08 12:04:28,2026-09-08 12:04:45,393
E519689,T106777,CREATED,2026-09-09 08:16:40,2026-09-09 08:16:54,223
E517232,T105924,CREATED,2026-09-08 21:26:11,2026-09-08 21:26:15,135
E517104,T105878,SETTLED,2026-09-08 23:02:22,2026-09-08 23:02:53,619
E519655,T106764,AUTHORIZED,2026-09-09 14:31:35,2026-09-09 14:31:58,255
E517728,T106097,CREATED,2026-09-08 21:35:24,2026-09-08 21:35:37,381
E519115,T106575,AUTHORIZED,2026-09-09 08:25:14,2026-09-09 08:25:35,111
E516548,T105688,SETTLED,2026-09-08 10:48:17,2026-09-08 10:48:59,192
E519359,T106659,CREATED,2026-09-09 17:09:54,2026-09-09 17:10:10,195
E516445,T105654,AUTHORIZED,2026-09-08 08:49:55,2026-09-08 08:50:17,410
E517993,T106187,SETTLED,2026-09-08 20:59:22,2026-09-08 20:59:29,242
E519401,T106674,CREATED,2026-09-09 17:21:24,2026-09-09 17:21:30,90
E516394,T105636,SETTLED,2026-09-08 18:17:26,2026-09-08 18:17:35,687
E517463,T106003,AUTHORIZED,2026-09-08 22:42:07,2026-09-08 22:42:33,290
E520116,T106923,AUTHORIZED,2026-09-09 16:07:49,2026-09-09 16:08:02,97
E518558,T106382,SETTLED,2026-09-09 11:24:27,2026-09-09 11:24:46,656
E519991,T106881,AUTHORIZED,2026-09-09 14:53:03,2026-09-09 14:53:23,174
E518727,T106441,AUTHORIZED,2026-09-09 08:21:27,2026-09-09 08:21:49,270
E518681,T106425,AUTHORIZED,2026-09-09 20:17:27,2026-09-09 20:17:28,60
E515858,T105452,CREATED,2026-09-08 11:46:58,2026-09-08 11:47:02,43
E520194,T106951,CREATED,2026-09-09 19:23:36,2026-09-09 19:23:47,290
E518876,T106492,AUTHORIZED,2026-09-09 22:44:20,2026-09-09 22:44:22,337
E516491,T105668,SETTLED,2026-09-08 16:59:55,2026-09-08 17:00:34,786
E518396,T106326,SETTLED,2026-09-09 09:19:14,2026-09-09 09:19:33,262
E516453,T105656,SETTLED,2026-09-08 18:19:37,2026-09-08 18:19:54,779
E517431,T105993,CREATED,2026-09-08 08:12:03,2026-09-08 08:12:21,262
E516396,T105637,FAILED,2026-09-08 08:08:00,2026-09-08 08:08:14,246
E517968,T106178,SETTLED,2026-09-08 17:30:03,2026-09-08 17:30:08,669
E516762,T105759,SETTLED,2026-09-08 17:50:31,2026-09-08 17:50:41,846
E516692,T105736,SETTLED,2026-09-08 10:36:37,2026-09-08 10:37:02,241
E517114,T105882,AUTHORIZED,2026-09-08 21:16:15,2026-09-08 21:16:30,91
E518698,T106431,CREATED,2026-09-09 12:45:03,2026-09-09 12:45:05,211
E520238,T106966,CREATED,2026-09-09 16:34:24,2026-09-09 16:34:34,26
E516810,T105777,CREATED,2026-09-08 13:20:18,2026-09-08 13:20:21,61
E516600,T105705,CREATED,2026-09-08 08:14:52,2026-09-08 08:15:05,216
E519870,T106839,SETTLED,2026-09-09 20:27:19,2026-09-09 20:27:31,141
E515935,T105479,CREATED,2026-09-08 16:49:15,2026-09-08 16:49:25,152
E520042,T106898,AUTHORIZED,2026-09-09 10:57:48,2026-09-09 10:57:51,432
E520064,T106905,SETTLED,2026-09-09 11:42:09,2026-09-09 11:42:35,282
E519003,T106535,CREATED,2026-09-09 19:30:10,2026-09-09 19:30:16,168
E519386,T106668,SETTLED,2026-09-09 11:13:12,2026-09-09 11:13:30,591
E520229,T106963,AUTHORIZED,2026-09-09 10:27:44,2026-09-09 10:27:46,441
E516781,T105766,AUTHORIZED,2026-09-08 11:01:23,2026-09-08 11:01:31,215
E518913,T106504,SETTLED,2026-09-09 11:28:37,2026-09-09 11:29:15,57
E518431,T106339,CREATED,2026-09-09 21:25:52,2026-09-09 21:26:00,297
E518741,T106446,SETTLED,2026-09-09 06:39:49,2026-09-09 06:40:13,602
E517295,T105944,CREATED,2026-09-08 12:14:20,2026-09-08 12:14:28,212
E519493,T106705,SETTLED,2026-09-09 10:15:33,2026-09-09 10:16:10,608
E517481,T106009,AUTHORIZED,2026-09-08 07:18:13,2026-09-08 07:18:17,263
E516101,T105534,CREATED,2026-09-08 14:21:11,2026-09-08 14:21:17,384
E519864,T106837,SETTLED,2026-09-09 06:43:40,2026-09-09 06:43:41,78
E519857,T106835,AUTHORIZED,2026-09-09 20:20:22,2026-09-09 20:20:34,82
E517428,T105992,CREATED,2026-09-08 21:59:02,2026-09-08 21:59:11,322
E519902,T106851,SETTLED,2026-09-09 10:25:15,2026-09-09 10:25:38,419
E518248,T106274,SETTLED,2026-09-09 07:16:40,2026-09-09 07:17:22,701
E519976,T106876,AUTHORIZED,2026-09-09 11:06:46,2026-09-09 11:07:03,352
E518048,T106205,SETTLED,2026-09-08 11:02:22,2026-09-08 11:02:40,726
E517392,T105979,CREATED,2026-09-08 06:34:06,2026-09-08 06:34:25,375
E517529,T106027,CREATED,2026-09-08 14:49:47,2026-09-08 14:50:03,21
E515720,T105402,AUTHORIZED,2026-09-08 08:31:12,2026-09-08 08:31:34,123
E516643,T105719,SETTLED,2026-09-08 20:09:42,2026-09-08 20:10:24,657
E516403,T105640,CREATED,2026-09-08 13:29:40,2026-09-08 13:29:52,31
E515803,T105431,CREATED,2026-09-08 17:37:38,2026-09-08 17:37:57,355
E519171,T106595,CREATED,2026-09-09 16:23:37,2026-09-09 16:23:43,97
E516474,T105663,AUTHORIZED,2026-09-08 10:16:42,2026-09-08 10:16:53,211
E519139,T106583,AUTHORIZED,2026-09-09 12:22:34,2026-09-09 12:22:41,94
E515851,T105449,AUTHORIZED,2026-09-08 08:17:10,2026-09-08 08:17:30,25
E517083,T105872,CREATED,2026-09-08 06:35:59,2026-09-08 06:36:16,42
E517573,T106042,SETTLED,2026-09-08 13:38:50,2026-09-08 13:39:03,698
E516496,T105670,AUTHORIZED,2026-09-08 08:57:44,2026-09-08 08:58:02,230
E517377,T105973,AUTHORIZED,2026-09-08 14:46:36,2026-09-08 14:46:54,345
E517904,T106156,CREATED,2026-09-08 06:57:53,2026-09-08 06:58:05,254
E517822,T106128,AUTHORIZED,2026-09-08 21:37:04,2026-09-08 21:37:13,49
E520170,T106942,AUTHORIZED,2026-09-09 10:50:53,2026-09-09 10:51:03,185
E517732,T106098,AUTHORIZED,2026-09-08 21:47:40,2026-09-08 21:47:44,247
E515987,T105496,SETTLED,2026-09-08 16:04:33,2026-09-08 16:04:59,294
E519419,T106680,AUTHORIZED,2026-09-09 19:58:43,2026-09-09 19:59:02,94
E517826,T106129,SETTLED,2026-09-08 17:36:38,2026-09-08 17:36:39,752
E516070,T105524,CREATED,2026-09-08 07:18:06,2026-09-08 07:18:19,339
E519840,T106830,CREATED,2026-09-09 22:10:07,2026-09-09 22:10:26,189
E518173,T106249,AUTHORIZED,2026-09-09 22:10:33,2026-09-09 22:10:55,71
E517484,T106010,AUTHORIZED,2026-09-08 10:00:20,2026-09-08 10:00:49,316
E519659,T106766,CREATED,2026-09-09 16:42:02,2026-09-09 16:42:05,249
E516050,T105517,SETTLED,2026-09-08 10:31:13,2026-09-08 10:31:45,495
E519086,T106564,AUTHORIZED,2026-09-09 06:50:48,2026-09-09 06:51:00,447
E519555,T106728,CREATED,2026-09-09 16:14:58,2026-09-09 16:15:15,293
E517251,T105929,SETTLED,2026-09-08 06:49:56,2026-09-08 06:50:25,147
E519374,T106664,CREATED,2026-09-09 07:07:58,2026-09-09 07:08:04,100
E519883,T106844,FAILED,2026-09-09 06:07:32,2026-09-09 06:07:38,372
E515976,T105492,SETTLED,2026-09-08 21:56:12,2026-09-08 21:56:21,824
E520195,T106951,AUTHORIZED,2026-09-09 19:24:06,2026-09-09 19:24:34,200
E517459,T106002,CREATED,2026-09-08 13:05:28,2026-09-08 13:05:36,230
E518138,T106237,CREATED,2026-09-08 19:10:10,2026-09-08 19:10:12,243
E516653,T105723,CREATED,2026-09-08 08:02:07,2026-09-08 08:02:16,102
E518354,T106310,SETTLED,2026-09-09 21:51:20,2026-09-09 21:51:38,896
E515752,T105414,CREATED,2026-09-08 19:57:26,2026-09-08 19:57:28,47
E519806,T106819,CREATED,2026-09-09 22:10:15,2026-09-09 22:10:16,215
E518298,T106291,SETTLED,2026-09-09 22:16:36,2026-09-09 23:37:36,359
E519304,T106640,AUTHORIZED,2026-09-09 16:43:58,2026-09-09 16:43:59,47
E515958,T105486,SETTLED,2026-09-08 08:30:58,2026-09-08 08:31:05,266
E515674,T105386,SETTLED,2026-09-08 15:33:11,2026-09-08 15:33:29,894
E517636,T106064,AUTHORIZED,2026-09-08 19:38:45,2026-09-08 19:39:02,313
E519635,T106757,SETTLED,2026-09-09 09:08:21,2026-09-09 10:27:21,383
E518282,T106286,AUTHORIZED,2026-09-09 17:12:39,2026-09-09 17:13:06,72
E519033,T106545,SETTLED,2026-09-09 12:42:22,2026-09-09 12:42:23,490
E518588,T106393,CREATED,2026-09-09 06:34:28,2026-09-09 06:34:34,302
E515841,T105446,CREATED,2026-09-08 18:59:17,2026-09-08 18:59:19,284
E518497,T106361,SETTLED,2026-09-09 19:23:34,2026-09-09 19:24:12,498
E516301,T105603,CREATED,2026-09-08 15:54:58,2026-09-08 15:55:11,364
E516707,T105742,CREATED,2026-09-08 12:38:50,2026-09-08 12:39:07,181
E519743,T106797,CREATED,2026-09-09 13:48:03,2026-09-09 13:48:10,24
E520145,T106933,SETTLED,2026-09-09 11:59:30,2026-09-09 12:00:07,558
E520117,T106923,SETTLED,2026-09-09 16:23:49,2026-09-09 16:24:31,574
E516860,T105794,SETTLED,2026-09-08 09:02:23,2026-09-08 09:02:28,373
E519653,T106763,SETTLED,2026-09-09 15:17:18,2026-09-09 15:18:02,161
E519189,T106602,CREATED,2026-09-09 21:13:45,2026-09-09 21:13:46,151
E517357,T105965,AUTHORIZED,2026-09-08 14:12:21,2026-09-08 14:12:36,257
E517242,T105927,AUTHORIZED,2026-09-08 09:11:44,2026-09-08 09:12:10,493
E518941,T106514,CREATED,2026-09-09 07:47:18,2026-09-09 07:47:28,304
E518347,T106308,CREATED,2026-09-09 11:32:13,2026-09-09 11:32:27,390
E517122,T105885,CREATED,2026-09-08 22:40:21,2026-09-08 22:40:23,218
E520197,T106952,CREATED,2026-09-09 14:45:25,2026-09-09 14:45:31,389
E517869,T106144,CREATED,2026-09-08 16:34:07,2026-09-08 16:34:21,68
E518976,T106525,SETTLED,2026-09-09 09:32:25,2026-09-09 09:33:06,407
E518276,T106284,AUTHORIZED,2026-09-09 22:01:40,2026-09-09 22:01:47,289
E518068,T106212,CREATED,2026-09-08 17:05:34,2026-09-08 17:05:52,274
E517394,T105980,CREATED,2026-09-08 13:51:57,2026-09-08 13:52:03,305
E515684,T105390,CREATED,2026-09-08 17:12:10,2026-09-08 17:12:24,186
E517745,T106102,SETTLED,2026-09-08 14:30:48,2026-09-08 14:31:09,636
E518660,T106417,SETTLED,2026-09-09 13:57:38,2026-09-09 13:57:58,446
E517656,T106071,SETTLED,2026-09-08 19:21:35,2026-09-08 19:21:39,874
E517720,T106094,AUTHORIZED,2026-09-08 16:37:19,2026-09-08 16:37:49,431
E517467,T106004,AUTHORIZED,2026-09-08 21:40:11,2026-09-08 21:40:35,285
E518292,T106289,SETTLED,2026-09-09 17:01:38,2026-09-09 17:01:40,631
E519828,T106826,CREATED,2026-09-09 13:06:51,2026-09-09 13:06:58,176
E515896,T105465,AUTHORIZED,2026-09-08 22:35:16,2026-09-08 22:35:42,363
E515968,T105490,CREATED,2026-09-08 11:43:55,2026-09-08 11:44:05,391
E518676,T106423,CREATED,2026-09-09 08:48:21,2026-09-09 08:48:27,107
E520074,T106909,CREATED,2026-09-09 08:01:16,2026-09-09 08:01:22,135
E516175,T105558,AUTHORIZED,2026-09-08 16:11:23,2026-09-08 16:11:29,261
E518924,T106508,SETTLED,2026-09-09 20:30:27,2026-09-09 20:31:08,384
E519612,T106749,AUTHORIZED,2026-09-09 07:46:56,2026-09-09 07:47:25,159
E516877,T105800,FAILED,2026-09-08 22:32:54,2026-09-08 22:33:19,34
E517927,T106164,FAILED,2026-09-08 07:27:06,2026-09-08 07:27:35,483
E519792,T106814,AUTHORIZED,2026-09-09 10:11:10,2026-09-09 10:11:35,302
E517980,T106183,CREATED,2026-09-08 18:22:51,2026-09-08 18:23:07,212
E516287,T105598,SETTLED,2026-09-08 17:05:44,2026-09-08 17:05:52,150
E519475,T106699,SETTLED,2026-09-09 19:03:00,2026-09-09 19:03:44,845
E519745,T106797,SETTLED,2026-09-10 10:24:20,2026-09-10 10:24:23,713
E517657,T106072,CREATED,2026-09-08 19:02:35,2026-09-08 19:02:49,352
E516617,T105710,SETTLED,2026-09-08 06:33:47,2026-09-08 06:33:53,359
E519225,T106614,CREATED,2026-09-09 07:54:19,2026-09-09 07:54:34,186
E518157,T106243,AUTHORIZED,2026-09-09 22:35:17,2026-09-09 22:35:22,238
E518332,T106303,CREATED,2026-09-09 10:30:10,2026-09-09 10:30:29,129
E518912,T106504,AUTHORIZED,2026-09-09 11:08:37,2026-09-09 11:09:03,329
E519801,T106817,AUTHORIZED,2026-09-09 13:36:34,2026-09-09 13:36:48,462
E516538,T105685,CREATED,2026-09-08 10:10:49,2026-09-08 10:11:08,155
E517998,T106189,AUTHORIZED,2026-09-08 16:49:22,2026-09-08 16:49:32,150
E519765,T106804,AUTHORIZED,2026-09-09 22:24:13,2026-09-09 22:24:14,59
E517308,T105947,SETTLED,2026-09-08 17:05:50,2026-09-08 17:05:54,49
E518602,T106397,SETTLED,2026-09-09 22:34:32,2026-09-09 22:34:41,149
E517010,T105846,SETTLED,2026-09-09 13:22:49,2026-09-09 13:23:06,469
E516675,T105730,SETTLED,2026-09-08 14:57:19,2026-09-08 14:57:50,419
E519955,T106870,CREATED,2026-09-09 06:59:01,2026-09-09 06:59:15,227
E518968,T106523,AUTHORIZED,2026-09-09 09:11:42,2026-09-09 09:12:00,457
E520084,T106912,CREATED,2026-09-09 12:03:07,2026-09-09 12:03:17,329
E519228,T106615,AUTHORIZED,2026-09-09 13:12:26,2026-09-09 13:12:28,31
E516178,T105559,AUTHORIZED,2026-09-08 11:59:56,2026-09-08 11:59:59,26
E517143,T105892,AUTHORIZED,2026-09-08 09:54:57,2026-09-08 09:55:04,459
E519195,T106604,CREATED,2026-09-09 11:16:14,2026-09-09 11:16:32,389
E518413,T106332,SETTLED,2026-09-09 11:27:49,2026-09-09 11:28:27,179
E516031,T105511,CREATED,2026-09-08 13:25:07,2026-09-08 13:25:10,342
E517496,T106015,CREATED,2026-09-08 19:59:05,2026-09-08 19:59:11,95
E515771,T105420,CREATED,2026-09-08 21:13:33,2026-09-08 21:13:53,350
E518450,T106345,SETTLED,2026-09-09 17:14:41,2026-09-09 17:15:09,134
E518428,T106337,SETTLED,2026-09-09 13:40:49,2026-09-09 13:41:19,420
E516311,T105606,SETTLED,2026-09-08 09:24:59,2026-09-08 09:25:12,465
E518123,T106231,SETTLED,2026-09-08 15:48:03,2026-09-08 15:48:40,720
E520245,T106968,AUTHORIZED,2026-09-09 22:24:05,2026-09-09 22:24:18,270
E519299,T106638,SETTLED,2026-09-09 20:57:56,2026-09-09 20:58:31,694
E519055,T106553,AUTHORIZED,2026-09-09 06:49:14,2026-09-09 06:49:37,485
E518379,T106320,AUTHORIZED,2026-09-09 20:07:33,2026-09-09 20:07:48,331
E517415,T105987,AUTHORIZED,2026-09-08 22:21:16,2026-09-08 22:21:35,25
E518548,T106379,CREATED,2026-09-09 18:26:57,2026-09-09 18:27:07,22
E519176,T106597,FAILED,2026-09-09 08:17:31,2026-09-09 08:17:34,371
E515740,T105409,SETTLED,2026-09-08 22:15:07,2026-09-08 22:15:48,254
E519855,T106834,SETTLED,2026-09-09 15:34:01,2026-09-09 15:34:25,842
E517236,T105925,AUTHORIZED,2026-09-08 18:15:48,2026-09-08 18:16:07,154
E516334,T105615,CREATED,2026-09-08 07:02:15,2026-09-08 07:02:33,130
E519224,T106613,SETTLED,2026-09-09 08:20:28,2026-09-09 08:20:43,190
E517606,T106054,CREATED,2026-09-08 16:12:07,2026-09-08 16:12:16,23
E519629,T106755,SETTLED,2026-09-09 18:48:54,2026-09-09 18:49:07,688
E520204,T106954,AUTHORIZED,2026-09-09 10:54:27,2026-09-09 10:54:41,394
E518541,T106376,AUTHORIZED,2026-09-09 06:35:27,2026-09-09 06:35:31,71
E516060,T105520,SETTLED,2026-09-08 11:16:47,2026-09-08 11:16:49,578
E516282,T105597,CREATED,2026-09-08 12:35:35,2026-09-08 12:35:52,316
E517200,T105912,AUTHORIZED,2026-09-08 13:24:21,2026-09-08 13:24:34,153
E520018,T106890,SETTLED,2026-09-09 22:57:36,2026-09-09 22:58:17,72
E516765,T105761,CREATED,2026-09-08 15:00:48,2026-09-08 15:01:02,65
E519347,T106655,CREATED,2026-09-09 18:41:32,2026-09-09 18:41:34,340
E519974,T106875,SETTLED,2026-09-09 20:40:05,2026-09-09 20:40:06,451
E519826,T106825,AUTHORIZED,2026-09-09 18:35:11,2026-09-09 18:35:36,273
E516150,T105550,CREATED,2026-09-08 16:19:00,2026-09-08 16:19:05,198
E516804,T105775,CREATED,2026-09-08 13:46:58,2026-09-08 13:47:06,336
E518640,T106411,CREATED,2026-09-09 17:21:25,2026-09-09 17:21:34,240
E515962,T105488,CREATED,2026-09-08 13:37:14,2026-09-08 13:37:23,189
E516289,T105599,CREATED,2026-09-08 12:46:36,2026-09-08 12:46:54,97
E517309,T105948,CREATED,2026-09-08 12:58:36,2026-09-08 12:58:52,261
E519472,T106698,SETTLED,2026-09-09 19:37:05,2026-09-09 19:37:42,485
E519808,T106819,SETTLED,2026-09-09 22:35:41,2026-09-09 22:36:16,356
E517945,T106171,CREATED,2026-09-08 12:26:37,2026-09-08 12:26:42,115
E517110,T105881,CREATED,2026-09-08 19:10:31,2026-09-08 19:10:47,85
E517802,T106121,SETTLED,2026-09-08 09:58:50,2026-09-08 09:59:12,228
E519433,T106685,AUTHORIZED,2026-09-09 19:42:03,2026-09-09 19:42:24,481
E518750,T106449,SETTLED,2026-09-09 20:05:56,2026-09-09 20:06:22,264
E517069,T105867,CREATED,2026-09-08 13:54:46,2026-09-08 13:54:49,272
E517485,T106010,SETTLED,2026-09-08 10:04:20,2026-09-08 10:04:47,273
E517635,T106064,CREATED,2026-09-08 19:38:11,2026-09-08 19:38:20,301
E517041,T105857,AUTHORIZED,2026-09-08 20:22:19,2026-09-08 20:22:39,349
E519469,T106697,SETTLED,2026-09-09 22:22:01,2026-09-09 22:37:01,57
E516300,T105602,SETTLED,2026-09-08 09:08:31,2026-09-08 09:09:05,543
E517118,T105883,SETTLED,2026-09-08 08:56:43,2026-09-08 08:56:49,443
E518556,T106382,CREATED,2026-09-09 11:07:17,2026-09-09 11:07:23,271
E516461,T105659,CREATED,2026-09-08 19:46:53,2026-09-08 19:47:09,70
E518021,T106196,AUTHORIZED,2026-09-08 07:32:05,2026-09-08 07:32:21,311
E516829,T105783,SETTLED,2026-09-08 16:12:55,2026-09-08 16:12:56,609
E516238,T105581,CREATED,2026-09-08 19:49:41,2026-09-08 19:50:01,266
E518077,T106215,AUTHORIZED,2026-09-08 08:34:34,2026-09-08 08:34:54,153
E519090,T106566,CREATED,2026-09-09 06:26:46,2026-09-09 06:26:48,73
E517893,T106152,AUTHORIZED,2026-09-08 07:36:34,2026-09-08 07:36:39,464
E518564,T106384,SETTLED,2026-09-09 18:07:20,2026-09-09 18:07:37,32
E518103,T106224,AUTHORIZED,2026-09-08 10:51:38,2026-09-08 10:52:07,450
E519416,T106679,AUTHORIZED,2026-09-09 18:27:00,2026-09-09 18:27:06,229
E518369,T106315,SETTLED,2026-09-10 01:25:48,2026-09-10 01:25:53,685
E517532,T106028,AUTHORIZED,2026-09-08 11:39:17,2026-09-08 11:39:34,31
E516522,T105679,SETTLED,2026-09-08 08:51:30,2026-09-08 08:51:56,481
E515985,T105496,CREATED,2026-09-08 13:41:27,2026-09-08 13:41:36,107
E518608,T106399,SETTLED,2026-09-09 11:10:34,2026-09-09 11:10:54,665
E520215,T106958,AUTHORIZED,2026-09-09 19:01:45,2026-09-09 19:01:49,439
E518401,T106328,AUTHORIZED,2026-09-09 18:41:22,2026-09-09 18:41:33,432
E517646,T106067,SETTLED,2026-09-08 14:03:02,2026-09-08 14:03:16,582
E516414,T105644,CREATED,2026-09-08 22:27:45,2026-09-08 22:28:03,379
E517264,T105933,SETTLED,2026-09-08 22:56:29,2026-09-08 22:56:59,462
E519948,T106867,AUTHORIZED,2026-09-09 13:10:36,2026-09-09 13:11:04,204
E516998,T105843,CREATED,2026-09-08 08:54:26,2026-09-08 08:54:34,93
E519092,T106566,SETTLED,2026-09-09 06:34:23,2026-09-09 06:35:01,298
E519609,T106748,AUTHORIZED,2026-09-09 06:45:11,2026-09-09 06:45:21,169
E517439,T105995,AUTHORIZED,2026-09-08 09:30:21,2026-09-08 09:30:49,94
E516069,T105523,SETTLED,2026-09-08 21:01:39,2026-09-08 21:38:39,409
E520103,T106918,CREATED,2026-09-09 07:54:48,2026-09-09 07:54:52,135
E516650,T105722,CREATED,2026-09-08 17:15:35,2026-09-08 17:15:43,184
E516002,T105501,CREATED,2026-09-08 20:04:25,2026-09-08 20:04:28,154
E519720,T106788,SETTLED,2026-09-09 15:21:10,2026-09-09 15:21:16,120
E518619,T106403,CREATED,2026-09-09 06:22:05,2026-09-09 06:22:15,258
E516949,T105826,CREATED,2026-09-08 07:41:58,2026-09-08 07:41:59,89
E519263,T106627,CREATED,2026-09-09 14:19:07,2026-09-09 14:19:16,172
E518787,T106462,SETTLED,2026-09-09 21:39:52,2026-09-09 21:40:18,627
E516764,T105760,AUTHORIZED,2026-09-08 06:18:24,2026-09-08 06:18:34,422
E519300,T106639,CREATED,2026-09-09 20:40:43,2026-09-09 20:40:47,55
E516890,T105805,CREATED,2026-09-08 20:06:57,2026-09-08 20:07:11,147
E516598,T105704,SETTLED,2026-09-08 19:26:42,2026-09-08 19:26:56,442
E517478,T106008,AUTHORIZED,2026-09-08 11:09:04,2026-09-08 11:09:27,243
E516218,T105574,CREATED,2026-09-08 07:57:56,2026-09-08 07:58:01,134
E517695,T106085,SETTLED,2026-09-08 19:56:32,2026-09-08 19:56:38,565
E518945,T106515,SETTLED,2026-09-09 16:44:03,2026-09-09 16:44:33,765
E518241,T106272,AUTHORIZED,2026-09-09 17:11:32,2026-09-09 17:11:50,235
E518806,T106468,SETTLED,2026-09-09 08:43:24,2026-09-09 08:43:58,744
E517590,T106049,CREATED,2026-09-08 18:03:00,2026-09-08 18:03:19,88
E517534,T106029,CREATED,2026-09-08 08:02:34,2026-09-08 08:02:47,23
E518684,T106426,AUTHORIZED,2026-09-09 08:58:30,2026-09-09 08:58:51,249
E519773,T106807,CREATED,2026-09-09 17:05:43,2026-09-09 17:05:47,246
E516795,T105771,AUTHORIZED,2026-09-08 16:03:19,2026-09-08 16:03:48,189
E519383,T106667,AUTHORIZED,2026-09-09 10:20:26,2026-09-09 10:20:38,26
E517053,T105861,AUTHORIZED,2026-09-08 06:39:25,2026-09-08 06:39:54,161
E519836,T106828,SETTLED,2026-09-09 11:21:50,2026-09-09 11:22:17,723
E516800,T105773,AUTHORIZED,2026-09-08 12:23:18,2026-09-08 12:23:30,218
E517739,T106100,SETTLED,2026-09-08 11:23:58,2026-09-08 11:24:11,705
E518352,T106310,CREATED,2026-09-09 21:28:54,2026-09-09 21:29:04,327
E517160,T105898,SETTLED,2026-09-08 10:47:48,2026-09-08 10:48:27,263
E517471,T106006,CREATED,2026-09-08 09:37:08,2026-09-08 09:37:16,185
E515798,T105429,AUTHORIZED,2026-09-08 16:18:36,2026-09-08 16:18:53,209
E517585,T106047,CREATED,2026-09-08 16:44:37,2026-09-08 16:44:53,216
E517420,T105989,CREATED,2026-09-08 10:25:50,2026-09-08 10:26:09,359
E518653,T106415,SETTLED,2026-09-09 12:25:00,2026-09-09 12:25:28,221
E519888,T106846,FAILED,2026-09-09 10:04:48,2026-09-09 10:04:53,222
E517577,T106043,SETTLED,2026-09-08 08:42:05,2026-09-08 08:42:21,591
E515827,T105440,CREATED,2026-09-08 09:10:09,2026-09-08 09:10:19,361
E518836,T106478,SETTLED,2026-09-09 16:10:42,2026-09-09 16:11:14,453
E517427,T105991,AUTHORIZED,2026-09-08 13:30:19,2026-09-08 13:30:22,323
E517391,T105978,SETTLED,2026-09-08 07:35:35,2026-09-08 07:36:05,342
E516209,T105570,AUTHORIZED,2026-09-08 11:10:12,2026-09-08 11:10:37,486
E515978,T105493,FAILED,2026-09-08 20:25:21,2026-09-08 20:25:24,435
E519274,T106630,AUTHORIZED,2026-09-09 11:54:05,2026-09-09 11:54:17,159
E515918,T105473,AUTHORIZED,2026-09-08 07:52:57,2026-09-08 07:53:13,313
E518561,T106383,SETTLED,2026-09-09 17:59:38,2026-09-09 18:00:07,669
E518195,T106256,AUTHORIZED,2026-09-09 15:50:52,2026-09-09 15:51:21,152
E517332,T105956,AUTHORIZED,2026-09-08 16:49:54,2026-09-08 16:50:02,149
E518669,T106420,SETTLED,2026-09-09 15:04:01,2026-09-09 15:04:44,597
E518455,T106347,AUTHORIZED,2026-09-09 14:30:01,2026-09-09 14:30:21,114
E517678,T106079,FAILED,2026-09-08 10:00:02,2026-09-08 10:00:19,474
E517836,T106133,CREATED,2026-09-08 11:04:44,2026-09-08 11:04:49,197
E516984,T105837,AUTHORIZED,2026-09-08 18:30:19,2026-09-08 18:30:38,76
E515986,T105496,AUTHORIZED,2026-09-08 13:41:33,2026-09-08 13:41:53,295
E516672,T105729,SETTLED,2026-09-08 08:42:38,2026-09-08 08:43:20,845
E516797,T105772,CREATED,2026-09-08 16:49:38,2026-09-08 16:49:58,258
E519983,T106878,FAILED,2026-09-09 11:47:24,2026-09-09 11:47:40,237
E518620,T106403,AUTHORIZED,2026-09-09 06:22:34,2026-09-09 06:22:48,447
E517750,T106104,SETTLED,2026-09-08 22:08:04,2026-09-08 22:08:06,146
E516725,T105747,AUTHORIZED,2026-09-08 13:15:44,2026-09-08 13:15:53,227
E517292,T105943,CREATED,2026-09-08 18:47:44,2026-09-08 18:48:03,278
E516935,T105821,SETTLED,2026-09-08 10:02:19,2026-09-08 10:02:55,736
E519160,T106590,SETTLED,2026-09-09 14:39:19,2026-09-09 14:39:46,795
E517830,T106131,CREATED,2026-09-08 18:25:00,2026-09-08 18:25:04,112
E516121,T105540,AUTHORIZED,2026-09-08 07:50:49,2026-09-08 07:51:09,183
E517898,T106154,CREATED,2026-09-08 15:07:34,2026-09-08 15:07:43,372
E518389,T106324,AUTHORIZED,2026-09-09 11:19:07,2026-09-09 11:19:36,176
E516239,T105581,FAILED,2026-09-08 19:49:54,2026-09-08 19:50:07,106
E517354,T105964,AUTHORIZED,2026-09-08 21:13:06,2026-09-08 21:13:25,432
E518076,T106215,CREATED,2026-09-08 08:34:20,2026-09-08 08:34:37,370
E517744,T106102,AUTHORIZED,2026-09-08 11:49:48,2026-09-08 11:49:57,156
E515963,T105488,AUTHORIZED,2026-09-08 13:37:52,2026-09-08 13:38:08,146
E519290,T106635,AUTHORIZED,2026-09-09 17:19:26,2026-09-09 17:19:51,148
E519159,T106590,AUTHORIZED,2026-09-09 14:37:19,2026-09-09 14:37:44,404
E520275,T106979,AUTHORIZED,2026-09-09 10:35:34,2026-09-09 10:35:40,122
E516613,T105709,SETTLED,2026-09-08 06:30:04,2026-09-08 06:30:31,228
E518760,T106452,SETTLED,2026-09-09 19:04:04,2026-09-09 19:04:14,850
E519035,T106546,AUTHORIZED,2026-09-09 22:49:16,2026-09-09 22:49:46,169
E519306,T106641,CREATED,2026-09-09 17:08:48,2026-09-09 17:08:51,66
E517291,T105942,AUTHORIZED,2026-09-08 18:48:25,2026-09-08 18:48:36,227
E519908,T106854,CREATED,2026-09-09 07:06:02,2026-09-09 07:06:19,330
E518768,T106455,AUTHORIZED,2026-09-09 12:40:30,2026-09-09 12:40:43,394
E518091,T106220,CREATED,2026-09-08 22:04:50,2026-09-08 22:04:54,141
E517075,T105869,CREATED,2026-09-08 09:51:41,2026-09-08 09:51:51,290
E519638,T106758,SETTLED,2026-09-09 13:06:33,2026-09-09 13:06:52,672
E517002,T105844,AUTHORIZED,2026-09-08 17:33:10,2026-09-08 17:33:33,167
E517688,T106083,AUTHORIZED,2026-09-08 08:19:27,2026-09-08 08:19:48,47
E517403,T105983,CREATED,2026-09-08 16:12:56,2026-09-08 16:13:09,68
E517974,T106180,SETTLED,2026-09-08 18:30:43,2026-09-08 18:30:57,775
E517874,T106145,SETTLED,2026-09-08 11:45:31,2026-09-08 11:45:50,459
E515826,T105439,AUTHORIZED,2026-09-08 22:33:09,2026-09-08 22:33:12,126
E515977,T105493,CREATED,2026-09-08 20:25:04,2026-09-08 20:25:05,118
E519540,T106723,CREATED,2026-09-09 14:12:10,2026-09-09 14:12:22,372
E519414,T106678,SETTLED,2026-09-09 16:59:08,2026-09-09 17:22:08,517
E519913,T106855,SETTLED,2026-09-09 18:46:47,2026-09-09 18:47:01,531
E519849,T106832,SETTLED,2026-09-09 08:30:28,2026-09-09 08:30:30,268
E516674,T105730,AUTHORIZED,2026-09-08 14:54:19,2026-09-08 14:54:48,441
E518007,T106192,AUTHORIZED,2026-09-08 08:45:34,2026-09-08 08:45:50,101
E519364,T106660,SETTLED,2026-09-09 14:38:57,2026-09-09 14:39:17,449
E518907,T106502,SETTLED,2026-09-09 14:19:03,2026-09-09 14:19:04,168
E518093,T106221,CREATED,2026-09-08 07:44:56,2026-09-08 07:45:05,98
E517163,T105899,SETTLED,2026-09-08 21:13:36,2026-09-08 21:13:57,624
E518318,T106298,CREATED,2026-09-09 22:20:31,2026-09-09 22:20:38,111
E516978,T105835,SETTLED,2026-09-08 14:36:09,2026-09-08 14:36:24,218
E515913,T105471,SETTLED,2026-09-08 09:41:14,2026-09-08 09:41:25,478
E519403,T106674,SETTLED,2026-09-09 17:48:58,2026-09-09 17:49:35,127
E516436,T105651,AUTHORIZED,2026-09-08 14:10:03,2026-09-08 14:10:16,82
E519280,T106632,CREATED,2026-09-09 11:03:08,2026-09-09 11:03:13,360
E518995,T106532,CREATED,2026-09-09 13:27:35,2026-09-09 13:27:53,228
E516380,T105631,SETTLED,2026-09-08 21:24:20,2026-09-08 21:24:54,580
E519646,T106761,AUTHORIZED,2026-09-09 12:06:08,2026-09-09 12:06:09,478
E515916,T105472,SETTLED,2026-09-08 12:24:08,2026-09-08 12:24:49,632
E517087,T105873,AUTHORIZED,2026-09-08 07:27:25,2026-09-08 07:27:29,255
E519972,T106875,CREATED,2026-09-09 20:33:28,2026-09-09 20:33:47,239
E517348,T105962,CREATED,2026-09-08 20:09:31,2026-09-08 20:09:40,323
E517123,T105885,AUTHORIZED,2026-09-08 22:40:33,2026-09-08 22:40:34,262
E515907,T105469,SETTLED,2026-09-09 02:45:56,2026-09-09 02:46:16,711
E519989,T106880,SETTLED,2026-09-09 09:25:26,2026-09-09 09:25:42,839
E517307,T105947,SETTLED,2026-09-08 17:03:50,2026-09-08 17:14:50,263
E519696,T106780,CREATED,2026-09-09 18:57:30,2026-09-09 18:57:40,398
E518061,T106209,AUTHORIZED,2026-09-08 14:08:17,2026-09-08 14:08:23,395
E518697,T106430,SETTLED,2026-09-09 19:39:25,2026-09-09 19:39:27,781
E518772,T106456,SETTLED,2026-09-09 23:10:36,2026-09-09 23:10:55,204
E517250,T105929,AUTHORIZED,2026-09-08 06:45:56,2026-09-08 06:46:12,397
E517078,T105870,CREATED,2026-09-08 10:43:57,2026-09-08 10:44:06,352
E520163,T106940,CREATED,2026-09-09 07:31:22,2026-09-09 07:31:39,188
E518982,T106528,CREATED,2026-09-09 07:58:17,2026-09-09 07:58:25,94
E516786,T105768,AUTHORIZED,2026-09-08 13:16:05,2026-09-08 13:16:12,435
E517399,T105981,SETTLED,2026-09-08 14:09:25,2026-09-08 14:09:48,179
E517653,T106070,FAILED,2026-09-08 14:20:34,2026-09-08 14:20:37,387
E515838,T105445,CREATED,2026-09-08 12:35:37,2026-09-08 12:35:45,37
E520052,T106901,SETTLED,2026-09-09 17:06:24,2026-09-09 17:33:24,548
E519097,T106569,CREATED,2026-09-09 11:40:29,2026-09-09 11:40:43,139
E519210,T106609,CREATED,2026-09-09 09:07:25,2026-09-09 09:07:26,384
E517985,T106185,CREATED,2026-09-08 07:09:48,2026-09-08 07:09:50,298
E516143,T105548,AUTHORIZED,2026-09-08 20:43:51,2026-09-08 20:44:07,119
E516132,T105544,AUTHORIZED,2026-09-08 12:00:52,2026-09-08 12:00:59,38
E517331,T105956,CREATED,2026-09-08 16:49:36,2026-09-08 16:49:44,185
E516891,T105805,AUTHORIZED,2026-09-08 20:07:25,2026-09-08 20:07:45,412
E517752,T106105,AUTHORIZED,2026-09-08 22:22:58,2026-09-08 22:23:26,291
E518502,T106363,AUTHORIZED,2026-09-09 14:05:20,2026-09-09 14:05:31,307
E518108,T106226,AUTHORIZED,2026-09-08 14:41:25,2026-09-08 14:41:47,352
E518742,T106447,CREATED,2026-09-09 14:00:08,2026-09-09 14:00:11,99
E518151,T106241,AUTHORIZED,2026-09-09 22:26:30,2026-09-09 22:27:00,453
E517450,T105999,CREATED,2026-09-08 18:51:25,2026-09-08 18:51:26,152
E518245,T106273,SETTLED,2026-09-09 12:04:17,2026-09-09 12:04:31,668
E516246,T105583,SETTLED,2026-09-08 18:11:50,2026-09-08 18:12:32,491
E519661,T106766,SETTLED,2026-09-09 16:49:37,2026-09-09 16:50:02,559
E517435,T105994,AUTHORIZED,2026-09-08 13:18:53,2026-09-08 13:19:20,112
E520246,T106968,SETTLED,2026-09-09 22:41:05,2026-09-09 22:41:23,679
E519829,T106826,AUTHORIZED,2026-09-09 13:07:31,2026-09-09 13:07:37,38
E518530,T106372,SETTLED,2026-09-09 19:22:52,2026-09-09 19:23:18,154
E515793,T105427,SETTLED,2026-09-08 16:19:08,2026-09-08 16:19:19,242
E519244,T106620,SETTLED,2026-09-09 09:21:21,2026-09-09 09:21:34,259
E517155,T105897,CREATED,2026-09-08 09:34:04,2026-09-08 09:34:06,345
E519708,T106784,AUTHORIZED,2026-09-09 07:12:58,2026-09-09 07:13:17,452
E519415,T106679,CREATED,2026-09-09 18:26:35,2026-09-09 18:26:40,362
E517244,T105927,SETTLED,2026-09-08 09:41:44,2026-09-08 09:42:01,511
E519250,T106622,SETTLED,2026-09-09 10:41:37,2026-09-09 10:42:08,161
E519348,T106655,AUTHORIZED,2026-09-09 18:41:50,2026-09-09 18:42:06,124
E520102,T106917,SETTLED,2026-09-09 17:20:52,2026-09-09 18:32:52,540
E518889,T106496,AUTHORIZED,2026-09-09 09:58:22,2026-09-09 09:58:26,422
E516591,T105702,AUTHORIZED,2026-09-08 06:00:50,2026-09-08 06:00:52,476
E518583,T106391,AUTHORIZED,2026-09-09 14:50:15,2026-09-09 14:50:27,491
E519313,T106643,SETTLED,2026-09-09 20:41:24,2026-09-09 20:41:36,464
E516533,T105683,AUTHORIZED,2026-09-08 13:57:04,2026-09-08 13:57:34,369
E516007,T105502,AUTHORIZED,2026-09-08 22:49:24,2026-09-08 22:49:53,84
E518722,T106439,AUTHORIZED,2026-09-09 15:56:31,2026-09-09 15:56:36,148
E520199,T106952,SETTLED,2026-09-09 14:50:45,2026-09-09 14:50:54,504
E519323,T106647,AUTHORIZED,2026-09-09 22:04:43,2026-09-09 22:05:02,328
E518782,T106460,FAILED,2026-09-09 12:23:13,2026-09-09 12:23:21,157
E520293,T106985,AUTHORIZED,2026-09-09 16:34:07,2026-09-09 16:34:12,468
E518342,T106306,AUTHORIZED,2026-09-09 18:33:59,2026-09-09 18:34:19,388
E518495,T106361,CREATED,2026-09-09 19:01:07,2026-09-09 19:01:15,26
E515964,T105488,SETTLED,2026-09-08 13:54:52,2026-09-08 13:55:15,839
E517918,T106161,CREATED,2026-09-08 14:47:05,2026-09-08 14:47:13,396
E517135,T105889,SETTLED,2026-09-08 20:52:53,2026-09-08 20:52:54,792
E517262,T105933,CREATED,2026-09-08 22:34:51,2026-09-08 22:35:09,155
E518841,T106480,AUTHORIZED,2026-09-09 22:51:48,2026-09-09 22:52:13,459
E519382,T106667,CREATED,2026-09-09 10:20:19,2026-09-09 10:20:28,61
E519709,T106784,SETTLED,2026-09-09 07:38:58,2026-09-09 07:39:27,150
E517539,T106030,AUTHORIZED,2026-09-08 13:45:18,2026-09-08 13:45:36,327
E519400,T106673,AUTHORIZED,2026-09-09 19:21:55,2026-09-09 19:22:06,453
E516556,T105691,AUTHORIZED,2026-09-08 08:24:22,2026-09-08 08:24:24,481
E517831,T106131,AUTHORIZED,2026-09-08 18:25:07,2026-09-08 18:25:36,218
E517388,T105977,FAILED,2026-09-08 14:22:41,2026-09-08 14:22:57,450
E520095,T106915,SETTLED,2026-09-09 22:22:45,2026-09-09 22:23:25,543
E518207,T106260,SETTLED,2026-09-09 08:02:25,2026-09-09 08:02:40,352
E518286,T106287,SETTLED,2026-09-09 07:41:15,2026-09-09 07:41:58,160
E516788,T105769,AUTHORIZED,2026-09-08 09:26:15,2026-09-08 09:26:33,138
E516404,T105640,AUTHORIZED,2026-09-08 13:30:02,2026-09-08 13:30:12,128
E519915,T106856,AUTHORIZED,2026-09-09 17:30:29,2026-09-09 17:30:44,341
E515722,T105403,CREATED,2026-09-08 11:12:23,2026-09-08 11:12:41,299
E517991,T106187,CREATED,2026-09-08 12:10:16,2026-09-08 12:10:24,128
E516721,T105746,CREATED,2026-09-08 20:44:12,2026-09-08 20:44:16,333
E517880,T106147,SETTLED,2026-09-08 18:05:44,2026-09-08 18:05:49,323
E516647,T105721,CREATED,2026-09-08 09:23:51,2026-09-08 09:24:11,42
E515997,T105499,SETTLED,2026-09-08 14:23:53,2026-09-08 14:24:18,103
E517188,T105908,CREATED,2026-09-08 13:45:26,2026-09-08 13:45:40,40
E517385,T105976,CREATED,2026-09-08 13:23:37,2026-09-08 13:23:43,29
E516313,T105607,AUTHORIZED,2026-09-08 10:07:54,2026-09-08 10:07:55,227
E517707,T106090,CREATED,2026-09-08 16:01:47,2026-09-08 16:01:54,326
E519737,T106795,CREATED,2026-09-09 15:59:03,2026-09-09 15:59:09,182
E519570,T106733,AUTHORIZED,2026-09-09 18:49:00,2026-09-09 18:49:21,401
E519583,T106738,SETTLED,2026-09-09 09:53:41,2026-09-09 09:53:51,363
E516489,T105668,CREATED,2026-09-08 16:51:15,2026-09-08 16:51:21,278
E518024,T106197,AUTHORIZED,2026-09-08 07:13:46,2026-09-08 07:14:05,83
E516349,T105620,AUTHORIZED,2026-09-08 06:13:09,2026-09-08 06:13:29,45
E517995,T106188,AUTHORIZED,2026-09-08 22:33:12,2026-09-08 22:33:39,257
E518283,T106286,SETTLED,2026-09-09 17:25:39,2026-09-09 17:25:58,848
E518345,T106307,AUTHORIZED,2026-09-09 07:35:06,2026-09-09 07:35:33,464
E516442,T105653,AUTHORIZED,2026-09-08 15:23:47,2026-09-08 15:24:10,246
E518923,T106508,AUTHORIZED,2026-09-09 19:41:27,2026-09-09 19:41:37,56
E516783,T105767,CREATED,2026-09-08 12:53:50,2026-09-08 12:54:09,312
E520208,T106955,SETTLED,2026-09-09 13:45:40,2026-09-09 13:45:53,372
E519216,T106611,CREATED,2026-09-09 08:41:16,2026-09-09 08:41:26,386
E519552,T106727,CREATED,2026-09-09 22:53:28,2026-09-09 22:53:33,265
E518510,T106366,CREATED,2026-09-09 11:47:21,2026-09-09 11:47:37,229
E516980,T105836,AUTHORIZED,2026-09-08 18:54:57,2026-09-08 18:55:02,453
E520224,T106961,SETTLED,2026-09-09 09:36:19,2026-09-09 10:44:19,44
E516087,T105529,FAILED,2026-09-08 12:06:38,2026-09-08 12:06:57,183
E517757,T106107,CREATED,2026-09-08 20:19:21,2026-09-08 20:19:23,119
E518218,T106264,AUTHORIZED,2026-09-09 16:30:23,2026-09-09 16:30:42,251
E518894,T106498,CREATED,2026-09-09 18:00:22,2026-09-09 18:00:24,209
E517499,T106016,AUTHORIZED,2026-09-08 16:04:41,2026-09-08 16:05:07,137
E519833,T106827,SETTLED,2026-09-09 21:49:59,2026-09-09 21:50:20,501
E518751,T106450,CREATED,2026-09-09 11:10:19,2026-09-09 11:10:27,181
E518980,T106527,AUTHORIZED,2026-09-09 17:32:38,2026-09-09 17:32:44,477
E519731,T106792,FAILED,2026-09-09 09:12:20,2026-09-09 09:12:49,355
E517136,T105890,CREATED,2026-09-08 06:04:02,2026-09-08 06:04:20,326
E519174,T106596,FAILED,2026-09-09 17:41:47,2026-09-09 17:42:13,69
E517097,T105876,AUTHORIZED,2026-09-08 12:37:50,2026-09-08 12:38:16,234
E516515,T105677,AUTHORIZED,2026-09-08 21:39:08,2026-09-08 21:39:10,43
E518908,T106503,CREATED,2026-09-09 13:27:14,2026-09-09 13:27:34,60
E516324,T105610,SETTLED,2026-09-08 17:22:15,2026-09-08 17:22:27,582
E516746,T105754,AUTHORIZED,2026-09-08 14:33:07,2026-09-08 14:33:18,158
E516321,T105609,SETTLED,2026-09-08 16:00:24,2026-09-08 16:01:00,257
E518104,T106224,SETTLED,2026-09-08 11:06:38,2026-09-08 12:16:38,827
E519788,T106813,CREATED,2026-09-09 10:50:07,2026-09-09 10:50:25,305
E517508,T106019,SETTLED,2026-09-08 10:23:03,2026-09-08 10:23:15,149
E519001,T106534,CREATED,2026-09-09 07:18:24,2026-09-09 07:18:31,328
E516144,T105548,SETTLED,2026-09-08 20:52:51,2026-09-08 21:59:51,571
E519905,T106852,SETTLED,2026-09-09 20:01:53,2026-09-09 20:25:53,165
E518258,T106278,CREATED,2026-09-09 15:21:46,2026-09-09 15:21:49,257
E517009,T105846,AUTHORIZED,2026-09-08 14:50:49,2026-09-08 14:51:08,198
E517891,T106151,SETTLED,2026-09-08 19:03:31,2026-09-08 19:03:58,32
E517849,T106137,AUTHORIZED,2026-09-08 19:03:04,2026-09-08 19:03:09,113
E518425,T106336,SETTLED,2026-09-10 11:45:20,2026-09-10 11:45:48,367
E517621,T106059,CREATED,2026-09-08 11:44:12,2026-09-08 11:44:20,302
E519956,T106870,AUTHORIZED,2026-09-09 06:59:23,2026-09-09 06:59:41,156
E518671,T106421,AUTHORIZED,2026-09-09 15:24:31,2026-09-09 15:24:48,104
E520250,T106970,CREATED,2026-09-09 11:51:43,2026-09-09 11:52:00,387
E517601,T106052,SETTLED,2026-09-08 17:42:33,2026-09-08 17:42:52,528
E516870,T105798,CREATED,2026-09-08 13:13:12,2026-09-08 13:13:20,54
E515755,T105415,CREATED,2026-09-08 07:22:04,2026-09-08 07:22:06,400
E517448,T105998,AUTHORIZED,2026-09-08 11:34:23,2026-09-08 11:34:50,134
E519641,T106759,SETTLED,2026-09-09 22:24:57,2026-09-09 23:09:57,156
E516731,T105749,CREATED,2026-09-08 10:52:11,2026-09-08 10:52:18,31
E518652,T106415,AUTHORIZED,2026-09-09 12:11:00,2026-09-09 12:11:28,402
E517072,T105868,CREATED,2026-09-08 08:56:46,2026-09-08 08:57:06,337
E518035,T106201,AUTHORIZED,2026-09-08 07:22:06,2026-09-08 07:22:35,447
E515726,T105404,FAILED,2026-09-08 07:25:38,2026-09-08 07:25:44,40
E517839,T106134,CREATED,2026-09-08 10:07:30,2026-09-08 10:07:45,50
E516135,T105545,AUTHORIZED,2026-09-08 13:13:36,2026-09-08 13:13:49,57
E519108,T106573,CREATED,2026-09-09 16:57:31,2026-09-09 16:57:50,359
E516464,T105660,CREATED,2026-09-08 22:00:04,2026-09-08 22:00:07,169
E519034,T106546,CREATED,2026-09-09 22:48:51,2026-09-09 22:48:55,260
E518611,T106400,AUTHORIZED,2026-09-09 20:28:16,2026-09-09 20:28:43,176
E516578,T105698,AUTHORIZED,2026-09-08 18:30:40,2026-09-08 18:31:03,85
E518452,T106346,AUTHORIZED,2026-09-09 13:03:03,2026-09-09 13:03:23,204
E519599,T106744,AUTHORIZED,2026-09-09 20:54:30,2026-09-09 20:55:00,199
E519735,T106794,CREATED,2026-09-09 22:11:09,2026-09-09 22:11:21,96
E518159,T106244,AUTHORIZED,2026-09-09 10:32:58,2026-09-09 10:33:04,25
E518834,T106478,CREATED,2026-09-09 15:42:12,2026-09-09 15:42:15,108
E515830,T105441,FAILED,2026-09-08 16:40:17,2026-09-08 16:40:20,417
E516420,T105646,CREATED,2026-09-08 21:38:25,2026-09-08 21:38:32,392
E517238,T105926,CREATED,2026-09-08 10:25:33,2026-09-08 10:25:43,116
E516623,T105712,SETTLED,2026-09-08 17:19:07,2026-09-08 17:19:48,61
E518420,T106335,CREATED,2026-09-09 08:37:23,2026-09-09 08:37:29,102
E517302,T105946,CREATED,2026-09-08 07:48:00,2026-09-08 07:48:18,296
E517572,T106042,AUTHORIZED,2026-09-08 13:11:50,2026-09-08 13:12:10,147
E516388,T105634,FAILED,2026-09-08 22:24:47,2026-09-08 22:24:51,26
E518436,T106340,SETTLED,2026-09-09 22:43:42,2026-09-09 22:43:52,639
E517248,T105928,SETTLED,2026-09-08 17:35:58,2026-09-08 17:36:42,398
E516961,T105829,SETTLED,2026-09-08 06:56:13,2026-09-08 06:56:17,615
E516844,T105789,AUTHORIZED,2026-09-08 14:17:52,2026-09-08 14:18:07,189
E519695,T106779,FAILED,2026-09-09 11:39:04,2026-09-09 11:39:22,385
E517404,T105983,AUTHORIZED,2026-09-08 16:13:01,2026-09-08 16:13:03,283
E516179,T105559,SETTLED,2026-09-08 12:01:56,2026-09-08 12:02:14,443
E517059,T105863,CREATED,2026-09-08 15:34:16,2026-09-08 15:34:25,233
E518188,T106254,CREATED,2026-09-09 17:30:38,2026-09-09 17:30:57,323
E518486,T106358,CREATED,2026-09-09 22:45:03,2026-09-09 22:45:12,102
E519046,T106550,CREATED,2026-09-09 21:47:42,2026-09-09 21:47:54,278
E516168,T105556,CREATED,2026-09-08 18:15:32,2026-09-08 18:15:35,109
E516416,T105644,SETTLED,2026-09-09 00:38:00,2026-09-09 00:38:34,730
E518060,T106209,CREATED,2026-09-08 14:08:01,2026-09-08 14:08:03,298
E516836,T105786,SETTLED,2026-09-08 13:12:52,2026-09-08 13:13:06,166
E518969,T106523,SETTLED,2026-09-09 09:39:42,2026-09-09 09:39:58,52
E520236,T106965,SETTLED,2026-09-09 18:14:04,2026-09-09 18:14:30,748
E517877,T106146,SETTLED,2026-09-08 15:38:42,2026-09-08 15:39:17,128
E517210,T105915,FAILED,2026-09-08 22:08:52,2026-09-08 22:08:57,234
E518295,T106290,SETTLED,2026-09-09 15:42:06,2026-09-09 15:42:46,550
E515853,T105450,CREATED,2026-09-08 08:41:36,2026-09-08 08:41:48,234
E517142,T105892,CREATED,2026-09-08 09:54:37,2026-09-08 09:54:49,275
E517676,T106078,SETTLED,2026-09-08 17:05:19,2026-09-08 17:05:49,411
E516758,T105758,AUTHORIZED,2026-09-08 13:50:15,2026-09-08 13:50:37,43
E517856,T106139,SETTLED,2026-09-08 22:16:03,2026-09-08 22:16:09,835
E518922,T106508,CREATED,2026-09-09 19:40:52,2026-09-09 19:41:01,177
E519746,T106798,CREATED,2026-09-09 18:49:33,2026-09-09 18:49:51,329
E519529,T106719,CREATED,2026-09-09 12:18:05,2026-09-09 12:18:14,50
E518247,T106274,AUTHORIZED,2026-09-09 06:58:40,2026-09-09 06:59:05,239
E520212,T106957,CREATED,2026-09-09 20:33:50,2026-09-09 20:34:07,146
E519541,T106723,AUTHORIZED,2026-09-09 14:12:20,2026-09-09 14:12:26,45
E516831,T105784,FAILED,2026-09-08 13:13:25,2026-09-08 13:13:36,363
E516834,T105786,CREATED,2026-09-08 13:10:13,2026-09-08 13:10:21,371
E516400,T105639,CREATED,2026-09-08 06:04:26,2026-09-08 06:04:38,255
E520049,T106900,SETTLED,2026-09-09 18:56:52,2026-09-09 18:57:24,420
E517154,T105896,FAILED,2026-09-08 20:51:48,2026-09-08 20:51:57,479
E518003,T106191,CREATED,2026-09-08 10:27:35,2026-09-08 10:27:44,62
E515687,T105391,CREATED,2026-09-08 17:09:25,2026-09-08 17:09:33,116
E519131,T106581,CREATED,2026-09-09 22:37:08,2026-09-09 22:37:11,311
E518526,T106371,CREATED,2026-09-09 21:47:58,2026-09-09 21:48:18,273
E520279,T106980,SETTLED,2026-09-09 17:07:35,2026-09-09 17:07:43,618
E520284,T106982,AUTHORIZED,2026-09-09 22:29:25,2026-09-09 22:29:35,396
E520038,T106897,CREATED,2026-09-09 20:28:56,2026-09-09 20:29:01,96
E516149,T105549,SETTLED,2026-09-08 21:58:40,2026-09-08 21:58:46,111
E519180,T106599,CREATED,2026-09-09 17:12:58,2026-09-09 17:13:04,209
E515709,T105398,FAILED,2026-09-08 20:45:30,2026-09-08 20:45:57,357
E517721,T106094,SETTLED,2026-09-08 16:52:19,2026-09-08 16:52:53,811
E517814,T106125,SETTLED,2026-09-08 17:19:47,2026-09-08 17:19:51,373
E520128,T106927,AUTHORIZED,2026-09-09 16:35:42,2026-09-09 16:35:44,283
E518807,T106469,CREATED,2026-09-09 13:25:56,2026-09-09 13:26:03,250
E516905,T105810,SETTLED,2026-09-08 18:04:33,2026-09-08 18:05:08,800
E516512,T105676,CREATED,2026-09-08 12:10:23,2026-09-08 12:10:32,121
E518794,T106465,AUTHORIZED,2026-09-09 07:30:31,2026-09-09 07:31:00,43
E519107,T106572,SETTLED,2026-09-09 19:30:30,2026-09-09 19:31:12,890
E518609,T106399,SETTLED,2026-09-09 11:15:34,2026-09-09 11:16:16,179
E520301,T106988,AUTHORIZED,2026-09-09 18:32:23,2026-09-09 18:32:37,469
E520150,T106935,SETTLED,2026-09-09 17:29:35,2026-09-09 17:29:49,641
E520297,T106986,SETTLED,2026-09-09 12:15:23,2026-09-09 12:48:23,203
E519785,T106812,CREATED,2026-09-09 12:52:54,2026-09-09 12:53:12,314
E519519,T106715,AUTHORIZED,2026-09-09 06:42:31,2026-09-09 06:42:56,483
E516082,T105527,SETTLED,2026-09-08 13:54:34,2026-09-08 13:54:43,598
E519714,T106786,AUTHORIZED,2026-09-09 16:29:20,2026-09-09 16:29:25,40
E516555,T105691,CREATED,2026-09-08 08:23:47,2026-09-08 08:23:49,121
E516993,T105840,SETTLED,2026-09-08 08:11:52,2026-09-08 08:12:16,655
E518503,T106363,SETTLED,2026-09-09 14:08:20,2026-09-09 14:29:20,355
E516354,T105622,CREATED,2026-09-08 08:07:28,2026-09-08 08:07:47,140
E518491,T106359,SETTLED,2026-09-09 09:50:06,2026-09-09 09:50:46,161
E519539,T106722,SETTLED,2026-09-09 12:13:18,2026-09-09 12:13:27,389
E518646,T106413,AUTHORIZED,2026-09-09 16:25:43,2026-09-09 16:25:57,152
E517698,T106086,SETTLED,2026-09-08 19:25:14,2026-09-08 19:25:47,57
E518775,T106457,SETTLED,2026-09-09 12:20:53,2026-09-09 12:20:57,750
E518528,T106372,CREATED,2026-09-09 19:12:23,2026-09-09 19:12:25,45
E518178,T106251,CREATED,2026-09-09 14:53:27,2026-09-09 14:53:43,176
E518996,T106532,AUTHORIZED,2026-09-09 13:27:51,2026-09-09 13:27:57,300
E516368,T105627,AUTHORIZED,2026-09-08 13:21:04,2026-09-08 13:21:31,392
E518845,T106481,SETTLED,2026-09-09 07:55:10,2026-09-09 07:55:24,65
E517144,T105892,SETTLED,2026-09-08 10:09:57,2026-09-08 10:10:02,562
E516378,T105631,CREATED,2026-09-08 20:37:09,2026-09-08 20:37:22,300
E518674,T106422,AUTHORIZED,2026-09-09 08:54:45,2026-09-09 08:55:01,178
E517848,T106137,CREATED,2026-09-08 19:02:38,2026-09-08 19:02:52,218
E517475,T106007,AUTHORIZED,2026-09-08 13:12:49,2026-09-08 13:13:02,205
E519262,T106626,SETTLED,2026-09-09 22:42:10,2026-09-09 22:42:26,372
E516514,T105677,CREATED,2026-09-08 21:38:39,2026-09-08 21:38:42,375
E519422,T106681,AUTHORIZED,2026-09-09 14:21:20,2026-09-09 14:21:46,208
E516737,T105751,CREATED,2026-09-08 09:57:53,2026-09-08 09:58:12,70
E516882,T105802,AUTHORIZED,2026-09-08 12:56:25,2026-09-08 12:56:39,403
E516726,T105747,SETTLED,2026-09-08 13:33:44,2026-09-08 13:33:55,226
E517685,T106082,CREATED,2026-09-08 18:00:35,2026-09-08 18:00:53,346
E518136,T106236,CREATED,2026-09-08 13:07:11,2026-09-08 13:07:20,39
E516467,T105661,CREATED,2026-09-08 09:22:16,2026-09-08 09:22:27,291
E515862,T105453,AUTHORIZED,2026-09-08 07:04:50,2026-09-08 07:04:53,53
E515807,T105432,AUTHORIZED,2026-09-08 21:55:42,2026-09-08 21:55:56,244
E518711,T106435,AUTHORIZED,2026-09-09 12:47:06,2026-09-09 12:47:19,299
E518792,T106464,AUTHORIZED,2026-09-09 21:58:26,2026-09-09 21:58:35,242
E517582,T106045,SETTLED,2026-09-08 13:41:56,2026-09-08 13:42:00,376
E519866,T106838,CREATED,2026-09-09 09:59:20,2026-09-09 09:59:40,201
E519676,T106772,CREATED,2026-09-09 10:04:00,2026-09-09 10:04:10,288
E518299,T106292,CREATED,2026-09-09 12:14:35,2026-09-09 12:14:48,377
E520135,T106930,CREATED,2026-09-09 21:57:01,2026-09-09 21:57:10,27
E520182,T106946,AUTHORIZED,2026-09-09 17:19:24,2026-09-09 17:19:43,132
E515845,T105447,AUTHORIZED,2026-09-08 14:52:00,2026-09-08 14:52:15,369
E516921,T105816,AUTHORIZED,2026-09-08 16:47:34,2026-09-08 16:47:35,31
E516053,T105518,AUTHORIZED,2026-09-08 08:20:03,2026-09-08 08:20:22,127
E516040,T105514,AUTHORIZED,2026-09-08 07:44:55,2026-09-08 07:45:15,320
E517364,T105968,AUTHORIZED,2026-09-08 22:06:21,2026-09-08 22:06:24,275
E519393,T106671,CREATED,2026-09-09 16:22:45,2026-09-09 16:22:52,246
E517220,T105920,CREATED,2026-09-08 10:12:00,2026-09-08 10:12:01,375
E517460,T106002,AUTHORIZED,2026-09-08 13:05:58,2026-09-08 13:06:26,371
E517011,T105847,CREATED,2026-09-08 18:42:19,2026-09-08 18:42:36,292
E519027,T106543,AUTHORIZED,2026-09-09 12:01:10,2026-09-09 12:01:16,253
E517073,T105868,AUTHORIZED,2026-09-08 08:57:19,2026-09-08 08:57:24,277
E517012,T105847,AUTHORIZED,2026-09-08 18:42:56,2026-09-08 18:42:57,46
E517710,T106091,CREATED,2026-09-08 07:23:51,2026-09-08 07:24:01,234
E516362,T105625,CREATED,2026-09-08 18:53:46,2026-09-08 18:53:52,233
E516814,T105778,AUTHORIZED,2026-09-08 15:36:42,2026-09-08 15:37:02,390
E518940,T106513,SETTLED,2026-09-09 09:13:30,2026-09-09 09:13:31,180
E516475,T105663,SETTLED,2026-09-08 12:24:42,2026-09-08 12:24:57,425
E518648,T106414,CREATED,2026-09-09 16:57:31,2026-09-09 16:57:38,22
E517086,T105873,CREATED,2026-09-08 07:27:16,2026-09-08 07:27:19,43
E516272,T105593,CREATED,2026-09-08 07:23:36,2026-09-08 07:23:55,265
E516553,T105690,AUTHORIZED,2026-09-08 07:14:13,2026-09-08 07:14:42,138
E519693,T106778,SETTLED,2026-09-09 09:18:56,2026-09-09 09:19:14,763
E516651,T105722,AUTHORIZED,2026-09-08 17:16:12,2026-09-08 17:16:34,344
E516167,T105555,SETTLED,2026-09-08 12:22:52,2026-09-08 12:23:37,731
E520067,T106906,SETTLED,2026-09-09 19:37:15,2026-09-09 20:33:15,685
E516593,T105703,CREATED,2026-09-08 18:56:41,2026-09-08 18:56:53,221
E516222,T105575,AUTHORIZED,2026-09-08 16:55:26,2026-09-08 16:55:28,242
E516187,T105562,AUTHORIZED,2026-09-08 11:58:01,2026-09-08 11:58:05,209
E516596,T105704,CREATED,2026-09-08 19:17:13,2026-09-08 19:17:23,232
E515920,T105474,CREATED,2026-09-08 20:26:29,2026-09-08 20:26:38,118
E516221,T105575,CREATED,2026-09-08 16:54:54,2026-09-08 16:55:06,309
E516384,T105633,CREATED,2026-09-08 08:44:12,2026-09-08 08:44:18,70
E519585,T106739,AUTHORIZED,2026-09-09 15:48:20,2026-09-09 15:48:26,305
E517380,T105974,AUTHORIZED,2026-09-08 14:22:14,2026-09-08 14:22:44,476
E517170,T105902,CREATED,2026-09-08 19:47:48,2026-09-08 19:47:52,87
E519381,T106666,AUTHORIZED,2026-09-09 11:05:19,2026-09-09 11:05:23,177
E515996,T105499,AUTHORIZED,2026-09-08 14:17:53,2026-09-08 14:18:04,71
E517796,T106120,CREATED,2026-09-08 08:02:17,2026-09-08 08:02:18,191
E516521,T105679,AUTHORIZED,2026-09-08 08:32:30,2026-09-08 08:32:37,438
E516458,T105658,AUTHORIZED,2026-09-08 14:18:07,2026-09-08 14:18:16,349
E515676,T105387,AUTHORIZED,2026-09-08 15:22:50,2026-09-08 15:22:56,34
E519730,T106792,CREATED,2026-09-09 09:11:56,2026-09-09 09:12:16,93
E516361,T105624,AUTHORIZED,2026-09-08 18:36:24,2026-09-08 18:36:47,138
E519623,T106753,SETTLED,2026-09-09 12:09:17,2026-09-09 12:09:24,605
E516845,T105789,SETTLED,2026-09-08 14:44:52,2026-09-08 14:45:33,248
E517203,T105913,AUTHORIZED,2026-09-08 14:31:33,2026-09-08 14:32:00,375
E517686,T106082,FAILED,2026-09-08 18:00:53,2026-09-08 18:01:06,450
E519771,T106806,AUTHORIZED,2026-09-09 15:36:51,2026-09-09 15:36:59,463
E520026,T106893,AUTHORIZED,2026-09-09 21:21:07,2026-09-09 21:21:22,381
E520090,T106914,CREATED,2026-09-09 10:11:55,2026-09-09 10:19:00,379
E518236,T106270,AUTHORIZED,2026-09-09 09:16:28,2026-09-09 09:16:41,293
E516279,T105596,CREATED,2026-09-08 13:19:20,2026-09-08 13:19:26,112
E516080,T105527,AUTHORIZED,2026-09-08 13:27:34,2026-09-08 13:27:36,434
E517173,T105903,CREATED,2026-09-08 06:44:38,2026-09-08 06:44:54,243
E519287,T106634,AUTHORIZED,2026-09-09 20:25:48,2026-09-09 20:29:10,80
E518442,T106342,SETTLED,2026-09-09 17:32:12,2026-09-09 17:32:43,450
E516032,T105511,AUTHORIZED,2026-09-08 13:25:20,2026-09-08 13:25:23,481
E517637,T106064,SETTLED,2026-09-08 20:01:45,2026-09-08 20:02:16,547
E517615,T106057,CREATED,2026-09-08 14:22:59,2026-09-08 14:23:12,226
E520168,T106941,SETTLED,2026-09-09 14:31:56,2026-09-09 14:32:27,228
E518303,T106293,AUTHORIZED,2026-09-09 08:27:11,2026-09-09 08:27:38,36
E519767,T106805,CREATED,2026-09-09 21:59:42,2026-09-09 21:59:47,182
E518145,T106239,AUTHORIZED,2026-09-09 08:49:44,2026-09-09 08:50:04,275
E517920,T106161,SETTLED,2026-09-08 15:13:18,2026-09-08 15:13:29,425
E517199,T105912,CREATED,2026-09-08 13:23:45,2026-09-08 13:23:54,376
E516488,T105667,SETTLED,2026-09-08 13:23:36,2026-09-08 13:23:51,324
E516581,T105699,AUTHORIZED,2026-09-08 06:49:33,2026-09-08 06:49:47,365
E518071,T106213,CREATED,2026-09-08 21:11:25,2026-09-08 21:11:32,67
E520264,T106975,FAILED,2026-09-09 09:52:37,2026-09-09 09:52:42,63
E516397,T105638,CREATED,2026-09-08 18:44:58,2026-09-08 18:45:18,340
E519346,T106654,SETTLED,2026-09-10 07:01:01,2026-09-10 07:01:04,121
E517324,T105953,SETTLED,2026-09-08 09:33:33,2026-09-08 09:33:58,484
E518786,T106462,AUTHORIZED,2026-09-09 21:24:52,2026-09-09 21:24:57,182
E517575,T106043,AUTHORIZED,2026-09-08 08:28:05,2026-09-08 08:28:16,347
E516023,T105508,AUTHORIZED,2026-09-08 08:35:04,2026-09-08 08:35:23,235
E518900,T106500,CREATED,2026-09-09 07:21:11,2026-09-09 07:21:26,392
E516776,T105764,SETTLED,2026-09-08 15:22:27,2026-09-08 15:22:54,116
E518143,T106238,SETTLED,2026-09-09 09:20:07,2026-09-09 09:20:29,73
E516185,T105561,FAILED,2026-09-08 10:24:28,2026-09-08 10:24:45,236
E518025,T106198,CREATED,2026-09-08 11:57:55,2026-09-08 11:58:04,214
E515942,T105481,AUTHORIZED,2026-09-08 22:24:07,2026-09-08 22:24:15,140
E517408,T105985,CREATED,2026-09-08 11:49:26,2026-09-08 11:49:41,200
E519484,T106702,SETTLED,2026-09-09 09:21:03,2026-09-09 09:21:46,555
E519733,T106793,AUTHORIZED,2026-09-09 13:07:30,2026-09-09 13:07:34,85
E515814,T105435,CREATED,2026-09-08 22:29:55,2026-09-08 22:30:08,348
E519978,T106877,CREATED,2026-09-09 22:04:17,2026-09-09 22:04:24,328
E517647,T106068,CREATED,2026-09-08 09:06:06,2026-09-08 09:06:15,209
E516389,T105635,CREATED,2026-09-08 20:54:25,2026-09-08 20:54:31,206
E518006,T106192,CREATED,2026-09-08 08:45:29,2026-09-08 08:45:33,370
E517935,T106167,AUTHORIZED,2026-09-08 07:31:08,2026-09-08 07:31:11,364
E517952,T106173,CREATED,2026-09-08 21:02:06,2026-09-08 21:02:18,324
E515891,T105463,SETTLED,2026-09-08 17:38:20,2026-09-08 17:38:28,762
E519305,T106640,SETTLED,2026-09-09 16:47:58,2026-09-09 16:48:24,271
E517320,T105952,AUTHORIZED,2026-09-08 20:40:42,2026-09-08 20:41:07,37
E519217,T106611,AUTHORIZED,2026-09-09 08:41:21,2026-09-09 08:41:42,121
E516670,T105729,CREATED,2026-09-08 08:16:07,2026-09-08 08:16:26,154
E516278,T105595,SETTLED,2026-09-08 15:12:49,2026-09-08 15:13:02,838
E516550,T105689,AUTHORIZED,2026-09-08 14:53:06,2026-09-08 14:53:27,206
E517469,T106005,CREATED,2026-09-08 07:52:41,2026-09-08 07:52:59,44
E518343,T106306,SETTLED,2026-09-09 18:56:59,2026-09-09 18:57:43,868
E519654,T106764,CREATED,2026-09-09 14:31:15,2026-09-09 14:31:16,115
E516284,T105597,SETTLED,2026-09-08 12:44:56,2026-09-08 14:04:56,149
E518030,T106199,SETTLED,2026-09-08 07:43:53,2026-09-08 07:44:13,526
E516319,T105609,CREATED,2026-09-08 15:46:09,2026-09-08 15:46:14,340
E517563,T106039,CREATED,2026-09-08 12:36:33,2026-09-08 12:36:41,110
E519663,T106767,AUTHORIZED,2026-09-09 08:07:30,2026-09-09 08:07:54,290
E518483,T106356,SETTLED,2026-09-09 19:59:46,2026-09-09 20:00:20,669
E518215,T106263,AUTHORIZED,2026-09-09 22:27:19,2026-09-09 22:27:24,210
E516668,T105728,AUTHORIZED,2026-09-08 06:12:10,2026-09-08 06:12:21,352
E518885,T106495,CREATED,2026-09-09 22:21:41,2026-09-09 22:21:44,295
E517112,T105881,SETTLED,2026-09-08 19:34:11,2026-09-08 19:34:13,898
E516133,T105544,SETTLED,2026-09-08 12:05:52,2026-09-08 12:06:10,769
E517197,T105911,AUTHORIZED,2026-09-08 12:01:56,2026-09-08 12:02:03,94
E519647,T106761,SETTLED,2026-09-09 12:24:08,2026-09-09 12:24:38,459
E517178,T105904,SETTLED,2026-09-08 12:52:10,2026-09-08 12:52:25,669
E517896,T106153,AUTHORIZED,2026-09-08 10:10:22,2026-09-08 10:10:36,465
E518083,T106217,SETTLED,2026-09-08 10:34:53,2026-09-08 10:35:23,179
E516920,T105816,CREATED,2026-09-08 16:47:08,2026-09-08 16:47:26,256
E519065,T106557,CREATED,2026-09-09 20:18:29,2026-09-09 20:18:35,227
E518358,T106312,CREATED,2026-09-09 08:44:52,2026-09-09 08:45:06,207
E517121,T105884,SETTLED,2026-09-08 19:57:03,2026-09-08 19:57:23,450
E518086,T106218,SETTLED,2026-09-08 21:07:05,2026-09-08 21:07:40,445
E518688,T106427,SETTLED,2026-09-09 20:25:03,2026-09-09 20:25:16,77
E519445,T106689,AUTHORIZED,2026-09-09 07:01:58,2026-09-09 07:02:13,36
E519283,T106633,CREATED,2026-09-09 12:16:41,2026-09-09 12:16:51,379
E518606,T106399,CREATED,2026-09-09 10:42:06,2026-09-09 10:42:15,251
E516386,T105633,SETTLED,2026-09-08 09:03:30,2026-09-08 09:03:51,375
E519103,T106571,AUTHORIZED,2026-09-09 10:49:22,2026-09-09 10:49:38,40
E517559,T106037,SETTLED,2026-09-08 09:08:51,2026-09-08 09:09:18,680
E516504,T105673,CREATED,2026-09-08 14:11:47,2026-09-08 14:11:52,335
E518015,T106194,SETTLED,2026-09-08 16:20:25,2026-09-08 16:20:42,786
E516679,T105732,CREATED,2026-09-08 10:28:06,2026-09-08 10:28:17,63
E516255,T105586,SETTLED,2026-09-08 12:47:06,2026-09-08 12:47:33,271
E519423,T106681,SETTLED,2026-09-09 14:46:20,2026-09-09 16:04:20,560
E517156,T105897,AUTHORIZED,2026-09-08 09:34:09,2026-09-08 09:34:38,369
E515774,T105421,CREATED,2026-09-08 22:51:23,2026-09-08 22:51:28,132
E518129,T106233,SETTLED,2026-09-08 16:43:24,2026-09-08 16:43:53,574
E520190,T106949,AUTHORIZED,2026-09-09 13:50:58,2026-09-09 13:51:21,444
E518903,T106501,AUTHORIZED,2026-09-09 19:42:53,2026-09-09 19:42:58,302
E516733,T105749,SETTLED,2026-09-08 11:06:21,2026-09-08 11:07:02,894
E518610,T106400,CREATED,2026-09-09 20:27:46,2026-09-09 20:28:01,311
E517384,T105975,SETTLED,2026-09-08 16:37:53,2026-09-08 16:38:11,130
E519874,T106841,CREATED,2026-09-09 21:24:59,2026-09-09 21:25:09,338
E518877,T106492,SETTLED,2026-09-09 22:59:20,2026-09-09 22:59:55,481
E516085,T105528,SETTLED,2026-09-08 08:36:56,2026-09-08 08:37:10,600
E516549,T105689,CREATED,2026-09-08 14:52:32,2026-09-08 14:52:43,104
E517558,T106037,AUTHORIZED,2026-09-08 08:49:51,2026-09-08 08:50:00,476
E517651,T106069,SETTLED,2026-09-08 18:42:26,2026-09-08 18:43:02,488
E520104,T106918,AUTHORIZED,2026-09-09 07:55:26,2026-09-09 07:55:34,489
E518410,T106331,AUTHORIZED,2026-09-09 19:06:21,2026-09-09 19:06:35,443
E516838,T105787,AUTHORIZED,2026-09-08 10:10:52,2026-09-08 10:11:18,452
E519078,T106561,SETTLED,2026-09-09 22:24:54,2026-09-09 22:25:34,58
E519505,T106710,CREATED,2026-09-09 09:25:05,2026-09-09 09:25:17,104
E518372,T106317,CREATED,2026-09-09 08:00:15,2026-09-09 08:00:20,255
E519438,T106687,CREATED,2026-09-09 08:20:59,2026-09-09 08:21:13,116
E517959,T106175,AUTHORIZED,2026-09-08 14:00:01,2026-09-08 14:00:29,270
E519351,T106656,AUTHORIZED,2026-09-09 08:03:52,2026-09-09 08:04:07,304
E517900,T106154,SETTLED,2026-09-08 15:35:42,2026-09-08 15:36:02,205
E516497,T105670,SETTLED,2026-09-08 09:05:44,2026-09-08 09:06:27,131
E517305,T105947,CREATED,2026-09-08 16:42:21,2026-09-08 16:42:25,386
E515974,T105492,CREATED,2026-09-08 21:46:41,2026-09-08 21:47:01,51
E515780,T105423,CREATED,2026-09-08 06:26:08,2026-09-08 06:26:11,327
E518262,T106279,SETTLED,2026-09-09 07:06:06,2026-09-09 07:06:16,887
E518477,T106354,SETTLED,2026-09-09 07:56:38,2026-09-09 07:56:45,73
E518023,T106197,CREATED,2026-09-08 07:13:29,2026-09-08 07:13:33,78
E515698,T105395,CREATED,2026-09-08 12:41:40,2026-09-08 12:41:43,169
E517504,T106018,AUTHORIZED,2026-09-08 17:22:07,2026-09-08 17:22:10,439
E516166,T105555,AUTHORIZED,2026-09-08 12:19:52,2026-09-08 12:20:18,433
E515779,T105422,SETTLED,2026-09-08 16:13:20,2026-09-08 16:13:38,322
E516881,T105802,CREATED,2026-09-08 12:56:06,2026-09-08 12:56:21,255
E520070,T106907,SETTLED,2026-09-09 15:07:38,2026-09-09 15:08:06,484
E520164,T106940,AUTHORIZED,2026-09-09 07:31:42,2026-09-09 07:31:48,335
E516686,T105734,SETTLED,2026-09-08 10:35:08,2026-09-08 10:35:18,69
E518114,T106228,AUTHORIZED,2026-09-08 21:00:39,2026-09-08 21:01:06,101
E520012,T106888,SETTLED,2026-09-09 07:02:58,2026-09-09 07:03:00,297
E518978,T106526,AUTHORIZED,2026-09-09 13:45:21,2026-09-09 13:45:29,311
E519466,T106696,SETTLED,2026-09-09 17:22:44,2026-09-09 17:23:16,68
E516566,T105694,SETTLED,2026-09-08 16:01:50,2026-09-08 16:02:00,149
E515905,T105469,CREATED,2026-09-08 07:41:50,2026-09-08 07:42:05,347
E517105,T105879,CREATED,2026-09-08 08:30:15,2026-09-08 08:30:34,335
E519156,T106589,AUTHORIZED,2026-09-09 14:00:03,2026-09-09 14:00:26,298
E519395,T106671,SETTLED,2026-09-09 16:41:57,2026-09-09 16:42:42,499
E518544,T106377,AUTHORIZED,2026-09-09 12:28:12,2026-09-09 12:28:15,430
E516395,T105637,CREATED,2026-09-08 08:07:41,2026-09-08 08:07:49,38
E516294,T105600,SETTLED,2026-09-08 12:41:32,2026-09-08 12:42:16,669
E517592,T106049,SETTLED,2026-09-08 18:16:25,2026-09-08 18:16:59,230
E516452,T105656,AUTHORIZED,2026-09-08 18:02:37,2026-09-08 18:02:48,397
E516111,T105537,AUTHORIZED,2026-09-08 07:22:40,2026-09-08 07:22:49,386
E515965,T105489,CREATED,2026-09-08 22:32:53,2026-09-08 22:34:13,385
E516977,T105835,AUTHORIZED,2026-09-08 14:28:09,2026-09-08 14:28:17,299
E516338,T105616,AUTHORIZED,2026-09-08 10:00:33,2026-09-08 10:00:38,34
E519232,T106616,SETTLED,2026-09-09 07:46:59,2026-09-09 07:47:43,603
E518826,T106475,AUTHORIZED,2026-09-09 14:31:51,2026-09-09 14:32:00,250
E519161,T106591,CREATED,2026-09-09 07:21:30,2026-09-09 07:21:35,237
E519930,T106861,SETTLED,2026-09-09 06:08:42,2026-09-09 06:09:27,351
E516557,T105691,SETTLED,2026-09-08 08:51:22,2026-09-08 09:24:22,638
E517386,T105976,FAILED,2026-09-08 13:23:51,2026-09-08 13:24:10,24
E519084,T106563,SETTLED,2026-09-09 10:27:35,2026-09-09 10:27:50,225
E517040,T105857,CREATED,2026-09-08 20:21:52,2026-09-08 20:22:03,249
E518496,T106361,AUTHORIZED,2026-09-09 19:01:34,2026-09-09 19:01:37,354
E516369,T105628,CREATED,2026-09-08 10:35:05,2026-09-08 10:35:22,109
E515806,T105432,CREATED,2026-09-08 21:55:17,2026-09-08 21:55:36,285
E515683,T105389,SETTLED,2026-09-08 12:58:28,2026-09-08 12:59:07,369
E517254,T105930,SETTLED,2026-09-08 10:44:44,2026-09-08 10:45:12,465
E519605,T106747,CREATED,2026-09-09 15:58:38,2026-09-09 15:58:49,109
E516626,T105713,SETTLED,2026-09-08 10:12:19,2026-09-08 10:13:03,700
E518246,T106274,CREATED,2026-09-09 06:58:20,2026-09-09 06:58:24,358
E518463,T106350,AUTHORIZED,2026-09-09 10:47:15,2026-09-09 10:47:19,445
E519841,T106830,AUTHORIZED,2026-09-09 22:10:21,2026-09-09 22:10:26,350
E515884,T105461,AUTHORIZED,2026-09-08 17:53:53,2026-09-08 17:54:03,76
E518270,T106282,AUTHORIZED,2026-09-09 18:32:47,2026-09-09 18:33:10,69
E516223,T105575,SETTLED,2026-09-08 17:19:26,2026-09-08 17:19:52,116
E516943,T105824,AUTHORIZED,2026-09-08 13:00:46,2026-09-08 13:01:02,258
E518167,T106247,AUTHORIZED,2026-09-09 13:25:54,2026-09-09 13:26:01,44
E517079,T105870,AUTHORIZED,2026-09-08 10:44:07,2026-09-08 10:44:09,399
E516190,T105563,AUTHORIZED,2026-09-08 16:33:35,2026-09-08 16:33:41,396
E520081,T106911,CREATED,2026-09-09 12:51:44,2026-09-09 12:51:50,169
E516753,T105756,SETTLED,2026-09-08 22:31:56,2026-09-08 22:32:34,852
E517798,T106120,SETTLED,2026-09-08 08:25:55,2026-09-08 08:26:05,724
E516656,T105724,CREATED,2026-09-08 19:47:58,2026-09-08 19:48:05,75
E518107,T106226,CREATED,2026-09-08 14:41:09,2026-09-08 14:41:11,140
E517520,T106024,CREATED,2026-09-08 15:04:31,2026-09-08 15:04:40,269
E517593,T106050,CREATED,2026-09-08 16:38:34,2026-09-08 16:38:39,74
E517567,T106040,SETTLED,2026-09-08 12:44:41,2026-09-08 12:44:45,512
E516016,T105505,AUTHORIZED,2026-09-08 16:14:54,2026-09-08 16:14:56,124
E516202,T105567,FAILED,2026-09-08 11:59:00,2026-09-08 11:59:10,258
E517868,T106143,SETTLED,2026-09-08 18:33:36,2026-09-08 18:34:00,849
E517321,T105952,SETTLED,2026-09-08 20:52:42,2026-09-08 20:52:54,425
E518072,T106213,AUTHORIZED,2026-09-08 21:12:02,2026-09-08 21:12:24,170
E518055,T106207,SETTLED,2026-09-08 21:28:19,2026-09-08 21:28:24,512
E516001,T105500,SETTLED,2026-09-08 08:58:42,2026-09-08 09:17:42,711
E517659,T106073,CREATED,2026-09-08 09:20:54,2026-09-08 09:20:56,120
E516456,T105657,SETTLED,2026-09-08 23:07:50,2026-09-08 23:08:30,47
E516663,T105726,AUTHORIZED,2026-09-08 17:46:35,2026-09-08 17:46:56,259
E519391,T106670,AUTHORIZED,2026-09-09 17:00:37,2026-09-09 17:00:45,497
E516946,T105825,AUTHORIZED,2026-09-08 18:56:55,2026-09-08 18:57:03,29
E519281,T106632,AUTHORIZED,2026-09-09 11:03:37,2026-09-09 11:03:45,180
E517549,T106034,CREATED,2026-09-08 16:03:57,2026-09-08 16:04:10,248
E518153,T106242,CREATED,2026-09-09 19:49:10,2026-09-09 19:49:13,352
E517466,T106004,CREATED,2026-09-08 21:39:48,2026-09-08 21:39:53,113
E518987,T106529,SETTLED,2026-09-09 19:55:00,2026-09-09 19:55:28,260
E518633,T106408,AUTHORIZED,2026-09-09 11:37:52,2026-09-09 11:37:59,139
E519820,T106823,AUTHORIZED,2026-09-09 20:01:34,2026-09-09 20:01:35,137
E515765,T105418,CREATED,2026-09-08 19:43:43,2026-09-08 19:43:53,266
E518696,T106430,AUTHORIZED,2026-09-09 19:13:25,2026-09-09 19:13:32,23
E518585,T106392,CREATED,2026-09-09 21:26:19,2026-09-09 21:26:35,45
E517369,T105970,SETTLED,2026-09-08 10:05:45,2026-09-08 10:06:12,232
E516702,T105740,CREATED,2026-09-08 09:44:23,2026-09-08 09:44:40,272
E518356,T106311,AUTHORIZED,2026-09-09 15:44:30,2026-09-09 15:44:48,469
E519427,T106683,CREATED,2026-09-09 10:08:43,2026-09-09 10:08:54,40
E519725,T106790,AUTHORIZED,2026-09-09 11:11:56,2026-09-09 11:12:25,225
E517314,T105950,CREATED,2026-09-08 06:17:44,2026-09-08 06:17:47,49
E516854,T105792,SETTLED,2026-09-08 13:37:47,2026-09-08 13:37:51,308
E517116,T105883,CREATED,2026-09-08 08:40:12,2026-09-08 08:40:23,171
E517955,T106174,CREATED,2026-09-08 12:39:58,2026-09-08 12:40:16,42
E517722,T106095,CREATED,2026-09-08 14:19:45,2026-09-08 14:19:51,215
E517344,T105960,SETTLED,2026-09-08 19:25:47,2026-09-08 19:26:28,523
E518687,T106427,AUTHORIZED,2026-09-09 20:13:03,2026-09-09 20:13:23,458
E517036,T105856,CREATED,2026-09-08 08:42:02,2026-09-08 08:42:15,312
E520118,T106924,CREATED,2026-09-09 16:34:16,2026-09-09 16:34:32,45
E519984,T106879,CREATED,2026-09-09 19:29:32,2026-09-09 19:29:39,391
E517306,T105947,AUTHORIZED,2026-09-08 16:42:50,2026-09-08 16:43:04,109
E516572,T105696,AUTHORIZED,2026-09-08 13:48:24,2026-09-08 13:48:25,277
E519580,T106737,FAILED,2026-09-09 08:46:21,2026-09-09 08:46:38,441
E520253,T106971,AUTHORIZED,2026-09-09 19:51:06,2026-09-09 19:51:14,232
E518991,T106531,CREATED,2026-09-09 16:21:14,2026-09-09 16:21:17,250
E519294,T106636,SETTLED,2026-09-09 17:22:07,2026-09-09 17:50:07,863
E519844,T106831,AUTHORIZED,2026-09-09 09:38:15,2026-09-09 09:38:23,456
E516003,T105501,AUTHORIZED,2026-09-08 20:04:37,2026-09-08 20:04:41,195
E516153,T105551,CREATED,2026-09-08 13:50:47,2026-09-08 13:50:51,374
E518614,T106401,AUTHORIZED,2026-09-09 20:22:24,2026-09-09 20:28:38,127
E520045,T106899,AUTHORIZED,2026-09-09 06:40:23,2026-09-09 06:40:41,473
E516210,T105571,CREATED,2026-09-08 09:58:13,2026-09-08 09:58:26,395
E515991,T105497,SETTLED,2026-09-08 22:39:27,2026-09-08 22:39:37,226
E520037,T106896,SETTLED,2026-09-09 07:23:44,2026-09-09 07:24:20,171
E517349,T105962,AUTHORIZED,2026-09-08 20:09:41,2026-09-08 20:09:58,44
E518973,T106524,SETTLED,2026-09-09 20:42:10,2026-09-09 20:42:20,204
E517971,T106179,SETTLED,2026-09-09 05:12:20,2026-09-09 05:12:55,718
E517261,T105932,SETTLED,2026-09-08 11:17:21,2026-09-08 11:17:41,656
E519546,T106725,CREATED,2026-09-09 18:26:40,2026-09-09 18:26:45,89
E518784,T106461,FAILED,2026-09-09 10:18:32,2026-09-09 10:18:57,464
E517671,T106077,AUTHORIZED,2026-09-08 15:55:39,2026-09-08 15:55:53,462
E516587,T105701,AUTHORIZED,2026-09-08 14:08:18,2026-09-08 14:08:40,456
E517518,T106023,AUTHORIZED,2026-09-08 15:10:28,2026-09-08 15:10:55,100
E517696,T106086,CREATED,2026-09-08 16:41:05,2026-09-08 16:41:23,163
E516609,T105708,AUTHORIZED,2026-09-08 11:49:52,2026-09-08 11:50:12,325
E515739,T105409,AUTHORIZED,2026-09-08 22:13:07,2026-09-08 22:13:24,157
E520187,T106948,CREATED,2026-09-09 13:39:00,2026-09-09 13:39:19,40
E519488,T106704,CREATED,2026-09-09 12:14:14,2026-09-09 12:14:20,170
E519747,T106798,AUTHORIZED,2026-09-09 18:49:46,2026-09-09 18:50:04,154
E516597,T105704,AUTHORIZED,2026-09-08 19:17:42,2026-09-08 19:17:48,376
E518552,T106380,AUTHORIZED,2026-09-09 09:48:19,2026-09-09 09:48:35,110
E518649,T106414,AUTHORIZED,2026-09-09 16:58:10,2026-09-09 16:58:25,359
E516969,T105832,AUTHORIZED,2026-09-08 18:09:58,2026-09-08 18:10:19,92
E516859,T105794,AUTHORIZED,2026-09-08 08:40:23,2026-09-08 08:40:34,163
E518864,T106487,SETTLED,2026-09-09 08:53:45,2026-09-09 08:53:50,45
E517631,T106062,SETTLED,2026-09-08 11:02:11,2026-09-08 11:02:23,153
E516972,T105833,AUTHORIZED,2026-09-08 21:04:11,2026-09-08 21:04:31,217
E515787,T105425,SETTLED,2026-09-08 19:00:45,2026-09-08 19:00:49,373
E520273,T106978,SETTLED,2026-09-09 10:28:27,2026-09-09 10:28:48,672
E517929,T106165,AUTHORIZED,2026-09-08 13:00:28,2026-09-08 13:00:55,335
E517813,T106125,AUTHORIZED,2026-09-08 17:07:47,2026-09-08 17:08:08,140
E520120,T106924,SETTLED,2026-09-09 17:00:38,2026-09-09 17:01:23,429
E517375,T105972,SETTLED,2026-09-08 15:29:00,2026-09-08 15:29:45,709
E516309,T105606,CREATED,2026-09-08 07:14:37,2026-09-08 07:14:40,311
E520237,T106965,SETTLED,2026-09-09 18:23:04,2026-09-09 18:23:10,53
E517495,T106014,AUTHORIZED,2026-09-08 15:46:51,2026-09-08 15:47:21,86
E518139,T106237,AUTHORIZED,2026-09-08 19:10:17,2026-09-08 19:10:39,33
E518412,T106332,AUTHORIZED,2026-09-09 11:25:49,2026-09-09 11:25:56,468
E517356,T105965,CREATED,2026-09-08 14:12:16,2026-09-08 14:12:17,148
E519965,T106873,CREATED,2026-09-09 19:18:09,2026-09-09 19:18:18,363
E519610,T106748,SETTLED,2026-09-09 06:59:11,2026-09-09 06:59:31,306
E519329,T106649,AUTHORIZED,2026-09-09 12:37:25,2026-09-09 12:37:50,360
E518835,T106478,AUTHORIZED,2026-09-09 15:42:42,2026-09-09 15:43:05,232
E516227,T105577,CREATED,2026-09-08 13:27:57,2026-09-08 13:28:17,171
E517131,T105888,AUTHORIZED,2026-09-08 12:03:11,2026-09-08 12:03:38,92
E517027,T105853,CREATED,2026-09-08 11:35:03,2026-09-08 11:35:17,208
E518049,T106206,CREATED,2026-09-08 17:54:13,2026-09-08 17:54:19,255
E515805,T105431,SETTLED,2026-09-08 18:00:06,2026-09-08 18:00:44,274
E518147,T106240,CREATED,2026-09-09 08:21:54,2026-09-09 08:22:12,306
E516000,T105500,SETTLED,2026-09-08 08:50:42,2026-09-08 08:51:01,315
E517046,T105859,CREATED,2026-09-08 18:51:24,2026-09-08 18:51:44,139
E518341,T106306,CREATED,2026-09-09 18:33:40,2026-09-09 18:33:55,165
E517263,T105933,AUTHORIZED,2026-09-08 22:35:29,2026-09-08 22:35:50,399
E517503,T106018,CREATED,2026-09-08 17:21:57,2026-09-08 17:22:15,287
E516443,T105653,SETTLED,2026-09-08 15:31:47,2026-09-08 15:32:28,462
E519937,T106863,SETTLED,2026-09-09 17:40:19,2026-09-09 18:09:19,552
E517202,T105913,CREATED,2026-09-08 14:31:24,2026-09-08 14:31:40,382
E516483,T105666,CREATED,2026-09-08 20:07:38,2026-09-08 20:07:57,309
E515744,T105411,AUTHORIZED,2026-09-08 06:31:31,2026-09-08 06:31:46,31
E517161,T105899,CREATED,2026-09-08 20:57:56,2026-09-08 20:58:05,354
E516245,T105583,AUTHORIZED,2026-09-08 18:03:50,2026-09-08 18:04:08,156
E519164,T106592,AUTHORIZED,2026-09-09 14:53:07,2026-09-09 14:53:27,25
E518629,T106407,CREATED,2026-09-09 20:04:35,2026-09-09 20:04:41,82
E518898,T106499,AUTHORIZED,2026-09-09 07:42:30,2026-09-09 07:43:00,417
E516976,T105835,CREATED,2026-09-08 14:27:45,2026-09-08 14:28:00,229
E516173,T105557,SETTLED,2026-09-08 07:13:01,2026-09-08 07:13:42,726
E518028,T106199,CREATED,2026-09-08 07:29:38,2026-09-08 07:29:52,122
E518479,T106355,AUTHORIZED,2026-09-09 09:02:41,2026-09-09 09:03:07,270
E516734,T105750,CREATED,2026-09-08 09:38:33,2026-09-08 09:38:53,208
E519474,T106699,AUTHORIZED,2026-09-09 18:38:00,2026-09-09 18:38:27,399
E517633,T106063,AUTHORIZED,2026-09-08 15:21:37,2026-09-08 15:21:41,21
E516057,T105519,SETTLED,2026-09-08 17:41:56,2026-09-08 17:42:34,489
E518692,T106429,CREATED,2026-09-09 13:45:48,2026-09-09 13:46:07,166
E518239,T106271,AUTHORIZED,2026-09-09 10:00:35,2026-09-09 10:00:51,87
E519013,T106538,SETTLED,2026-09-09 22:22:21,2026-09-09 22:22:51,173
E518211,T106262,CREATED,2026-09-09 15:50:56,2026-09-09 15:51:03,313
E516478,T105664,SETTLED,2026-09-08 15:38:57,2026-09-08 15:39:41,515
E516468,T105661,AUTHORIZED,2026-09-08 09:22:51,2026-09-08 09:22:58,328
E515844,T105447,CREATED,2026-09-08 14:51:21,2026-09-08 14:51:39,354
E516076,T105526,CREATED,2026-09-08 14:53:37,2026-09-08 14:53:54,106
E519962,T106872,AUTHORIZED,2026-09-09 18:30:18,2026-09-09 18:30:40,336
E517276,T105937,AUTHORIZED,2026-09-08 06:51:25,2026-09-08 06:51:47,230
E519569,T106733,CREATED,2026-09-09 18:48:22,2026-09-09 18:48:28,156
E516619,T105711,AUTHORIZED,2026-09-08 13:20:06,2026-09-08 13:20:11,261
E519130,T106580,SETTLED,2026-09-09 19:49:30,2026-09-09 19:49:56,664
E519960,T106871,SETTLED,2026-09-09 10:08:53,2026-09-09 10:09:37,517
E519247,T106621,SETTLED,2026-09-09 16:20:08,2026-09-09 16:20:30,346
E516405,T105640,SETTLED,2026-09-08 18:26:02,2026-09-08 18:26:14,736
E516347,T105619,FAILED,2026-09-08 20:22:34,2026-09-08 20:22:52,127
E519050,T106551,AUTHORIZED,2026-09-09 18:52:31,2026-09-09 18:52:43,384
E518142,T106238,AUTHORIZED,2026-09-09 08:56:07,2026-09-09 08:56:13,493
E518320,T106299,CREATED,2026-09-09 16:40:04,2026-09-09 16:40:09,44
E518664,T106419,CREATED,2026-09-09 20:02:50,2026-09-09 20:02:53,331
E516346,T105619,CREATED,2026-09-08 20:22:23,2026-09-08 20:22:24,280
E517793,T106119,CREATED,2026-09-08 07:53:53,2026-09-08 07:54:00,235
E520288,T106983,SETTLED,2026-09-09 06:37:54,2026-09-09 06:38:20,233
E516629,T105714,SETTLED,2026-09-08 08:09:31,2026-09-08 08:10:12,236
E517260,T105932,AUTHORIZED,2026-09-08 10:49:21,2026-09-08 10:49:25,390
E519459,T106694,AUTHORIZED,2026-09-09 10:55:01,2026-09-09 10:55:21,314
E519511,T106712,SETTLED,2026-09-09 07:50:53,2026-09-09 07:50:55,585
E517753,T106105,SETTLED,2026-09-08 22:46:58,2026-09-08 22:47:41,230
E518307,T106294,AUTHORIZED,2026-09-09 06:43:56,2026-09-09 06:44:08,344
E519863,T106837,AUTHORIZED,2026-09-09 06:23:40,2026-09-09 06:23:53,245
E518793,T106465,CREATED,2026-09-09 07:30:25,2026-09-09 07:30:28,339
E520139,T106931,SETTLED,2026-09-09 11:36:12,2026-09-09 11:36:28,40
E520171,T106942,SETTLED,2026-09-09 10:56:53,2026-09-09 10:57:24,138
E518008,T106192,SETTLED,2026-09-08 08:52:34,2026-09-08 08:53:01,677
E517714,T106092,AUTHORIZED,2026-09-08 18:58:39,2026-09-08 18:59:04,155
E516071,T105524,AUTHORIZED,2026-09-08 07:18:11,2026-09-08 07:18:20,162
E515815,T105435,AUTHORIZED,2026-09-08 22:30:25,2026-09-08 22:30:28,38
E515695,T105394,CREATED,2026-09-08 10:39:35,2026-09-08 10:39:47,51
E519266,T106627,SETTLED,2026-09-09 14:44:25,2026-09-09 14:44:55,222
E515914,T105472,CREATED,2026-09-08 12:08:54,2026-09-08 12:08:58,87
E517382,T105975,CREATED,2026-09-08 16:28:32,2026-09-08 16:28:37,65
E516164,T105554,SETTLED,2026-09-08 13:26:40,2026-09-08 13:27:24,262
E519286,T106634,CREATED,2026-09-09 20:25:15,2026-09-09 20:25:31,353
E520298,T106987,CREATED,2026-09-09 09:21:18,2026-09-09 09:21:38,20
E517729,T106097,AUTHORIZED,2026-09-08 21:35:57,2026-09-08 21:36:16,421
E517247,T105928,SETTLED,2026-09-08 17:33:58,2026-09-08 17:34:02,625
E517037,T105856,AUTHORIZED,2026-09-08 08:42:42,2026-09-08 08:43:11,184
E517026,T105852,AUTHORIZED,2026-09-08 16:27:07,2026-09-08 16:27:18,322
E517983,T106184,CREATED,2026-09-08 19:58:58,2026-09-08 19:59:08,91
E516505,T105673,AUTHORIZED,2026-09-08 14:12:22,2026-09-08 14:12:48,78
E515888,T105462,SETTLED,2026-09-08 09:19:34,2026-09-08 09:19:40,521
E519933,T106862,AUTHORIZED,2026-09-09 13:53:37,2026-09-09 13:53:59,322
E515883,T105461,CREATED,2026-09-08 17:53:35,2026-09-08 17:53:41,192
E519123,T106578,CREATED,2026-09-09 14:01:50,2026-09-09 14:02:10,87
E517741,T106101,AUTHORIZED,2026-09-08 19:54:37,2026-09-08 19:55:03,227
E516536,T105684,AUTHORIZED,2026-09-08 09:51:34,2026-09-08 09:51:39,244
E517989,T106186,AUTHORIZED,2026-09-08 22:03:20,2026-09-08 22:03:21,486
E515751,T105413,SETTLED,2026-09-08 18:14:40,2026-09-08 18:15:07,67
E516913,T105813,SETTLED,2026-09-08 06:53:01,2026-09-08 06:53:02,679
E518746,T106448,AUTHORIZED,2026-09-09 17:38:10,2026-09-09 17:38:15,58
E517892,T106152,CREATED,2026-09-08 07:36:12,2026-09-08 07:36:17,58
E517834,T106132,AUTHORIZED,2026-09-08 09:03:20,2026-09-08 09:03:22,274
E517807,T106123,AUTHORIZED,2026-09-08 11:12:45,2026-09-08 11:13:06,476
E519134,T106581,SETTLED,2026-09-09 22:54:27,2026-09-09 22:54:58,36
E516411,T105643,CREATED,2026-09-08 17:16:17,2026-09-08 17:16:28,249
E518961,T106520,AUTHORIZED,2026-09-09 08:22:41,2026-09-09 08:22:45,52
E518012,T106193,SETTLED,2026-09-08 14:04:18,2026-09-08 14:04:34,836
E519319,T106646,CREATED,2026-09-09 20:34:39,2026-09-09 20:34:48,59
E518626,T106406,CREATED,2026-09-09 07:04:49,2026-09-09 07:04:54,176
E517625,T106060,SETTLED,2026-09-08 11:15:40,2026-09-08 11:16:15,530
E517258,T105931,SETTLED,2026-09-08 21:01:38,2026-09-08 21:01:44,67
E518256,T106277,AUTHORIZED,2026-09-09 21:18:53,2026-09-09 21:19:14,383
E519662,T106767,CREATED,2026-09-09 08:07:11,2026-09-09 08:07:31,216
E517587,T106047,SETTLED,2026-09-08 16:57:55,2026-09-08 16:57:56,649
E518557,T106382,AUTHORIZED,2026-09-09 11:07:27,2026-09-09 11:07:49,88
E516590,T105702,CREATED,2026-09-08 06:00:45,2026-09-08 06:00:57,177
E519557,T106729,CREATED,2026-09-09 12:49:46,2026-09-09 12:50:04,139
E519973,T106875,AUTHORIZED,2026-09-09 20:34:05,2026-09-09 20:34:24,103
E517473,T106006,SETTLED,2026-09-08 10:05:43,2026-09-08 10:05:44,397
E515939,T105480,AUTHORIZED,2026-09-08 13:08:39,2026-09-08 13:15:01,228
E518595,T106395,AUTHORIZED,2026-09-09 12:04:54,2026-09-09 12:05:03,295
E516850,T105791,AUTHORIZED,2026-09-08 19:15:58,2026-09-08 19:16:05,217
E517513,T106021,AUTHORIZED,2026-09-08 13:20:13,2026-09-08 13:20:33,172
E520114,T106922,FAILED,2026-09-09 18:03:46,2026-09-09 18:03:48,500
E519658,T106765,SETTLED,2026-09-09 16:14:31,2026-09-09 16:14:44,750
E519112,T106574,AUTHORIZED,2026-09-09 12:17:21,2026-09-09 12:17:39,22
E519848,T106832,AUTHORIZED,2026-09-09 08:07:28,2026-09-09 08:07:47,290
E515723,T105403,AUTHORIZED,2026-09-08 11:12:42,2026-09-08 11:12:43,237
E518224,T106266,AUTHORIZED,2026-09-09 08:04:31,2026-09-09 08:04:55,41
E516186,T105562,CREATED,2026-09-08 11:57:28,2026-09-08 11:57:40,29
E516172,T105557,AUTHORIZED,2026-09-08 07:01:01,2026-09-08 07:01:24,311
E518186,T106253,AUTHORIZED,2026-09-09 12:41:39,2026-09-09 12:42:01,493
E517066,T105865,SETTLED,2026-09-08 08:03:38,2026-09-08 08:03:45,416
E518942,T106514,AUTHORIZED,2026-09-09 07:47:28,2026-09-09 07:47:35,145
E516021,T105507,AUTHORIZED,2026-09-08 10:44:19,2026-09-08 10:44:25,99
E519943,T106865,SETTLED,2026-09-09 11:38:09,2026-09-09 12:01:09,35
E519368,T106662,CREATED,2026-09-09 17:14:07,2026-09-09 17:14:08,127
E516576,T105697,SETTLED,2026-09-08 07:56:16,2026-09-08 07:56:40,632
E518464,T106350,SETTLED,2026-09-09 11:04:15,2026-09-09 11:04:35,480
E519411,T106677,SETTLED,2026-09-09 21:02:25,2026-09-09 21:02:39,855
E517855,T106139,AUTHORIZED,2026-09-08 21:55:03,2026-09-08 21:55:22,382
E516423,T105647,CREATED,2026-09-08 12:00:46,2026-09-08 12:01:02,341
E518917,T106506,CREATED,2026-09-09 10:31:50,2026-09-09 10:31:57,104
E516926,T105818,AUTHORIZED,2026-09-08 18:13:51,2026-09-08 18:13:52,241
E518179,T106251,AUTHORIZED,2026-09-09 14:53:59,2026-09-09 14:54:22,314
E517562,T106038,SETTLED,2026-09-08 21:29:07,2026-09-08 21:29:33,660
E519457,T106693,SETTLED,2026-09-09 14:30:00,2026-09-09 14:30:38,257
E518728,T106441,SETTLED,2026-09-09 08:31:27,2026-09-09 08:31:48,874
E519794,T106814,SETTLED,2026-09-09 10:19:10,2026-09-09 10:19:26,82
E518545,T106378,CREATED,2026-09-09 19:52:58,2026-09-09 19:53:13,209
E517000,T105843,SETTLED,2026-09-08 09:01:02,2026-09-08 09:01:14,211
E516953,T105827,CREATED,2026-09-08 07:03:48,2026-09-08 07:04:01,291
E516045,T105516,CREATED,2026-09-08 06:43:31,2026-09-08 06:43:45,161
E518406,T106330,CREATED,2026-09-09 10:04:13,2026-09-09 10:04:15,158
E517803,T106122,CREATED,2026-09-08 21:34:36,2026-09-08 21:34:52,177
E516962,T105830,CREATED,2026-09-08 06:08:41,2026-09-08 06:08:53,107
E518614,T106401,AUTHORIZED,2026-09-09 20:22:24,2026-09-09 20:22:38,127
E520294,T106985,SETTLED,2026-09-09 16:46:07,2026-09-09 16:46:35,44
E516841,T105788,AUTHORIZED,2026-09-08 11:29:13,2026-09-08 11:29:29,282
E516544,T105687,AUTHORIZED,2026-09-08 14:27:42,2026-09-08 14:27:50,273
E517401,T105982,AUTHORIZED,2026-09-08 19:57:18,2026-09-08 19:57:41,97
E516433,T105650,AUTHORIZED,2026-09-08 11:26:41,2026-09-08 11:26:53,172
E520233,T106964,SETTLED,2026-09-09 19:48:55,2026-09-09 19:49:02,112
E518682,T106425,SETTLED,2026-09-09 20:33:27,2026-09-09 20:34:03,332
E515808,T105433,CREATED,2026-09-08 14:07:37,2026-09-08 14:07:42,353
E516828,T105783,AUTHORIZED,2026-09-08 15:44:55,2026-09-08 15:45:06,367
E519889,T106847,CREATED,2026-09-09 08:35:48,2026-09-09 08:35:51,296
E519660,T106766,AUTHORIZED,2026-09-09 16:42:37,2026-09-09 16:42:56,166
E519894,T106849,CREATED,2026-09-09 08:58:27,2026-09-09 08:58:28,350
E518135,T106235,SETTLED,2026-09-08 17:53:25,2026-09-08 17:53:56,697
E517215,T105918,CREATED,2026-09-08 18:43:51,2026-09-08 18:44:02,151
E516042,T105515,CREATED,2026-09-08 10:56:01,2026-09-08 10:56:06,382
E518780,T106459,SETTLED,2026-09-09 22:01:20,2026-09-09 22:02:02,709
E518099,T106223,CREATED,2026-09-08 22:23:54,2026-09-08 22:23:59,264
E517922,T106162,AUTHORIZED,2026-09-08 06:01:51,2026-09-08 06:02:06,249
E518492,T106360,CREATED,2026-09-09 13:54:01,2026-09-09 13:54:04,381
E516688,T105735,AUTHORIZED,2026-09-08 12:09:04,2026-09-08 12:09:06,217
E517642,T106066,AUTHORIZED,2026-09-08 21:57:54,2026-09-08 21:58:14,264
E519710,T106785,CREATED,2026-09-09 07:07:54,2026-09-09 07:08:09,377
E517913,T106159,AUTHORIZED,2026-09-08 14:05:01,2026-09-08 14:05:17,39
E517068,T105866,AUTHORIZED,2026-09-08 09:17:11,2026-09-08 09:17:27,423
E517461,T106002,SETTLED,2026-09-08 13:21:58,2026-09-08 13:22:42,709
E515812,T105434,AUTHORIZED,2026-09-08 14:05:06,2026-09-08 14:05:32,306
E517015,T105848,AUTHORIZED,2026-09-08 12:21:47,2026-09-08 12:21:59,89
E520200,T106953,CREATED,2026-09-09 13:08:29,2026-09-09 13:08:38,351
E519673,T106771,CREATED,2026-09-09 14:19:50,2026-09-09 14:19:55,224
E517759,T106107,SETTLED,2026-09-08 20:24:57,2026-09-08 21:48:57,823
E519099,T106570,CREATED,2026-09-09 22:52:49,2026-09-09 22:53:02,154
E519834,T106828,CREATED,2026-09-09 11:11:14,2026-09-09 11:11:31,235
E520185,T106947,AUTHORIZED,2026-09-09 22:01:36,2026-09-09 22:01:48,334
E519042,T106548,SETTLED,2026-09-09 15:16:30,2026-09-09 15:16:38,788
E518960,T106520,CREATED,2026-09-09 08:22:21,2026-09-09 08:22:23,374
E519601,T106745,AUTHORIZED,2026-09-09 10:02:29,2026-09-09 10:02:43,482
E519560,T106730,CREATED,2026-09-09 16:08:29,2026-09-09 16:08:47,212
E519809,T106820,CREATED,2026-09-09 08:22:38,2026-09-09 08:22:54,29
E519454,T106692,AUTHORIZED,2026-09-09 16:12:14,2026-09-09 16:12:19,140
E519846,T106831,SETTLED,2026-09-09 10:05:15,2026-09-09 10:05:32,709
E520015,T106889,SETTLED,2026-09-10 09:20:42,2026-09-10 09:21:02,259
E518011,T106193,SETTLED,2026-09-08 14:01:18,2026-09-08 14:02:01,438
E516291,T105599,SETTLED,2026-09-08 13:11:07,2026-09-08 13:11:20,592
E517565,T106040,CREATED,2026-09-08 12:22:15,2026-09-08 12:22:33,254
E517372,T105971,SETTLED,2026-09-08 10:13:27,2026-09-08 10:13:52,717
E516095,T105532,CREATED,2026-09-08 19:53:27,2026-09-08 19:53:36,382
E516848,T105790,SETTLED,2026-09-08 08:07:53,2026-09-08 08:08:14,633
E519211,T106609,AUTHORIZED,2026-09-09 09:07:49,2026-09-09 09:07:50,328
E519218,T106612,CREATED,2026-09-09 15:11:54,2026-09-09 15:12:12,239
E517171,T105902,AUTHORIZED,2026-09-08 19:48:04,2026-09-08 19:48:10,354
E518203,T106259,CREATED,2026-09-09 14:46:51,2026-09-09 14:47:11,390
E518112,T106227,SETTLED,2026-09-08 13:53:15,2026-09-08 13:53:53,819
E518788,T106463,CREATED,2026-09-09 08:45:32,2026-09-09 08:45:43,357
E518013,T106194,CREATED,2026-09-08 15:52:02,2026-09-08 15:52:11,334
E516729,T105748,SETTLED,2026-09-08 18:34:16,2026-09-08 18:34:36,638
E518577,T106389,AUTHORIZED,2026-09-09 11:38:52,2026-09-09 11:39:22,375
E519380,T106666,CREATED,2026-09-09 11:05:06,2026-09-09 11:05:15,94
E519287,T106634,AUTHORIZED,2026-09-09 20:25:48,2026-09-09 20:26:10,80
E516638,T105717,SETTLED,2026-09-08 14:20:17,2026-09-08 14:20:44,304
E517153,T105896,CREATED,2026-09-08 20:51:17,2026-09-08 20:51:22,120
E517151,T105895,AUTHORIZED,2026-09-08 08:04:31,2026-09-08 08:04:36,482
E517628,T106061,SETTLED,2026-09-08 12:11:52,2026-09-08 12:12:34,44
E517730,T106097,SETTLED,2026-09-08 21:38:57,2026-09-08 21:39:29,548
E518053,T106207,AUTHORIZED,2026-09-08 21:14:19,2026-09-08 21:14:37,396
E518271,T106282,SETTLED,2026-09-09 18:37:47,2026-09-09 18:38:19,452
E517101,T105877,SETTLED,2026-09-08 18:17:28,2026-09-08 18:17:33,371
E518391,T106325,CREATED,2026-09-09 12:35:04,2026-09-09 12:35:18,346
E517617,T106057,SETTLED,2026-09-08 16:37:31,2026-09-08 16:37:38,139
E517873,T106145,AUTHORIZED,2026-09-08 11:29:31,2026-09-08 11:29:42,154
E516502,T105672,AUTHORIZED,2026-09-08 20:25:55,2026-09-08 20:26:08,131
E518842,T106480,SETTLED,2026-09-09 23:08:48,2026-09-09 23:08:59,579
E518382,T106321,AUTHORIZED,2026-09-09 17:06:48,2026-09-09 17:06:51,133
E516539,T105685,AUTHORIZED,2026-09-08 10:10:58,2026-09-08 10:11:00,485
E518745,T106448,CREATED,2026-09-09 17:37:51,2026-09-09 17:38:05,74
E516267,T105591,CREATED,2026-09-08 17:00:17,2026-09-08 17:00:26,36
E517300,T105945,AUTHORIZED,2026-09-08 21:40:48,2026-09-08 21:41:14,162
E516513,T105676,AUTHORIZED,2026-09-08 12:11:03,2026-09-08 12:11:32,417
E519285,T106633,SETTLED,2026-09-09 12:33:15,2026-09-09 12:33:20,245
E517095,T105875,SETTLED,2026-09-08 10:52:58,2026-09-08 10:53:40,284
E518105,T106225,CREATED,2026-09-08 09:19:08,2026-09-08 09:19:12,84
E515989,T105497,AUTHORIZED,2026-09-08 22:31:27,2026-09-08 22:31:35,67
E515938,T105480,CREATED,2026-09-08 13:08:16,2026-09-08 13:08:30,166
E516975,T105834,AUTHORIZED,2026-09-08 16:38:10,2026-09-08 16:38:32,373
E518120,T106230,SETTLED,2026-09-09 06:53:10,2026-09-09 06:53:21,291
E517494,T106014,CREATED,2026-09-08 15:46:33,2026-09-08 15:46:35,175
E517096,T105876,CREATED,2026-09-08 12:37:42,2026-09-08 12:37:45,165
E518335,T106304,CREATED,2026-09-09 22:30:27,2026-09-09 22:30:29,99
E519407,T106676,AUTHORIZED,2026-09-09 13:18:25,2026-09-09 13:18:38,294
E518705,T106433,AUTHORIZED,2026-09-09 15:47:58,2026-09-09 15:48:18,483
E517897,T106153,SETTLED,2026-09-08 10:20:22,2026-09-08 10:21:01,80
E515822,T105437,SETTLED,2026-09-08 22:04:52,2026-09-08 22:05:29,225
E519952,T106869,CREATED,2026-09-09 20:59:06,2026-09-09 20:59:15,165
E515778,T105422,AUTHORIZED,2026-09-08 15:57:20,2026-09-08 15:57:21,273
E519691,T106778,CREATED,2026-09-09 08:50:39,2026-09-09 08:50:51,218
E518057,T106208,AUTHORIZED,2026-09-08 20:07:03,2026-09-08 20:07:05,495
E518290,T106289,CREATED,2026-09-09 16:57:59,2026-09-09 16:58:09,102
E516367,T105627,CREATED,2026-09-08 13:20:56,2026-09-08 13:21:12,242
E519812,T106821,CREATED,2026-09-09 07:56:52,2026-09-09 07:57:02,227
E518273,T106283,AUTHORIZED,2026-09-09 10:09:04,2026-09-09 10:09:15,242
E518106,T106225,AUTHORIZED,2026-09-08 09:19:18,2026-09-08 09:19:24,236
E517632,T106063,CREATED,2026-09-08 15:21:08,2026-09-08 15:21:14,248
E519017,T106540,CREATED,2026-09-09 10:46:41,2026-09-09 10:46:48,42
E516161,T105553,SETTLED,2026-09-08 18:39:03,2026-09-08 18:39:33,219
E518522,T106369,SETTLED,2026-09-09 15:13:52,2026-09-09 15:14:12,688
E515678,T105388,CREATED,2026-09-08 10:50:10,2026-09-08 10:50:29,216
E516680,T105732,AUTHORIZED,2026-09-08 10:28:22,2026-09-08 10:28:23,332
E520254,T106971,SETTLED,2026-09-09 20:01:06,2026-09-09 20:38:06,661
E518498,T106362,CREATED,2026-09-09 15:45:20,2026-09-09 15:45:23,24
E515776,T105421,SETTLED,2026-09-08 23:18:53,2026-09-08 23:19:13,135
E518111,T106227,SETTLED,2026-09-08 13:52:15,2026-09-08 13:52:36,801
E519396,T106672,CREATED,2026-09-09 14:11:48,2026-09-09 14:12:01,43
E516240,T105582,CREATED,2026-09-08 22:53:25,2026-09-08 22:53:38,359
E515869,T105456,AUTHORIZED,2026-09-08 09:39:01,2026-09-08 09:39:26,389
E519748,T106798,SETTLED,2026-09-09 18:52:46,2026-09-09 18:53:03,754
E518278,T106285,CREATED,2026-09-09 06:11:07,2026-09-09 06:11:18,289
E518761,T106453,CREATED,2026-09-09 07:06:41,2026-09-09 07:06:55,94
E516104,T105535,CREATED,2026-09-08 09:42:05,2026-09-08 09:42:17,198
E518164,T106246,CREATED,2026-09-09 18:44:29,2026-09-09 18:44:38,23
E518454,T106347,CREATED,2026-09-09 14:29:22,2026-09-09 14:29:42,30
E520210,T106956,AUTHORIZED,2026-09-09 22:09:34,2026-09-09 22:09:43,147
E517888,T106150,AUTHORIZED,2026-09-08 10:44:28,2026-09-08 10:44:40,131
E516500,T105671,SETTLED,2026-09-08 17:50:08,2026-09-08 17:50:25,457
E517390,T105978,AUTHORIZED,2026-09-08 07:22:35,2026-09-08 07:22:38,145
E519296,T106637,AUTHORIZED,2026-09-09 06:47:42,2026-09-09 06:48:06,166
E519020,T106541,CREATED,2026-09-09 07:57:45,2026-09-09 07:57:48,397
E517400,T105982,CREATED,2026-09-08 19:57:13,2026-09-08 19:57:14,333
E517304,T105946,SETTLED,2026-09-08 08:02:25,2026-09-08 08:02:49,531
E516880,T105801,SETTLED,2026-09-08 14:39:31,2026-09-08 14:39:48,542
E516259,T105588,AUTHORIZED,2026-09-08 12:53:36,2026-09-08 12:53:49,179
E518565,T106385,CREATED,2026-09-09 17:34:34,2026-09-09 17:34:48,205
E518364,T106314,CREATED,2026-09-09 09:11:35,2026-09-09 09:11:51,306
E517887,T106150,CREATED,2026-09-08 10:43:52,2026-09-08 10:43:55,30
E515906,T105469,AUTHORIZED,2026-09-08 07:41:56,2026-09-08 07:42:09,131
E515902,T105468,CREATED,2026-09-08 13:45:26,2026-09-08 13:45:35,278
E516990,T105839,SETTLED,2026-09-08 10:49:40,2026-09-08 10:50:17,619
E518572,T106387,SETTLED,2026-09-09 19:15:36,2026-09-09 19:15:54,459
E517734,T106099,CREATED,2026-09-08 13:01:11,2026-09-08 13:01:18,376
E516376,T105630,AUTHORIZED,2026-09-08 10:29:55,2026-09-08 10:29:56,322
E519895,T106849,AUTHORIZED,2026-09-09 08:58:53,2026-09-09 08:59:02,188
E516128,T105542,SETTLED,2026-09-08 22:22:55,2026-09-08 22:23:09,198
E519723,T106789,SETTLED,2026-09-09 07:42:01,2026-09-09 07:42:42,409
E517007,T105845,SETTLED,2026-09-08 16:36:39,2026-09-08 17:27:39,100
E519179,T106598,SETTLED,2026-09-10 09:28:43,2026-09-10 09:29:09,124
E519385,T106668,AUTHORIZED,2026-09-09 10:59:12,2026-09-09 10:59:28,66
E517825,T106129,AUTHORIZED,2026-09-08 17:24:38,2026-09-08 17:24:56,312
E519448,T106690,AUTHORIZED,2026-09-09 16:37:34,2026-09-09 16:37:46,473
E517626,T106061,CREATED,2026-09-08 12:03:46,2026-09-08 12:03:48,336
E517157,T105897,SETTLED,2026-09-08 09:56:09,2026-09-08 09:56:14,441
E516252,T105586,CREATED,2026-09-08 12:31:47,2026-09-08 12:31:49,203
E515795,T105428,AUTHORIZED,2026-09-08 21:09:34,2026-09-08 21:09:46,50
E516447,T105654,SETTLED,2026-09-08 09:15:55,2026-09-08 09:16:26,740
E517183,T105906,AUTHORIZED,2026-09-08 16:58:50,2026-09-08 16:59:02,439
E518589,T106393,AUTHORIZED,2026-09-09 06:34:33,2026-09-09 06:34:36,169
E515893,T105464,AUTHORIZED,2026-09-08 14:44:25,2026-09-08 14:44:48,36
E518016,T106194,SETTLED,2026-09-08 16:32:25,2026-09-08 16:32:44,237
E515731,T105406,AUTHORIZED,2026-09-08 06:55:41,2026-09-08 06:56:07,436
E517833,T106132,CREATED,2026-09-08 09:02:52,2026-09-08 09:03:06,360
E517666,T106075,AUTHORIZED,2026-09-08 14:28:18,2026-09-08 14:28:29,411
E517365,T105969,CREATED,2026-09-08 11:37:10,2026-09-08 11:37:26,290
E518485,T106357,AUTHORIZED,2026-09-09 16:52:11,2026-09-09 16:52:31,82
E518416,T106333,SETTLED,2026-09-09 08:29:34,2026-09-09 09:57:34,814
E518948,T106516,SETTLED,2026-09-09 13:37:06,2026-09-09 13:37:38,378
E519478,T106700,SETTLED,2026-09-09 10:46:36,2026-09-09 10:46:50,122
E519789,T106813,AUTHORIZED,2026-09-09 10:50:35,2026-09-09 10:50:40,318
E517660,T106073,AUTHORIZED,2026-09-08 09:21:06,2026-09-08 09:21:33,42
E515946,T105482,SETTLED,2026-09-08 17:48:30,2026-09-08 17:48:44,191
E516030,T105510,FAILED,2026-09-08 10:43:09,2026-09-08 10:43:26,38
E517417,T105988,CREATED,2026-09-08 11:54:49,2026-09-08 11:54:50,197
E516158,T105552,SETTLED,2026-09-08 13:51:11,2026-09-08 13:51:53,772
E519754,T106800,SETTLED,2026-09-09 13:18:18,2026-09-09 13:18:57,202
E517424,T105990,AUTHORIZED,2026-09-08 13:11:23,2026-09-08 13:11:32,131
E517074,T105868,SETTLED,2026-09-08 08:59:19,2026-09-08 08:59:28,894
E516147,T105549,AUTHORIZED,2026-09-08 21:31:40,2026-09-08 21:32:02,341
E518936,T106512,AUTHORIZED,2026-09-09 18:06:07,2026-09-09 18:06:21,402
E520055,T106902,AUTHORIZED,2026-09-09 10:08:35,2026-09-09 10:08:39,336
E517090,T105874,CREATED,2026-09-08 18:25:57,2026-09-08 18:26:00,234
E516097,T105532,SETTLED,2026-09-08 19:58:45,2026-09-08 19:58:49,840
E517724,T106095,SETTLED,2026-09-08 14:36:14,2026-09-08 14:36:58,795
E519249,T106622,AUTHORIZED,2026-09-09 10:20:37,2026-09-09 10:21:07,170
E517523,T106025,CREATED,2026-09-08 11:59:13,2026-09-08 11:59:24,369
E516770,T105762,SETTLED,2026-09-08 13:04:51,2026-09-08 13:05:08,171
E518019,T106195,SETTLED,2026-09-08 19:41:58,2026-09-08 19:42:04,588
E516760,T105759,CREATED,2026-09-08 17:41:56,2026-09-08 17:42:12,367
E519594,T106742,AUTHORIZED,2026-09-09 06:37:28,2026-09-09 06:37:39,259
E518950,T106517,AUTHORIZED,2026-09-09 19:05:40,2026-09-09 19:05:54,332
E517915,T106160,CREATED,2026-09-08 16:50:09,2026-09-08 16:50:20,133
E517889,T106151,CREATED,2026-09-08 18:37:06,2026-09-08 18:37:21,71
E517528,T106026,SETTLED,2026-09-08 20:16:51,2026-09-08 20:17:27,589
E515743,T105411,CREATED,2026-09-08 06:30:54,2026-09-08 06:31:10,239
E516035,T105512,AUTHORIZED,2026-09-08 13:34:51,2026-09-08 13:35:03,460
E519935,T106863,CREATED,2026-09-09 17:23:04,2026-09-09 17:23:08,213
E520127,T106927,CREATED,2026-09-09 16:35:06,2026-09-09 16:35:10,340
E516162,T105554,CREATED,2026-09-08 13:22:02,2026-09-08 13:22:12,342
E518799,T106466,SETTLED,2026-09-09 13:11:55,2026-09-09 13:12:36,761
E515956,T105486,CREATED,2026-09-08 08:19:38,2026-09-08 08:19:48,30
E519141,T106584,CREATED,2026-09-09 12:05:34,2026-09-09 12:05:35,376
E519497,T106707,CREATED,2026-09-09 15:02:44,2026-09-09 15:02:59,289
E515788,T105426,CREATED,2026-09-08 10:47:59,2026-09-08 10:48:08,265
E519096,T106568,AUTHORIZED,2026-09-09 10:59:40,2026-09-09 10:59:55,422
E517432,T105993,AUTHORIZED,2026-09-08 08:12:30,2026-09-08 08:12:41,294
E517890,T106151,AUTHORIZED,2026-09-08 18:37:31,2026-09-08 18:37:35,370
E516958,T105828,SETTLED,2026-09-08 19:27:14,2026-09-08 19:27:17,374
E515910,T105470,SETTLED,2026-09-08 20:50:33,2026-09-08 21:13:33,383
E518918,T106506,AUTHORIZED,2026-09-09 10:32:01,2026-09-09 10:32:21,58
E518612,T106400,SETTLED,2026-09-09 20:42:16,2026-09-09 20:42:19,296
E517052,T105861,CREATED,2026-09-08 06:39:02,2026-09-08 06:39:07,274
E519060,T106555,CREATED,2026-09-09 19:33:10,2026-09-09 19:33:12,26
E517754,T106106,CREATED,2026-09-08 15:28:19,2026-09-08 15:28:27,136
E516825,T105782,AUTHORIZED,2026-09-08 08:20:47,2026-09-08 08:20:54,128
E515685,T105390,AUTHORIZED,2026-09-08 17:12:21,2026-09-08 17:12:26,486
E517560,T106038,CREATED,2026-09-08 21:08:53,2026-09-08 21:09:08,240
E516819,T105780,AUTHORIZED,2026-09-08 12:56:44,2026-09-08 12:57:14,161
E516561,T105693,CREATED,2026-09-08 21:28:10,2026-09-08 21:28:27,213
E519627,T106755,CREATED,2026-09-09 09:36:45,2026-09-09 09:36:48,142
E518890,T106496,SETTLED,2026-09-09 10:09:22,2026-09-09 10:10:04,533
E515760,T105416,AUTHORIZED,2026-09-08 17:13:36,2026-09-08 17:13:45,289
E516535,T105684,CREATED,2026-09-08 09:50:55,2026-09-08 09:51:07,211
E516402,T105639,SETTLED,2026-09-08 06:25:35,2026-09-08 06:55:35,256
E516766,T105761,AUTHORIZED,2026-09-08 15:00:56,2026-09-08 15:01:24,321
E518840,T106480,CREATED,2026-09-09 22:51:35,2026-09-09 22:51:48,340
E515863,T105453,SETTLED,2026-09-08 07:20:50,2026-09-08 07:21:06,260
E517080,T105870,SETTLED,2026-09-08 11:03:07,2026-09-08 11:03:34,71
E520148,T106935,CREATED,2026-09-09 16:17:05,2026-09-09 16:17:23,204
E518508,T106365,AUTHORIZED,2026-09-09 15:47:11,2026-09-09 15:47:26,137
E519163,T106592,CREATED,2026-09-09 14:53:00,2026-09-09 14:53:19,98
E517422,T105989,SETTLED,2026-09-08 10:59:03,2026-09-08 10:59:45,169
E518113,T106228,CREATED,2026-09-08 21:00:25,2026-09-08 21:00:44,59
E520207,T106955,AUTHORIZED,2026-09-09 11:37:40,2026-09-09 11:37:49,477
E517246,T105928,AUTHORIZED,2026-09-08 17:07:58,2026-09-08 17:08:09,353
E516090,T105530,SETTLED,2026-09-08 06:27:09,2026-09-08 06:27:12,543
E519854,T106834,AUTHORIZED,2026-09-09 15:07:01,2026-09-09 15:07:19,126
E518465,T106351,CREATED,2026-09-09 07:43:26,2026-09-09 07:43:33,103
E515797,T105429,CREATED,2026-09-08 16:17:57,2026-09-08 16:17:59,136
E518505,T106364,AUTHORIZED,2026-09-09 14:23:22,2026-09-09 14:23:30,65
E519005,T106535,SETTLED,2026-09-09 19:45:50,2026-09-09 19:46:34,208
E520008,T106887,AUTHORIZED,2026-09-09 16:48:24,2026-09-09 16:48:26,499
E519114,T106575,CREATED,2026-09-09 08:24:45,2026-09-09 08:24:53,227
E519994,T106882,AUTHORIZED,2026-09-09 19:11:00,2026-09-09 19:11:02,132
E516366,T105626,SETTLED,2026-09-08 15:41:02,2026-09-08 15:53:02,219
E516213,T105572,CREATED,2026-09-08 16:55:41,2026-09-08 16:55:53,34
E520109,T106920,CREATED,2026-09-09 15:57:36,2026-09-09 15:57:39,271
E517311,T105949,CREATED,2026-09-08 16:04:49,2026-09-08 16:05:09,334
E516994,T105841,CREATED,2026-09-08 08:12:37,2026-09-08 08:12:44,247
E517497,T106015,AUTHORIZED,2026-09-08 19:59:35,2026-09-08 19:59:52,254
E520020,T106891,AUTHORIZED,2026-09-09 07:41:15,2026-09-09 07:41:16,198
E520085,T106912,AUTHORIZED,2026-09-09 12:03:34,2026-09-09 12:03:43,361
E518260,T106279,CREATED,2026-09-09 06:54:38,2026-09-09 06:54:52,220
E516693,T105737,CREATED,2026-09-08 08:06:52,2026-09-08 08:07:01,294
E518686,T106427,CREATED,2026-09-09 20:12:53,2026-09-09 20:12:56,352
E518566,T106385,FAILED,2026-09-09 17:35:04,2026-09-09 17:35:34,139
E516771,T105763,CREATED,2026-09-08 22:46:50,2026-09-08 22:47:02,219
E518689,T106428,CREATED,2026-09-09 07:05:57,2026-09-09 07:06:15,178
E515719,T105402,CREATED,2026-09-08 08:30:50,2026-09-08 08:31:09,218
E517140,T105891,AUTHORIZED,2026-09-08 12:58:01,2026-09-08 12:58:09,414
E516933,T105821,CREATED,2026-09-08 09:50:05,2026-09-08 09:50:13,356
E515753,T105414,AUTHORIZED,2026-09-08 19:57:38,2026-09-08 19:58:05,448
E520132,T106928,SETTLED,2026-09-09 20:50:35,2026-09-09 20:51:06,228
E516233,T105579,CREATED,2026-09-08 08:10:25,2026-09-08 08:10:40,223
E519800,T106817,CREATED,2026-09-09 13:36:25,2026-09-09 13:36:29,249
E518293,T106290,CREATED,2026-09-09 15:19:52,2026-09-09 15:20:01,181
E516896,T105807,AUTHORIZED,2026-09-08 09:37:11,2026-09-08 09:37:23,248
E516869,T105797,SETTLED,2026-09-08 22:06:48,2026-09-08 22:06:56,725
E516768,T105762,CREATED,2026-09-08 12:48:28,2026-09-08 12:48:29,154
E518339,T106305,AUTHORIZED,2026-09-09 17:40:36,2026-09-09 17:40:49,32
E519028,T106544,CREATED,2026-09-09 10:29:00,2026-09-09 10:29:10,187
E518949,T106517,CREATED,2026-09-09 19:05:08,2026-09-09 19:05:27,184
E520180,T106945,SETTLED,2026-09-09 10:54:54,2026-09-09 10:55:07,182
E516531,T105682,SETTLED,2026-09-08 21:32:16,2026-09-08 21:32:41,253
E515728,T105405,AUTHORIZED,2026-09-08 18:42:19,2026-09-08 18:42:45,484
E518632,T106408,CREATED,2026-09-09 11:37:27,2026-09-09 11:37:32,154
E517162,T105899,AUTHORIZED,2026-09-08 20:58:36,2026-09-08 20:58:44,412
E516608,T105708,CREATED,2026-09-08 11:49:37,2026-09-08 11:49:56,203
E516292,T105600,CREATED,2026-09-08 10:40:23,2026-09-08 10:40:43,170
E517367,T105970,CREATED,2026-09-08 09:59:08,2026-09-08 09:59:12,130
E517245,T105928,CREATED,2026-09-08 17:07:26,2026-09-08 17:07:40,197
E520147,T106934,AUTHORIZED,2026-09-09 15:16:35,2026-09-09 15:16:39,68
E516995,T105841,AUTHORIZED,2026-09-08 08:12:51,2026-09-08 08:13:00,446
E519178,T106598,AUTHORIZED,2026-09-09 16:48:43,2026-09-09 16:48:49,409
E516715,T105744,AUTHORIZED,2026-09-08 13:36:45,2026-09-08 13:37:11,240
E517789,T106117,SETTLED,2026-09-08 19:53:00,2026-09-08 19:53:02,618
E517765,T106109,AUTHORIZED,2026-09-08 13:17:00,2026-09-08 13:17:22,150
E515749,T105413,CREATED,2026-09-08 12:34:06,2026-09-08 12:34:16,227
E515852,T105449,SETTLED,2026-09-08 08:19:10,2026-09-08 08:19:32,694
E519675,T106771,SETTLED,2026-09-09 14:24:24,2026-09-09 14:24:55,160
E516924,T105817,AUTHORIZED,2026-09-08 12:39:21,2026-09-08 12:39:50,474
E519408,T106676,SETTLED,2026-09-09 13:40:25,2026-09-09 13:40:55,522
E519750,T106799,AUTHORIZED,2026-09-09 18:59:03,2026-09-09 18:59:20,405
E519032,T106545,AUTHORIZED,2026-09-09 12:18:22,2026-09-09 12:18:27,440
E518634,T106408,SETTLED,2026-09-09 11:44:52,2026-09-09 11:44:54,377
E516217,T105573,FAILED,2026-09-08 11:37:32,2026-09-08 11:37:42,429
E518615,T106401,SETTLED,2026-09-09 20:28:24,2026-09-09 20:28:30,537
E520093,T106915,CREATED,2026-09-09 22:17:06,2026-09-09 22:17:18,268
E516037,T105513,AUTHORIZED,2026-09-08 22:45:17,2026-09-08 22:45:27,318
E519052,T106552,AUTHORIZED,2026-09-09 20:27:06,2026-09-09 20:27:21,302
E520189,T106949,CREATED,2026-09-09 13:50:45,2026-09-09 13:51:00,60
E516275,T105594,AUTHORIZED,2026-09-08 21:20:09,2026-09-08 21:20:22,191
E516075,T105525,SETTLED,2026-09-08 17:47:41,2026-09-08 17:48:07,472
E519081,T106562,SETTLED,2026-09-09 10:46:02,2026-09-09 10:46:35,796
E516237,T105580,SETTLED,2026-09-08 17:10:37,2026-09-08 17:11:20,83
E518554,T106381,CREATED,2026-09-09 08:16:06,2026-09-09 08:16:22,48
E518827,T106475,SETTLED,2026-09-09 14:42:51,2026-09-09 14:42:56,189
E516637,T105717,AUTHORIZED,2026-09-08 14:17:17,2026-09-08 14:17:42,24
E518993,T106531,SETTLED,2026-09-09 16:42:25,2026-09-09 16:53:25,307
E518752,T106450,AUTHORIZED,2026-09-09 11:10:29,2026-09-09 11:10:54,339
E517030,T105854,CREATED,2026-09-08 13:26:39,2026-09-08 13:26:56,102
E515794,T105428,CREATED,2026-09-08 21:09:14,2026-09-08 21:09:22,313
E515972,T105491,AUTHORIZED,2026-09-08 13:19:41,2026-09-08 13:19:47,359
E518439,T106341,SETTLED,2026-09-09 18:40:35,2026-09-09 18:41:15,777
E519390,T106670,CREATED,2026-09-09 17:00:24,2026-09-09 17:00:40,42
E519574,T106734,SETTLED,2026-09-09 13:03:48,2026-09-09 13:04:28,668
E516399,T105638,SETTLED,2026-09-08 19:20:21,2026-09-08 19:20:34,604
E515715,T105400,SETTLED,2026-09-08 19:51:09,2026-09-08 19:51:36,871
E515769,T105419,AUTHORIZED,2026-09-08 19:46:05,2026-09-08 19:46:19,391
E516116,T105538,SETTLED,2026-09-08 22:04:03,2026-09-08 22:04:20,286
E518627,T106406,AUTHORIZED,2026-09-09 07:05:26,2026-09-09 07:05:47,268
E516437,T105651,SETTLED,2026-09-08 14:17:03,2026-09-08 14:17:34,185
E517608,T106054,SETTLED,2026-09-08 16:20:26,2026-09-08 16:20:57,193
E519106,T106572,AUTHORIZED,2026-09-09 19:08:30,2026-09-09 19:08:53,325
E518310,T106295,AUTHORIZED,2026-09-09 21:47:53,2026-09-09 21:47:59,416
E519882,T106844,CREATED,2026-09-09 06:07:05,2026-09-09 06:07:07,392
E517255,T105931,CREATED,2026-09-08 20:32:06,2026-09-08 20:32:10,329
E519053,T106552,SETTLED,2026-09-09 20:49:06,2026-09-09 20:49:10,154
E519465,T106696,AUTHORIZED,2026-09-09 17:02:44,2026-09-09 17:03:14,262
E518150,T106241,CREATED,2026-09-09 22:26:07,2026-09-09 22:26:20,100
E516331,T105613,FAILED,2026-09-08 21:58:11,2026-09-08 21:58:19,263
E518336,T106304,AUTHORIZED,2026-09-09 22:30:35,2026-09-09 22:30:39,352
E517137,T105890,AUTHORIZED,2026-09-08 06:04:41,2026-09-08 06:05:11,77
E519371,T106663,CREATED,2026-09-09 17:38:44,2026-09-09 17:38:53,132
E518490,T106359,AUTHORIZED,2026-09-09 09:24:06,2026-09-09 09:24:11,321
E517785,T106116,AUTHORIZED,2026-09-08 16:52:58,2026-09-08 16:53:18,496
E517130,T105888,CREATED,2026-09-08 12:02:55,2026-09-08 12:02:57,212
E520123,T106925,SETTLED,2026-09-09 22:00:18,2026-09-09 22:00:37,553
E519814,T106821,SETTLED,2026-09-09 08:10:24,2026-09-09 08:10:52,774
E517903,T106155,SETTLED,2026-09-08 19:45:01,2026-09-08 19:45:33,371
E517658,T106072,FAILED,2026-09-08 19:03:02,2026-09-08 19:03:18,109
E519507,T106711,CREATED,2026-09-09 06:39:09,2026-09-09 06:39:13,73
E516683,T105733,FAILED,2026-09-08 20:19:42,2026-09-08 20:20:05,27
E519990,T106881,CREATED,2026-09-09 14:52:53,2026-09-09 14:53:11,273
E515930,T105477,AUTHORIZED,2026-09-08 12:12:08,2026-09-08 12:12:15,116
E518683,T106426,CREATED,2026-09-09 08:58:10,2026-09-09 08:58:25,163
E516171,T105557,CREATED,2026-09-08 07:00:30,2026-09-08 07:00:31,393
E516390,T105635,AUTHORIZED,2026-09-08 20:54:33,2026-09-08 20:54:51,479
E516293,T105600,AUTHORIZED,2026-09-08 10:40:32,2026-09-08 10:40:33,423
E518704,T106433,CREATED,2026-09-09 15:47:50,2026-09-09 15:48:02,289
E516028,T105509,SETTLED,2026-09-08 17:29:46,2026-09-08 17:30:05,213
E519372,T106663,AUTHORIZED,2026-09-09 17:39:04,2026-09-09 17:39:11,277
E515990,T105497,SETTLED,2026-09-08 22:35:27,2026-09-08 22:36:02,136
E518089,T106219,AUTHORIZED,2026-09-08 15:32:03,2026-09-08 15:32:16,385
E517687,T106083,CREATED,2026-09-08 08:19:04,2026-09-08 08:19:18,339
E518031,T106200,CREATED,2026-09-08 07:45:08,2026-09-08 07:45:12,103
E516160,T105553,AUTHORIZED,2026-09-08 18:13:03,2026-09-08 18:13:07,360
E516283,T105597,AUTHORIZED,2026-09-08 12:35:56,2026-09-08 12:36:24,454
E517029,T105853,SETTLED,2026-09-08 12:11:13,2026-09-08 12:11:51,236
E518430,T106338,FAILED,2026-09-09 16:48:36,2026-09-09 16:49:01,45
E518901,T106500,FAILED,2026-09-09 07:21:16,2026-09-09 07:21:35,286
E516652,T105722,SETTLED,2026-09-08 17:28:12,2026-09-08 17:28:40,550
E517580,T106045,CREATED,2026-09-08 13:17:44,2026-09-08 13:17:45,81
E519361,T106659,SETTLED,2026-09-09 17:20:24,2026-09-09 17:21:04,805
E515921,T105474,AUTHORIZED,2026-09-08 20:26:41,2026-09-08 20:26:51,469
E519728,T106791,AUTHORIZED,2026-09-09 07:19:18,2026-09-09 07:19:28,293
E519512,T106713,CREATED,2026-09-09 13:17:34,2026-09-09 13:17:47,350
E519310,T106642,FAILED,2026-09-09 09:29:13,2026-09-09 09:29:37,35
E519345,T106654,AUTHORIZED,2026-09-09 20:18:01,2026-09-09 20:18:23,246
E517517,T106023,CREATED,2026-09-08 15:09:57,2026-09-08 15:10:09,300
E518816,T106471,SETTLED,2026-09-09 12:06:57,2026-09-09 12:07:26,815
E517977,T106182,CREATED,2026-09-08 09:49:23,2026-09-08 09:49:24,118
E519125,T106578,SETTLED,2026-09-09 14:06:29,2026-09-09 14:06:31,862
E517613,T106056,CREATED,2026-09-08 16:58:10,2026-09-08 16:58:26,135
E520022,T106892,CREATED,2026-09-09 09:42:32,2026-09-09 09:42:38,249
E519847,T106832,CREATED,2026-09-09 08:07:21,2026-09-09 08:07:24,383
E515947,T105483,CREATED,2026-09-08 21:45:50,2026-09-08 21:45:55,132
E516719,T105745,AUTHORIZED,2026-09-08 21:05:21,2026-09-08 21:05:50,222
E518951,T106517,SETTLED,2026-09-09 19:31:40,2026-09-09 19:31:46,727
E519121,T106577,AUTHORIZED,2026-09-09 17:45:41,2026-09-09 17:45:59,497
E516662,T105726,CREATED,2026-09-08 17:46:29,2026-09-08 17:46:31,48
E517493,T106013,SETTLED,2026-09-08 21:57:00,2026-09-08 21:57:41,889
E518523,T106370,CREATED,2026-09-09 20:29:15,2026-09-09 20:29:35,329
E519464,T106696,CREATED,2026-09-09 17:02:36,2026-09-09 17:02:54,66
E515766,T105418,AUTHORIZED,2026-09-08 19:44:11,2026-09-08 19:44:33,277
E518963,T106521,CREATED,2026-09-09 07:10:52,2026-09-09 07:11:05,392
E520285,T106982,SETTLED,2026-09-09 22:38:25,2026-09-09 22:38:27,104
E519961,T106872,CREATED,2026-09-09 18:30:13,2026-09-09 18:30:27,284
E518774,T106457,AUTHORIZED,2026-09-09 12:17:53,2026-09-09 12:18:18,174
E519822,T106824,CREATED,2026-09-09 06:48:35,2026-09-09 06:48:48,161
E519182,T106599,SETTLED,2026-09-09 17:24:37,2026-09-09 17:25:09,860
E516340,T105617,CREATED,2026-09-08 17:34:36,2026-09-08 17:34:53,204
E519926,T106860,AUTHORIZED,2026-09-09 18:46:32,2026-09-09 18:46:43,273
E516022,T105508,CREATED,2026-09-08 08:34:43,2026-09-08 08:34:45,261
E516295,T105601,CREATED,2026-09-08 10:35:15,2026-09-08 10:35:20,52
E518650,T106414,SETTLED,2026-09-09 17:05:10,2026-09-09 17:05:17,157
E518651,T106415,CREATED,2026-09-09 12:10:21,2026-09-09 12:10:38,58
E518716,T106437,CREATED,2026-09-09 08:57:52,2026-09-09 08:57:54,314
E517336,T105958,CREATED,2026-09-08 14:39:10,2026-09-08 14:39:21,369
E518187,T106253,SETTLED,2026-09-09 12:56:39,2026-09-09 12:56:45,900
E516460,T105658,SETTLED,2026-09-08 14:27:07,2026-09-08 15:36:07,482
E516084,T105528,AUTHORIZED,2026-09-08 08:19:56,2026-09-08 08:20:17,411
E515782,T105424,CREATED,2026-09-08 17:19:12,2026-09-08 17:19:22,369
E519997,T106883,AUTHORIZED,2026-09-09 16:31:12,2026-09-09 16:31:34,64
E517972,T106180,CREATED,2026-09-08 16:59:19,2026-09-08 16:59:29,132
E519526,T106717,SETTLED,2026-09-09 16:08:30,2026-09-09 16:09:03,606
E518820,T106473,CREATED,2026-09-09 12:38:39,2026-09-09 12:38:55,97
E519861,T106836,SETTLED,2026-09-09 11:04:47,2026-09-09 11:05:16,618
E519538,T106722,AUTHORIZED,2026-09-09 11:56:18,2026-09-09 11:56:25,431
E519267,T106628,CREATED,2026-09-09 12:17:12,2026-09-09 12:17:17,221
E516017,T105505,SETTLED,2026-09-08 16:41:54,2026-09-08 16:42:32,240
E517237,T105925,SETTLED,2026-09-08 18:25:48,2026-09-08 18:26:09,166
E516895,T105807,CREATED,2026-09-08 09:36:31,2026-09-08 09:36:37,289
E516096,T105532,AUTHORIZED,2026-09-08 19:53:45,2026-09-08 19:53:47,175
E520099,T106916,SETTLED,2026-09-09 15:53:04,2026-09-09 15:53:14,118
E517492,T106013,AUTHORIZED,2026-09-08 21:49:00,2026-09-08 21:49:08,486
E517997,T106189,CREATED,2026-09-08 16:49:11,2026-09-08 16:49:23,223
E519328,T106649,CREATED,2026-09-09 12:37:20,2026-09-09 12:37:33,381
E516929,T105819,AUTHORIZED,2026-09-08 19:19:47,2026-09-08 19:19:58,217
E516747,T105755,CREATED,2026-09-08 11:16:53,2026-09-08 11:16:58,271
E518426,T106337,CREATED,2026-09-09 13:31:38,2026-09-09 13:31:48,112
E520230,T106963,SETTLED,2026-09-09 22:03:44,2026-09-09 22:04:25,677
E516009,T105503,CREATED,2026-09-08 07:42:07,2026-09-08 07:42:16,334
E520165,T106940,SETTLED,2026-09-09 07:56:42,2026-09-09 07:56:51,862
E516068,T105523,AUTHORIZED,2026-09-08 20:50:39,2026-09-08 20:50:58,231
E518383,T106321,SETTLED,2026-09-10 01:37:48,2026-09-10 01:38:31,594
E519923,T106859,AUTHORIZED,2026-09-09 17:57:04,2026-09-09 17:57:30,408
E519940,T106864,SETTLED,2026-09-09 13:48:18,2026-09-09 13:49:02,257
E516554,T105690,SETTLED,2026-09-08 07:36:13,2026-09-08 07:36:43,183
E516256,T105587,CREATED,2026-09-08 08:49:02,2026-09-08 08:49:09,368
E519752,T106800,CREATED,2026-09-09 10:55:50,2026-09-09 10:56:03,270
E519717,T106787,AUTHORIZED,2026-09-09 06:47:05,2026-09-09 06:47:31,21
E517788,T106117,AUTHORIZED,2026-09-08 19:49:00,2026-09-08 19:49:21,188
E518598,T106396,AUTHORIZED,2026-09-09 06:20:51,2026-09-09 06:21:20,464
E517098,T105876,SETTLED,2026-09-08 14:37:50,2026-09-08 14:38:14,50
E516205,T105569,CREATED,2026-09-08 17:06:55,2026-09-08 17:07:02,189
E519934,T106862,SETTLED,2026-09-09 14:20:37,2026-09-09 14:20:48,796
E518212,T106262,AUTHORIZED,2026-09-09 15:51:04,2026-09-09 15:51:14,442
E519942,T106865,AUTHORIZED,2026-09-09 11:34:09,2026-09-09 11:34:24,196
E519645,T106761,CREATED,2026-09-09 12:05:56,2026-09-09 12:06:15,133
E517476,T106007,SETTLED,2026-09-08 13:38:49,2026-09-08 13:39:13,492
E516280,T105596,AUTHORIZED,2026-09-08 13:19:43,2026-09-08 13:20:00,238
E516244,T105583,CREATED,2026-09-08 18:03:35,2026-09-08 18:03:37,30
E516446,T105654,SETTLED,2026-09-08 09:08:55,2026-09-08 09:09:09,739
E517906,T106156,SETTLED,2026-09-08 09:42:02,2026-09-08 09:42:06,855
E519356,T106658,CREATED,2026-09-09 15:49:55,2026-09-09 15:50:13,312
E516148,T105549,SETTLED,2026-09-08 21:52:40,2026-09-08 21:52:59,625
E518447,T106344,SETTLED,2026-09-09 08:12:02,2026-09-09 08:12:08,43
E519636,T106758,CREATED,2026-09-09 12:38:24,2026-09-09 12:38:41,394
E516363,T105625,FAILED,2026-09-08 18:54:20,2026-09-08 18:54:32,104
E519697,T106780,AUTHORIZED,2026-09-09 18:57:57,2026-09-09 18:58:11,247
E519462,T106695,AUTHORIZED,2026-09-09 22:02:41,2026-09-09 22:02:54,158
E516351,T105621,CREATED,2026-09-08 08:43:00,2026-09-08 08:43:19,382
E518855,T106485,CREATED,2026-09-09 13:41:46,2026-09-09 13:42:01,297
E515877,T105459,CREATED,2026-09-08 08:27:16,2026-09-08 08:27:33,319
E515874,T105458,CREATED,2026-09-08 11:43:04,2026-09-08 11:43:18,140
E519149,T106587,CREATED,2026-09-09 21:32:07,2026-09-09 21:32:25,204
E517645,T106067,AUTHORIZED,2026-09-08 13:51:02,2026-09-08 13:51:15,425
E518182,T106252,CREATED,2026-09-09 08:20:48,2026-09-09 08:20:58,344
E517758,T106107,AUTHORIZED,2026-09-08 20:19:57,2026-09-08 20:20:14,428
E517294,T105943,SETTLED,2026-09-08 19:04:05,2026-09-08 19:04:42,331
E520178,T106945,CREATED,2026-09-09 10:30:21,2026-09-09 10:30:34,95
E518222,T106265,SETTLED,2026-09-09 09:31:00,2026-09-09 09:31:11,287
E516911,T105813,CREATED,2026-09-08 06:43:44,2026-09-08 06:43:53,386
E517366,T105969,AUTHORIZED,2026-09-08 11:37:50,2026-09-08 11:38:09,235
E519441,T106688,CREATED,2026-09-09 11:42:06,2026-09-09 11:42:22,303
E519936,T106863,AUTHORIZED,2026-09-09 17:23:19,2026-09-09 17:23:47,420
E516635,T105716,SETTLED,2026-09-08 17:59:09,2026-09-08 17:59:15,750
E518905,T106502,CREATED,2026-09-09 13:54:44,2026-09-09 13:54:57,159
E519152,T106588,CREATED,2026-09-09 10:47:20,2026-09-09 10:47:34,132
E519196,T106604,AUTHORIZED,2026-09-09 11:16:29,2026-09-09 11:16:37,433
E519181,T106599,AUTHORIZED,2026-09-09 17:13:37,2026-09-09 17:13:55,88
E518904,T106501,SETTLED,2026-09-09 20:08:53,2026-09-09 20:09:11,255
E517746,T106103,CREATED,2026-09-08 09:17:46,2026-09-08 09:17:47,296
E517387,T105977,CREATED,2026-09-08 14:22:12,2026-09-08 14:22:18,26
E519480,T106701,AUTHORIZED,2026-09-09 06:21:18,2026-09-09 06:21:39,250
E517297,T105944,SETTLED,2026-09-08 12:40:53,2026-09-08 12:41:00,585
E517150,T105895,CREATED,2026-09-08 08:04:17,2026-09-08 08:04:32,135
E515810,T105433,SETTLED,2026-09-08 14:20:16,2026-09-08 14:20:17,539
E516343,T105618,CREATED,2026-09-08 19:02:46,2026-09-08 19:02:49,142
E517566,T106040,AUTHORIZED,2026-09-08 12:22:41,2026-09-08 12:22:46,281
E518435,T106340,AUTHORIZED,2026-09-09 22:32:42,2026-09-09 22:32:50,346
E519363,T106660,AUTHORIZED,2026-09-09 14:18:57,2026-09-09 14:19:25,500
E516033,T105511,SETTLED,2026-09-08 13:28:20,2026-09-08 13:28:41,31
E518371,T106316,FAILED,2026-09-09 12:25:45,2026-09-09 12:26:12,250
E519136,T106582,AUTHORIZED,2026-09-09 10:15:19,2026-09-09 10:15:49,175
E519518,T106715,CREATED,2026-09-09 06:42:03,2026-09-09 06:42:14,263
E519719,T106788,AUTHORIZED,2026-09-09 15:18:10,2026-09-09 15:18:18,290
E516534,T105683,SETTLED,2026-09-08 14:10:04,2026-09-08 14:10:13,366
E517586,T106047,AUTHORIZED,2026-09-08 16:44:55,2026-09-08 16:45:19,167
E519260,T106626,CREATED,2026-09-09 19:47:53,2026-09-09 19:47:57,357
E517051,T105860,SETTLED,2026-09-08 17:25:32,2026-09-08 17:25:46,487
E515847,T105448,CREATED,2026-09-08 11:14:40,2026-09-08 11:14:54,232
E519859,T106836,CREATED,2026-09-09 10:55:29,2026-09-09 10:55:47,143
E516194,T105564,SETTLED,2026-09-08 21:52:17,2026-09-08 21:52:26,118
E518824,T106474,SETTLED,2026-09-09 20:44:40,2026-09-09 20:45:04,601
E516937,T105822,CREATED,2026-09-08 16:53:38,2026-09-08 16:53:42,222
E519887,T106846,CREATED,2026-09-09 10:04:39,2026-09-09 10:04:54,309
E515675,T105387,CREATED,2026-09-08 15:22:34,2026-09-08 15:22:53,37
E516666,T105727,FAILED,2026-09-08 22:57:25,2026-09-08 22:57:49,44
E516229,T105577,SETTLED,2026-09-08 13:43:27,2026-09-08 13:51:55,676
E520027,T106893,SETTLED,2026-09-09 21:27:07,2026-09-09 22:17:07,799
E519449,T106690,SETTLED,2026-09-09 16:39:34,2026-09-09 16:40:13,133
E516013,T105504,AUTHORIZED,2026-09-08 12:01:26,2026-09-08 12:01:55,382
E515762,T105417,CREATED,2026-09-08 10:36:47,2026-09-08 10:36:52,109
E516636,T105717,CREATED,2026-09-08 14:16:53,2026-09-08 14:17:02,400
E519311,T106643,CREATED,2026-09-09 20:34:00,2026-09-09 20:34:14,399
E519350,T106656,CREATED,2026-09-09 08:03:43,2026-09-09 08:04:02,234
E519804,T106818,AUTHORIZED,2026-09-09 13:51:42,2026-09-09 13:52:08,276
E515965,T105489,CREATED,2026-09-08 22:32:53,2026-09-08 22:33:13,385
E516842,T105788,SETTLED,2026-09-08 11:32:13,2026-09-08 11:32:26,421
E516853,T105792,AUTHORIZED,2026-09-08 13:30:47,2026-09-08 13:31:02,231
E518313,T106296,AUTHORIZED,2026-09-09 14:00:06,2026-09-09 14:00:12,227
E518663,T106418,SETTLED,2026-09-09 07:56:23,2026-09-09 09:15:23,355
E516701,T105739,SETTLED,2026-09-08 09:06:55,2026-09-08 09:06:56,676
E517984,T106184,FAILED,2026-09-08 19:59:37,2026-09-08 19:59:56,175
E515966,T105489,AUTHORIZED,2026-09-08 22:33:06,2026-09-08 22:33:15,222
E516204,T105568,AUTHORIZED,2026-09-08 10:44:45,2026-09-08 10:44:57,196
E516276,T105595,CREATED,2026-09-08 15:01:38,2026-09-08 15:01:57,276
E516918,T105815,AUTHORIZED,2026-09-08 21:58:53,2026-09-08 21:58:55,376
E517988,T106186,CREATED,2026-09-08 22:03:07,2026-09-08 22:03:21,114
E517207,T105914,SETTLED,2026-09-08 15:58:52,2026-09-08 15:59:05,450
E517043,T105858,CREATED,2026-09-08 17:13:23,2026-09-08 17:13:24,375
E519006,T106536,CREATED,2026-09-09 22:41:42,2026-09-09 22:42:02,181
E516201,T105567,CREATED,2026-09-08 11:58:26,2026-09-08 11:58:31,312
E517838,T106133,SETTLED,2026-09-08 11:08:24,2026-09-08 11:24:24,428
E516802,T105774,CREATED,2026-09-08 07:59:50,2026-09-08 07:59:55,169
E517881,T106148,CREATED,2026-09-08 08:59:32,2026-09-08 08:59:46,386
E519410,T106677,AUTHORIZED,2026-09-09 20:34:25,2026-09-09 20:34:50,274
E517737,T106100,CREATED,2026-09-08 11:11:39,2026-09-08 11:11:52,337
E519370,T106662,SETTLED,2026-09-09 18:31:46,2026-09-09 18:31:55,680
E517465,T106003,SETTLED,2026-09-08 23:05:07,2026-09-08 23:05:40,132
E520221,T106960,FAILED,2026-09-09 11:05:27,2026-09-09 11:05:46,94
E517106,T105879,AUTHORIZED,2026-09-08 08:30:21,2026-09-08 08:30:50,295
E520289,T106984,CREATED,2026-09-09 16:35:17,2026-09-09 16:35:26,334
E518881,T106493,SETTLED,2026-09-09 22:59:56,2026-09-09 23:00:09,732
E516940,T105823,AUTHORIZED,2026-09-08 19:26:22,2026-09-08 19:26:43,183
E518737,T106445,AUTHORIZED,2026-09-09 08:09:13,2026-09-09 08:09:39,439
E516330,T105613,CREATED,2026-09-08 21:57:43,2026-09-08 21:57:56,122
E517570,T106041,SETTLED,2026-09-08 21:28:33,2026-09-08 21:29:05,101
E517281,T105939,CREATED,2026-09-08 17:05:49,2026-09-08 17:06:08,191
E519413,T106678,AUTHORIZED,2026-09-09 16:51:08,2026-09-09 16:51:12,416
E516852,T105792,CREATED,2026-09-08 13:30:39,2026-09-08 13:30:42,184
E519074,T106560,AUTHORIZED,2026-09-09 20:57:36,2026-09-09 20:58:01,439
E516229,T105577,SETTLED,2026-09-08 13:43:27,2026-09-08 13:43:55,676
E516664,T105726,SETTLED,2026-09-08 18:04:35,2026-09-08 18:04:42,233
E518304,T106293,SETTLED,2026-09-09 08:47:11,2026-09-09 08:47:41,827
E519506,T106710,FAILED,2026-09-09 09:25:22,2026-09-09 09:25:27,158
E518790,T106463,SETTLED,2026-09-09 09:13:09,2026-09-09 09:13:22,232
E518440,T106342,CREATED,2026-09-09 17:12:40,2026-09-09 17:12:59,61
E519018,T106540,AUTHORIZED,2026-09-09 10:47:09,2026-09-09 10:47:26,463
E517581,T106045,AUTHORIZED,2026-09-08 13:17:56,2026-09-08 13:17:57,425
E518441,T106342,AUTHORIZED,2026-09-09 17:13:12,2026-09-09 17:13:42,362
E517004,T105844,SETTLED,2026-09-08 17:48:10,2026-09-08 17:48:13,530
E518042,T106203,SETTLED,2026-09-08 12:33:46,2026-09-08 12:34:02,425
E519781,T106810,CREATED,2026-09-09 10:16:25,2026-09-09 10:16:29,198
E517486,T106011,CREATED,2026-09-08 06:25:31,2026-09-08 06:25:37,263
E518744,T106447,SETTLED,2026-09-09 14:21:19,2026-09-09 14:21:37,116
E516900,T105809,CREATED,2026-09-08 08:35:37,2026-09-08 08:35:38,76
E516110,T105537,CREATED,2026-09-08 07:22:27,2026-09-08 07:22:38,368
E519254,T106624,CREATED,2026-09-09 20:00:50,2026-09-09 20:00:53,137
E516155,T105551,SETTLED,2026-09-09 02:39:57,2026-09-09 02:40:25,128
E519667,T106768,SETTLED,2026-09-09 09:05:37,2026-09-09 09:05:44,771
E516724,T105747,CREATED,2026-09-08 13:15:34,2026-09-08 13:15:53,289
E516738,T105751,AUTHORIZED,2026-09-08 09:58:11,2026-09-08 09:58:41,54
E516307,T105605,AUTHORIZED,2026-09-08 10:06:41,2026-09-08 10:06:42,257
E519868,T106839,CREATED,2026-09-09 20:10:52,2026-09-09 20:10:53,102
E516455,T105657,AUTHORIZED,2026-09-08 22:51:50,2026-09-08 22:52:16,473
E520286,T106983,CREATED,2026-09-09 06:11:25,2026-09-09 06:11:44,265
E516200,T105566,SETTLED,2026-09-08 09:10:55,2026-09-08 09:11:35,627
E519701,T106781,SETTLED,2026-09-09 14:24:45,2026-09-09 14:25:13,740
E518965,T106522,CREATED,2026-09-09 19:49:21,2026-09-09 19:49:29,249
E518974,T106525,CREATED,2026-09-09 09:08:18,2026-09-09 09:08:38,89
E517226,T105922,CREATED,2026-09-08 22:04:05,2026-09-08 22:04:06,49
E516784,T105767,FAILED,2026-09-08 12:54:15,2026-09-08 12:54:31,263
E520234,T106965,CREATED,2026-09-09 18:11:43,2026-09-09 18:11:45,248
E519950,T106868,AUTHORIZED,2026-09-09 12:18:35,2026-09-09 12:19:01,456
E517278,T105938,CREATED,2026-09-08 11:39:14,2026-09-08 11:39:20,244
E518500,T106362,SETTLED,2026-09-09 16:03:46,2026-09-09 16:20:46,809
E515680,T105388,SETTLED,2026-09-08 11:11:21,2026-09-08 11:11:36,356
E517537,T106029,SETTLED,2026-09-08 08:32:58,2026-09-08 08:33:05,597
E520053,T106901,SETTLED,2026-09-09 17:10:24,2026-09-09 17:11:05,654
E515961,T105487,SETTLED,2026-09-08 20:14:39,2026-09-08 20:15:01,119
E519999,T106884,CREATED,2026-09-09 16:47:52,2026-09-09 16:47:55,48
E518604,T106398,AUTHORIZED,2026-09-09 07:53:43,2026-09-09 07:53:52,120
E520060,T106904,AUTHORIZED,2026-09-09 21:25:38,2026-09-09 21:26:05,247
E520133,T106929,CREATED,2026-09-09 08:04:33,2026-09-09 08:04:34,70
E517149,T105894,AUTHORIZED,2026-09-08 14:40:11,2026-09-08 14:40:33,117
E517557,T106037,CREATED,2026-09-08 08:49:39,2026-09-08 08:49:56,398
E515677,T105387,SETTLED,2026-09-08 15:44:50,2026-09-08 15:45:15,642
E519155,T106589,CREATED,2026-09-09 13:59:37,2026-09-09 13:59:38,209
E519205,T106607,SETTLED,2026-09-09 08:30:27,2026-09-09 08:31:09,260
E519394,T106671,AUTHORIZED,2026-09-09 16:22:57,2026-09-09 16:23:08,251
E518992,T106531,AUTHORIZED,2026-09-09 16:21:25,2026-09-09 16:21:32,227
E518493,T106360,AUTHORIZED,2026-09-09 13:54:06,2026-09-09 13:54:29,471
E520130,T106928,CREATED,2026-09-09 20:39:55,2026-09-09 20:40:00,189
E518513,T106367,CREATED,2026-09-09 21:03:12,2026-09-09 21:03:32,193
E516139,T105547,CREATED,2026-09-08 14:24:52,2026-09-08 14:25:09,213
E515833,T105442,SETTLED,2026-09-08 21:46:12,2026-09-08 21:46:19,66
E519119,T106576,SETTLED,2026-09-09 22:12:28,2026-09-09 23:02:28,740
E518988,T106530,CREATED,2026-09-09 10:27:52,2026-09-09 10:28:04,59
E519369,T106662,AUTHORIZED,2026-09-09 17:14:46,2026-09-09 17:14:48,475
E519191,T106602,SETTLED,2026-09-09 21:20:51,2026-09-09 21:21:14,753
E517013,T105847,SETTLED,2026-09-08 19:10:56,2026-09-08 19:11:09,280
E515679,T105388,AUTHORIZED,2026-09-08 10:50:21,2026-09-08 10:50:47,298
E516789,T105769,SETTLED,2026-09-08 09:39:15,2026-09-08 09:40:00,451
E515952,T105484,SETTLED,2026-09-08 19:24:48,2026-09-08 19:25:16,836
E518621,T106403,SETTLED,2026-09-09 06:40:34,2026-09-09 06:41:11,893
E519995,T106882,SETTLED,2026-09-09 19:23:00,2026-09-09 19:23:41,167
E518267,T106281,AUTHORIZED,2026-09-09 10:24:20,2026-09-09 10:24:31,444
E520110,T106920,AUTHORIZED,2026-09-09 15:57:56,2026-09-09 15:58:26,433
E517480,T106009,CREATED,2026-09-08 07:17:36,2026-09-08 07:17:37,374
E516583,T105700,CREATED,2026-09-08 07:57:20,2026-09-08 07:57:23,127
E518580,T106390,AUTHORIZED,2026-09-09 06:45:19,2026-09-09 06:45:20,102
E516056,T105519,AUTHORIZED,2026-09-08 17:16:56,2026-09-08 17:16:59,178
E517358,T105966,CREATED,2026-09-08 07:50:43,2026-09-08 07:50:50,203
E519959,T106871,AUTHORIZED,2026-09-09 09:58:53,2026-09-09 09:58:54,220
E519334,T106651,CREATED,2026-09-09 09:41:43,2026-09-09 09:41:48,388
E519272,T106629,SETTLED,2026-09-09 18:45:54,2026-09-09 18:45:59,31
E518261,T106279,AUTHORIZED,2026-09-09 06:55:06,2026-09-09 06:55:10,162
E515781,T105423,AUTHORIZED,2026-09-08 06:26:17,2026-09-08 06:26:31,263
E516115,T105538,SETTLED,2026-09-08 21:53:03,2026-09-08 22:11:03,325
E517285,T105940,AUTHORIZED,2026-09-08 09:00:36,2026-09-08 09:00:54,253
E519482,T106702,CREATED,2026-09-09 09:05:43,2026-09-09 09:05:56,271
E518314,T106296,SETTLED,2026-09-09 14:05:06,2026-09-09 14:05:28,408
E516477,T105664,AUTHORIZED,2026-09-08 14:51:57,2026-09-08 14:52:08,132
E518536,T106374,SETTLED,2026-09-09 18:45:12,2026-09-09 18:45:44,113
E516820,T105780,SETTLED,2026-09-08 13:20:44,2026-09-08 13:21:00,789
E515691,T105392,SETTLED,2026-09-08 09:59:36,2026-09-08 10:00:02,618
E516678,T105731,SETTLED,2026-09-08 17:38:49,2026-09-08 17:39:26,163
E520188,T106948,FAILED,2026-09-09 13:39:13,2026-09-09 13:39:25,379
E516511,T105675,SETTLED,2026-09-08 19:40:56,2026-09-08 19:41:39,240
E517077,T105869,SETTLED,2026-09-08 10:06:01,2026-09-08 10:06:17,447
E517742,T106101,SETTLED,2026-09-08 20:15:37,2026-09-08 20:16:22,174
E520269,T106977,AUTHORIZED,2026-09-09 11:04:34,2026-09-09 11:04:52,42
E516999,T105843,AUTHORIZED,2026-09-08 08:55:02,2026-09-08 08:55:21,246
E516979,T105836,CREATED,2026-09-08 18:54:33,2026-09-08 18:54:49,353
E518849,T106483,CREATED,2026-09-09 07:54:53,2026-09-09 07:55:02,400
E517936,T106167,SETTLED,2026-09-08 07:43:08,2026-09-08 07:43:16,143
E520033,T106895,SETTLED,2026-09-09 18:58:25,2026-09-09 18:58:46,360
E516387,T105634,CREATED,2026-09-08 22:24:13,2026-09-08 22:24:15,44
E516123,T105541,CREATED,2026-09-08 21:13:39,2026-09-08 21:13:58,39
E518679,T106424,FAILED,2026-09-09 07:15:46,2026-09-09 07:16:10,155
E515821,T105437,AUTHORIZED,2026-09-08 21:59:52,2026-09-08 21:59:56,459
E516426,T105648,CREATED,2026-09-08 06:04:19,2026-09-08 06:04:30,342
E517128,T105887,AUTHORIZED,2026-09-08 19:11:43,2026-09-08 19:12:07,271
E516191,T105563,SETTLED,2026-09-08 16:56:35,2026-09-08 16:56:38,477
E517638,T106065,CREATED,2026-09-08 14:15:05,2026-09-08 14:15:18,138
E518986,T106529,AUTHORIZED,2026-09-09 19:37:00,2026-09-09 19:37:19,104
E516113,T105538,CREATED,2026-09-08 21:49:56,2026-09-08 21:50:12,72
E518438,T106341,AUTHORIZED,2026-09-09 18:15:35,2026-09-09 18:16:04,407
E519085,T106564,CREATED,2026-09-09 06:50:14,2026-09-09 06:50:27,350
E516772,T105763,AUTHORIZED,2026-09-08 22:46:56,2026-09-08 22:46:57,438
E519236,T106618,CREATED,2026-09-09 10:01:09,2026-09-09 10:01:10,327
E516649,T105721,SETTLED,2026-09-08 09:28:13,2026-09-08 10:21:13,644
E519342,T106653,AUTHORIZED,2026-09-09 06:47:41,2026-09-09 06:47:58,408
E519751,T106799,SETTLED,2026-09-09 19:21:03,2026-09-09 19:21:44,864
E519173,T106596,CREATED,2026-09-09 17:41:10,2026-09-09 17:41:19,395
E520036,T106896,SETTLED,2026-09-09 07:20:44,2026-09-09 07:21:03,695
E519378,T106665,AUTHORIZED,2026-09-09 08:21:36,2026-09-09 08:22:04,252
E516498,T105671,CREATED,2026-09-08 17:47:47,2026-09-08 17:50:00,326
E519596,T106743,AUTHORIZED,2026-09-09 06:16:58,2026-09-09 06:17:18,34
E517866,T106143,CREATED,2026-09-08 18:21:16,2026-09-08 18:21:36,197
E516195,T105565,CREATED,2026-09-08 15:49:47,2026-09-08 15:50:03,108
E517166,T105900,SETTLED,2026-09-08 17:14:11,2026-09-08 17:14:48,478
E517603,T106053,AUTHORIZED,2026-09-08 10:40:25,2026-09-08 10:40:52,447
E515870,T105456,SETTLED,2026-09-08 09:55:01,2026-09-08 09:55:36,714
E519460,T106694,SETTLED,2026-09-09 11:02:01,2026-09-09 11:02:28,341
E518374,T106318,CREATED,2026-09-09 22:04:23,2026-09-09 22:04:35,118
E515934,T105478,SETTLED,2026-09-08 09:37:29,2026-09-08 09:37:30,334
E516885,T105803,AUTHORIZED,2026-09-08 21:26:12,2026-09-08 21:26:29,444
E519109,T106573,AUTHORIZED,2026-09-09 16:58:05,2026-09-09 16:58:07,380
E517883,T106148,SETTLED,2026-09-08 09:28:01,2026-09-08 09:28:19,473
E518385,T106322,AUTHORIZED,2026-09-09 21:04:45,2026-09-09 21:04:58,216
E517055,T105862,CREATED,2026-09-08 12:16:45,2026-09-08 12:16:54,361
E518137,T106236,AUTHORIZED,2026-09-08 13:07:17,2026-09-08 13:07:23,290
E518661,T106418,CREATED,2026-09-09 07:51:56,2026-09-09 07:52:16,108
E516271,T105592,SETTLED,2026-09-08 09:02:24,2026-09-08 09:02:39,115
E517804,T106122,AUTHORIZED,2026-09-08 21:34:51,2026-09-08 21:35:20,496
E520107,T106919,AUTHORIZED,2026-09-09 07:04:11,2026-09-09 07:04:34,186
E519075,T106560,SETTLED,2026-09-09 21:10:36,2026-09-09 21:10:51,506
E519406,T106676,CREATED,2026-09-09 13:17:55,2026-09-09 13:18:11,396
E516344,T105618,AUTHORIZED,2026-09-08 19:03:10,2026-09-08 19:03:37,268
E520206,T106955,CREATED,2026-09-09 11:37:07,2026-09-09 11:37:10,54
E517190,T105908,SETTLED,2026-09-08 13:56:06,2026-09-08 13:56:43,247
E518837,T106479,CREATED,2026-09-09 16:51:19,2026-09-09 16:51:29,366
E517914,T106159,SETTLED,2026-09-08 14:22:01,2026-09-08 14:22:15,437
E516698,T105739,CREATED,2026-09-08 06:19:18,2026-09-08 06:19:32,263
E518252,T106276,CREATED,2026-09-09 22:28:48,2026-09-09 22:28:59,259
E519614,T106750,CREATED,2026-09-09 13:52:43,2026-09-09 13:52:47,113
E516832,T105785,CREATED,2026-09-08 22:28:49,2026-09-08 22:29:02,48
E515983,T105495,AUTHORIZED,2026-09-08 19:25:19,2026-09-08 19:25:29,318
E517034,T105855,AUTHORIZED,2026-09-08 09:58:54,2026-09-08 09:59:03,308
E520090,T106914,CREATED,2026-09-09 10:11:55,2026-09-09 10:12:00,379
E518929,T106510,CREATED,2026-09-09 18:04:01,2026-09-09 18:04:14,387
E515828,T105440,FAILED,2026-09-08 09:10:18,2026-09-08 09:10:27,58
E518703,T106432,SETTLED,2026-09-09 20:16:43,2026-09-09 20:17:17,841
E519606,T106747,AUTHORIZED,2026-09-09 15:58:45,2026-09-09 15:59:05,314
E517916,T106160,AUTHORIZED,2026-09-08 16:50:21,2026-09-08 16:50:38,215
E516622,T105712,AUTHORIZED,2026-09-08 16:59:07,2026-09-08 16:59:23,417
E520100,T106917,CREATED,2026-09-09 17:04:21,2026-09-09 17:04:27,262
E519016,T106539,SETTLED,2026-09-09 17:49:43,2026-09-09 17:49:58,462
E515875,T105458,AUTHORIZED,2026-09-08 11:43:25,2026-09-08 11:43:38,200
E517679,T106080,CREATED,2026-09-08 18:54:35,2026-09-08 18:54:47,345
E519982,T106878,CREATED,2026-09-09 11:47:14,2026-09-09 11:47:24,231
E518815,T106471,AUTHORIZED,2026-09-09 12:02:57,2026-09-09 12:03:14,389
E517665,T106075,CREATED,2026-09-08 14:27:44,2026-09-08 14:27:47,265
E518693,T106429,AUTHORIZED,2026-09-09 13:45:56,2026-09-09 13:46:02,28
E515796,T105428,SETTLED,2026-09-08 21:11:34,2026-09-08 21:12:13,309
E515714,T105400,SETTLED,2026-09-08 19:45:09,2026-09-08 19:45:16,40
E516887,T105804,CREATED,2026-09-08 18:36:32,2026-09-08 18:36:33,42
E520048,T106900,SETTLED,2026-09-09 18:52:52,2026-09-09 18:53:24,202
E517574,T106043,CREATED,2026-09-08 08:27:30,2026-09-08 08:27:39,174
E519137,T106582,SETTLED,2026-09-09 10:21:19,2026-09-09 10:21:58,452
E516705,T105741,CREATED,2026-09-08 09:05:45,2026-09-08 09:05:57,45
E518117,T106229,FAILED,2026-09-08 07:28:04,2026-09-08 07:28:32,487
E517147,T105893,SETTLED,2026-09-08 15:56:14,2026-09-08 15:56:23,771
E517491,T106013,CREATED,2026-09-08 21:48:31,2026-09-08 21:48:51,100
E515957,T105486,AUTHORIZED,2026-09-08 08:19:58,2026-09-08 08:20:21,393
E519579,T106737,CREATED,2026-09-09 08:46:11,2026-09-09 08:46:22,155
E519177,T106598,CREATED,2026-09-09 16:48:13,2026-09-09 16:48:17,253
E518001,T106190,AUTHORIZED,2026-09-08 22:17:23,2026-09-08 22:17:43,212
E518357,T106311,SETTLED,2026-09-09 16:11:30,2026-09-09 16:12:09,140
E515701,T105396,CREATED,2026-09-08 10:42:09,2026-09-08 10:42:13,294
E516971,T105833,CREATED,2026-09-08 21:03:39,2026-09-08 21:03:46,262
E517713,T106092,CREATED,2026-09-08 18:58:19,2026-09-08 18:58:25,326
E516546,T105688,CREATED,2026-09-08 10:34:53,2026-09-08 10:34:54,46
E518462,T106350,CREATED,2026-09-09 10:46:39,2026-09-09 10:46:49,253
E519530,T106719,AUTHORIZED,2026-09-09 12:18:11,2026-09-09 12:18:37,438
E519971,T106874,SETTLED,2026-09-09 14:13:46,2026-09-09 14:14:18,656
E518177,T106250,SETTLED,2026-09-09 11:43:15,2026-09-09 11:43:19,100
E519436,T106686,AUTHORIZED,2026-09-09 11:29:48,2026-09-09 11:30:07,58
E517393,T105979,AUTHORIZED,2026-09-08 06:34:30,2026-09-08 06:34:55,120
E517516,T106022,SETTLED,2026-09-08 22:46:00,2026-09-08 22:46:06,647
E516051,T105517,SETTLED,2026-09-08 10:36:13,2026-09-08 10:36:33,764
E518927,T106509,SETTLED,2026-09-09 08:40:13,2026-09-09 08:40:24,879
E515944,T105482,CREATED,2026-09-08 17:28:22,2026-09-08 17:28:37,208
E519727,T106791,CREATED,2026-09-09 07:18:44,2026-09-09 07:18:56,77
E516381,T105632,CREATED,2026-09-08 20:16:03,2026-09-08 20:16:08,281
E520247,T106969,CREATED,2026-09-09 12:22:20,2026-09-09 12:22:24,291
E517967,T106178,AUTHORIZED,2026-09-08 17:22:03,2026-09-08 17:22:10,442
E516605,T105707,CREATED,2026-09-08 10:54:29,2026-09-08 10:54:47,399
E519104,T106571,SETTLED,2026-09-09 10:59:22,2026-09-09 10:59:37,265
E519741,T106796,AUTHORIZED,2026-09-09 13:35:17,2026-09-09 13:35:22,481
E516107,T105536,CREATED,2026-09-08 17:30:41,2026-09-08 17:30:52,243
E515890,T105463,AUTHORIZED,2026-09-08 17:27:20,2026-09-08 17:27:43,452
E517858,T106140,AUTHORIZED,2026-09-08 12:11:05,2026-09-08 12:11:17,246
E516198,T105566,CREATED,2026-09-08 08:55:19,2026-09-08 08:55:34,281
E518823,T106474,AUTHORIZED,2026-09-09 20:29:40,2026-09-09 20:29:52,241
E516906,T105811,CREATED,2026-09-08 18:49:50,2026-09-08 18:49:53,33
E519548,T106725,SETTLED,2026-09-09 18:32:47,2026-09-09 18:33:04,607
E517323,T105953,AUTHORIZED,2026-09-08 09:24:33,2026-09-08 09:25:01,42
E519969,T106874,AUTHORIZED,2026-09-09 13:59:46,2026-09-09 14:00:14,74
E520219,T106959,SETTLED,2026-09-09 11:46:54,2026-09-09 11:47:14,677
E518887,T106495,SETTLED,2026-09-09 22:42:00,2026-09-09 22:42:04,320
E518059,T106208,SETTLED,2026-09-08 20:18:03,2026-09-08 20:18:07,898
E518637,T106409,SETTLED,2026-09-09 21:05:52,2026-09-09 21:14:52,891
E516036,T105513,CREATED,2026-09-08 22:44:42,2026-09-08 22:44:46,254
E516049,T105517,AUTHORIZED,2026-09-08 10:22:13,2026-09-08 10:22:36,462
E516970,T105832,SETTLED,2026-09-08 18:30:58,2026-09-08 18:31:20,778
E515856,T105451,AUTHORIZED,2026-09-08 16:50:21,2026-09-08 16:50:43,35
E518202,T106258,SETTLED,2026-09-09 17:41:31,2026-09-09 17:41:34,777
E519947,T106867,CREATED,2026-09-09 13:10:14,2026-09-09 13:10:29,66
E516490,T105668,AUTHORIZED,2026-09-08 16:51:55,2026-09-08 16:52:20,132
E518899,T106499,SETTLED,2026-09-09 08:03:30,2026-09-09 08:04:15,801
E516413,T105643,SETTLED,2026-09-08 17:29:50,2026-09-08 17:30:18,800
E516429,T105649,CREATED,2026-09-08 18:20:02,2026-09-08 18:20:11,38
E517864,T106142,AUTHORIZED,2026-09-08 09:57:47,2026-09-08 09:58:12,255
E517243,T105927,SETTLED,2026-09-08 09:29:44,2026-09-08 09:30:11,412
E516874,T105799,AUTHORIZED,2026-09-08 07:52:52,2026-09-08 07:53:13,237
E517290,T105942,CREATED,2026-09-08 18:48:09,2026-09-08 18:48:20,379
E517214,T105917,AUTHORIZED,2026-09-08 16:07:47,2026-09-08 16:07:56,497
E517265,T105933,SETTLED,2026-09-08 22:57:29,2026-09-08 22:58:13,255
E516305,T105604,SETTLED,2026-09-08 07:10:09,2026-09-08 07:10:35,532
E518437,T106341,CREATED,2026-09-09 18:15:11,2026-09-09 18:15:13,300
E519964,T106872,SETTLED,2026-09-09 19:05:18,2026-09-09 19:05:42,770
E519070,T106559,CREATED,2026-09-09 14:07:46,2026-09-09 14:07:51,137
E518970,T106523,SETTLED,2026-09-09 09:39:42,2026-09-09 09:40:05,550
E517727,T106096,SETTLED,2026-09-08 19:11:39,2026-09-08 19:12:05,349
E519644,T106760,SETTLED,2026-09-09 17:56:24,2026-09-09 17:56:26,783
E516199,T105566,AUTHORIZED,2026-09-08 08:55:55,2026-09-08 08:56:09,123
E516296,T105601,AUTHORIZED,2026-09-08 10:35:29,2026-09-08 10:35:42,22
E519201,T106606,AUTHORIZED,2026-09-09 12:40:08,2026-09-09 12:40:33,76
E516728,T105748,AUTHORIZED,2026-09-08 18:20:16,2026-09-08 18:20:30,172
E519102,T106571,CREATED,2026-09-09 10:48:46,2026-09-09 10:48:55,273
E519726,T106790,SETTLED,2026-09-09 11:23:56,2026-09-09 11:23:57,158
E520258,T106973,CREATED,2026-09-09 07:45:37,2026-09-09 07:45:51,61
E518758,T106452,AUTHORIZED,2026-09-09 18:50:04,2026-09-09 18:50:20,485
E520086,T106912,SETTLED,2026-09-09 12:08:34,2026-09-09 12:08:58,390
E518628,T106406,SETTLED,2026-09-09 07:07:26,2026-09-09 07:08:11,672
E516775,T105764,AUTHORIZED,2026-09-08 14:57:27,2026-09-08 14:57:43,65
E517468,T106004,SETTLED,2026-09-08 22:07:11,2026-09-08 22:07:55,304
E515984,T105495,SETTLED,2026-09-08 19:33:19,2026-09-08 19:33:32,131
E516495,T105670,CREATED,2026-09-08 08:57:37,2026-09-08 08:57:43,280
E518219,T106264,SETTLED,2026-09-09 16:47:23,2026-09-09 16:47:56,307
E520059,T106904,CREATED,2026-09-09 21:25:02,2026-09-09 21:25:19,148
E517748,T106104,CREATED,2026-09-08 21:48:42,2026-09-08 21:48:54,43
E516303,T105604,CREATED,2026-09-08 07:04:58,2026-09-08 07:05:01,153
E515818,T105436,AUTHORIZED,2026-09-08 18:01:23,2026-09-08 18:01:33,406
E518198,T106257,AUTHORIZED,2026-09-09 21:49:05,2026-09-09 21:49:28,305
E516061,T105521,CREATED,2026-09-08 16:42:38,2026-09-08 16:42:58,214
E519543,T106724,CREATED,2026-09-09 12:19:20,2026-09-09 12:19:26,209
E517859,T106140,SETTLED,2026-09-08 12:25:05,2026-09-08 12:25:27,351
E515672,T105386,CREATED,2026-09-08 15:16:54,2026-09-08 15:17:04,250
E517655,T106071,AUTHORIZED,2026-09-08 18:54:35,2026-09-08 18:54:42,406
E516466,T105660,SETTLED,2026-09-08 22:12:18,2026-09-08 22:13:03,435
E516093,T105531,AUTHORIZED,2026-09-08 14:43:38,2026-09-08 14:43:50,61
E517699,T106087,CREATED,2026-09-08 09:24:40,2026-09-08 09:24:49,186
E517223,T105921,CREATED,2026-09-08 13:59:34,2026-09-08 13:59:48,204
E519576,T106735,FAILED,2026-09-09 16:37:34,2026-09-09 16:37:53,373
E515998,T105500,CREATED,2026-09-08 08:43:26,2026-09-08 08:43:31,139
E516883,T105802,SETTLED,2026-09-08 13:14:25,2026-09-08 13:14:48,657
E516265,T105590,AUTHORIZED,2026-09-08 21:06:43,2026-09-08 21:07:06,406
E520251,T106970,AUTHORIZED,2026-09-09 11:52:07,2026-09-09 11:52:34,209
E518168,T106247,SETTLED,2026-09-09 13:42:54,2026-09-09 13:43:30,687
E519513,T106713,AUTHORIZED,2026-09-09 13:17:59,2026-09-09 13:18:29,454
E518990,T106530,SETTLED,2026-09-09 10:31:00,2026-09-09 10:31:37,92
E518599,T106396,SETTLED,2026-09-09 06:27:51,2026-09-09 06:27:59,537
E518504,T106364,CREATED,2026-09-09 14:22:55,2026-09-09 14:22:58,202
E518569,T106387,CREATED,2026-09-09 19:01:08,2026-09-09 19:01:16,174
E518141,T106238,CREATED,2026-09-09 08:55:52,2026-09-09 08:56:03,292
E515911,T105471,CREATED,2026-09-08 09:37:49,2026-09-08 09:38:08,120
E518909,T106503,AUTHORIZED,2026-09-09 13:27:48,2026-09-09 13:28:02,50
E516641,T105719,CREATED,2026-09-08 20:01:37,2026-09-08 20:01:51,59
E518896,T106498,SETTLED,2026-09-09 18:10:32,2026-09-09 18:10:48,371
E518473,T106353,AUTHORIZED,2026-09-09 13:10:34,2026-09-09 13:10:35,21
E519387,T106669,CREATED,2026-09-09 15:55:28,2026-09-09 15:55:35,42
E516326,T105611,AUTHORIZED,2026-09-08 15:50:16,2026-09-08 15:50:21,38
E520160,T106939,CREATED,2026-09-09 06:47:01,2026-09-09 06:47:19,117
E520240,T106966,SETTLED,2026-09-09 16:55:34,2026-09-09 16:55:56,454
E519439,T106687,AUTHORIZED,2026-09-09 08:21:08,2026-09-09 08:21:14,275
E516332,T105614,CREATED,2026-09-08 13:53:27,2026-09-08 13:53:32,359
E517711,T106091,AUTHORIZED,2026-09-08 07:23:57,2026-09-08 07:24:07,203
E517269,T105935,CREATED,2026-09-08 16:43:07,2026-09-08 16:43:25,289
E516192,T105564,CREATED,2026-09-08 21:40:11,2026-09-08 21:40:18,282
E519832,T106827,AUTHORIZED,2026-09-09 21:22:59,2026-09-09 21:23:16,485
E519515,T106714,CREATED,2026-09-09 21:25:13,2026-09-09 21:25:27,224
E516695,T105737,SETTLED,2026-09-08 08:25:22,2026-09-08 08:25:40,638
E515789,T105426,AUTHORIZED,2026-09-08 10:48:37,2026-09-08 10:48:38,499
E518056,T106208,CREATED,2026-09-08 20:06:40,2026-09-08 20:06:50,91
E517764,T106109,CREATED,2026-09-08 13:16:25,2026-09-08 13:16:33,135
E518067,T106211,SETTLED,2026-09-08 13:00:31,2026-09-08 13:00:56,432
E517885,T106149,AUTHORIZED,2026-09-08 06:18:41,2026-09-08 06:18:45,44
E517763,T106108,SETTLED,2026-09-08 10:58:58,2026-09-08 10:59:18,562
E518666,T106419,SETTLED,2026-09-09 20:26:27,2026-09-09 20:27:11,128
E520218,T106959,AUTHORIZED,2026-09-09 11:20:54,2026-09-09 11:21:02,230
E517411,T105986,CREATED,2026-09-08 08:48:46,2026-09-08 08:49:05,375
E517337,T105958,AUTHORIZED,2026-09-08 14:39:16,2026-09-08 14:39:20,143
E519509,T106712,CREATED,2026-09-09 07:44:43,2026-09-09 07:44:56,360
E518240,T106272,CREATED,2026-09-09 17:11:22,2026-09-09 17:11:33,92
E519089,T106565,SETTLED,2026-09-09 14:45:46,2026-09-09 14:46:30,566
E515949,T105483,SETTLED,2026-09-08 22:08:24,2026-09-08 22:08:34,797
E519958,T106871,CREATED,2026-09-09 09:58:26,2026-09-09 09:58:43,136
E517180,T105905,AUTHORIZED,2026-09-08 17:02:05,2026-09-08 17:02:21,261
E518209,T106261,AUTHORIZED,2026-09-09 17:11:57,2026-09-09 17:12:20,436
E519528,T106718,FAILED,2026-09-09 07:11:52,2026-09-09 07:12:03,64
E516339,T105616,SETTLED,2026-09-08 10:13:33,2026-09-08 10:13:51,674
E515670,T105385,AUTHORIZED,2026-09-08 17:29:51,2026-09-08 17:29:58,413
E517614,T106056,FAILED,2026-09-08 16:58:20,2026-09-08 16:58:27,261
E516633,T105716,CREATED,2026-09-08 17:31:30,2026-09-08 17:31:47,181
E519815,T106822,CREATED,2026-09-09 14:08:13,2026-09-09 14:08:31,215
E518710,T106435,CREATED,2026-09-09 12:46:30,2026-09-09 12:46:47,273
E515960,T105487,AUTHORIZED,2026-09-08 19:52:39,2026-09-08 19:52:54,354
E517175,T105903,SETTLED,2026-09-08 06:47:57,2026-09-08 06:48:17,445
E515837,T105444,FAILED,2026-09-08 08:56:19,2026-09-08 08:56:40,320
E517627,T106061,AUTHORIZED,2026-09-08 12:03:52,2026-09-08 12:04:22,477
E519076,T106561,CREATED,2026-09-09 22:01:33,2026-09-09 22:01:39,199
E518263,T106280,CREATED,2026-09-09 07:32:21,2026-09-09 07:32:24,137
E519796,T106815,AUTHORIZED,2026-09-09 09:26:11,2026-09-09 09:26:13,47
E519088,T106565,AUTHORIZED,2026-09-09 14:40:46,2026-09-09 14:41:10,443
E516782,T105766,SETTLED,2026-09-08 11:27:23,2026-09-08 11:27:33,663
E519985,T106879,AUTHORIZED,2026-09-09 19:29:38,2026-09-09 19:30:07,181
E517876,T106146,AUTHORIZED,2026-09-08 15:20:42,2026-09-08 15:20:56,487
E518798,T106466,AUTHORIZED,2026-09-09 13:09:55,2026-09-09 13:10:16,319
E519375,T106664,AUTHORIZED,2026-09-09 07:08:10,2026-09-09 07:08:20,373
E518205,T106260,CREATED,2026-09-09 07:45:16,2026-09-09 07:45:21,172
E516260,T105588,SETTLED,2026-09-08 13:15:36,2026-09-08 13:15:38,46
E515669,T105385,CREATED,2026-09-08 17:29:37,2026-09-08 17:29:46,188
E515748,T105412,SETTLED,2026-09-09 16:03:38,2026-09-09 16:03:54,861
E516893,T105806,CREATED,2026-09-08 11:47:47,2026-09-08 11:48:00,274
E516493,T105669,AUTHORIZED,2026-09-08 09:01:59,2026-09-08 09:02:13,189
E519044,T106549,AUTHORIZED,2026-09-09 20:11:27,2026-09-09 20:11:54,451
E518880,T106493,AUTHORIZED,2026-09-09 22:44:56,2026-09-09 22:45:21,451
E518409,T106331,CREATED,2026-09-09 19:06:03,2026-09-09 19:06:08,75
E520252,T106971,CREATED,2026-09-09 19:50:52,2026-09-09 19:51:00,71
E517800,T106121,AUTHORIZED,2026-09-08 09:42:50,2026-09-08 09:42:59,307
E519388,T106669,AUTHORIZED,2026-09-09 15:55:39,2026-09-09 15:55:59,27
E517176,T105904,CREATED,2026-09-08 12:47:33,2026-09-08 12:47:47,35
E516065,T105522,AUTHORIZED,2026-09-08 15:04:18,2026-09-08 15:04:41,400
E518723,T106439,SETTLED,2026-09-09 16:16:31,2026-09-09 16:17:11,66
E519611,T106749,CREATED,2026-09-09 07:46:30,2026-09-09 07:46:39,32
E517677,T106079,CREATED,2026-09-08 09:59:43,2026-09-08 09:59:46,61
E517701,T106087,SETTLED,2026-09-08 09:30:48,2026-09-08 09:31:23,520
E517950,T106172,SETTLED,2026-09-08 14:19:30,2026-09-08 14:20:15,483
E516337,T105616,CREATED,2026-09-08 10:00:14,2026-09-08 10:00:30,280
E518484,T106357,CREATED,2026-09-09 16:51:53,2026-09-09 16:52:01,220
E519648,T106762,CREATED,2026-09-09 13:02:09,2026-09-09 13:02:13,48
E518274,T106283,SETTLED,2026-09-09 10:27:04,2026-09-09 10:27:46,199
E516743,T105753,AUTHORIZED,2026-09-08 09:37:52,2026-09-08 09:37:53,339
E515948,T105483,AUTHORIZED,2026-09-08 21:46:24,2026-09-08 21:46:36,427
E515982,T105495,CREATED,2026-09-08 19:25:09,2026-09-08 19:25:21,234
E517547,T106033,AUTHORIZED,2026-09-08 10:14:24,2026-09-08 10:14:27,373
E517287,T105941,CREATED,2026-09-08 20:39:32,2026-09-08 20:39:46,334
E518985,T106529,CREATED,2026-09-09 19:36:52,2026-09-09 19:37:03,284
E517498,T106016,CREATED,2026-09-08 16:04:31,2026-09-08 16:04:46,400
E517282,T105939,AUTHORIZED,2026-09-08 17:06:05,2026-09-08 17:06:19,388
E517165,T105900,AUTHORIZED,2026-09-08 16:59:11,2026-09-08 16:59:27,154
E518312,T106296,CREATED,2026-09-09 13:59:48,2026-09-09 13:59:50,71
E518251,T106275,SETTLED,2026-09-09 06:34:46,2026-09-09 06:34:52,734
E518052,T106207,CREATED,2026-09-08 21:13:48,2026-09-08 21:13:53,216
E518041,T106203,AUTHORIZED,2026-09-08 12:06:46,2026-09-08 12:07:16,264
E519742,T106796,SETTLED,2026-09-09 13:50:17,2026-09-09 13:50:32,584
E517777,T106113,SETTLED,2026-09-08 20:45:51,2026-09-08 20:46:31,241
E517550,T106034,AUTHORIZED,2026-09-08 16:04:28,2026-09-08 16:04:41,367
E517352,T105963,FAILED,2026-09-08 21:16:34,2026-09-08 21:16:57,178
E518333,T106303,AUTHORIZED,2026-09-09 10:30:19,2026-09-09 10:30:33,109
E516066,T105522,SETTLED,2026-09-08 15:25:18,2026-09-08 15:25:32,247
E517277,T105937,SETTLED,2026-09-08 06:56:25,2026-09-08 06:57:02,615
E515953,T105485,CREATED,2026-09-08 16:35:42,2026-09-08 16:35:48,386
E519213,T106610,CREATED,2026-09-09 20:33:49,2026-09-09 20:33:59,108
E517056,T105862,AUTHORIZED,2026-09-08 12:17:12,2026-09-08 12:17:32,191
E517158,T105898,CREATED,2026-09-08 10:34:25,2026-09-08 10:34:27,66
E515708,T105398,CREATED,2026-09-08 20:45:07,2026-09-08 20:45:13,270
E516827,T105783,CREATED,2026-09-08 15:44:50,2026-09-08 15:45:02,39
E516480,T105665,CREATED,2026-09-08 13:21:47,2026-09-08 13:21:53,364
E517488,T106011,SETTLED,2026-09-08 07:51:09,2026-09-08 07:51:26,46
E517919,T106161,AUTHORIZED,2026-09-08 14:47:18,2026-09-08 14:47:39,99
E520196,T106951,SETTLED,2026-09-09 20:35:06,2026-09-09 20:35:12,280
E517843,T106135,AUTHORIZED,2026-09-08 17:26:26,2026-09-08 17:26:53,64
E517109,T105880,FAILED,2026-09-08 13:24:44,2026-09-08 13:25:12,424
E517933,T106166,SETTLED,2026-09-08 17:05:10,2026-09-08 17:05:46,854
E516517,T105678,CREATED,2026-09-08 12:45:42,2026-09-08 12:45:51,237
E519421,T106681,CREATED,2026-09-09 14:21:12,2026-09-09 14:21:28,79
E516744,T105753,SETTLED,2026-09-08 09:58:52,2026-09-08 09:59:17,115
E516409,T105642,CREATED,2026-09-08 14:09:26,2026-09-08 14:09:44,370
E519891,T106847,SETTLED,2026-09-09 08:41:04,2026-09-09 09:44:04,770
E516645,T105720,AUTHORIZED,2026-09-08 09:09:36,2026-09-08 09:10:02,428
E517894,T106152,SETTLED,2026-09-08 07:59:34,2026-09-08 07:59:53,595
E519821,T106823,SETTLED,2026-09-09 20:25:34,2026-09-09 20:26:09,874
E515754,T105414,SETTLED,2026-09-08 20:16:38,2026-09-08 20:16:39,226
E520028,T106894,CREATED,2026-09-09 20:45:47,2026-09-09 20:45:51,388
E517035,T105855,SETTLED,2026-09-08 10:02:54,2026-09-08 10:03:00,549
E519094,T106567,AUTHORIZED,2026-09-09 16:56:54,2026-09-09 16:57:19,26
E516154,T105551,AUTHORIZED,2026-09-08 13:50:57,2026-09-08 13:51:15,121
E519793,T106814,SETTLED,2026-09-09 10:19:10,2026-09-09 10:19:30,635
E518350,T106309,CREATED,2026-09-09 20:13:24,2026-09-09 20:13:25,154
E517943,T106170,CREATED,2026-09-08 16:01:47,2026-09-08 16:01:49,43
E518630,T106407,AUTHORIZED,2026-09-09 20:04:44,2026-09-09 20:04:51,64
E517021,T105850,SETTLED,2026-09-08 09:59:44,2026-09-08 10:00:29,840
E516469,T105661,SETTLED,2026-09-08 09:28:51,2026-09-08 10:27:51,192
E516448,T105655,CREATED,2026-09-08 15:28:09,2026-09-08 15:28:12,373
E520282,T106981,SETTLED,2026-09-09 14:25:26,2026-09-09 14:25:52,177
E518810,T106469,SETTLED,2026-09-09 13:32:32,2026-09-09 14:38:32,457
E517694,T106085,AUTHORIZED,2026-09-08 19:18:32,2026-09-08 19:18:43,346
E519289,T106635,CREATED,2026-09-09 17:19:11,2026-09-09 17:19:18,133
E519704,T106783,CREATED,2026-09-09 13:19:37,2026-09-09 13:19:56,168
E517329,T105955,AUTHORIZED,2026-09-08 07:05:55,2026-09-08 07:06:24,442
E520167,T106941,AUTHORIZED,2026-09-09 14:17:56,2026-09-09 14:18:22,69
E518878,T106492,SETTLED,2026-09-09 23:08:20,2026-09-09 23:08:48,584
E520243,T106967,SETTLED,2026-09-09 14:04:28,2026-09-09 14:04:38,153
E519269,T106628,SETTLED,2026-09-09 12:44:18,2026-09-09 12:44:30,759
E518613,T106401,CREATED,2026-09-09 20:21:54,2026-09-09 20:22:05,337
E518388,T106324,CREATED,2026-09-09 11:18:34,2026-09-09 11:18:54,374
E517801,T106121,SETTLED,2026-09-08 09:58:50,2026-09-08 09:59:14,747
E519226,T106614,AUTHORIZED,2026-09-09 07:54:50,2026-09-09 07:55:11,488
E518116,T106229,CREATED,2026-09-08 07:27:28,2026-09-08 07:27:30,256
E519169,T106594,AUTHORIZED,2026-09-09 21:07:41,2026-09-09 21:08:00,264
E518244,T106273,AUTHORIZED,2026-09-09 11:49:17,2026-09-09 11:49:31,185
E519118,T106576,AUTHORIZED,2026-09-09 21:58:28,2026-09-09 21:58:52,260
E517132,T105888,SETTLED,2026-09-08 13:37:11,2026-09-08 13:37:51,733
E518171,T106248,SETTLED,2026-09-09 16:49:35,2026-09-09 16:50:11,183
E519237,T106618,AUTHORIZED,2026-09-09 10:01:29,2026-09-09 10:01:41,478
E520177,T106944,SETTLED,2026-09-09 11:23:58,2026-09-09 11:24:25,713
E520161,T106939,AUTHORIZED,2026-09-09 06:47:31,2026-09-09 06:48:00,195
E517583,T106046,CREATED,2026-09-08 20:15:42,2026-09-08 20:15:56,217
E516054,T105518,SETTLED,2026-09-08 08:40:03,2026-09-08 08:40:46,113
E515864,T105454,CREATED,2026-09-08 06:16:19,2026-09-08 06:16:22,320
E515940,T105480,SETTLED,2026-09-08 13:12:39,2026-09-08 13:12:45,339
E519355,T106657,AUTHORIZED,2026-09-09 18:30:06,2026-09-09 18:30:14,368
E517622,T106059,AUTHORIZED,2026-09-08 11:44:34,2026-09-08 11:45:02,84
E517221,T105920,AUTHORIZED,2026-09-08 10:12:15,2026-09-08 10:12:38,200
E517681,T106080,SETTLED,2026-09-08 19:10:10,2026-09-08 19:10:33,377
E519288,T106634,SETTLED,2026-09-09 20:50:48,2026-09-09 20:51:22,253
E519759,T106802,AUTHORIZED,2026-09-09 17:06:19,2026-09-09 17:06:42,197
E517187,T105907,SETTLED,2026-09-08 20:50:45,2026-09-08 21:34:45,346
E518365,T106314,AUTHORIZED,2026-09-09 09:12:04,2026-09-09 09:12:14,493
E520151,T106936,CREATED,2026-09-09 21:01:24,2026-09-09 21:01:40,283
E519810,T106820,AUTHORIZED,2026-09-09 08:22:49,2026-09-09 08:22:53,241
E515898,T105466,CREATED,2026-09-08 21:27:10,2026-09-08 21:27:30,260
E517359,T105966,AUTHORIZED,2026-09-08 07:51:07,2026-09-08 07:51:36,349
E518264,T106280,AUTHORIZED,2026-09-09 07:32:45,2026-09-09 07:33:01,454
E519968,T106874,CREATED,2026-09-09 13:59:24,2026-09-09 13:59:30,326
E516974,T105834,CREATED,2026-09-08 16:37:33,2026-09-08 16:37:43,69
E519273,T106630,CREATED,2026-09-09 11:53:58,2026-09-09 11:54:04,327
E518398,T106327,AUTHORIZED,2026-09-09 15:19:48,2026-09-09 15:20:11,444
E515970,T105490,SETTLED,2026-09-08 11:57:06,2026-09-08 11:57:45,295
E517568,T106041,CREATED,2026-09-08 21:01:59,2026-09-08 21:02:13,76
E518166,T106247,CREATED,2026-09-09 13:25:33,2026-09-09 13:25:39,165
E518229,T106268,CREATED,2026-09-09 10:59:31,2026-09-09 10:59:47,118
E519194,T106603,SETTLED,2026-09-09 22:40:55,2026-09-09 22:41:00,650
E520092,T106914,SETTLED,2026-09-09 10:39:35,2026-09-09 10:39:44,667
E519590,T106741,CREATED,2026-09-09 09:21:25,2026-09-09 09:21:33,243
E515829,T105441,CREATED,2026-09-08 16:40:09,2026-09-08 16:40:19,90
E516884,T105803,CREATED,2026-09-08 21:25:34,2026-09-08 21:25:48,116
E520291,T106984,SETTLED,2026-09-09 17:01:38,2026-09-09 17:02:21,401
E518294,T106290,AUTHORIZED,2026-09-09 15:20:06,2026-09-09 15:20:09,338
E518654,T106416,CREATED,2026-09-09 12:36:34,2026-09-09 12:36:46,134
E516392,T105636,CREATED,2026-09-08 18:03:49,2026-09-08 18:04:08,52
E520277,T106980,CREATED,2026-09-09 17:00:15,2026-09-09 17:00:25,62
E516886,T105803,SETTLED,2026-09-08 21:49:12,2026-09-08 21:49:46,802
E519928,T106861,CREATED,2026-09-09 06:03:30,2026-09-09 06:03:39,221
E517225,T105921,SETTLED,2026-09-08 14:12:58,2026-09-08 14:13:42,579
E518231,T106268,SETTLED,2026-09-09 11:28:02,2026-09-09 11:28:25,326
E515992,T105498,CREATED,2026-09-08 21:23:37,2026-09-08 21:23:56,284
E517872,T106145,CREATED,2026-09-08 11:29:18,2026-09-08 11:29:34,360
E518766,T106454,SETTLED,2026-09-09 18:54:06,2026-09-09 18:54:20,208
E515707,T105397,SETTLED,2026-09-08 08:39:16,2026-09-08 08:39:31,624
E518701,T106432,CREATED,2026-09-09 19:58:34,2026-09-09 19:58:50,331
E517595,T106050,SETTLED,2026-09-08 16:42:03,2026-09-08 16:42:04,791
E518131,T106234,AUTHORIZED,2026-09-08 10:56:56,2026-09-08 10:57:21,288
E520265,T106976,CREATED,2026-09-09 15:53:58,2026-09-09 15:54:06,194
E516627,T105714,CREATED,2026-09-08 07:43:18,2026-09-08 07:43:33,292
E518317,T106297,SETTLED,2026-09-09 18:31:00,2026-09-09 18:31:30,232
E520213,T106957,FAILED,2026-09-09 20:33:59,2026-09-09 20:34:04,298
E516908,T105811,SETTLED,2026-09-08 20:33:00,2026-09-08 20:33:31,899
E519753,T106800,AUTHORIZED,2026-09-09 10:56:18,2026-09-09 10:56:35,339
E516418,T105645,AUTHORIZED,2026-09-08 22:19:19,2026-09-08 22:19:45,409
E519008,T106536,SETTLED,2026-09-09 22:47:57,2026-09-09 22:48:01,812
E520274,T106979,CREATED,2026-09-09 10:35:27,2026-09-09 10:35:32,349
E517509,T106020,CREATED,2026-09-08 22:54:30,2026-09-08 22:54:46,243
E517620,T106058,SETTLED,2026-09-08 09:08:43,2026-09-08 09:09:15,203
E520001,T106884,SETTLED,2026-09-09 17:16:21,2026-09-09 17:16:36,590
E515859,T105452,AUTHORIZED,2026-09-08 11:47:32,2026-09-08 11:47:51,135
E518972,T106524,AUTHORIZED,2026-09-09 19:58:10,2026-09-09 19:58:26,242
E516944,T105824,SETTLED,2026-09-08 13:02:46,2026-09-08 13:03:15,271
E518893,T106497,SETTLED,2026-09-09 19:36:31,2026-09-09 19:36:44,231
E516247,T105584,CREATED,2026-09-08 07:24:37,2026-09-08 07:24:55,106
E520183,T106946,SETTLED,2026-09-10 05:34:24,2026-09-10 05:34:43,95
E516372,T105629,CREATED,2026-09-08 17:52:39,2026-09-08 17:52:47,146
E516631,T105715,AUTHORIZED,2026-09-08 13:20:11,2026-09-08 13:20:33,487
E519398,T106672,SETTLED,2026-09-09 14:19:28,2026-09-09 14:19:41,556
E516406,T105641,CREATED,2026-09-08 18:44:37,2026-09-08 18:44:53,118
E517970,T106179,AUTHORIZED,2026-09-08 19:25:20,2026-09-08 19:25:24,125
E519040,T106548,AUTHORIZED,2026-09-09 14:40:30,2026-09-09 14:40:50,417
E518879,T106493,CREATED,2026-09-09 22:44:29,2026-09-09 22:44:32,200
E519544,T106724,AUTHORIZED,2026-09-09 12:19:33,2026-09-09 12:19:58,124
E517705,T106089,AUTHORIZED,2026-09-08 21:24:51,2026-09-08 21:24:53,69
E517195,T105910,SETTLED,2026-09-08 10:19:42,2026-09-08 10:19:56,472
E515895,T105465,CREATED,2026-09-08 22:34:49,2026-09-08 22:34:50,381
E518081,T106217,CREATED,2026-09-08 10:15:14,2026-09-08 10:15:33,275
E520260,T106974,CREATED,2026-09-09 06:01:14,2026-09-09 06:01:34,303
E519903,T106852,CREATED,2026-09-09 19:49:28,2026-09-09 19:49:39,80
E518852,T106484,CREATED,2026-09-09 15:38:28,2026-09-09 15:38:45,180
E516242,T105582,SETTLED,2026-09-08 23:06:47,2026-09-08 23:07:10,345
E516352,T105621,AUTHORIZED,2026-09-08 08:43:34,2026-09-08 08:43:39,276
E518170,T106248,AUTHORIZED,2026-09-09 16:47:35,2026-09-09 16:48:01,444
E516523,T105680,CREATED,2026-09-08 08:43:42,2026-09-08 08:43:49,253
E518368,T106315,AUTHORIZED,2026-09-09 11:52:48,2026-09-09 11:53:11,416
E517209,T105915,CREATED,2026-09-08 22:08:45,2026-09-08 22:08:47,75
E518064,T106210,AUTHORIZED,2026-09-08 13:39:53,2026-09-08 13:40:23,143
E519496,T106706,SETTLED,2026-09-09 21:00:22,2026-09-09 21:00:34,194
E519412,T106678,CREATED,2026-09-09 16:50:51,2026-09-09 16:51:03,271
E517827,T106130,CREATED,2026-09-08 13:10:40,2026-09-08 13:10:56,323
E519061,T106555,FAILED,2026-09-09 19:33:48,2026-09-09 19:34:12,437
E517099,T105877,CREATED,2026-09-08 17:54:13,2026-09-08 17:54:33,244
E516248,T105584,AUTHORIZED,2026-09-08 07:24:53,2026-09-08 07:25:09,161
E517519,T106023,SETTLED,2026-09-09 14:40:28,2026-09-09 14:41:08,594
E516868,T105797,AUTHORIZED,2026-09-08 21:46:48,2026-09-08 21:46:52,458
E520009,T106887,SETTLED,2026-09-09 16:52:24,2026-09-09 16:52:56,83
E517996,T106188,SETTLED,2026-09-08 22:45:12,2026-09-08 22:45:25,443
E519153,T106588,AUTHORIZED,2026-09-09 10:47:40,2026-09-09 10:47:51,329
E519795,T106815,CREATED,2026-09-09 09:25:47,2026-09-09 09:25:57,90
E519200,T106606,CREATED,2026-09-09 12:39:54,2026-09-09 12:40:12,329
E516659,T105725,CREATED,2026-09-08 18:03:16,2026-09-08 18:03:24,253
E516473,T105663,CREATED,2026-09-08 10:16:06,2026-09-08 10:16:09,268
E518220,T106265,CREATED,2026-09-09 09:14:49,2026-09-09 09:15:07,182
E518748,T106449,CREATED,2026-09-09 19:53:38,2026-09-09 19:53:52,311
E519066,T106557,FAILED,2026-09-09 20:18:36,2026-09-09 20:18:52,205
E518418,T106334,AUTHORIZED,2026-09-09 12:55:14,2026-09-09 12:55:34,372
E518017,T106195,CREATED,2026-09-08 19:31:42,2026-09-08 19:32:01,400
E519167,T106593,SETTLED,2026-09-09 19:58:10,2026-09-09 19:58:52,785
E516015,T105505,CREATED,2026-09-08 16:14:22,2026-09-08 16:14:32,49
E516992,T105840,AUTHORIZED,2026-09-08 07:51:52,2026-09-08 07:51:53,210
E517303,T105946,AUTHORIZED,2026-09-08 07:48:25,2026-09-08 07:48:51,241
E517433,T105993,SETTLED,2026-09-09 04:11:30,2026-09-09 04:12:01,570
E518045,T106204,SETTLED,2026-09-08 15:57:59,2026-09-08 15:58:04,529
E516288,T105598,SETTLED,2026-09-08 17:07:44,2026-09-08 17:08:26,463
E519234,T106617,AUTHORIZED,2026-09-09 15:53:34,2026-09-09 15:53:50,118
E519890,T106847,AUTHORIZED,2026-09-09 08:36:04,2026-09-09 08:36:09,430
E519797,T106815,SETTLED,2026-09-09 09:37:11,2026-09-09 09:37:29,815
E516077,T105526,AUTHORIZED,2026-09-08 14:54:02,2026-09-08 14:54:08,234
E519202,T106606,SETTLED,2026-09-09 13:03:08,2026-09-09 13:03:37,857
E515933,T105478,AUTHORIZED,2026-09-08 09:12:29,2026-09-08 09:12:58,172
E518373,T106317,AUTHORIZED,2026-09-09 08:00:42,2026-09-09 08:00:52,379
E519582,T106738,AUTHORIZED,2026-09-09 09:49:41,2026-09-09 09:49:58,406
E519011,T106538,CREATED,2026-09-09 22:01:48,2026-09-09 22:01:56,216
E518353,T106310,AUTHORIZED,2026-09-09 21:29:20,2026-09-09 21:29:46,476
E518018,T106195,AUTHORIZED,2026-09-08 19:31:58,2026-09-08 19:32:03,139
E517708,T106090,AUTHORIZED,2026-09-08 16:02:06,2026-09-08 16:02:12,424
E519872,T106840,AUTHORIZED,2026-09-09 17:38:58,2026-09-09 17:39:00,176
E515799,T105429,SETTLED,2026-09-08 16:32:36,2026-09-08 16:33:07,314
E516621,T105712,CREATED,2026-09-08 16:58:29,2026-09-08 16:58:33,64
E518232,T106269,CREATED,2026-09-09 20:27:32,2026-09-09 20:27:40,389
E519819,T106823,CREATED,2026-09-09 20:01:24,2026-09-09 20:01:40,123
E519884,T106845,CREATED,2026-09-09 07:00:23,2026-09-09 07:00:39,361
E517747,T106103,AUTHORIZED,2026-09-08 09:18:20,2026-09-08 09:18:25,244
E520257,T106972,SETTLED,2026-09-09 16:41:36,2026-09-09 16:42:19,896
E518518,T106368,AUTHORIZED,2026-09-09 13:10:00,2026-09-09 13:10:10,270
E520066,T106906,AUTHORIZED,2026-09-09 19:27:15,2026-09-09 19:27:39,323
E516717,T105744,SETTLED,2026-09-08 14:12:45,2026-09-08 14:13:27,557
E518983,T106528,AUTHORIZED,2026-09-09 07:58:38,2026-09-09 07:58:45,446
E518631,T106407,SETTLED,2026-09-09 20:24:44,2026-09-09 20:24:49,565
E519876,T106841,SETTLED,2026-09-09 21:35:08,2026-09-09 21:35:25,740
E517280,T105938,SETTLED,2026-09-08 11:43:34,2026-09-08 11:44:03,347
E516476,T105664,CREATED,2026-09-08 14:51:34,2026-09-08 14:51:47,130
E517381,T105974,SETTLED,2026-09-08 14:40:14,2026-09-08 14:40:37,413
E516141,T105547,SETTLED,2026-09-08 14:36:28,2026-09-08 14:36:40,670
E516379,T105631,AUTHORIZED,2026-09-08 20:37:20,2026-09-08 20:37:33,383
E517569,T106041,AUTHORIZED,2026-09-08 21:02:33,2026-09-08 21:02:49,432
E518315,T106297,CREATED,2026-09-09 18:14:53,2026-09-09 18:15:02,298
E516197,T105565,SETTLED,2026-09-08 16:09:13,2026-09-08 16:34:13,713
E516542,T105686,FAILED,2026-09-08 10:16:08,2026-09-08 10:16:14,294
E519851,T106833,AUTHORIZED,2026-09-09 22:42:17,2026-09-09 22:42:31,474
E516642,T105719,AUTHORIZED,2026-09-08 20:01:42,2026-09-08 20:02:04,170
E518096,T106222,CREATED,2026-09-08 09:40:17,2026-09-08 09:40:23,104
E516957,T105828,AUTHORIZED,2026-09-08 19:12:14,2026-09-08 19:12:21,364
E516757,T105758,CREATED,2026-09-08 13:50:03,2026-09-08 13:50:18,354
E519688,T106776,AUTHORIZED,2026-09-09 06:29:30,2026-09-09 06:29:38,337
E519495,T106706,AUTHORIZED,2026-09-09 20:35:22,2026-09-09 20:35:46,380
E519471,T106698,AUTHORIZED,2026-09-09 17:27:05,2026-09-09 17:27:21,274
E519607,T106747,SETTLED,2026-09-09 16:11:45,2026-09-09 17:14:45,767
E518148,T106240,AUTHORIZED,2026-09-09 08:22:21,2026-09-09 08:22:46,491
E516904,T105810,AUTHORIZED,2026-09-08 17:36:33,2026-09-08 17:36:42,402
E516667,T105728,CREATED,2026-09-08 06:11:44,2026-09-08 06:11:56,199
E516083,T105528,CREATED,2026-09-08 08:19:38,2026-09-08 08:19:54,177
E517008,T105846,CREATED,2026-09-08 14:50:21,2026-09-08 14:50:25,134
E519405,T106675,FAILED,2026-09-09 08:46:49,2026-09-09 08:47:08,64
E516086,T105529,CREATED,2026-09-08 12:06:19,2026-09-08 12:06:25,273
E520112,T106921,FAILED,2026-09-09 12:21:58,2026-09-09 12:22:28,166
E518934,T106511,SETTLED,2026-09-09 07:30:00,2026-09-09 07:30:06,773
E519072,T106559,SETTLED,2026-09-09 14:27:09,2026-09-09 14:27:54,858
E516745,T105754,CREATED,2026-09-08 14:32:39,2026-09-08 14:32:54,365
E516632,T105715,SETTLED,2026-09-08 13:28:11,2026-09-08 13:28:34,488
E517050,T105860,AUTHORIZED,2026-09-08 17:19:32,2026-09-08 17:19:59,103
E518200,T106258,CREATED,2026-09-09 17:37:18,2026-09-09 17:37:35,211
E518038,T106202,AUTHORIZED,2026-09-08 13:29:29,2026-09-08 13:29:50,186
E517852,T106138,AUTHORIZED,2026-09-08 21:33:35,2026-09-08 21:34:03,58
E515699,T105395,AUTHORIZED,2026-09-08 12:41:57,2026-09-08 12:42:08,176
E516936,T105821,SETTLED,2026-09-08 10:11:19,2026-09-08 10:11:28,499
E517820,T106127,SETTLED,2026-09-08 17:42:01,2026-09-08 17:42:23,839
E519504,T106709,SETTLED,2026-09-09 22:16:13,2026-09-09 22:16:27,622
E519545,T106724,SETTLED,2026-09-09 12:21:33,2026-09-09 12:22:02,609
E516684,T105734,CREATED,2026-09-08 10:13:53,2026-09-08 10:14:07,202
E518919,T106506,SETTLED,2026-09-09 10:35:01,2026-09-09 10:35:16,419
E519140,T106583,SETTLED,2026-09-09 12:39:34,2026-09-09 12:40:05,394
E517293,T105943,AUTHORIZED,2026-09-08 18:48:05,2026-09-08 18:48:15,213
E515967,T105489,SETTLED,2026-09-08 22:55:06,2026-09-08 22:55:20,787
E519477,T106700,AUTHORIZED,2026-09-09 10:31:36,2026-09-09 10:31:54,168
E519367,T106661,SETTLED,2026-09-09 21:58:13,2026-09-09 21:58:21,59
E519687,T106776,CREATED,2026-09-09 06:29:23,2026-09-09 06:29:26,109
E516571,T105696,CREATED,2026-09-08 13:48:08,2026-09-08 13:48:28,153
E516942,T105824,CREATED,2026-09-08 13:00:39,2026-09-08 13:00:58,368
E516931,T105820,CREATED,2026-09-08 12:04:39,2026-09-08 12:04:51,360
E519105,T106572,CREATED,2026-09-09 19:08:13,2026-09-09 19:08:19,29
E516872,T105798,SETTLED,2026-09-08 13:26:51,2026-09-08 13:27:23,73
E518174,T106249,SETTLED,2026-09-09 22:13:33,2026-09-09 22:14:15,248
E519337,T106651,SETTLED,2026-09-09 10:07:07,2026-09-09 10:07:39,849
E519634,T106757,AUTHORIZED,2026-09-09 08:52:21,2026-09-09 08:52:31,58
E518656,T106416,SETTLED,2026-09-09 13:02:50,2026-09-09 13:03:06,661
E516865,T105796,AUTHORIZED,2026-09-08 06:44:48,2026-09-08 06:44:54,372
E519198,T106605,AUTHORIZED,2026-09-09 20:02:19,2026-09-09 20:02:20,365
E519577,T106736,CREATED,2026-09-09 17:11:32,2026-09-09 17:11:41,83
E518870,T106490,CREATED,2026-09-09 07:08:40,2026-09-09 07:08:51,164
E519877,T106842,CREATED,2026-09-09 11:26:47,2026-09-09 11:26:52,398
E516808,T105776,AUTHORIZED,2026-09-08 17:20:41,2026-09-08 17:21:01,96
E517781,T106115,CREATED,2026-09-08 11:57:41,2026-09-08 11:57:46,120
E519744,T106797,AUTHORIZED,2026-09-09 13:48:20,2026-09-09 13:48:47,117
E520071,T106908,CREATED,2026-09-09 19:25:15,2026-09-09 19:25:33,62
E519777,T106808,SETTLED,2026-09-09 21:41:45,2026-09-09 21:42:27,326
E515973,T105491,SETTLED,2026-09-08 13:35:41,2026-09-08 13:35:49,792
E517335,T105957,AUTHORIZED,2026-09-08 13:31:08,2026-09-08 13:31:38,198
E518230,T106268,AUTHORIZED,2026-09-09 11:00:02,2026-09-09 11:00:18,465
E519059,T106554,SETTLED,2026-09-09 21:03:54,2026-09-09 21:04:08,294
E516074,T105525,AUTHORIZED,2026-09-08 17:31:41,2026-09-08 17:31:58,247
E517472,T106006,AUTHORIZED,2026-09-08 09:37:43,2026-09-08 09:38:10,105
E519440,T106687,SETTLED,2026-09-09 08:35:08,2026-09-09 08:35:49,382
E519366,T106661,AUTHORIZED,2026-09-09 21:32:13,2026-09-09 21:32:28,463
E517341,T105959,SETTLED,2026-09-08 11:49:43,2026-09-08 11:50:03,222
E515867,T105455,AUTHORIZED,2026-09-08 06:00:52,2026-09-08 06:01:01,263
E520105,T106918,SETTLED,2026-09-09 08:20:26,2026-09-09 08:21:11,863
E516955,T105827,SETTLED,2026-09-08 07:25:20,2026-09-08 07:25:37,728
E517689,T106083,SETTLED,2026-09-08 08:30:27,2026-09-08 08:30:55,102
E519724,T106790,CREATED,2026-09-09 11:11:24,2026-09-09 11:11:43,377
E516923,T105817,CREATED,2026-09-08 12:39:02,2026-09-08 12:39:03,337
E517521,T106024,AUTHORIZED,2026-09-08 15:05:03,2026-09-08 15:05:12,356
E518238,T106271,CREATED,2026-09-09 09:59:57,2026-09-09 10:00:06,316
E518655,T106416,AUTHORIZED,2026-09-09 12:36:50,2026-09-09 12:37:04,390
E519698,T106780,SETTLED,2026-09-09 19:15:57,2026-09-09 19:16:40,129
E516917,T105815,CREATED,2026-09-08 21:58:43,2026-09-08 21:58:52,28
E518979,T106527,CREATED,2026-09-09 17:32:04,2026-09-09 17:32:07,23
E516709,T105742,SETTLED,2026-09-08 12:48:29,2026-09-08 12:48:43,255
E518933,T106511,AUTHORIZED,2026-09-09 07:06:00,2026-09-09 07:06:18,253
E515732,T105406,SETTLED,2026-09-08 06:59:41,2026-09-08 06:59:48,800
E517430,T105992,SETTLED,2026-09-08 22:02:17,2026-09-08 22:02:43,885
E518499,T106362,AUTHORIZED,2026-09-09 15:45:46,2026-09-09 15:46:03,60
E517525,T106025,SETTLED,2026-09-08 12:11:21,2026-09-08 12:18:21,793
E516350,T105620,SETTLED,2026-09-08 06:15:09,2026-09-08 06:15:14,667
E518471,T106352,SETTLED,2026-09-09 13:45:02,2026-09-09 13:45:33,217
E516025,T105509,CREATED,2026-09-08 16:56:35,2026-09-08 16:56:55,120
E516118,T105539,AUTHORIZED,2026-09-08 11:56:05,2026-09-08 11:56:15,264
E515792,T105427,AUTHORIZED,2026-09-08 16:05:08,2026-09-08 16:05:33,171
E519912,T106855,AUTHORIZED,2026-09-09 18:33:47,2026-09-09 18:34:11,397
E518242,T106272,SETTLED,2026-09-09 17:30:32,2026-09-09 17:30:33,720
E517964,T106177,AUTHORIZED,2026-09-08 16:39:54,2026-09-08 16:39:56,295
E517421,T105989,AUTHORIZED,2026-09-08 10:26:03,2026-09-08 10:26:22,309
E519963,T106872,SETTLED,2026-09-09 18:57:18,2026-09-09 18:57:56,370
E518133,T106235,CREATED,2026-09-08 17:33:52,2026-09-08 17:34:07,219
E518994,T106531,SETTLED,2026-09-09 16:54:25,2026-09-09 16:54:42,360
E516552,T105690,CREATED,2026-09-08 07:13:41,2026-09-08 07:13:50,346
E516459,T105658,SETTLED,2026-09-08 14:26:07,2026-09-08 14:26:10,44
E519944,T106866,CREATED,2026-09-09 16:38:17,2026-09-09 16:38:27,249
E518749,T106449,AUTHORIZED,2026-09-09 19:53:56,2026-09-09 19:54:26,189
E518130,T106234,CREATED,2026-09-08 10:56:40,2026-09-08 10:56:49,345
E517212,T105916,AUTHORIZED,2026-09-08 10:10:47,2026-09-08 10:11:14,315
E517455,T106000,SETTLED,2026-09-08 14:39:07,2026-09-08 16:09:07,362
E518709,T106434,SETTLED,2026-09-10 06:32:50,2026-09-10 06:33:09,235
E518472,T106353,CREATED,2026-09-09 13:09:56,2026-09-09 13:10:13,272
E517774,T106112,SETTLED,2026-09-08 07:39:11,2026-09-08 07:39:28,347
E518110,T106227,AUTHORIZED,2026-09-08 13:36:15,2026-09-08 13:36:23,247
E518691,T106428,SETTLED,2026-09-09 07:26:24,2026-09-09 07:26:36,101
E517994,T106188,CREATED,2026-09-08 22:32:55,2026-09-08 22:32:57,297
E516965,T105831,AUTHORIZED,2026-09-08 20:48:42,2026-09-08 20:49:07,361
E517862,T106141,SETTLED,2026-09-08 20:28:58,2026-09-08 20:29:28,571
E519111,T106574,CREATED,2026-09-09 12:16:53,2026-09-09 12:16:55,204
E517020,T105850,AUTHORIZED,2026-09-08 09:43:44,2026-09-08 09:43:51,98
E519716,T106787,CREATED,2026-09-09 06:46:40,2026-09-09 06:46:52,359
E518125,T106232,AUTHORIZED,2026-09-08 12:58:52,2026-09-08 12:58:54,378
E519683,T106774,AUTHORIZED,2026-09-09 20:17:05,2026-09-09 20:17:31,120
E517206,T105914,AUTHORIZED,2026-09-08 15:51:52,2026-09-08 15:52:20,364
E516507,T105674,CREATED,2026-09-08 14:52:41,2026-09-08 14:52:52,228
E519212,T106609,SETTLED,2026-09-09 09:35:49,2026-09-09 11:04:49,488
E520025,T106893,CREATED,2026-09-09 21:20:52,2026-09-09 21:21:07,330
E515702,T105396,AUTHORIZED,2026-09-08 10:42:36,2026-09-08 10:42:45,105
E516177,T105559,CREATED,2026-09-08 11:59:43,2026-09-08 11:59:47,327
E518998,T106533,CREATED,2026-09-09 12:31:41,2026-09-09 12:31:59,58
E517252,T105930,CREATED,2026-09-08 10:27:34,2026-09-08 10:27:41,322
E515861,T105453,CREATED,2026-09-08 07:04:19,2026-09-08 07:04:21,392
E519204,T106607,AUTHORIZED,2026-09-09 08:05:27,2026-09-09 08:05:34,467
E515894,T105464,SETTLED,2026-09-08 14:48:25,2026-09-08 14:48:56,285
E518073,T106213,SETTLED,2026-09-08 23:30:02,2026-09-08 23:30:06,122
E519626,T106754,SETTLED,2026-09-09 14:29:58,2026-09-09 14:30:19,617
E517766,T106109,SETTLED,2026-09-09 10:28:00,2026-09-09 10:28:36,180
E517769,T106111,CREATED,2026-09-08 19:15:38,2026-09-08 19:15:43,166
E519556,T106728,AUTHORIZED,2026-09-09 16:15:05,2026-09-09 16:15:34,163
E519929,T106861,AUTHORIZED,2026-09-09 06:03:42,2026-09-09 06:04:09,387
E515854,T105450,FAILED,2026-09-08 08:41:43,2026-09-08 08:41:50,397
E518253,T106276,AUTHORIZED,2026-09-09 22:29:08,2026-09-09 22:29:14,193
E517934,T106167,CREATED,2026-09-08 07:30:51,2026-09-08 07:30:55,387
E517111,T105881,AUTHORIZED,2026-09-08 19:11:11,2026-09-08 19:11:33,20
E517005,T105845,CREATED,2026-09-08 16:29:59,2026-09-08 16:30:09,372
E517398,T105981,AUTHORIZED,2026-09-08 14:06:25,2026-09-08 14:06:55,365
E519542,T106723,SETTLED,2026-09-09 14:24:20,2026-09-09 14:25:05,864
E518404,T106329,AUTHORIZED,2026-09-09 15:05:53,2026-09-09 15:06:08,368
E519690,T106777,AUTHORIZED,2026-09-09 08:16:49,2026-09-09 08:17:00,308
E517928,T106165,CREATED,2026-09-08 13:00:21,2026-09-08 13:00:36,237
E518764,T106454,CREATED,2026-09-09 18:32:54,2026-09-09 18:33:11,240
E515939,T105480,AUTHORIZED,2026-09-08 13:08:39,2026-09-08 13:09:01,228
E515941,T105481,CREATED,2026-09-08 22:23:47,2026-09-08 22:24:06,196
E518181,T106251,SETTLED,2026-09-09 15:10:59,2026-09-09 15:11:39,832
E516601,T105705,FAILED,2026-09-08 08:15:32,2026-09-08 08:15:54,483
E515981,T105494,SETTLED,2026-09-08 16:11:20,2026-09-08 16:11:33,465
E518184,T106252,SETTLED,2026-09-09 08:33:53,2026-09-09 08:34:09,683
E518360,T106312,SETTLED,2026-09-09 09:12:57,2026-09-09 09:13:10,838
E517283,T105939,SETTLED,2026-09-08 17:31:05,2026-09-08 17:31:26,48
E518192,T106255,AUTHORIZED,2026-09-09 18:53:21,2026-09-09 18:53:30,308
E516169,T105556,AUTHORIZED,2026-09-08 18:15:37,2026-09-08 18:15:44,387
E518861,T106486,SETTLED,2026-09-09 15:50:55,2026-09-09 15:51:17,274
E518657,T106416,SETTLED,2026-09-09 13:11:50,2026-09-09 13:12:03,503
E518146,T106239,SETTLED,2026-09-09 08:51:44,2026-09-09 08:52:25,522
E518355,T106311,CREATED,2026-09-09 15:44:14,2026-09-09 15:44:27,117
E517990,T106186,SETTLED,2026-09-08 22:14:20,2026-09-08 22:14:46,689
E515809,T105433,AUTHORIZED,2026-09-08 14:08:16,2026-09-08 14:08:43,198
E519338,T106652,CREATED,2026-09-09 21:21:45,2026-09-09 21:22:02,399
E518162,T106245,AUTHORIZED,2026-09-09 22:03:56,2026-09-09 22:03:57,152
E518872,T106490,SETTLED,2026-09-09 09:04:01,2026-09-09 09:04:25,777
E516047,T105516,SETTLED,2026-09-08 06:53:39,2026-09-08 06:53:56,32
E517167,T105901,CREATED,2026-09-08 17:43:29,2026-09-08 17:43:45,331
E517267,T105934,AUTHORIZED,2026-09-08 10:27:26,2026-09-08 10:27:46,216
E516594,T105703,AUTHORIZED,2026-09-08 18:57:08,2026-09-08 18:57:29,485
E518233,T106269,AUTHORIZED,2026-09-09 20:27:51,2026-09-09 20:28:16,205
E519521,T106716,CREATED,2026-09-09 12:02:52,2026-09-09 12:03:10,377
E517944,T106170,FAILED,2026-09-08 16:02:11,2026-09-08 16:02:36,136
E519242,T106620,CREATED,2026-09-09 09:12:59,2026-09-09 09:13:08,308
E516102,T105534,AUTHORIZED,2026-09-08 14:21:48,2026-09-08 14:22:12,418
E515673,T105386,AUTHORIZED,2026-09-08 15:17:11,2026-09-08 15:17:17,104
E519026,T106543,CREATED,2026-09-09 12:00:52,2026-09-09 12:00:56,356
E517693,T106085,CREATED,2026-09-08 19:18:18,2026-09-08 19:18:38,368
E518769,T106455,SETTLED,2026-09-09 12:55:30,2026-09-09 12:55:32,876
E519183,T106600,CREATED,2026-09-09 14:12:08,2026-09-09 14:12:24,119
E517487,T106011,AUTHORIZED,2026-09-08 06:26:09,2026-09-08 06:26:23,474
E520034,T106896,CREATED,2026-09-09 07:05:38,2026-09-09 07:05:44,383
E517434,T105994,CREATED,2026-09-08 13:18:20,2026-09-08 13:18:39,326
E518040,T106203,CREATED,2026-09-08 12:06:20,2026-09-08 12:06:28,315
E520126,T106926,SETTLED,2026-09-09 13:26:55,2026-09-09 13:41:55,823
E517194,T105910,AUTHORIZED,2026-09-08 10:09:42,2026-09-08 10:09:57,465
E519068,T106558,AUTHORIZED,2026-09-09 06:10:54,2026-09-09 06:11:06,365
E517709,T106090,SETTLED,2026-09-08 16:09:06,2026-09-08 16:09:36,165
E518593,T106394,SETTLED,2026-09-09 08:45:32,2026-09-09 08:45:51,847
E517330,T105955,SETTLED,2026-09-08 07:29:55,2026-09-08 07:30:36,889
E519172,T106595,AUTHORIZED,2026-09-09 16:23:50,2026-09-09 16:24:07,212
E517851,T106138,CREATED,2026-09-08 21:33:26,2026-09-08 21:33:38,81
E519292,T106636,CREATED,2026-09-09 17:05:02,2026-09-09 17:05:17,301
E517871,T106144,SETTLED,2026-09-08 17:47:31,2026-09-08 17:48:07,53
E518714,T106436,AUTHORIZED,2026-09-09 20:42:22,2026-09-09 20:42:34,494
E518075,T106214,AUTHORIZED,2026-09-08 10:47:10,2026-09-08 10:47:36,385
E518869,T106489,AUTHORIZED,2026-09-09 14:46:05,2026-09-09 14:46:21,290
E517483,T106010,CREATED,2026-09-08 10:00:01,2026-09-08 10:00:17,348
E519713,T106786,CREATED,2026-09-09 16:28:53,2026-09-09 16:28:59,169
E519672,T106770,AUTHORIZED,2026-09-09 10:11:27,2026-09-09 10:11:36,310
E516966,T105831,SETTLED,2026-09-08 20:55:42,2026-09-08 20:55:59,150
E517082,T105871,AUTHORIZED,2026-09-08 15:33:51,2026-09-08 15:34:03,37
E517908,T106157,AUTHORIZED,2026-09-08 20:04:41,2026-09-08 20:05:05,385
E516785,T105768,CREATED,2026-09-08 13:15:28,2026-09-08 13:15:29,119
E516457,T105658,CREATED,2026-09-08 14:17:38,2026-09-08 14:17:48,195
E516470,T105662,CREATED,2026-09-08 21:43:56,2026-09-08 21:44:08,348
E516739,T105751,SETTLED,2026-09-08 10:16:11,2026-09-08 10:16:16,810
E515923,T105475,CREATED,2026-09-08 16:07:37,2026-09-08 16:07:48,243
E518062,T106209,SETTLED,2026-09-08 14:32:17,2026-09-08 14:32:48,268
E517667,T106076,CREATED,2026-09-08 17:41:24,2026-09-08 17:41:38,288
E520098,T106916,SETTLED,2026-09-09 15:48:04,2026-09-09 15:48:32,748
E518925,T106509,CREATED,2026-09-09 07:22:58,2026-09-09 07:23:13,135
E519087,T106565,CREATED,2026-09-09 14:40:19,2026-09-09 14:40:23,269
E518735,T106444,SETTLED,2026-09-09 07:06:27,2026-09-09 07:06:45,254
E518762,T106453,AUTHORIZED,2026-09-09 07:07:15,2026-09-09 07:07:20,122
E518277,T106284,SETTLED,2026-09-09 22:14:40,2026-09-09 22:15:24,660
E516270,T105592,AUTHORIZED,2026-09-08 08:44:24,2026-09-08 08:44:47,153
E519435,T106686,CREATED,2026-09-09 11:29:11,2026-09-09 11:29:12,209
E517961,T106176,CREATED,2026-09-08 21:41:06,2026-09-08 21:41:17,131
E520144,T106933,AUTHORIZED,2026-09-09 11:56:30,2026-09-09 11:56:54,360
E519430,T106684,AUTHORIZED,2026-09-09 13:04:12,2026-09-09 13:04:13,419
E516740,T105752,CREATED,2026-09-08 16:34:39,2026-09-08 16:34:40,187
E517454,T106000,AUTHORIZED,2026-09-08 14:24:07,2026-09-08 14:24:36,236
E517703,T106088,AUTHORIZED,2026-09-08 07:27:46,2026-09-08 07:27:54,81
E518225,T106266,SETTLED,2026-09-09 08:19:31,2026-09-09 08:19:58,420
E518165,T106246,AUTHORIZED,2026-09-09 18:44:46,2026-09-09 18:45:07,492
E519330,T106649,SETTLED,2026-09-09 13:00:25,2026-09-09 13:00:58,599
E515817,T105436,CREATED,2026-09-08 18:00:57,2026-09-08 18:01:16,222
E518700,T106431,SETTLED,2026-09-09 13:49:42,2026-09-09 13:49:52,91
E518721,T106439,CREATED,2026-09-09 15:56:23,2026-09-09 15:56:43,261
E517089,T105873,SETTLED,2026-09-08 08:04:25,2026-09-08 08:04:58,571
E516286,T105598,AUTHORIZED,2026-09-08 16:57:44,2026-09-08 16:58:00,89
E516299,T105602,AUTHORIZED,2026-09-08 08:58:31,2026-09-08 08:58:45,407
E520261,T106974,AUTHORIZED,2026-09-09 06:01:42,2026-09-09 06:01:46,142
E516796,T105771,SETTLED,2026-09-08 17:30:19,2026-09-08 17:30:41,729
E520198,T106952,AUTHORIZED,2026-09-09 14:45:45,2026-09-09 14:45:52,257
E517045,T105858,SETTLED,2026-09-08 18:46:03,2026-09-08 18:46:29,517
E518221,T106265,AUTHORIZED,2026-09-09 09:15:00,2026-09-09 09:15:09,208
E517376,T105973,CREATED,2026-09-08 14:46:19,2026-09-08 14:46:24,43
E517735,T106099,AUTHORIZED,2026-09-08 13:01:33,2026-09-08 13:01:47,485
E518659,T106417,AUTHORIZED,2026-09-09 13:29:38,2026-09-09 13:30:03,25
E517605,T106053,SETTLED,2026-09-08 10:54:25,2026-09-08 10:54:32,698
E516108,T105536,AUTHORIZED,2026-09-08 17:31:14,2026-09-08 17:31:43,266
E518547,T106378,SETTLED,2026-09-09 20:06:18,2026-09-09 20:06:55,536
E516624,T105713,CREATED,2026-09-08 09:52:41,2026-09-08 09:52:48,123
E515835,T105443,AUTHORIZED,2026-09-08 22:33:52,2026-09-08 22:34:18,235
E519168,T106594,CREATED,2026-09-09 21:07:36,2026-09-09 21:07:55,362
E519349,T106655,SETTLED,2026-09-09 18:49:50,2026-09-09 18:50:05,877
E520231,T106964,CREATED,2026-09-09 19:34:19,2026-09-09 19:34:23,27
E518054,T106207,SETTLED,2026-09-08 21:22:19,2026-09-08 21:22:32,382
E516398,T105638,AUTHORIZED,2026-09-08 18:45:21,2026-09-08 18:45:25,455
E519853,T106834,CREATED,2026-09-09 15:06:26,2026-09-09 15:06:34,216
E515836,T105444,CREATED,2026-09-08 08:55:42,2026-09-08 08:55:46,132
E515692,T105393,CREATED,2026-09-08 15:02:57,2026-09-08 15:03:03,72
E516657,T105724,AUTHORIZED,2026-09-08 19:48:18,2026-09-08 19:48:45,480
E515681,T105389,CREATED,2026-09-08 12:33:00,2026-09-08 12:33:15,314
E516357,T105623,CREATED,2026-09-08 08:21:53,2026-09-08 08:21:57,76
E515713,T105400,AUTHORIZED,2026-09-08 19:41:09,2026-09-08 19:41:32,104
E516019,T105506,FAILED,2026-09-08 22:30:03,2026-09-08 22:30:17,493
E518324,T106300,SETTLED,2026-09-09 21:56:10,2026-09-09 21:56:49,322
E519892,T106848,CREATED,2026-09-09 08:06:03,2026-09-09 08:06:19,387
E520280,T106981,CREATED,2026-09-09 14:06:18,2026-09-09 14:06:30,245
E516818,T105780,CREATED,2026-09-08 12:56:06,2026-09-08 12:56:16,195
E516258,T105588,CREATED,2026-09-08 12:53:16,2026-09-08 12:53:18,57
E519199,T106605,SETTLED,2026-09-09 20:27:19,2026-09-09 20:27:59,848
E516323,T105610,AUTHORIZED,2026-09-08 17:04:15,2026-09-08 17:04:22,476
E519954,T106869,SETTLED,2026-09-09 21:15:36,2026-09-09 21:16:03,684
E520062,T106905,CREATED,2026-09-09 11:33:36,2026-09-09 11:33:53,152
E518670,T106421,CREATED,2026-09-09 15:24:01,2026-09-09 15:24:13,212
E516696,T105738,CREATED,2026-09-08 18:58:50,2026-09-08 18:58:57,257
E517553,T106035,AUTHORIZED,2026-09-08 10:22:06,2026-09-08 10:22:09,348
E518259,T106278,AUTHORIZED,2026-09-09 15:21:54,2026-09-09 15:21:56,151
E517860,T106141,CREATED,2026-09-08 20:09:37,2026-09-08 20:09:49,211
E518029,T106199,AUTHORIZED,2026-09-08 07:29:53,2026-09-08 07:30:14,29
E520159,T106938,AUTHORIZED,2026-09-09 21:12:41,2026-09-09 21:13:05,453
E517063,T105864,SETTLED,2026-09-08 22:41:41,2026-09-08 22:42:24,79
E517256,T105931,AUTHORIZED,2026-09-08 20:32:38,2026-09-08 20:33:07,280
E518361,T106313,CREATED,2026-09-09 07:41:47,2026-09-09 07:42:02,362
E515912,T105471,AUTHORIZED,2026-09-08 09:38:14,2026-09-08 09:38:21,123
E520296,T106986,AUTHORIZED,2026-09-09 11:56:23,2026-09-09 11:56:30,77
E519276,T106630,SETTLED,2026-09-09 12:19:05,2026-09-09 12:19:29,823
E515955,T105485,SETTLED,2026-09-08 16:57:00,2026-09-08 16:57:26,220
E519722,T106789,AUTHORIZED,2026-09-09 07:22:01,2026-09-09 07:22:22,373
E518002,T106190,SETTLED,2026-09-08 22:27:23,2026-09-08 22:27:41,563
E518392,T106325,AUTHORIZED,2026-09-09 12:35:21,2026-09-09 12:35:42,84
E515742,T105410,AUTHORIZED,2026-09-08 20:04:48,2026-09-08 20:04:53,313
E519774,T106807,AUTHORIZED,2026-09-09 17:06:17,2026-09-09 17:06:44,379
E515979,T105494,CREATED,2026-09-08 15:59:45,2026-09-08 15:59:56,103
E517863,T106142,CREATED,2026-09-08 09:57:13,2026-09-08 09:57:32,91
E517545,T106032,SETTLED,2026-09-08 21:06:25,2026-09-08 21:06:32,802
E516165,T105555,CREATED,2026-09-08 12:19:23,2026-09-08 12:19:29,99
E518851,T106483,SETTLED,2026-09-09 08:07:16,2026-09-09 08:07:45,655
E518149,T106240,SETTLED,2026-09-09 08:27:21,2026-09-09 08:27:31,423
E515832,T105442,AUTHORIZED,2026-09-08 21:34:12,2026-09-08 21:34:19,60
E515775,T105421,AUTHORIZED,2026-09-08 22:51:53,2026-09-08 22:52:10,466
E516125,T105541,SETTLED,2026-09-08 21:33:51,2026-09-08 21:34:21,192
E519261,T106626,AUTHORIZED,2026-09-09 19:48:10,2026-09-09 19:48:38,290
E519587,T106740,CREATED,2026-09-09 21:20:59,2026-09-09 21:21:12,117
E516950,T105826,AUTHORIZED,2026-09-08 07:42:37,2026-09-08 07:42:54,470
E517048,T105859,SETTLED,2026-09-08 19:18:54,2026-09-08 19:19:18,581
E519268,T106628,AUTHORIZED,2026-09-09 12:17:18,2026-09-09 12:17:28,175
E516952,T105826,SETTLED,2026-09-08 08:08:37,2026-09-08 08:09:18,562
E519679,T106773,CREATED,2026-09-09 12:27:28,2026-09-09 12:27:34,392
E518458,T106348,AUTHORIZED,2026-09-09 20:18:12,2026-09-09 20:18:34,59
E519879,T106843,CREATED,2026-09-09 21:32:38,2026-09-09 21:32:49,203
E519047,T106550,AUTHORIZED,2026-09-09 21:47:52,2026-09-09 21:48:07,440
E519588,T106740,AUTHORIZED,2026-09-09 21:21:27,2026-09-09 21:21:32,211
E519404,T106675,CREATED,2026-09-09 08:46:33,2026-09-09 08:46:38,29
E516607,T105707,SETTLED,2026-09-08 11:07:07,2026-09-08 11:07:44,714
E517649,T106069,CREATED,2026-09-08 18:25:04,2026-09-08 18:25:05,109
E517799,T106121,CREATED,2026-09-08 09:42:32,2026-09-08 09:42:48,251
E517447,T105998,CREATED,2026-09-08 11:34:10,2026-09-08 11:34:27,149
E519554,T106727,SETTLED,2026-09-09 23:17:42,2026-09-09 23:17:50,422
E519326,T106648,AUTHORIZED,2026-09-09 21:56:04,2026-09-09 21:56:20,126
E520295,T106986,CREATED,2026-09-09 11:56:07,2026-09-09 11:56:08,341
E517061,T105864,CREATED,2026-09-08 22:33:11,2026-09-08 22:33:28,35
E517501,T106017,CREATED,2026-09-08 06:26:40,2026-09-08 06:27:00,91
E519048,T106550,SETTLED,2026-09-09 22:00:52,2026-09-09 22:01:33,423
E519442,T106688,AUTHORIZED,2026-09-09 11:42:28,2026-09-09 11:42:45,427
E518190,T106254,SETTLED,2026-09-09 19:33:13,2026-09-09 19:33:38,779
E517910,T106158,CREATED,2026-09-08 06:38:23,2026-09-08 06:38:39,208
E516526,T105681,CREATED,2026-09-08 09:01:23,2026-09-08 09:01:36,44
E515994,T105498,SETTLED,2026-09-08 21:27:11,2026-09-08 21:27:48,66
E519233,T106617,CREATED,2026-09-09 15:53:29,2026-09-09 15:53:40,196
E519558,T106729,AUTHORIZED,2026-09-09 12:50:23,2026-09-09 12:50:26,217
E519376,T106664,SETTLED,2026-09-09 07:29:10,2026-09-09 07:29:31,730
E518867,T106488,SETTLED,2026-09-09 16:36:00,2026-09-09 16:36:09,828
E515871,T105457,CREATED,2026-09-08 22:47:34,2026-09-08 22:47:52,300
E516855,T105793,CREATED,2026-09-08 21:38:49,2026-09-08 21:39:06,358
E516129,T105543,CREATED,2026-09-08 12:30:00,2026-09-08 12:30:11,279
E519616,T106750,SETTLED,2026-09-09 14:12:14,2026-09-09 14:12:37,232
E519802,T106817,SETTLED,2026-09-09 13:42:34,2026-09-09 13:42:41,534
E517018,T105849,FAILED,2026-09-08 17:26:13,2026-09-08 17:26:20,57
E518308,T106294,SETTLED,2026-09-09 06:52:56,2026-09-09 06:53:32,103
E517588,T106048,CREATED,2026-09-08 08:34:48,2026-09-08 08:34:54,332
E518451,T106346,CREATED,2026-09-09 13:02:42,2026-09-09 13:02:43,205
E516058,T105520,CREATED,2026-09-08 11:13:38,2026-09-08 11:13:56,284
E519562,T106730,SETTLED,2026-09-09 17:40:06,2026-09-09 17:40:42,580
E517902,T106155,AUTHORIZED,2026-09-08 19:27:01,2026-09-08 19:27:20,203
E516761,T105759,AUTHORIZED,2026-09-08 17:42:31,2026-09-08 17:42:55,457
E517100,T105877,AUTHORIZED,2026-09-08 17:54:28,2026-09-08 17:54:58,105
E516898,T105808,CREATED,2026-09-08 17:21:02,2026-09-08 17:21:07,331
E517325,T105954,CREATED,2026-09-08 20:02:39,2026-09-08 20:02:53,234
E516438,T105652,CREATED,2026-09-08 06:07:31,2026-09-08 06:07:49,125
E517640,T106065,SETTLED,2026-09-08 14:22:39,2026-09-08 14:22:52,556
E517779,T106114,AUTHORIZED,2026-09-08 13:04:50,2026-09-08 13:04:53,59
E516689,T105735,SETTLED,2026-09-08 12:35:04,2026-09-08 12:35:33,873
E517429,T105992,AUTHORIZED,2026-09-08 21:59:17,2026-09-08 21:59:23,249
E518937,T106512,SETTLED,2026-09-09 18:24:07,2026-09-09 18:35:07,107
E519565,T106731,SETTLED,2026-09-09 10:50:39,2026-09-09 10:50:58,469
E519193,T106603,AUTHORIZED,2026-09-09 22:37:55,2026-09-09 22:38:18,379
E517437,T105994,SETTLED,2026-09-08 13:44:53,2026-09-08 13:45:36,458
E518051,T106206,SETTLED,2026-09-08 18:42:30,2026-09-08 18:43:11,197
E519734,T106793,SETTLED,2026-09-09 13:35:30,2026-09-09 13:36:08,859
E518074,T106214,CREATED,2026-09-08 10:46:31,2026-09-08 10:46:44,341
E519379,T106665,SETTLED,2026-09-10 00:44:36,2026-09-10 00:44:42,133
E520113,T106922,CREATED,2026-09-09 18:03:39,2026-09-09 18:03:41,296
E519718,T106788,CREATED,2026-09-09 15:17:53,2026-09-09 15:18:03,233
E517402,T105982,SETTLED,2026-09-08 20:01:18,2026-09-08 20:01:20,551
E519126,T106579,CREATED,2026-09-09 07:11:52,2026-09-09 07:11:55,233
E519455,T106693,CREATED,2026-09-09 14:15:43,2026-09-09 14:16:01,52
E518155,T106242,SETTLED,2026-09-09 20:00:23,2026-09-09 20:00:47,274
E517148,T105894,CREATED,2026-09-08 14:39:48,2026-09-08 14:40:03,197
E516373,T105629,AUTHORIZED,2026-09-08 17:53:11,2026-09-08 17:53:32,479
E516508,T105674,AUTHORIZED,2026-09-08 14:53:17,2026-09-08 14:53:19,343
E519295,T106637,CREATED,2026-09-09 06:47:30,2026-09-09 06:47:50,392
E516727,T105748,CREATED,2026-09-08 18:19:57,2026-09-08 18:20:17,174
E518066,T106211,AUTHORIZED,2026-09-08 11:18:31,2026-09-08 11:18:42,373
E516510,T105675,AUTHORIZED,2026-09-08 19:27:56,2026-09-08 19:28:03,271
E518302,T106293,CREATED,2026-09-09 08:26:55,2026-09-09 08:27:05,154
E517193,T105910,CREATED,2026-09-08 10:09:36,2026-09-08 10:09:40,391
E520101,T106917,AUTHORIZED,2026-09-09 17:04:52,2026-09-09 17:05:17,181
E518180,T106251,SETTLED,2026-09-09 15:01:59,2026-09-09 15:02:13,181
E518539,T106375,SETTLED,2026-09-09 10:15:08,2026-09-09 10:15:29,549
E517584,T106046,AUTHORIZED,2026-09-08 20:15:52,2026-09-08 20:16:22,47
E517452,T105999,SETTLED,2026-09-08 18:57:58,2026-09-08 18:58:04,629
E517795,T106119,SETTLED,2026-09-08 09:01:58,2026-09-08 09:02:14,847
E515909,T105470,AUTHORIZED,2026-09-08 20:44:33,2026-09-08 20:44:34,257
E518984,T106528,SETTLED,2026-09-09 08:26:38,2026-09-09 08:26:55,340
E519593,T106742,CREATED,2026-09-09 06:37:09,2026-09-09 06:37:22,170
E516130,T105543,FAILED,2026-09-08 12:30:26,2026-09-08 12:30:38,252
E516382,T105632,AUTHORIZED,2026-09-08 20:16:27,2026-09-08 20:16:42,24
E516091,T105530,SETTLED,2026-09-08 06:36:09,2026-09-08 06:36:21,178
E516424,T105647,AUTHORIZED,2026-09-08 12:01:02,2026-09-08 12:01:17,117
E519485,T106703,CREATED,2026-09-09 21:54:05,2026-09-09 21:54:17,289
E519157,T106589,SETTLED,2026-09-09 14:11:03,2026-09-09 14:11:27,243
E515735,T105407,SETTLED,2026-09-08 21:20:42,2026-09-08 21:20:50,598
E517946,T106171,AUTHORIZED,2026-09-08 12:27:16,2026-09-08 12:27:27,186
E517416,T105987,SETTLED,2026-09-08 22:44:16,2026-09-08 22:44:47,478
E518975,T106525,AUTHORIZED,2026-09-09 09:08:25,2026-09-09 09:08:50,455
E519239,T106619,CREATED,2026-09-09 08:42:30,2026-09-09 08:42:32,274
E517755,T106106,AUTHORIZED,2026-09-08 15:28:48,2026-09-08 15:28:59,415
E516730,T105748,SETTLED,2026-09-08 18:45:16,2026-09-08 18:45:51,284
E515899,T105466,FAILED,2026-09-08 21:27:25,2026-09-08 21:27:49,118
E515704,T105396,SETTLED,2026-09-08 11:50:36,2026-09-08 11:50:49,813
E515876,T105458,SETTLED,2026-09-08 11:47:25,2026-09-08 11:47:53,781
E516879,T105801,AUTHORIZED,2026-09-08 14:32:31,2026-09-08 14:32:46,404
E516098,T105533,CREATED,2026-09-08 09:44:39,2026-09-08 09:44:58,175
E518189,T106254,AUTHORIZED,2026-09-09 17:31:13,2026-09-09 17:31:22,221
E517875,T106146,CREATED,2026-09-08 15:20:04,2026-09-08 15:20:16,309
E517108,T105880,CREATED,2026-09-08 13:24:34,2026-09-08 13:24:51,162
E519124,T106578,AUTHORIZED,2026-09-09 14:02:29,2026-09-09 14:02:30,154
E515764,T105417,SETTLED,2026-09-08 10:41:22,2026-09-08 10:41:56,339
E516329,T105612,AUTHORIZED,2026-09-08 20:34:02,2026-09-08 20:34:24,176
E515886,T105462,CREATED,2026-09-08 09:13:15,2026-09-08 09:13:17,349
E515746,T105412,CREATED,2026-09-08 18:28:33,2026-09-08 18:28:53,85
E519251,T106623,CREATED,2026-09-09 14:39:03,2026-09-09 14:39:13,119
E519170,T106594,SETTLED,2026-09-09 21:17:41,2026-09-09 21:18:03,465
E519784,T106811,AUTHORIZED,2026-09-09 12:58:30,2026-09-09 12:58:35,293
E519135,T106582,CREATED,2026-09-09 10:15:09,2026-09-09 10:15:24,293
E516298,T105602,CREATED,2026-09-08 08:57:55,2026-09-08 08:58:05,180
E517192,T105909,AUTHORIZED,2026-09-08 15:37:19,2026-09-08 15:37:28,436
E518367,T106315,CREATED,2026-09-09 11:52:19,2026-09-09 11:52:34,234
E519678,T106772,SETTLED,2026-09-09 10:15:40,2026-09-09 10:15:45,311
E517038,T105856,SETTLED,2026-09-08 09:02:42,2026-09-08 09:03:22,893
E518868,T106489,CREATED,2026-09-09 14:45:59,2026-09-09 14:46:02,172
E515733,T105407,CREATED,2026-09-08 21:09:09,2026-09-08 21:09:10,235
E517141,T105891,SETTLED,2026-09-08 13:00:01,2026-09-08 13:00:23,832
E519453,T106692,CREATED,2026-09-09 16:11:57,2026-09-09 16:11:59,331
E519470,T106698,CREATED,2026-09-09 17:26:52,2026-09-09 17:26:56,183
E518636,T106409,AUTHORIZED,2026-09-09 20:55:52,2026-09-09 20:56:12,479
E518582,T106391,CREATED,2026-09-09 14:50:03,2026-09-09 14:50:09,108
E518185,T106253,CREATED,2026-09-09 12:41:14,2026-09-09 12:41:30,145
E516322,T105610,CREATED,2026-09-08 17:04:06,2026-09-08 17:04:13,176
E519860,T106836,AUTHORIZED,2026-09-09 10:55:47,2026-09-09 10:56:17,395
E518044,T106204,AUTHORIZED,2026-09-08 15:29:59,2026-09-08 15:30:19,118
E516575,T105697,AUTHORIZED,2026-09-08 07:49:16,2026-09-08 07:49:26,334
E516586,T105701,CREATED,2026-09-08 14:07:49,2026-09-08 14:07:51,237
E516816,T105779,AUTHORIZED,2026-09-08 15:13:37,2026-09-08 15:13:40,419
E518097,T106222,AUTHORIZED,2026-09-08 09:40:43,2026-09-08 09:40:55,82
E518560,T106383,AUTHORIZED,2026-09-09 17:52:38,2026-09-09 17:52:55,314
E518090,T106219,SETTLED,2026-09-08 15:47:03,2026-09-08 15:47:26,783
E519842,T106830,SETTLED,2026-09-09 22:17:21,2026-09-09 22:17:41,271
E516273,T105593,AUTHORIZED,2026-09-08 07:23:43,2026-09-08 07:23:55,110
E519988,T106880,AUTHORIZED,2026-09-09 09:06:26,2026-09-09 09:06:45,119
E517355,T105964,SETTLED,2026-09-08 21:34:06,2026-09-08 21:34:45,754
E517425,T105990,SETTLED,2026-09-08 13:35:23,2026-09-08 13:35:55,468
E518587,T106392,SETTLED,2026-09-09 21:37:59,2026-09-09 21:38:32,428
E519782,T106810,FAILED,2026-09-09 10:16:48,2026-09-09 10:16:59,496
E516348,T105620,CREATED,2026-09-08 06:12:55,2026-09-08 06:12:58,20
E518603,T106398,CREATED,2026-09-09 07:53:36,2026-09-09 07:53:52,345
E519613,T106749,SETTLED,2026-09-09 08:13:56,2026-09-09 08:14:14,322
E520242,T106967,AUTHORIZED,2026-09-09 12:37:28,2026-09-09 12:37:52,318
E517591,T106049,AUTHORIZED,2026-09-08 18:03:25,2026-09-08 18:03:43,288
E519054,T106553,CREATED,2026-09-09 06:49:01,2026-09-09 06:49:05,365
E519344,T106654,CREATED,2026-09-09 20:17:53,2026-09-09 20:17:55,329
E517884,T106149,CREATED,2026-09-08 06:18:15,2026-09-08 06:18:19,349
E516648,T105721,AUTHORIZED,2026-09-08 09:24:13,2026-09-08 09:24:23,312
E518542,T106376,SETTLED,2026-09-09 06:47:27,2026-09-09 06:47:48,405
E518419,T106334,SETTLED,2026-09-09 13:09:14,2026-09-09 13:09:57,893
E516873,T105799,CREATED,2026-09-08 07:52:20,2026-09-08 07:52:21,99
E517571,T106042,CREATED,2026-09-08 13:11:16,2026-09-08 13:11:17,183
E517489,T106012,CREATED,2026-09-08 12:51:11,2026-09-08 12:51:16,209
E520249,T106969,SETTLED,2026-09-09 12:42:42,2026-09-09 12:42:43,504
E519772,T106806,SETTLED,2026-09-09 15:56:51,2026-09-09 15:57:04,677
E520166,T106941,CREATED,2026-09-09 14:17:43,2026-09-09 14:17:49,214
E516660,T105725,AUTHORIZED,2026-09-08 18:03:56,2026-09-08 18:04:10,326
E519566,T106732,CREATED,2026-09-09 22:51:29,2026-09-09 22:51:37,99
E517956,T106174,AUTHORIZED,2026-09-08 12:40:32,2026-09-08 12:40:48,72
E518754,T106451,CREATED,2026-09-09 10:47:50,2026-09-09 10:48:04,119
E516142,T105548,CREATED,2026-09-08 20:43:41,2026-09-08 20:43:48,176
E518329,T106302,CREATED,2026-09-09 17:08:48,2026-09-09 17:08:59,342
E516145,T105548,SETTLED,2026-09-08 20:53:51,2026-09-08 20:54:36,330
E519277,T106631,CREATED,2026-09-09 07:45:25,2026-09-09 07:45:36,258
E515889,T105463,CREATED,2026-09-08 17:27:09,2026-09-08 17:27:22,303
E519143,T106584,SETTLED,2026-09-09 12:07:39,2026-09-09 12:08:05,833
E515849,T105448,SETTLED,2026-09-08 11:16:47,2026-09-08 11:17:08,263
E519402,T106674,AUTHORIZED,2026-09-09 17:21:58,2026-09-09 17:22:01,127
E516146,T105549,CREATED,2026-09-08 21:31:00,2026-09-08 21:31:02,127
E520154,T106937,CREATED,2026-09-09 19:30:48,2026-09-09 19:30:53,71
E519358,T106658,SETTLED,2026-09-09 16:15:09,2026-09-09 16:15:18,169
E515927,T105476,AUTHORIZED,2026-09-08 09:17:22,2026-09-08 09:17:36,414
E516901,T105809,AUTHORIZED,2026-09-08 08:36:14,2026-09-08 08:36:26,414
E517235,T105925,CREATED,2026-09-08 18:15:29,2026-09-08 18:15:49,320
E518567,T106386,CREATED,2026-09-09 20:42:51,2026-09-09 20:43:07,291
E518568,T106386,FAILED,2026-09-09 20:43:26,2026-09-09 20:43:43,70
E517084,T105872,AUTHORIZED,2026-09-08 06:36:35,2026-09-08 06:36:40,99
E519987,T106880,CREATED,2026-09-09 09:06:16,2026-09-09 09:06:36,67
E519776,T106808,AUTHORIZED,2026-09-09 21:19:45,2026-09-09 21:19:47,429
E517345,T105961,CREATED,2026-09-08 19:39:05,2026-09-08 19:39:16,375
E517326,T105954,AUTHORIZED,2026-09-08 20:03:18,2026-09-08 20:03:29,473
E520040,T106897,SETTLED,2026-09-09 20:56:22,2026-09-09 20:56:49,140
E519603,T106746,AUTHORIZED,2026-09-09 09:39:47,2026-09-09 09:40:17,304
E516676,T105731,CREATED,2026-09-08 17:21:34,2026-09-08 17:21:47,339
E516793,T105770,SETTLED,2026-09-08 12:43:37,2026-09-08 12:43:56,432
E519318,T106645,AUTHORIZED,2026-09-09 12:33:13,2026-09-09 12:33:16,411
E518871,T106490,AUTHORIZED,2026-09-09 07:09:01,2026-09-09 07:09:02,448
E518032,T106200,AUTHORIZED,2026-09-08 07:45:32,2026-09-08 07:45:58,202
E516048,T105517,CREATED,2026-09-08 10:21:52,2026-09-08 10:21:57,52
E516524,T105680,AUTHORIZED,2026-09-08 08:44:07,2026-09-08 08:44:10,456
E516310,T105606,AUTHORIZED,2026-09-08 07:14:59,2026-09-08 07:15:02,199
E516618,T105711,CREATED,2026-09-08 13:19:44,2026-09-08 13:19:47,386
E516610,T105708,SETTLED,2026-09-08 11:58:52,2026-09-08 11:59:28,886
E516909,T105812,CREATED,2026-09-08 21:55:40,2026-09-08 21:56:00,175
E520004,T106886,CREATED,2026-09-09 19:24:26,2026-09-09 19:24:38,361
E517697,T106086,AUTHORIZED,2026-09-08 16:41:14,2026-09-08 16:41:18,107
E519000,T106533,SETTLED,2026-09-09 12:37:47,2026-09-09 12:38:22,315
E519030,T106544,SETTLED,2026-09-09 10:54:08,2026-09-09 10:54:09,33
E516907,T105811,AUTHORIZED,2026-09-08 18:50:00,2026-09-08 18:50:30,348
E517081,T105871,CREATED,2026-09-08 15:33:23,2026-09-08 15:33:28,96
E517925,T106163,AUTHORIZED,2026-09-08 14:29:44,2026-09-08 14:30:01,269
E520153,T106936,SETTLED,2026-09-09 21:09:58,2026-09-09 21:10:01,310
E520000,T106884,AUTHORIZED,2026-09-09 16:48:21,2026-09-09 16:48:50,370
E520175,T106944,CREATED,2026-09-09 10:59:24,2026-09-09 10:59:40,176
E516078,T105526,SETTLED,2026-09-08 14:56:02,2026-09-08 14:56:20,461
E515729,T105405,SETTLED,2026-09-08 19:09:19,2026-09-08 19:09:40,655
E515783,T105424,AUTHORIZED,2026-09-08 17:19:43,2026-09-08 17:19:49,488
E519761,T106803,CREATED,2026-09-09 08:38:39,2026-09-09 08:38:59,99
E519192,T106603,CREATED,2026-09-09 22:37:34,2026-09-09 22:37:47,253
E519581,T106738,CREATED,2026-09-09 09:49:03,2026-09-09 09:49:06,317
E519516,T106714,AUTHORIZED,2026-09-09 21:25:36,2026-09-09 21:25:42,274
E517664,T106074,SETTLED,2026-09-09 17:38:05,2026-09-09 18:19:05,638
E517028,T105853,AUTHORIZED,2026-09-08 11:35:13,2026-09-08 11:35:15,456
E519532,T106720,CREATED,2026-09-09 07:41:37,2026-09-09 07:41:51,204
E515718,T105401,SETTLED,2026-09-08 11:53:40,2026-09-08 11:54:13,883
E517406,T105984,CREATED,2026-09-08 19:57:59,2026-09-08 19:58:18,180
E518690,T106428,AUTHORIZED,2026-09-09 07:06:24,2026-09-09 07:06:29,39
E518531,T106373,CREATED,2026-09-09 12:28:50,2026-09-09 12:29:00,385
E518573,T106388,CREATED,2026-09-09 11:40:45,2026-09-09 11:40:53,262
E516875,T105799,SETTLED,2026-09-08 07:56:52,2026-09-08 07:57:34,594
E518297,T106291,AUTHORIZED,2026-09-09 21:57:36,2026-09-09 21:57:46,378
E517373,T105972,CREATED,2026-09-08 15:19:36,2026-09-08 15:19:52,214
E518814,T106471,CREATED,2026-09-09 12:02:25,2026-09-09 12:02:39,221
E519523,T106716,SETTLED,2026-09-09 12:16:18,2026-09-09 12:36:18,443
E516714,T105744,CREATED,2026-09-08 13:36:19,2026-09-08 13:36:30,296
E519069,T106558,SETTLED,2026-09-09 06:33:54,2026-09-09 06:34:32,686
E518434,T106340,CREATED,2026-09-09 22:32:33,2026-09-09 22:32:40,166
E518507,T106365,CREATED,2026-09-09 15:46:44,2026-09-09 15:46:52,134
E517963,T106177,CREATED,2026-09-08 16:39:32,2026-09-08 16:39:47,182
E515767,T105418,SETTLED,2026-09-09 14:47:11,2026-09-09 14:47:28,474
E516813,T105778,CREATED,2026-09-08 15:36:02,2026-09-08 15:36:16,158
E520131,T106928,AUTHORIZED,2026-09-09 20:40:35,2026-09-09 20:40:55,381
E517003,T105844,SETTLED,2026-09-08 17:45:10,2026-09-08 17:45:48,210
E519637,T106758,AUTHORIZED,2026-09-09 12:38:33,2026-09-09 12:38:39,151
E518330,T106302,AUTHORIZED,2026-09-09 17:09:13,2026-09-09 17:09:27,106
E516152,T105550,SETTLED,2026-09-08 16:27:23,2026-09-08 16:28:01,378
E515823,T105438,CREATED,2026-09-08 13:31:29,2026-09-08 13:31:46,54
E519215,T106610,SETTLED,2026-09-10 06:47:54,2026-09-10 06:47:55,436
E519628,T106755,AUTHORIZED,2026-09-09 09:36:54,2026-09-09 09:37:21,250
E517600,T106052,AUTHORIZED,2026-09-08 17:36:33,2026-09-08 17:37:03,73
E519127,T106579,FAILED,2026-09-09 07:12:09,2026-09-09 07:12:39,359
E520220,T106960,CREATED,2026-09-09 11:05:11,2026-09-09 11:05:27,126
E518285,T106287,AUTHORIZED,2026-09-09 07:28:15,2026-09-09 07:28:28,498
E516606,T105707,AUTHORIZED,2026-09-08 10:55:07,2026-09-08 10:55:34,328
E516064,T105522,CREATED,2026-09-08 15:03:56,2026-09-08 15:03:59,296
E515924,T105475,AUTHORIZED,2026-09-08 16:07:46,2026-09-08 16:08:11,174
E515959,T105487,CREATED,2026-09-08 19:52:17,2026-09-08 19:52:22,70
E517670,T106077,CREATED,2026-09-08 15:55:33,2026-09-08 15:55:48,59
E516421,T105646,AUTHORIZED,2026-09-08 21:38:39,2026-09-08 21:38:51,489
E516383,T105632,SETTLED,2026-09-08 20:21:27,2026-09-08 20:21:40,52
E517224,T105921,AUTHORIZED,2026-09-08 13:59:58,2026-09-08 14:00:10,419
E519021,T106541,AUTHORIZED,2026-09-09 07:57:55,2026-09-09 07:58:22,215
E518390,T106324,SETTLED,2026-09-09 11:31:07,2026-09-09 11:31:11,708
E516063,T105521,SETTLED,2026-09-08 16:58:56,2026-09-08 16:59:13,132
E517001,T105844,CREATED,2026-09-08 17:32:35,2026-09-08 17:32:43,186
E517546,T106033,CREATED,2026-09-08 10:13:51,2026-09-08 10:14:10,181
E519595,T106743,CREATED,2026-09-09 06:16:42,2026-09-09 06:16:51,84
E519128,T106580,CREATED,2026-09-09 19:45:18,2026-09-09 19:45:34,311
E518132,T106234,SETTLED,2026-09-08 11:14:56,2026-09-08 11:15:05,701
E519341,T106653,CREATED,2026-09-09 06:47:20,2026-09-09 06:47:24,331
E520058,T106903,AUTHORIZED,2026-09-09 19:47:26,2026-09-09 19:47:43,466
E518094,T106221,AUTHORIZED,2026-09-08 07:45:02,2026-09-08 07:45:27,47
E516422,T105646,SETTLED,2026-09-08 22:04:39,2026-09-08 22:05:06,84
E517847,T106136,SETTLED,2026-09-08 13:44:59,2026-09-08 13:45:18,291
E516317,T105608,AUTHORIZED,2026-09-08 07:03:01,2026-09-08 07:03:25,55
E519270,T106629,CREATED,2026-09-09 18:23:24,2026-09-09 18:23:36,365
E516163,T105554,AUTHORIZED,2026-09-08 13:22:40,2026-09-08 13:22:41,294
E516669,T105728,SETTLED,2026-09-08 06:31:10,2026-09-08 06:31:54,822
E517948,T106172,CREATED,2026-09-08 14:03:21,2026-09-08 14:03:36,40
E519900,T106851,CREATED,2026-09-09 10:07:59,2026-09-09 10:08:18,285
E519113,T106574,SETTLED,2026-09-09 12:36:21,2026-09-09 12:36:24,304
E520007,T106887,CREATED,2026-09-09 16:47:59,2026-09-09 16:48:08,253
E519825,T106825,CREATED,2026-09-09 18:34:52,2026-09-09 18:35:03,114
E516053,T105518,AUTHORIZED,2026-09-08 08:20:03,2026-09-08 08:22:22,127
E517942,T106169,SETTLED,2026-09-08 11:17:41,2026-09-08 11:18:24,864
E517113,T105882,CREATED,2026-09-08 21:16:05,2026-09-08 21:16:14,102
E516434,T105650,SETTLED,2026-09-08 11:39:41,2026-09-08 11:39:42,774
E517854,T106139,CREATED,2026-09-08 21:54:53,2026-09-08 21:54:55,250
E515971,T105491,CREATED,2026-09-08 13:19:09,2026-09-08 13:19:15,336
E517926,T106164,CREATED,2026-09-08 07:26:51,2026-09-08 07:26:57,300
E519502,T106709,CREATED,2026-09-09 21:47:42,2026-09-09 21:47:57,48
E519651,T106763,CREATED,2026-09-09 14:54:13,2026-09-09 14:54:25,339
E518351,T106309,AUTHORIZED,2026-09-09 20:13:51,2026-09-09 20:13:52,229
E519036,T106546,SETTLED,2026-09-09 23:04:16,2026-09-09 23:04:45,292
E520244,T106968,CREATED,2026-09-09 22:23:25,2026-09-09 22:23:39,181
E519468,T106697,AUTHORIZED,2026-09-09 22:20:01,2026-09-09 22:20:10,221
E517749,T106104,AUTHORIZED,2026-09-08 21:49:04,2026-09-08 21:49:05,287
E517842,T106135,CREATED,2026-09-08 17:26:12,2026-09-08 17:26:15,300
E517239,T105926,AUTHORIZED,2026-09-08 10:25:52,2026-09-08 10:26:21,27
E517909,T106157,SETTLED,2026-09-08 20:06:41,2026-09-08 20:07:14,833
E516094,T105531,SETTLED,2026-09-08 14:47:38,2026-09-08 15:41:38,530
E516509,T105675,CREATED,2026-09-08 19:27:19,2026-09-08 19:27:28,66
E520256,T106972,AUTHORIZED,2026-09-09 16:26:36,2026-09-09 16:26:59,473
E519293,T106636,AUTHORIZED,2026-09-09 17:05:07,2026-09-09 17:05:33,393
E520072,T106908,AUTHORIZED,2026-09-09 19:25:39,2026-09-09 19:26:07,415
E515928,T105476,SETTLED,2026-09-08 09:41:22,2026-09-08 09:41:35,188
E518255,T106277,CREATED,2026-09-09 21:18:18,2026-09-09 21:18:35,384
E518346,T106307,SETTLED,2026-09-09 07:38:06,2026-09-09 07:38:19,577
E515758,T105415,SETTLED,2026-09-08 07:34:09,2026-09-08 07:34:26,884
E519592,T106741,SETTLED,2026-09-09 09:32:37,2026-09-09 09:33:13,590
E518476,T106354,AUTHORIZED,2026-09-09 07:28:38,2026-09-09 07:29:00,160
E516798,T105772,FAILED,2026-09-08 16:49:51,2026-09-08 16:50:16,312
E518897,T106499,CREATED,2026-09-09 07:42:23,2026-09-09 07:42:39,231
E516257,T105587,FAILED,2026-09-08 08:49:39,2026-09-08 08:50:07,396
E518964,T106521,FAILED,2026-09-09 07:11:01,2026-09-09 07:11:14,185
E516014,T105504,SETTLED,2026-09-08 12:11:26,2026-09-08 12:38:26,672
E516826,T105782,SETTLED,2026-09-08 08:33:47,2026-09-08 08:34:32,131
E518605,T106398,SETTLED,2026-09-09 08:10:43,2026-09-09 08:11:13,571
E516991,T105840,CREATED,2026-09-08 07:51:19,2026-09-08 07:51:29,292
E518321,T106299,AUTHORIZED,2026-09-09 16:40:20,2026-09-09 16:40:31,288
E517979,T106182,SETTLED,2026-09-08 10:10:03,2026-09-08 10:10:27,566
E518579,T106390,CREATED,2026-09-09 06:44:53,2026-09-09 06:45:04,204
E519490,T106705,CREATED,2026-09-09 09:44:54,2026-09-09 09:45:08,336
E519209,T106608,SETTLED,2026-09-09 21:42:57,2026-09-09 21:43:00,131
E516915,T105814,AUTHORIZED,2026-09-08 20:30:23,2026-09-08 20:30:25,484
E519768,T106805,AUTHORIZED,2026-09-09 22:00:01,2026-09-09 22:00:25,104
E516833,T105785,FAILED,2026-09-08 22:29:15,2026-09-08 22:29:36,266
E519165,T106593,CREATED,2026-09-09 19:44:02,2026-09-09 19:44:05,196
E520111,T106921,CREATED,2026-09-09 12:21:31,2026-09-09 12:21:35,187
E515816,T105435,SETTLED,2026-09-09 00:45:25,2026-09-09 00:45:45,50
E517204,T105913,SETTLED,2026-09-08 14:46:33,2026-09-08 14:47:13,186
E517502,T106017,AUTHORIZED,2026-09-08 06:26:46,2026-09-08 06:26:54,359
E516385,T105633,AUTHORIZED,2026-09-08 08:44:30,2026-09-08 08:45:00,116
E516479,T105664,SETTLED,2026-09-08 15:40:57,2026-09-08 15:40:59,44
E518191,T106255,CREATED,2026-09-09 18:53:14,2026-09-09 18:53:15,135
E516430,T105649,AUTHORIZED,2026-09-08 18:20:39,2026-09-08 18:21:04,300
E517999,T106189,SETTLED,2026-09-08 17:08:22,2026-09-08 17:08:29,588
E518717,T106437,AUTHORIZED,2026-09-09 08:58:32,2026-09-09 08:58:49,37
E519757,T106801,SETTLED,2026-09-10 04:57:59,2026-09-10 05:39:59,618
E519031,T106545,CREATED,2026-09-09 12:17:56,2026-09-09 12:18:03,125
E516266,T105590,SETTLED,2026-09-08 23:42:43,2026-09-08 23:43:20,722
E516274,T105594,CREATED,2026-09-08 21:19:45,2026-09-08 21:20:02,345
E519420,T106680,SETTLED,2026-09-09 20:14:43,2026-09-09 20:14:48,879
E517213,T105917,CREATED,2026-09-08 16:07:17,2026-09-08 16:07:26,221
E520259,T106973,AUTHORIZED,2026-09-09 07:46:09,2026-09-09 07:46:39,496
E516374,T105629,SETTLED,2026-09-08 18:05:11,2026-09-08 18:05:56,79
E518026,T106198,AUTHORIZED,2026-09-08 11:58:12,2026-09-08 11:58:14,70
E517806,T106123,CREATED,2026-09-08 11:12:07,2026-09-08 11:12:24,146
E519132,T106581,AUTHORIZED,2026-09-09 22:37:27,2026-09-09 22:37:55,405
E519487,T106703,SETTLED,2026-09-09 22:15:31,2026-09-09 22:15:56,836
E519437,T106686,SETTLED,2026-09-09 11:42:48,2026-09-09 11:42:53,302
E518309,T106295,CREATED,2026-09-09 21:47:19,2026-09-09 21:47:23,264
E519996,T106883,CREATED,2026-09-09 16:30:38,2026-09-09 16:30:50,78
E519354,T106657,CREATED,2026-09-09 18:30:01,2026-09-09 18:30:17,353
E520143,T106933,CREATED,2026-09-09 11:56:00,2026-09-09 11:56:19,375
E518393,T106325,SETTLED,2026-09-09 12:39:21,2026-09-09 12:39:50,527
E520217,T106959,CREATED,2026-09-09 11:20:36,2026-09-09 11:20:53,384
E519685,T106775,AUTHORIZED,2026-09-09 11:12:04,2026-09-09 11:12:21,73
E517289,T105941,SETTLED,2026-09-08 20:52:39,2026-09-08 20:52:51,752
E518175,T106250,CREATED,2026-09-09 11:39:46,2026-09-09 11:40:00,318
E516088,T105530,CREATED,2026-09-08 06:00:52,2026-09-08 06:00:54,249
E517812,T106125,CREATED,2026-09-08 17:07:27,2026-09-08 17:07:44,328
E519897,T106850,CREATED,2026-09-09 22:19:20,2026-09-09 22:19:21,394
E518800,T106466,SETTLED,2026-09-09 13:22:55,2026-09-09 13:23:34,35
E518677,T106423,FAILED,2026-09-09 08:49:01,2026-09-09 08:49:28,212
E517064,T105865,CREATED,2026-09-08 07:43:17,2026-09-08 07:43:23,213
E517315,T105950,AUTHORIZED,2026-09-08 06:18:11,2026-09-08 06:18:23,461
E519835,T106828,AUTHORIZED,2026-09-09 11:11:50,2026-09-09 11:12:15,229
E517932,T106166,AUTHORIZED,2026-09-08 16:54:10,2026-09-08 16:54:27,41
E520039,T106897,AUTHORIZED,2026-09-09 20:29:22,2026-09-09 20:29:50,104
E520283,T106982,CREATED,2026-09-09 22:28:47,2026-09-09 22:28:54,106
E516055,T105519,CREATED,2026-09-08 17:16:46,2026-09-08 17:16:47,176
E515819,T105436,SETTLED,2026-09-08 18:16:23,2026-09-08 18:17:05,386
E517578,T106044,CREATED,2026-09-08 17:28:38,2026-09-08 17:28:42,116
E517363,T105968,CREATED,2026-09-08 22:06:00,2026-09-08 22:06:12,61
E517522,T106024,SETTLED,2026-09-08 15:26:03,2026-09-08 15:26:16,699
E520248,T106969,AUTHORIZED,2026-09-09 12:22:42,2026-09-09 12:22:52,21
E516718,T105745,CREATED,2026-09-08 21:04:51,2026-09-08 21:05:05,55
E519721,T106789,CREATED,2026-09-09 07:21:42,2026-09-09 07:21:43,279
E518535,T106374,AUTHORIZED,2026-09-09 18:24:12,2026-09-09 18:24:37,162
E518422,T106335,SETTLED,2026-09-09 08:51:02,2026-09-09 08:51:47,337
E516914,T105814,CREATED,2026-09-08 20:30:11,2026-09-08 20:30:19,38
E520005,T106886,AUTHORIZED,2026-09-09 19:25:05,2026-09-09 19:25:35,284
E518828,T106476,CREATED,2026-09-09 10:39:05,2026-09-09 10:39:10,51
E515785,T105425,CREATED,2026-09-08 18:42:32,2026-09-08 18:42:50,20
E516941,T105823,SETTLED,2026-09-08 19:45:22,2026-09-08 19:45:35,430
E517310,T105948,FAILED,2026-09-08 12:58:51,2026-09-08 12:58:53,371
E516174,T105558,CREATED,2026-09-08 16:11:06,2026-09-08 16:11:12,279
E517784,T106116,CREATED,2026-09-08 16:52:49,2026-09-08 16:52:56,263
E517240,T105926,SETTLED,2026-09-08 10:53:52,2026-09-08 10:54:16,759
E519064,T106556,SETTLED,2026-09-09 22:49:51,2026-09-09 22:50:33,536
E519578,T106736,AUTHORIZED,2026-09-09 17:12:02,2026-09-09 17:12:20,24
E517217,T105918,SETTLED,2026-09-08 19:06:13,2026-09-08 19:06:48,422
E517058,T105862,SETTLED,2026-09-08 12:38:12,2026-09-08 12:38:25,448
E520013,T106889,CREATED,2026-09-09 22:13:26,2026-09-09 22:13:40,99
E517850,T106137,SETTLED,2026-09-08 19:11:04,2026-09-08 19:11:38,85
E519255,T106624,AUTHORIZED,2026-09-09 20:01:27,2026-09-09 20:01:39,415
E518997,T106532,SETTLED,2026-09-09 13:45:51,2026-09-09 13:46:23,322
E518228,T106267,AUTHORIZED,2026-09-09 10:16:33,2026-09-09 10:16:38,434
E519665,T106768,CREATED,2026-09-09 08:50:03,2026-09-09 08:50:12,36
E518381,T106321,CREATED,2026-09-09 17:06:32,2026-09-09 17:06:38,43
E517318,T105951,SETTLED,2026-09-09 01:15:09,2026-09-09 01:15:43,844
E518639,T106410,FAILED,2026-09-09 19:42:37,2026-09-09 19:42:44,30
E519953,T106869,AUTHORIZED,2026-09-09 20:59:36,2026-09-09 20:59:52,203
E515716,T105401,CREATED,2026-09-08 11:41:29,2026-09-08 11:41:44,150
E518223,T106266,CREATED,2026-09-09 08:04:04,2026-09-09 08:04:21,394
E516661,T105725,SETTLED,2026-09-08 18:10:56,2026-09-08 18:11:10,144
E518848,T106482,SETTLED,2026-09-09 12:29:43,2026-09-09 12:29:44,285
E517924,T106163,CREATED,2026-09-08 14:29:08,2026-09-08 14:29:25,383
E517861,T106141,AUTHORIZED,2026-09-08 20:09:58,2026-09-08 20:10:21,489
E519917,T106857,CREATED,2026-09-09 13:33:29,2026-09-09 13:33:37,398
E516026,T105509,AUTHORIZED,2026-09-08 16:56:46,2026-09-08 16:56:59,242
E517870,T106144,AUTHORIZED,2026-09-08 16:34:31,2026-09-08 16:34:47,484
E518047,T106205,AUTHORIZED,2026-09-08 10:56:22,2026-09-08 10:56:42,261
E516567,T105694,SETTLED,2026-09-08 16:05:50,2026-09-08 16:06:26,79
E519308,T106641,SETTLED,2026-09-09 17:32:05,2026-09-09 17:32:23,220
E519740,T106796,CREATED,2026-09-09 13:34:40,2026-09-09 13:34:41,164
E516463,T105659,SETTLED,2026-09-08 19:52:04,2026-09-08 19:52:38,301
E516328,T105612,CREATED,2026-09-08 20:33:50,2026-09-08 20:34:08,128
E516835,T105786,AUTHORIZED,2026-09-08 13:10:52,2026-09-08 13:11:18,295
E517957,T106174,SETTLED,2026-09-08 12:49:32,2026-09-08 12:50:02,666
E518959,T106519,SETTLED,2026-09-09 17:05:25,2026-09-09 17:06:07,576
E519939,T106864,AUTHORIZED,2026-09-09 12:36:18,2026-09-09 12:36:45,187
E517211,T105916,CREATED,2026-09-08 10:10:32,2026-09-08 10:10:39,197
E519377,T106665,CREATED,2026-09-09 08:21:20,2026-09-09 08:21:40,219
E518082,T106217,AUTHORIZED,2026-09-08 10:15:53,2026-09-08 10:16:14,326
E518888,T106496,CREATED,2026-09-09 09:57:56,2026-09-09 09:58:00,103
E519899,T106850,SETTLED,2026-09-09 22:37:46,2026-09-09 22:38:10,356
E515878,T105459,AUTHORIZED,2026-09-08 08:27:22,2026-09-08 08:27:37,401
E519220,T106612,SETTLED,2026-09-09 15:30:25,2026-09-09 15:31:04,155
E519927,T106860,SETTLED,2026-09-09 19:09:32,2026-09-09 19:09:59,324
E518638,T106410,CREATED,2026-09-09 19:42:20,2026-09-09 19:42:31,212
E517033,T105855,CREATED,2026-09-08 09:58:31,2026-09-08 09:58:40,222
E518707,T106434,CREATED,2026-09-09 18:43:15,2026-09-09 18:43:25,306
E520125,T106926,AUTHORIZED,2026-09-09 13:05:55,2026-09-09 13:06:14,274
E519297,T106638,CREATED,2026-09-09 20:42:41,2026-09-09 20:43:01,173
E519352,T106656,SETTLED,2026-09-09 08:11:52,2026-09-09 08:12:08,402
E515772,T105420,AUTHORIZED,2026-09-08 21:13:46,2026-09-08 21:14:03,384
E518514,T106367,AUTHORIZED,2026-09-09 21:03:30,2026-09-09 21:03:44,208
E519778,T106809,CREATED,2026-09-09 22:01:56,2026-09-09 22:02:15,93
E520292,T106985,CREATED,2026-09-09 16:33:44,2026-09-09 16:33:46,255
E516193,T105564,AUTHORIZED,2026-09-08 21:40:17,2026-09-08 21:40:46,281
E519432,T106685,CREATED,2026-09-09 19:41:44,2026-09-09 19:42:00,170
E519622,T106753,AUTHORIZED,2026-09-09 11:57:17,2026-09-09 11:57:37,58
E520044,T106899,CREATED,2026-09-09 06:39:46,2026-09-09 06:39:48,50
E518280,T106285,SETTLED,2026-09-09 06:14:16,2026-09-09 06:14:55,515
E517818,T106127,CREATED,2026-09-08 17:30:28,2026-09-08 17:30:42,175
E517773,T106112,AUTHORIZED,2026-09-08 07:35:11,2026-09-08 07:35:19,84
E520019,T106891,CREATED,2026-09-09 07:41:09,2026-09-09 07:41:20,191
E519331,T106650,CREATED,2026-09-09 14:22:14,2026-09-09 14:22:21,119
E519677,T106772,AUTHORIZED,2026-09-09 10:04:40,2026-09-09 10:04:54,232
E519240,T106619,AUTHORIZED,2026-09-09 08:42:38,2026-09-09 08:42:43,407
E519817,T106822,SETTLED,2026-09-09 14:34:32,2026-09-09 14:34:56,475
E518004,T106191,AUTHORIZED,2026-09-08 10:27:48,2026-09-08 10:28:11,86
E516960,T105829,AUTHORIZED,2026-09-08 06:52:13,2026-09-08 06:52:17,483
E516314,T105607,SETTLED,2026-09-08 10:20:54,2026-09-08 10:21:18,226
E518279,T106285,AUTHORIZED,2026-09-09 06:11:16,2026-09-09 06:11:22,353
E518773,T106457,CREATED,2026-09-09 12:17:19,2026-09-09 12:17:25,261
E517470,T106005,AUTHORIZED,2026-09-08 07:52:55,2026-09-08 07:53:20,124
E519762,T106803,AUTHORIZED,2026-09-09 08:39:12,2026-09-09 08:39:35,268
E516212,T105571,SETTLED,2026-09-08 10:06:19,2026-09-08 10:06:36,570
E518590,T106393,SETTLED,2026-09-09 06:46:33,2026-09-09 07:06:33,351
E518618,T106402,SETTLED,2026-09-09 15:03:32,2026-09-09 15:04:11,591
E518956,T106519,CREATED,2026-09-09 16:43:53,2026-09-09 16:43:55,252
E517094,T105875,AUTHORIZED,2026-09-08 10:35:58,2026-09-08 10:36:13,179
E518415,T106333,AUTHORIZED,2026-09-09 08:16:34,2026-09-09 08:16:46,396
E517987,T106185,SETTLED,2026-09-08 07:12:00,2026-09-08 07:12:45,687
E518910,T106503,SETTLED,2026-09-09 13:50:48,2026-09-09 14:33:48,175
E517453,T106000,CREATED,2026-09-08 14:23:56,2026-09-08 14:24:03,274
E517120,T105884,AUTHORIZED,2026-09-08 19:54:03,2026-09-08 19:54:10,311
E520083,T106911,SETTLED,2026-09-09 13:03:11,2026-09-09 13:03:16,668
E515712,T105400,CREATED,2026-09-08 19:40:54,2026-09-08 19:41:03,314
E518084,T106218,CREATED,2026-09-08 20:58:59,2026-09-08 20:59:17,128
E518591,T106394,CREATED,2026-09-09 08:28:03,2026-09-09 08:28:11,384
E516261,T105589,CREATED,2026-09-08 20:55:39,2026-09-08 20:55:42,318
E519122,T106577,SETTLED,2026-09-09 17:58:41,2026-09-09 17:59:05,187
E515693,T105393,AUTHORIZED,2026-09-08 15:03:11,2026-09-08 15:03:20,485
E518397,T106327,CREATED,2026-09-09 15:19:33,2026-09-09 15:19:45,359
E519483,T106702,AUTHORIZED,2026-09-09 09:06:03,2026-09-09 09:06:27,236
E516625,T105713,AUTHORIZED,2026-09-08 09:53:19,2026-09-08 09:53:32,336
E518584,T106391,SETTLED,2026-09-09 14:57:15,2026-09-09 14:57:51,461
E519779,T106809,AUTHORIZED,2026-09-09 22:02:08,2026-09-09 22:02:33,33
E518325,T106301,CREATED,2026-09-09 07:53:18,2026-09-09 07:53:30,196
E519919,T106857,SETTLED,2026-09-09 13:58:39,2026-09-09 13:58:40,264
E519586,T106739,SETTLED,2026-09-09 16:01:20,2026-09-09 16:01:38,498
E519043,T106549,CREATED,2026-09-09 20:11:10,2026-09-09 20:11:27,184
E518866,T106488,AUTHORIZED,2026-09-09 16:17:00,2026-09-09 16:17:28,231
E516320,T105609,AUTHORIZED,2026-09-08 15:46:24,2026-09-08 15:46:52,73
E516551,T105689,SETTLED,2026-09-08 15:02:06,2026-09-08 15:02:24,534
E517905,T106156,AUTHORIZED,2026-09-08 06:58:02,2026-09-08 06:58:12,94
E516846,T105790,CREATED,2026-09-08 07:53:15,2026-09-08 07:53:34,36
E518981,T106527,SETTLED,2026-09-09 19:09:38,2026-09-09 19:09:53,802
E519906,T106853,CREATED,2026-09-09 19:46:42,2026-09-09 19:46:43,336
E518921,T106507,AUTHORIZED,2026-09-09 16:35:11,2026-09-09 16:35:12,496
E519336,T106651,SETTLED,2026-09-09 10:06:07,2026-09-09 10:06:49,518
E518524,T106370,AUTHORIZED,2026-09-09 20:29:28,2026-09-09 20:29:32,35
E516356,T105622,SETTLED,2026-09-08 08:25:35,2026-09-08 08:26:09,250
E518470,T106352,SETTLED,2026-09-09 13:45:02,2026-09-09 13:45:28,431
E519949,T106868,CREATED,2026-09-09 12:18:02,2026-09-09 12:18:03,379
E518680,T106425,CREATED,2026-09-09 20:16:57,2026-09-09 20:17:13,291
E518839,T106479,SETTLED,2026-09-09 16:59:53,2026-09-09 16:59:59,505
E518753,T106450,SETTLED,2026-09-09 11:31:29,2026-09-09 11:32:05,442
E517598,T106051,SETTLED,2026-09-08 12:25:04,2026-09-08 12:25:19,587
E516391,T105635,SETTLED,2026-09-08 21:06:33,2026-09-08 21:07:15,748
E517342,T105960,CREATED,2026-09-08 18:57:37,2026-09-08 18:57:46,58
E516492,T105669,CREATED,2026-09-08 09:01:52,2026-09-08 09:01:58,298
E520054,T106902,CREATED,2026-09-09 10:08:04,2026-09-09 10:08:13,106
E519838,T106829,AUTHORIZED,2026-09-09 09:54:53,2026-09-09 09:55:11,93
E516302,T105603,FAILED,2026-09-08 15:55:37,2026-09-08 15:55:51,194
E516673,T105730,CREATED,2026-09-08 14:53:49,2026-09-08 14:54:03,27
E517650,T106069,AUTHORIZED,2026-09-08 18:25:26,2026-09-08 18:25:47,305
E519631,T106756,AUTHORIZED,2026-09-09 10:31:28,2026-09-09 10:31:38,495
E516858,T105794,CREATED,2026-09-08 08:40:18,2026-09-08 08:40:25,341
E517675,T106078,SETTLED,2026-09-08 16:54:19,2026-09-08 16:54:32,575
E518546,T106378,AUTHORIZED,2026-09-09 19:53:18,2026-09-09 19:53:41,294
E515915,T105472,AUTHORIZED,2026-09-08 12:09:08,2026-09-08 12:09:34,489
E518644,T106412,AUTHORIZED,2026-09-09 18:43:32,2026-09-09 18:44:58,125
E520179,T106945,AUTHORIZED,2026-09-09 10:30:54,2026-09-09 10:31:13,193
E518183,T106252,AUTHORIZED,2026-09-09 08:20:53,2026-09-09 08:21:13,20
E519904,T106852,AUTHORIZED,2026-09-09 19:49:53,2026-09-09 19:50:16,302
E517296,T105944,AUTHORIZED,2026-09-08 12:14:53,2026-09-08 12:14:54,149
E519686,T106775,SETTLED,2026-09-09 11:30:04,2026-09-09 11:30:41,626
E516928,T105819,CREATED,2026-09-08 19:19:35,2026-09-08 19:19:50,292
E519425,T106682,AUTHORIZED,2026-09-09 06:18:10,2026-09-09 06:18:34,205
E515741,T105410,CREATED,2026-09-08 20:04:39,2026-09-08 20:04:59,284
E519444,T106689,CREATED,2026-09-09 07:01:38,2026-09-09 07:01:40,75
E517690,T106084,CREATED,2026-09-08 19:07:25,2026-09-08 19:07:44,71
E519642,T106760,CREATED,2026-09-09 17:49:10,2026-09-09 17:49:16,347
E520203,T106954,CREATED,2026-09-09 10:54:13,2026-09-09 10:54:28,132
E516562,T105693,AUTHORIZED,2026-09-08 21:28:29,2026-09-08 21:28:53,22
E517555,T106036,CREATED,2026-09-08 09:56:21,2026-09-08 09:56:32,75
E516114,T105538,AUTHORIZED,2026-09-08 21:50:03,2026-09-08 21:50:20,330
E519619,T106752,CREATED,2026-09-09 22:30:56,2026-09-09 22:30:59,241
E517227,T105922,AUTHORIZED,2026-09-08 22:04:20,2026-09-08 22:04:38,269
E518795,T106465,SETTLED,2026-09-09 07:46:31,2026-09-09 07:46:49,450
E516563,T105693,SETTLED,2026-09-08 22:25:29,2026-09-08 22:25:40,453
E516579,T105698,SETTLED,2026-09-08 18:40:40,2026-09-08 18:40:52,549
E519117,T106576,CREATED,2026-09-09 21:58:06,2026-09-09 21:58:14,361
E515750,T105413,AUTHORIZED,2026-09-08 12:34:40,2026-09-08 12:34:46,298
E519608,T106748,CREATED,2026-09-09 06:44:50,2026-09-09 06:45:10,107
E519049,T106551,CREATED,2026-09-09 18:52:20,2026-09-09 18:52:39,340
E516568,T105695,CREATED,2026-09-08 09:11:39,2026-09-08 09:11:52,66
E519692,T106778,AUTHORIZED,2026-09-09 08:50:56,2026-09-09 08:51:11,150
E519321,T106646,SETTLED,2026-09-09 20:45:57,2026-09-09 20:46:25,135
E520068,T106907,CREATED,2026-09-09 15:01:09,2026-09-09 15:01:27,170
E518865,T106488,CREATED,2026-09-09 16:16:28,2026-09-09 16:16:29,399
E519147,T106586,CREATED,2026-09-09 13:21:19,2026-09-09 13:21:26,292
E518227,T106267,CREATED,2026-09-09 10:16:01,2026-09-09 10:16:19,173
E515897,T105465,SETTLED,2026-09-08 23:03:16,2026-09-08 23:03:27,576
E517284,T105940,CREATED,2026-09-08 09:00:00,2026-09-08 09:00:11,373
E519145,T106585,AUTHORIZED,2026-09-09 18:18:46,2026-09-09 18:18:55,24
E518757,T106452,CREATED,2026-09-09 18:49:36,2026-09-09 18:49:53,306
E517025,T105852,CREATED,2026-09-08 16:26:28,2026-09-08 16:26:37,382
E519203,T106607,CREATED,2026-09-09 08:05:14,2026-09-09 08:05:20,365
E518695,T106430,CREATED,2026-09-09 19:13:14,2026-09-09 19:13:29,247
E519051,T106552,CREATED,2026-09-09 20:26:45,2026-09-09 20:27:00,340
E516137,T105546,AUTHORIZED,2026-09-08 21:35:19,2026-09-08 21:35:33,42
E519893,T106848,AUTHORIZED,2026-09-09 08:06:22,2026-09-09 08:06:27,117
E516837,T105787,CREATED,2026-09-08 10:10:30,2026-09-08 10:10:47,215
E516230,T105578,CREATED,2026-09-08 12:51:08,2026-09-08 12:51:16,139
E518538,T106375,AUTHORIZED,2026-09-09 10:12:08,2026-09-09 10:12:14,88
E519568,T106732,SETTLED,2026-09-09 22:54:59,2026-09-09 22:55:18,861
E520119,T106924,AUTHORIZED,2026-09-09 16:34:38,2026-09-09 16:34:39,433
E516919,T105815,SETTLED,2026-09-08 22:23:53,2026-09-08 22:24:00,188
E517006,T105845,AUTHORIZED,2026-09-08 16:30:39,2026-09-08 16:30:57,384
E519652,T106763,AUTHORIZED,2026-09-09 14:54:18,2026-09-09 14:54:31,308
E519527,T106718,CREATED,2026-09-09 07:11:20,2026-09-09 07:11:24,183
E518734,T106444,AUTHORIZED,2026-09-09 06:56:27,2026-09-09 06:56:28,286
E517054,T105861,SETTLED,2026-09-08 06:58:25,2026-09-08 06:58:38,482
E516138,T105546,SETTLED,2026-09-08 21:53:19,2026-09-08 21:53:54,606
E518563,T106384,AUTHORIZED,2026-09-09 18:00:20,2026-09-09 18:00:47,215
E518962,T106520,SETTLED,2026-09-09 08:33:41,2026-09-09 08:34:13,394
E518348,T106308,AUTHORIZED,2026-09-09 11:32:29,2026-09-09 11:32:47,438
E517019,T105850,CREATED,2026-09-08 09:43:16,2026-09-08 09:43:25,177
E518672,T106421,SETTLED,2026-09-09 15:38:31,2026-09-09 15:39:11,298
E518811,T106470,CREATED,2026-09-09 18:20:00,2026-09-09 18:20:12,326
E519146,T106585,SETTLED,2026-09-09 18:39:46,2026-09-09 19:25:46,369
E518644,T106412,AUTHORIZED,2026-09-09 18:43:32,2026-09-09 18:43:58,125
E519339,T106652,AUTHORIZED,2026-09-09 21:22:05,2026-09-09 21:22:22,152
E517505,T106018,SETTLED,2026-09-08 17:41:07,2026-09-08 17:41:30,106
E518725,T106440,AUTHORIZED,2026-09-09 19:16:20,2026-09-09 19:16:46,259
E518199,T106257,SETTLED,2026-09-09 22:17:05,2026-09-09 22:17:47,117
E517301,T105945,SETTLED,2026-09-08 21:51:48,2026-09-08 21:52:23,429
E520141,T106932,AUTHORIZED,2026-09-09 12:42:49,2026-09-09 12:43:17,331
E515682,T105389,AUTHORIZED,2026-09-08 12:33:28,2026-09-08 12:33:48,294
E517438,T105995,CREATED,2026-09-08 09:29:50,2026-09-08 09:30:04,325
E517917,T106160,SETTLED,2026-09-08 16:59:21,2026-09-08 17:44:21,464
E519551,T106726,SETTLED,2026-09-09 10:06:48,2026-09-09 10:06:58,283
E519839,T106829,SETTLED,2026-09-09 09:56:53,2026-09-09 09:57:06,826
E519916,T106856,SETTLED,2026-09-09 17:57:29,2026-09-09 17:58:00,85
E516956,T105828,CREATED,2026-09-08 19:12:01,2026-09-08 19:12:12,219
E517775,T106113,CREATED,2026-09-08 20:41:20,2026-09-08 20:41:37,380
E518160,T106244,SETTLED,2026-09-09 10:46:58,2026-09-09 10:47:02,486
E515839,T105445,AUTHORIZED,2026-09-08 12:36:09,2026-09-08 12:36:16,400
E519862,T106837,CREATED,2026-09-09 06:23:04,2026-09-09 06:23:19,200
E518158,T106244,CREATED,2026-09-09 10:32:49,2026-09-09 10:33:05,198
E520035,T106896,AUTHORIZED,2026-09-09 07:05:44,2026-09-09 07:05:58,334
E516184,T105561,CREATED,2026-09-08 10:24:21,2026-09-08 10:24:41,380
E518891,T106497,CREATED,2026-09-09 19:08:18,2026-09-09 19:08:24,155
E517107,T105879,SETTLED,2026-09-08 08:38:21,2026-09-08 08:38:42,213
E519522,T106716,AUTHORIZED,2026-09-09 12:03:18,2026-09-09 12:03:33,453
E518916,T106505,SETTLED,2026-09-09 08:55:10,2026-09-09 08:55:51,114
E519986,T106879,SETTLED,2026-09-09 19:37:38,2026-09-09 19:38:00,202
E519389,T106669,SETTLED,2026-09-09 16:00:39,2026-09-09 16:00:58,387
E518562,T106384,CREATED,2026-09-09 17:59:47,2026-09-09 18:00:06,263
E518521,T106369,AUTHORIZED,2026-09-09 14:46:52,2026-09-09 14:47:15,226
E516916,T105814,SETTLED,2026-09-08 20:55:23,2026-09-08 22:03:23,262
E516318,T105608,SETTLED,2026-09-08 07:05:01,2026-09-08 07:05:09,552
E517129,T105887,SETTLED,2026-09-08 19:20:43,2026-09-08 19:21:07,647
E519633,T106757,CREATED,2026-09-09 08:51:48,2026-09-09 08:52:07,109
E518607,T106399,AUTHORIZED,2026-09-09 10:42:34,2026-09-09 10:42:45,21
E518515,T106367,SETTLED,2026-09-09 21:31:30,2026-09-09 21:31:44,685
E516038,T105513,SETTLED,2026-09-08 23:13:17,2026-09-08 23:13:47,301
E517792,T106118,SETTLED,2026-09-08 12:29:04,2026-09-08 12:29:10,560
E517186,T105907,AUTHORIZED,2026-09-08 20:28:45,2026-09-08 20:28:46,301
E516748,T105755,AUTHORIZED,2026-09-08 11:17:29,2026-09-08 11:17:47,191
E517441,T105996,CREATED,2026-09-08 10:46:54,2026-09-08 10:46:56,182
E516830,T105784,CREATED,2026-09-08 13:12:50,2026-09-08 13:12:57,350
E517780,T106114,SETTLED,2026-09-08 13:10:50,2026-09-08 14:38:50,628
E516117,T105539,CREATED,2026-09-08 11:55:51,2026-09-08 11:56:05,365
E516750,T105755,SETTLED,2026-09-08 11:30:29,2026-09-08 11:31:07,294
E516519,T105678,SETTLED,2026-09-08 12:48:13,2026-09-08 12:48:28,99
E518480,T106355,SETTLED,2026-09-09 09:24:41,2026-09-09 09:24:48,262
E515736,T105408,CREATED,2026-09-08 22:46:27,2026-09-08 22:46:28,227
E516934,T105821,AUTHORIZED,2026-09-08 09:50:19,2026-09-08 09:50:46,67
E515917,T105473,CREATED,2026-09-08 07:52:17,2026-09-08 07:52:19,235
E516241,T105582,AUTHORIZED,2026-09-08 22:53:47,2026-09-08 22:53:54,489
E516454,T105657,CREATED,2026-09-08 22:51:34,2026-09-08 22:51:41,76
E518844,T106481,AUTHORIZED,2026-09-09 07:45:10,2026-09-09 07:45:36,334
E519632,T106756,SETTLED,2026-09-09 10:56:28,2026-09-09 10:56:33,841
E520031,T106895,CREATED,2026-09-09 18:32:55,2026-09-09 18:33:08,228
E517596,T106051,CREATED,2026-09-08 12:02:56,2026-09-08 12:03:02,339
E517616,T106057,AUTHORIZED,2026-09-08 14:23:31,2026-09-08 14:23:40,194
E519012,T106538,AUTHORIZED,2026-09-09 22:02:21,2026-09-09 22:02:47,306
E520267,T106976,SETTLED,2026-09-09 16:00:34,2026-09-09 16:01:05,242
E516532,T105683,CREATED,2026-09-08 13:56:28,2026-09-08 13:56:35,271
E518771,T106456,AUTHORIZED,2026-09-09 22:51:36,2026-09-09 22:51:50,325
E516333,T105614,FAILED,2026-09-08 13:53:51,2026-09-08 13:54:11,492
E520011,T106888,AUTHORIZED,2026-09-09 06:54:58,2026-09-09 06:55:20,398
E516353,T105621,SETTLED,2026-09-08 08:56:34,2026-09-08 08:56:36,396
E518020,T106196,CREATED,2026-09-08 07:31:53,2026-09-08 07:32:02,206
E518830,T106476,SETTLED,2026-09-09 11:06:33,2026-09-09 11:06:37,850
E519062,T106556,CREATED,2026-09-09 22:23:42,2026-09-09 22:23:50,52
E515786,T105425,AUTHORIZED,2026-09-08 18:42:45,2026-09-08 18:42:52,324
E518555,T106381,AUTHORIZED,2026-09-09 08:16:11,2026-09-09 08:16:16,424
E516778,T105765,AUTHORIZED,2026-09-08 11:44:52,2026-09-08 11:44:58,51
E516595,T105703,SETTLED,2026-09-08 19:23:08,2026-09-08 19:23:33,191
E518494,T106360,SETTLED,2026-09-09 16:42:06,2026-09-09 16:42:18,841
E517039,T105856,SETTLED,2026-09-08 09:08:42,2026-09-08 09:09:27,475
E520263,T106975,CREATED,2026-09-09 09:52:17,2026-09-09 09:52:33,28
E518380,T106320,SETTLED,2026-09-09 20:22:33,2026-09-09 20:22:53,792
E518829,T106476,AUTHORIZED,2026-09-09 10:39:33,2026-09-09 10:39:58,497
E519025,T106542,SETTLED,2026-09-09 12:24:36,2026-09-09 12:24:41,632
E519083,T106563,AUTHORIZED,2026-09-09 10:10:35,2026-09-09 10:10:49,47
E518765,T106454,AUTHORIZED,2026-09-09 18:33:06,2026-09-09 18:33:07,266
E520142,T106932,SETTLED,2026-09-09 13:00:49,2026-09-09 13:01:27,556
E519979,T106877,AUTHORIZED,2026-09-09 22:04:57,2026-09-09 22:05:04,363
E517350,T105962,SETTLED,2026-09-08 20:31:41,2026-09-08 21:15:41,175
E519222,T106613,CREATED,2026-09-09 08:07:54,2026-09-09 08:07:56,100
E518812,T106470,AUTHORIZED,2026-09-09 18:20:35,2026-09-09 18:20:49,37
E517286,T105940,SETTLED,2026-09-08 09:04:36,2026-09-08 09:05:20,444
E516749,T105755,SETTLED,2026-09-08 11:22:29,2026-09-08 11:22:32,45
E517241,T105927,CREATED,2026-09-08 09:11:14,2026-09-08 09:11:17,214
E520057,T106903,CREATED,2026-09-09 19:47:06,2026-09-09 19:47:16,360
E520056,T106902,SETTLED,2026-09-09 10:29:35,2026-09-09 10:30:06,867
E519525,T106717,AUTHORIZED,2026-09-09 16:03:30,2026-09-09 16:03:34,176
E515800,T105430,CREATED,2026-09-08 21:31:48,2026-09-08 21:32:02,78
E516506,T105673,SETTLED,2026-09-08 14:36:22,2026-09-08 14:36:25,554
E518719,T106438,AUTHORIZED,2026-09-09 18:34:19,2026-09-09 18:34:27,369
E519284,T106633,AUTHORIZED,2026-09-09 12:17:15,2026-09-09 12:17:26,173
E519098,T106569,AUTHORIZED,2026-09-09 11:40:52,2026-09-09 11:41:14,427
E517031,T105854,AUTHORIZED,2026-09-08 13:27:02,2026-09-08 13:27:28,411
E516127,T105542,AUTHORIZED,2026-09-08 21:54:55,2026-09-08 21:55:00,26
E517644,T106067,CREATED,2026-09-08 13:50:36,2026-09-08 13:50:44,89
E518783,T106461,CREATED,2026-09-09 10:18:03,2026-09-09 10:18:23,181
E517060,T105863,FAILED,2026-09-08 15:34:54,2026-09-08 15:35:20,41
E519461,T106695,CREATED,2026-09-09 22:02:25,2026-09-09 22:02:33,189
E519881,T106843,SETTLED,2026-09-09 21:35:43,2026-09-09 21:36:04,466
E516927,T105818,SETTLED,2026-09-08 18:39:51,2026-09-08 18:40:04,718
E518818,T106472,AUTHORIZED,2026-09-09 08:19:09,2026-09-09 08:19:21,82
E515846,T105447,SETTLED,2026-09-08 14:58:00,2026-09-08 14:58:03,444
E519925,T106860,CREATED,2026-09-09 18:46:26,2026-09-09 18:46:40,222
E516582,T105699,SETTLED,2026-09-08 07:54:33,2026-09-08 07:54:41,416
E517413,T105986,SETTLED,2026-09-08 09:08:09,2026-09-08 09:08:37,496
E517797,T106120,AUTHORIZED,2026-09-08 08:02:55,2026-09-08 08:03:03,263
E519333,T106650,SETTLED,2026-09-09 14:43:35,2026-09-09 14:43:57,621
E519091,T106566,AUTHORIZED,2026-09-09 06:27:23,2026-09-09 06:27:25,67
E517343,T105960,AUTHORIZED,2026-09-08 18:57:47,2026-09-08 18:57:54,212
E519786,T106812,AUTHORIZED,2026-09-09 12:53:10,2026-09-09 12:53:23,334
E516803,T105774,FAILED,2026-09-08 08:00:08,2026-09-08 08:00:33,378
E519197,T106605,CREATED,2026-09-09 20:02:00,2026-09-09 20:02:14,253
E517668,T106076,AUTHORIZED,2026-09-08 17:41:39,2026-09-08 17:42:05,249
E518326,T106301,AUTHORIZED,2026-09-09 07:53:55,2026-09-09 07:54:24,273
E517273,T105936,AUTHORIZED,2026-09-08 19:10:06,2026-09-08 19:10:34,428
E518729,T106442,CREATED,2026-09-09 21:13:53,2026-09-09 21:14:11,162
E519079,T106562,CREATED,2026-09-09 10:36:47,2026-09-09 10:36:48,278
E520173,T106943,AUTHORIZED,2026-09-09 18:34:07,2026-09-09 18:34:14,477
E515922,T105474,SETTLED,2026-09-08 20:47:41,2026-09-08 20:48:17,49
E517931,T106166,CREATED,2026-09-08 16:53:45,2026-09-08 16:54:03,380
E515721,T105402,SETTLED,2026-09-08 08:43:12,2026-09-08 08:43:50,840
E519715,T106786,SETTLED,2026-09-09 16:40:20,2026-09-09 16:40:28,667
E516181,T105560,AUTHORIZED,2026-09-08 10:06:06,2026-09-08 10:06:33,436
E520272,T106978,AUTHORIZED,2026-09-09 10:25:27,2026-09-09 10:25:30,145
E518943,T106515,CREATED,2026-09-09 16:29:27,2026-09-09 16:29:29,21
E516207,T105569,SETTLED,2026-09-08 17:32:33,2026-09-08 17:33:15,168
E517618,T106058,CREATED,2026-09-08 08:52:30,2026-09-08 08:52:41,172
E518808,T106469,AUTHORIZED,2026-09-09 13:26:32,2026-09-09 13:26:44,227
E519039,T106548,CREATED,2026-09-09 14:40:05,2026-09-09 14:40:13,252
E518337,T106304,SETTLED,2026-09-09 22:38:35,2026-09-09 23:30:35,451
E518594,T106395,CREATED,2026-09-09 12:04:41,2026-09-09 12:04:56,136
E516540,T105685,SETTLED,2026-09-08 10:23:58,2026-09-08 10:24:02,755
E519133,T106581,SETTLED,2026-09-09 22:46:27,2026-09-09 22:47:12,558
E517389,T105978,CREATED,2026-09-08 07:22:21,2026-09-08 07:22:23,260
E518100,T106223,AUTHORIZED,2026-09-08 22:24:13,2026-09-08 22:24:25,152
E519699,T106781,CREATED,2026-09-09 14:17:33,2026-09-09 14:17:36,48
E516189,T105563,CREATED,2026-09-08 16:33:18,2026-09-08 16:33:33,334
E516304,T105604,AUTHORIZED,2026-09-08 07:05:09,2026-09-08 07:05:12,324
E517716,T106093,CREATED,2026-09-08 22:04:26,2026-09-08 22:04:37,201
E518733,T106444,CREATED,2026-09-09 06:55:55,2026-09-09 06:55:58,58
E516024,T105508,SETTLED,2026-09-08 08:37:04,2026-09-08 08:37:47,366
E517339,T105959,CREATED,2026-09-08 11:42:34,2026-09-08 11:42:44,209
E517145,T105893,CREATED,2026-09-08 15:33:53,2026-09-08 15:33:58,128
E516922,T105816,SETTLED,2026-09-08 16:50:34,2026-09-08 16:50:44,270
E516751,T105756,CREATED,2026-09-08 22:21:36,2026-09-08 22:21:46,258
E516417,T105645,CREATED,2026-09-08 22:18:45,2026-09-08 22:18:53,169
E518892,T106497,AUTHORIZED,2026-09-09 19:08:31,2026-09-09 19:08:54,181
E518873,T106491,CREATED,2026-09-09 11:53:22,2026-09-09 11:53:28,311
E518065,T106211,CREATED,2026-09-08 11:17:58,2026-09-08 11:18:01,193
E518730,T106442,AUTHORIZED,2026-09-09 21:14:11,2026-09-09 21:14:17,451
E516985,T105837,SETTLED,2026-09-08 18:58:19,2026-09-08 18:58:35,471
E517715,T106092,SETTLED,2026-09-08 21:43:39,2026-09-08 21:43:44,664
E516691,T105736,AUTHORIZED,2026-09-08 10:19:37,2026-09-08 10:19:53,391
E517418,T105988,AUTHORIZED,2026-09-08 11:54:56,2026-09-08 11:55:26,211
E518519,T106368,SETTLED,2026-09-09 13:14:00,2026-09-09 13:14:21,685
E519967,T106873,SETTLED,2026-09-09 19:20:48,2026-09-09 19:21:02,886
E515694,T105393,SETTLED,2026-09-08 15:11:11,2026-09-08 15:11:32,808
E519537,T106722,CREATED,2026-09-09 11:56:01,2026-09-09 11:56:19,39
E519875,T106841,AUTHORIZED,2026-09-09 21:25:08,2026-09-09 21:25:37,364
E518079,T106216,CREATED,2026-09-08 22:28:49,2026-09-08 22:28:51,156
E518843,T106481,CREATED,2026-09-09 07:45:01,2026-09-09 07:45:14,280
E517965,T106177,SETTLED,2026-09-08 17:05:54,2026-09-08 17:06:00,157
E518902,T106501,CREATED,2026-09-09 19:42:45,2026-09-09 19:42:57,302
E519573,T106734,AUTHORIZED,2026-09-09 12:56:48,2026-09-09 12:57:06,38
E518445,T106344,CREATED,2026-09-09 06:09:50,2026-09-09 06:10:01,52
E518601,T106397,AUTHORIZED,2026-09-09 22:26:32,2026-09-09 22:26:46,424
E517751,T106105,CREATED,2026-09-08 22:22:39,2026-09-08 22:22:46,132
E516752,T105756,AUTHORIZED,2026-09-08 22:21:56,2026-09-08 22:22:09,363
E518411,T106332,CREATED,2026-09-09 11:25:11,2026-09-09 11:25:25,52
E517409,T105985,AUTHORIZED,2026-09-08 11:49:44,2026-09-08 11:50:13,205
E517338,T105958,SETTLED,2026-09-08 15:07:16,2026-09-08 15:07:46,891
E519208,T106608,SETTLED,2026-09-09 21:42:57,2026-09-09 21:43:36,224
E517076,T105869,AUTHORIZED,2026-09-08 09:52:01,2026-09-08 09:52:18,400
E516603,T105706,AUTHORIZED,2026-09-08 21:54:29,2026-09-08 21:54:36,81
E517939,T106168,SETTLED,2026-09-08 20:27:29,2026-09-08 20:28:05,625
E517445,T105997,AUTHORIZED,2026-09-08 06:49:51,2026-09-08 06:50:09,443
E518429,T106338,CREATED,2026-09-09 16:48:20,2026-09-09 16:48:23,189
E515768,T105419,CREATED,2026-09-08 19:45:49,2026-09-08 19:46:02,68
E517771,T106111,SETTLED,2026-09-08 19:19:11,2026-09-08 19:19:56,103
E516620,T105711,SETTLED,2026-09-08 13:38:06,2026-09-08 13:38:37,492
E520152,T106936,AUTHORIZED,2026-09-09 21:01:58,2026-09-09 21:02:16,369
E518859,T106486,AUTHORIZED,2026-09-09 15:21:55,2026-09-09 15:22:13,52
E515951,T105484,AUTHORIZED,2026-09-08 19:17:48,2026-09-08 19:17:53,464
E516558,T105692,CREATED,2026-09-08 21:34:13,2026-09-08 21:34:21,253
E517024,T105851,SETTLED,2026-09-08 08:28:27,2026-09-08 08:28:28,404
E516079,T105527,CREATED,2026-09-08 13:27:06,2026-09-08 13:27:16,203
E516119,T105539,SETTLED,2026-09-08 12:17:05,2026-09-08 12:17:29,868
E518005,T106191,SETTLED,2026-09-09 10:24:48,2026-09-09 10:25:05,321
E517706,T106089,SETTLED,2026-09-08 21:37:51,2026-09-08 21:37:55,683
E516067,T105523,CREATED,2026-09-08 20:50:30,2026-09-08 20:50:41,205
E519231,T106616,AUTHORIZED,2026-09-09 07:23:59,2026-09-09 07:24:23,150
E519392,T106670,SETTLED,2026-09-09 17:03:37,2026-09-09 17:04:22,192
E517333,T105956,SETTLED,2026-09-08 17:11:54,2026-09-08 17:12:33,772
E518095,T106221,SETTLED,2026-09-08 07:52:02,2026-09-08 07:52:23,412
E516954,T105827,AUTHORIZED,2026-09-08 07:04:20,2026-09-08 07:04:31,171
E517139,T105891,CREATED,2026-09-08 12:57:51,2026-09-08 12:57:52,145
E517526,T106026,CREATED,2026-09-08 20:01:27,2026-09-08 20:01:37,126
E519317,T106645,CREATED,2026-09-09 12:32:36,2026-09-09 12:32:46,123
E515761,T105416,SETTLED,2026-09-08 17:36:36,2026-09-08 17:36:59,565
E518600,T106397,CREATED,2026-09-09 22:26:26,2026-09-09 22:26:40,378
E516315,T105607,SETTLED,2026-09-08 10:31:54,2026-09-08 10:32:08,206
E520186,T106947,SETTLED,2026-09-09 22:28:36,2026-09-09 22:29:10,802
E519190,T106602,AUTHORIZED,2026-09-09 21:13:51,2026-09-09 21:14:19,291
E515724,T105403,SETTLED,2026-09-08 11:24:42,2026-09-08 11:25:04,100
E518821,T106473,AUTHORIZED,2026-09-09 12:39:14,2026-09-09 12:39:20,315
E517299,T105945,CREATED,2026-09-08 21:40:22,2026-09-08 21:40:25,41
E517198,T105911,SETTLED,2026-09-08 12:06:56,2026-09-08 12:07:05,77
E515908,T105470,CREATED,2026-09-08 20:44:00,2026-09-08 20:44:07,103
E519409,T106677,CREATED,2026-09-09 20:34:09,2026-09-09 20:34:24,248
E519235,T106617,SETTLED,2026-09-09 16:18:34,2026-09-09 16:18:53,48
E519706,T106783,SETTLED,2026-09-09 13:35:53,2026-09-09 13:36:08,290
E518169,T106248,CREATED,2026-09-09 16:47:28,2026-09-09 16:47:44,387
E517624,T106060,AUTHORIZED,2026-09-08 10:59:40,2026-09-08 10:59:52,493
E518645,T106413,CREATED,2026-09-09 16:25:38,2026-09-09 16:25:41,199
E516585,T105700,SETTLED,2026-09-08 08:06:00,2026-09-08 08:06:34,859
E517912,T106159,CREATED,2026-09-08 14:04:29,2026-09-08 14:04:47,232
E516791,T105770,AUTHORIZED,2026-09-08 12:04:37,2026-09-08 12:04:49,300
E520235,T106965,AUTHORIZED,2026-09-09 18:12:04,2026-09-09 18:12:33,401
E518243,T106273,CREATED,2026-09-09 11:48:40,2026-09-09 11:48:55,146
E519002,T106534,FAILED,2026-09-09 07:18:41,2026-09-09 07:19:01,289
E517457,T106001,AUTHORIZED,2026-09-08 14:19:21,2026-09-08 14:19:43,489
E519357,T106658,AUTHORIZED,2026-09-09 15:50:09,2026-09-09 15:50:15,115
E518134,T106235,AUTHORIZED,2026-09-08 17:34:25,2026-09-08 17:34:55,256
E519429,T106684,CREATED,2026-09-09 13:03:33,2026-09-09 13:03:37,224
E517604,T106053,SETTLED,2026-09-08 10:42:25,2026-09-08 10:42:50,361
E516077,T105526,AUTHORIZED,2026-09-08 14:54:02,2026-09-08 15:00:08,234
E517619,T106058,AUTHORIZED,2026-09-08 08:52:43,2026-09-08 08:52:53,25
E517719,T106094,CREATED,2026-09-08 16:37:00,2026-09-08 16:37:20,47
E516335,T105615,AUTHORIZED,2026-09-08 07:02:25,2026-09-08 07:02:48,323
E518118,T106230,CREATED,2026-09-08 14:54:39,2026-09-08 14:54:42,301
E517844,T106135,SETTLED,2026-09-08 17:51:26,2026-09-08 17:51:44,875
E519184,T106600,AUTHORIZED,2026-09-09 14:12:47,2026-09-09 14:12:51,388
E516888,T105804,AUTHORIZED,2026-09-08 18:37:11,2026-09-08 18:37:17,357
E516704,T105740,SETTLED,2026-09-08 09:51:37,2026-09-08 09:52:20,759
E516857,T105793,SETTLED,2026-09-08 21:43:21,2026-09-08 21:43:49,463
E516281,T105596,SETTLED,2026-09-08 13:33:43,2026-09-08 13:34:25,307
E516851,T105791,SETTLED,2026-09-08 19:39:58,2026-09-08 19:40:28,283
E517623,T106060,CREATED,2026-09-08 10:59:22,2026-09-08 10:59:24,163
E516736,T105750,SETTLED,2026-09-08 10:03:46,2026-09-08 10:04:22,803
E516902,T105809,SETTLED,2026-09-08 08:39:14,2026-09-08 08:39:37,256
E519221,T106612,SETTLED,2026-09-09 15:32:25,2026-09-09 15:32:46,527
E519932,T106862,CREATED,2026-09-09 13:53:27,2026-09-09 13:53:32,226
E516365,T105626,AUTHORIZED,2026-09-08 15:27:02,2026-09-08 15:27:16,489
E518617,T106402,AUTHORIZED,2026-09-09 14:59:32,2026-09-09 14:59:47,438
E515950,T105484,CREATED,2026-09-08 19:17:17,2026-09-08 19:17:19,218
E519206,T106608,CREATED,2026-09-09 06:41:17,2026-09-09 06:41:25,146
E517556,T106036,FAILED,2026-09-08 09:56:40,2026-09-08 09:56:54,210
E516525,T105680,SETTLED,2026-09-08 08:47:07,2026-09-08 08:47:08,36
E517191,T105909,CREATED,2026-09-08 15:37:04,2026-09-08 15:37:05,216
E518506,T106364,SETTLED,2026-09-09 14:26:22,2026-09-09 14:26:51,80
E518334,T106303,SETTLED,2026-09-09 10:34:19,2026-09-09 10:34:32,657
E518101,T106223,SETTLED,2026-09-08 22:29:13,2026-09-08 22:29:33,766
E519353,T106656,SETTLED,2026-09-09 08:21:52,2026-09-09 08:22:03,457
E518291,T106289,AUTHORIZED,2026-09-09 16:58:38,2026-09-09 16:58:56,121
E517164,T105900,CREATED,2026-09-08 16:59:00,2026-09-08 16:59:09,392
E518706,T106433,SETTLED,2026-09-09 15:55:58,2026-09-09 15:56:13,162
E518512,T106366,SETTLED,2026-09-09 12:26:32,2026-09-09 12:26:49,134
E517440,T105995,SETTLED,2026-09-08 09:54:21,2026-09-08 09:54:46,613
E516987,T105838,FAILED,2026-09-08 21:20:49,2026-09-08 21:21:09,228
E519067,T106558,CREATED,2026-09-09 06:10:21,2026-09-09 06:10:23,225
E517362,T105967,FAILED,2026-09-08 12:19:58,2026-09-08 12:20:17,243
E518037,T106202,CREATED,2026-09-08 13:29:14,2026-09-08 13:29:18,99
E516089,T105530,AUTHORIZED,2026-09-08 06:01:09,2026-09-08 06:01:30,128
E520193,T106950,FAILED,2026-09-09 18:33:19,2026-09-09 18:33:36,429
E518809,T106469,SETTLED,2026-09-09 13:30:32,2026-09-09 13:30:50,172
E517172,T105902,SETTLED,2026-09-08 20:16:04,2026-09-08 20:16:36,518
E517533,T106028,SETTLED,2026-09-08 11:57:17,2026-09-08 11:57:46,468
E519258,T106625,AUTHORIZED,2026-09-09 14:48:18,2026-09-09 14:48:41,226
E518460,T106349,CREATED,2026-09-09 16:41:55,2026-09-09 16:42:03,242
E516228,T105577,AUTHORIZED,2026-09-08 13:28:27,2026-09-08 13:28:50,79
E516151,T105550,AUTHORIZED,2026-09-08 16:19:23,2026-09-08 16:19:43,47
E519656,T106765,CREATED,2026-09-09 15:50:00,2026-09-09 15:50:19,24
E519186,T106601,CREATED,2026-09-09 11:37:17,2026-09-09 11:37:22,378
E519158,T106590,CREATED,2026-09-09 14:36:44,2026-09-09 14:36:53,79
E519553,T106727,AUTHORIZED,2026-09-09 22:53:42,2026-09-09 22:54:04,205
E519918,T106857,AUTHORIZED,2026-09-09 13:33:39,2026-09-09 13:33:57,166
E517383,T105975,AUTHORIZED,2026-09-08 16:28:53,2026-09-08 16:29:19,105
E516208,T105570,CREATED,2026-09-08 11:09:50,2026-09-08 11:09:51,378
E518359,T106312,AUTHORIZED,2026-09-09 08:44:57,2026-09-09 08:45:07,375
E518432,T106339,AUTHORIZED,2026-09-09 21:25:57,2026-09-09 21:26:17,100
E516006,T105502,CREATED,2026-09-08 22:48:46,2026-09-08 22:48:51,20
E519252,T106623,AUTHORIZED,2026-09-09 14:39:16,2026-09-09 14:39:41,246
E517786,T106116,SETTLED,2026-09-08 16:55:58,2026-09-08 16:56:35,846
E518802,T106467,AUTHORIZED,2026-09-09 08:55:28,2026-09-09 08:55:39,68
E518534,T106374,CREATED,2026-09-09 18:23:50,2026-09-09 18:23:55,329
E518858,T106486,CREATED,2026-09-09 15:21:48,2026-09-09 15:21:57,129
E517597,T106051,AUTHORIZED,2026-09-08 12:03:04,2026-09-08 12:03:19,249
E519009,T106537,CREATED,2026-09-09 07:07:50,2026-09-09 07:08:07,389
E516471,T105662,AUTHORIZED,2026-09-08 21:44:15,2026-09-08 21:44:31,33
E516912,T105813,AUTHORIZED,2026-09-08 06:44:01,2026-09-08 06:44:26,146
E518641,T106411,AUTHORIZED,2026-09-09 17:21:54,2026-09-09 17:21:57,227
E517500,T106016,SETTLED,2026-09-08 16:12:41,2026-09-08 16:12:53,859
E515686,T105390,SETTLED,2026-09-08 17:17:21,2026-09-08 17:17:53,384
E517062,T105864,AUTHORIZED,2026-09-08 22:33:41,2026-09-08 22:33:48,229
E515879,T105459,SETTLED,2026-09-08 08:53:22,2026-09-08 08:53:45,800
E518712,T106435,SETTLED,2026-09-09 13:12:06,2026-09-09 13:12:35,61
E519116,T106575,SETTLED,2026-09-09 08:53:14,2026-09-09 08:53:55,734
E517102,T105878,CREATED,2026-09-08 22:37:16,2026-09-08 22:37:31,335
E516073,T105525,CREATED,2026-09-08 17:31:19,2026-09-08 17:31:25,292
E516439,T105652,AUTHORIZED,2026-09-08 06:08:07,2026-09-08 06:08:32,470
E518777,T106458,FAILED,2026-09-09 07:48:04,2026-09-09 07:48:25,202
E517231,T105923,SETTLED,2026-09-08 17:08:41,2026-09-08 17:08:51,558
E517042,T105857,SETTLED,2026-09-08 20:38:19,2026-09-08 20:38:36,389
E519498,T106707,AUTHORIZED,2026-09-09 15:03:03,2026-09-09 15:03:26,173
E518311,T106295,SETTLED,2026-09-09 22:05:53,2026-09-09 22:33:53,580
E517088,T105873,SETTLED,2026-09-08 07:53:25,2026-09-08 07:53:29,63
E517228,T105922,SETTLED,2026-09-08 22:19:20,2026-09-08 22:19:37,397
E519185,T106600,SETTLED,2026-09-09 14:19:47,2026-09-09 14:19:54,111
E517815,T106126,CREATED,2026-09-08 10:09:32,2026-09-08 10:09:34,388
E516677,T105731,AUTHORIZED,2026-09-08 17:21:49,2026-09-08 17:22:02,105
E516528,T105681,SETTLED,2026-09-08 09:09:46,2026-09-08 09:10:26,206
E516735,T105750,AUTHORIZED,2026-09-08 09:38:46,2026-09-08 09:39:01,269
E515763,T105417,AUTHORIZED,2026-09-08 10:37:22,2026-09-08 10:37:23,117
E519901,T106851,AUTHORIZED,2026-09-09 10:08:15,2026-09-09 10:08:38,86
E518838,T106479,AUTHORIZED,2026-09-09 16:51:53,2026-09-09 16:51:57,132
E518592,T106394,AUTHORIZED,2026-09-09 08:28:32,2026-09-09 08:28:58,160
E518616,T106402,CREATED,2026-09-09 14:59:19,2026-09-09 14:59:28,191
E518622,T106404,CREATED,2026-09-09 16:09:59,2026-09-09 16:10:14,97
E518551,T106380,CREATED,2026-09-09 09:47:46,2026-09-09 09:47:58,36
E519803,T106818,CREATED,2026-09-09 13:51:35,2026-09-09 13:51:47,142
E520088,T106913,AUTHORIZED,2026-09-09 07:00:20,2026-09-09 07:00:27,106
E516639,T105718,CREATED,2026-09-08 19:00:45,2026-09-08 19:01:05,338
E517515,T106022,AUTHORIZED,2026-09-08 08:29:00,2026-09-08 08:29:11,131
E516236,T105580,AUTHORIZED,2026-09-08 17:03:37,2026-09-08 17:03:43,21
E516046,T105516,AUTHORIZED,2026-09-08 06:43:39,2026-09-08 06:43:54,398
E516963,T105830,AUTHORIZED,2026-09-08 06:08:54,2026-09-08 06:09:00,397
E517768,T106110,AUTHORIZED,2026-09-08 09:44:45,2026-09-08 09:44:52,393
E517899,T106154,AUTHORIZED,2026-09-08 15:07:42,2026-09-08 15:08:11,143
E518570,T106387,AUTHORIZED,2026-09-09 19:01:36,2026-09-09 19:02:01,434
E516787,T105769,CREATED,2026-09-08 09:25:38,2026-09-08 09:25:49,331
E516863,T105795,SETTLED,2026-09-08 16:39:59,2026-09-08 16:40:06,285
E517607,T106054,AUTHORIZED,2026-09-08 16:12:26,2026-09-08 16:12:43,458
E516432,T105650,CREATED,2026-09-08 11:26:20,2026-09-08 11:26:26,225
E516268,T105591,FAILED,2026-09-08 17:00:32,2026-09-08 17:00:46,379
E518405,T106329,SETTLED,2026-09-09 15:12:53,2026-09-09 15:13:25,513
E516986,T105838,CREATED,2026-09-08 21:20:39,2026-09-08 21:20:52,325
E517538,T106030,CREATED,2026-09-08 13:44:42,2026-09-08 13:44:57,125
E516712,T105743,SETTLED,2026-09-08 16:24:53,2026-09-08 16:25:00,757
E519531,T106719,SETTLED,2026-09-09 12:46:11,2026-09-09 12:46:29,779
E517531,T106028,CREATED,2026-09-08 11:38:42,2026-09-08 11:38:51,303
E520075,T106909,AUTHORIZED,2026-09-09 08:01:49,2026-09-09 08:01:51,165
E519214,T106610,AUTHORIZED,2026-09-09 20:33:54,2026-09-09 20:34:19,115
E516759,T105758,SETTLED,2026-09-08 13:54:15,2026-09-08 13:54:40,610
E517317,T105951,AUTHORIZED,2026-09-08 22:42:09,2026-09-08 22:42:32,253
E520157,T106937,SETTLED,2026-09-09 19:51:00,2026-09-09 19:51:21,440
E517669,T106076,SETTLED,2026-09-08 19:30:39,2026-09-08 19:31:10,632
E518805,T106468,AUTHORIZED,2026-09-09 07:16:24,2026-09-09 07:16:29,132
E516930,T105819,SETTLED,2026-09-08 19:34:47,2026-09-08 19:35:31,810
E519166,T106593,AUTHORIZED,2026-09-09 19:44:10,2026-09-09 19:44:39,411
E518063,T106210,CREATED,2026-09-08 13:39:40,2026-09-08 13:39:42,232
E516767,T105761,SETTLED,2026-09-08 15:10:56,2026-09-08 15:11:07,64
E518739,T106446,CREATED,2026-09-09 06:16:39,2026-09-09 06:16:52,377
E520106,T106919,CREATED,2026-09-09 07:03:45,2026-09-09 07:03:53,58
E515945,T105482,AUTHORIZED,2026-09-08 17:28:30,2026-09-08 17:28:38,330
E517414,T105987,CREATED,2026-09-08 22:21:10,2026-09-08 22:21:25,269
E517828,T106130,AUTHORIZED,2026-09-08 13:11:10,2026-09-08 13:11:31,461
E519732,T106793,CREATED,2026-09-09 13:07:17,2026-09-09 13:07:31,45
E519077,T106561,AUTHORIZED,2026-09-09 22:01:54,2026-09-09 22:02:05,301
E518489,T106359,CREATED,2026-09-09 09:23:32,2026-09-09 09:23:38,262
E518755,T106451,AUTHORIZED,2026-09-09 10:48:29,2026-09-09 10:48:50,307
E519057,T106554,CREATED,2026-09-09 20:58:37,2026-09-09 20:58:52,109
E518740,T106446,AUTHORIZED,2026-09-09 06:16:49,2026-09-09 06:16:54,77
E518915,T106505,AUTHORIZED,2026-09-09 08:33:10,2026-09-09 08:33:18,332
E517609,T106055,CREATED,2026-09-08 09:56:54,2026-09-08 09:57:14,267
E517672,T106077,SETTLED,2026-09-08 15:59:39,2026-09-08 16:00:05,509
E519869,T106839,AUTHORIZED,2026-09-09 20:11:19,2026-09-09 20:11:22,61
E517738,T106100,AUTHORIZED,2026-09-08 11:11:58,2026-09-08 11:12:22,450
E516640,T105718,AUTHORIZED,2026-09-08 19:01:16,2026-09-08 19:01:46,429
E516377,T105630,SETTLED,2026-09-08 10:35:55,2026-09-08 10:36:12,442
E517841,T106134,SETTLED,2026-09-08 10:15:10,2026-09-08 10:15:26,249
E519007,T106536,AUTHORIZED,2026-09-09 22:41:57,2026-09-09 22:42:25,445
E516708,T105742,AUTHORIZED,2026-09-08 12:39:29,2026-09-08 12:39:56,39
E519813,T106821,AUTHORIZED,2026-09-09 07:57:24,2026-09-09 07:57:53,20
E516988,T105839,CREATED,2026-09-08 10:31:28,2026-09-08 10:31:48,385
E519257,T106625,CREATED,2026-09-09 14:48:11,2026-09-09 14:48:13,50
E515865,T105454,FAILED,2026-09-08 06:16:29,2026-09-08 06:16:56,173
E519591,T106741,AUTHORIZED,2026-09-09 09:21:37,2026-09-09 09:22:03,31
E517312,T105949,AUTHORIZED,2026-09-08 16:05:03,2026-09-08 16:05:06,232
E516580,T105699,CREATED,2026-09-08 06:48:59,2026-09-08 06:49:18,55
E520158,T106938,CREATED,2026-09-09 21:12:21,2026-09-09 21:12:32,26
E516682,T105733,CREATED,2026-09-08 20:19:30,2026-09-08 20:19:39,122
E517419,T105988,SETTLED,2026-09-08 12:10:56,2026-09-08 12:11:37,508
E520041,T106898,CREATED,2026-09-09 10:57:25,2026-09-09 10:57:30,87
E517941,T106169,AUTHORIZED,2026-09-08 11:14:41,2026-09-08 11:14:58,116
E516062,T105521,AUTHORIZED,2026-09-08 16:42:56,2026-09-08 16:43:18,211
E519223,T106613,AUTHORIZED,2026-09-09 08:08:28,2026-09-09 08:08:46,456
E518482,T106356,AUTHORIZED,2026-09-09 19:34:46,2026-09-09 19:35:06,381
E516723,T105746,SETTLED,2026-09-08 20:59:47,2026-09-08 21:00:13,837
E518399,T106327,SETTLED,2026-09-09 15:32:48,2026-09-09 15:32:56,620
E519100,T106570,AUTHORIZED,2026-09-09 22:53:13,2026-09-09 22:53:16,462
E517410,T105985,SETTLED,2026-09-08 12:17:44,2026-09-08 12:18:19,270
E519682,T106774,CREATED,2026-09-09 20:16:37,2026-09-09 20:16:56,229
E517761,T106108,CREATED,2026-09-08 10:54:18,2026-09-08 10:54:28,263
E518128,T106233,AUTHORIZED,2026-09-08 16:19:24,2026-09-08 16:19:45,215
E516412,T105643,AUTHORIZED,2026-09-08 17:16:50,2026-09-08 17:17:18,367
E516249,T105584,SETTLED,2026-09-08 07:46:53,2026-09-08 07:47:10,309
E516220,T105574,SETTLED,2026-09-08 08:01:10,2026-09-08 08:01:17,466
E517882,T106148,AUTHORIZED,2026-09-08 09:00:01,2026-09-08 09:00:20,197
E519384,T106668,CREATED,2026-09-09 10:59:04,2026-09-09 10:59:19,245
E516393,T105636,AUTHORIZED,2026-09-08 18:04:26,2026-09-08 18:04:43,96
E518163,T106245,SETTLED,2026-09-09 22:10:56,2026-09-09 22:11:22,664
E517126,T105886,FAILED,2026-09-08 12:36:36,2026-09-08 12:36:39,445
E518886,T106495,AUTHORIZED,2026-09-09 22:22:00,2026-09-09 22:22:11,254
E518194,T106256,CREATED,2026-09-09 15:50:12,2026-09-09 15:50:14,273
E518770,T106456,CREATED,2026-09-09 22:51:02,2026-09-09 22:51:12,124
E516342,T105617,SETTLED,2026-09-08 17:41:48,2026-09-08 17:42:10,861
E518819,T106472,SETTLED,2026-09-09 08:25:09,2026-09-09 08:25:31,545
E518305,T106293,SETTLED,2026-09-09 08:52:11,2026-09-09 08:52:20,569
E516308,T105605,SETTLED,2026-09-08 10:13:41,2026-09-08 10:13:46,870
E520172,T106943,CREATED,2026-09-09 18:33:34,2026-09-09 18:33:38,256
E516484,T105666,AUTHORIZED,2026-09-08 20:08:17,2026-09-08 20:08:39,117
E518046,T106205,CREATED,2026-09-08 10:56:04,2026-09-08 10:56:11,315
E518850,T106483,AUTHORIZED,2026-09-09 07:55:16,2026-09-09 07:55:42,330
E516425,T105647,SETTLED,2026-09-08 12:14:02,2026-09-08 12:14:41,343
E517740,T106101,CREATED,2026-09-08 19:54:10,2026-09-08 19:54:24,94
E519418,T106680,CREATED,2026-09-09 19:58:12,2026-09-09 19:58:15,383
E519219,T106612,AUTHORIZED,2026-09-09 15:12:25,2026-09-09 15:12:44,35
E517443,T105996,SETTLED,2026-09-08 11:08:14,2026-09-08 12:17:14,722
E517770,T106111,AUTHORIZED,2026-09-08 19:16:11,2026-09-08 19:16:30,393
E517564,T106039,AUTHORIZED,2026-09-08 12:37:07,2026-09-08 12:37:22,82
E517536,T106029,SETTLED,2026-09-08 08:26:58,2026-09-08 08:27:40,676
E519867,T106838,AUTHORIZED,2026-09-09 09:59:56,2026-09-09 10:00:15,61
E516285,T105598,CREATED,2026-09-08 16:57:19,2026-09-08 16:57:21,27
E515988,T105497,CREATED,2026-09-08 22:30:47,2026-09-08 22:30:56,380
E516516,T105677,SETTLED,2026-09-08 21:46:08,2026-09-08 21:46:11,597
E519073,T106560,CREATED,2026-09-09 20:57:11,2026-09-09 20:57:16,117
E520121,T106925,CREATED,2026-09-09 21:15:45,2026-09-09 21:16:02,370
E516805,T105775,AUTHORIZED,2026-09-08 13:47:31,2026-09-08 13:47:53,412
E517230,T105923,AUTHORIZED,2026-09-08 16:03:41,2026-09-08 16:03:52,203
E518911,T106504,CREATED,2026-09-09 11:08:19,2026-09-09 11:08:32,96
E520225,T106962,CREATED,2026-09-09 18:14:08,2026-09-09 18:14:25,76
E516773,T105763,SETTLED,2026-09-08 23:09:56,2026-09-08 23:09:57,329
E517717,T106093,AUTHORIZED,2026-09-08 22:04:34,2026-09-08 22:05:03,318
E518009,T106193,CREATED,2026-09-08 13:50:00,2026-09-08 13:50:13,168
E518643,T106412,CREATED,2026-09-09 18:43:04,2026-09-09 18:43:09,189
E516264,T105590,CREATED,2026-09-08 21:06:27,2026-09-08 21:06:41,242
E517981,T106183,AUTHORIZED,2026-09-08 18:22:59,2026-09-08 18:23:28,90
E519447,T106690,CREATED,2026-09-09 16:37:13,2026-09-09 16:37:29,44
E516903,T105810,CREATED,2026-09-08 17:36:22,2026-09-08 17:36:28,88
E520016,T106890,CREATED,2026-09-09 22:36:24,2026-09-09 22:36:26,384
E518624,T106405,CREATED,2026-09-09 19:57:26,2026-09-09 19:57:38,135
E520137,T106931,CREATED,2026-09-09 11:18:03,2026-09-09 11:18:23,117
E517639,T106065,AUTHORIZED,2026-09-08 14:15:39,2026-09-08 14:15:41,443
E517541,T106031,CREATED,2026-09-08 12:04:50,2026-09-08 12:05:09,227
E517982,T106183,SETTLED,2026-09-08 18:32:59,2026-09-08 18:33:32,368
E516574,T105697,CREATED,2026-09-08 07:48:41,2026-09-08 07:48:54,61
E519756,T106801,AUTHORIZED,2026-09-09 06:52:59,2026-09-09 06:53:24,333
E519640,T106759,AUTHORIZED,2026-09-09 22:10:57,2026-09-09 22:11:12,475
E516559,T105692,AUTHORIZED,2026-09-08 21:34:29,2026-09-08 21:34:55,176
E518938,T106513,CREATED,2026-09-09 08:48:50,2026-09-09 08:49:06,264
E516876,T105800,CREATED,2026-09-08 22:32:34,2026-09-08 22:32:38,225
E517680,T106080,AUTHORIZED,2026-09-08 18:55:10,2026-09-08 18:55:16,40
E518920,T106507,CREATED,2026-09-09 16:34:44,2026-09-09 16:35:02,291
E516072,T105524,SETTLED,2026-09-08 07:29:11,2026-09-08 07:29:28,748
E517093,T105875,CREATED,2026-09-08 10:35:52,2026-09-08 10:36:06,312
E519680,T106773,AUTHORIZED,2026-09-09 12:28:08,2026-09-09 12:28:11,404
E517259,T105932,CREATED,2026-09-08 10:49:12,2026-09-08 10:49:18,262
E517762,T106108,AUTHORIZED,2026-09-08 10:54:58,2026-09-08 10:55:09,337
E515690,T105392,AUTHORIZED,2026-09-08 09:56:36,2026-09-08 09:56:51,450
E516959,T105829,CREATED,2026-09-08 06:51:46,2026-09-08 06:52:06,162
E518319,T106298,AUTHORIZED,2026-09-09 22:20:39,2026-09-09 22:21:02,151
E516537,T105684,SETTLED,2026-09-08 10:10:34,2026-09-08 10:10:48,628
E518078,T106215,SETTLED,2026-09-08 08:46:34,2026-09-08 08:46:55,650
E519598,T106744,CREATED,2026-09-09 20:54:15,2026-09-09 20:54:26,29
E517973,T106180,AUTHORIZED,2026-09-08 16:59:43,2026-09-08 16:59:53,307
E519957,T106870,SETTLED,2026-09-09 07:26:23,2026-09-09 07:26:30,223
E516359,T105623,SETTLED,2026-09-08 08:31:27,2026-09-08 08:32:00,400
E516020,T105507,CREATED,2026-09-08 10:44:03,2026-09-08 10:44:11,64
E517810,T106124,AUTHORIZED,2026-09-08 14:56:06,2026-09-08 14:56:28,325
E519517,T106714,SETTLED,2026-09-09 21:44:36,2026-09-09 21:45:16,541
E519547,T106725,AUTHORIZED,2026-09-09 18:26:47,2026-09-09 18:27:06,408
E516206,T105569,AUTHORIZED,2026-09-08 17:07:33,2026-09-08 17:07:36,334
E518926,T106509,AUTHORIZED,2026-09-09 07:23:13,2026-09-09 07:23:16,132
E515904,T105468,SETTLED,2026-09-09 07:46:44,2026-09-09 07:46:45,395
E516196,T105565,AUTHORIZED,2026-09-08 15:50:13,2026-09-08 15:50:26,246
E516989,T105839,AUTHORIZED,2026-09-08 10:31:40,2026-09-08 10:32:00,418
E519312,T106643,AUTHORIZED,2026-09-09 20:34:24,2026-09-09 20:34:44,212
E517576,T106043,SETTLED,2026-09-08 08:32:05,2026-09-08 08:32:15,60
E515936,T105479,AUTHORIZED,2026-09-08 16:49:35,2026-09-08 16:49:55,338
E516996,T105842,CREATED,2026-09-08 10:48:24,2026-09-08 10:48:42,41
E518935,T106512,CREATED,2026-09-09 18:05:56,2026-09-09 18:06:05,118
E518156,T106243,CREATED,2026-09-09 22:35:00,2026-09-09 22:35:08,115
E519615,T106750,AUTHORIZED,2026-09-09 13:53:14,2026-09-09 13:53:15,151
E517274,T105936,SETTLED,2026-09-08 19:15:06,2026-09-08 19:15:07,526
E516547,T105688,AUTHORIZED,2026-09-08 10:35:17,2026-09-08 10:35:31,22
E519473,T106699,CREATED,2026-09-09 18:37:36,2026-09-09 18:37:47,208
E516871,T105798,AUTHORIZED,2026-09-08 13:13:51,2026-09-08 13:14:09,360
E519946,T106866,SETTLED,2026-09-09 16:47:37,2026-09-09 16:47:41,169
E517270,T105935,AUTHORIZED,2026-09-08 16:43:18,2026-09-08 16:43:29,464
E518269,T106282,CREATED,2026-09-09 18:32:40,2026-09-09 18:32:58,384
E519649,T106762,AUTHORIZED,2026-09-09 13:02:36,2026-09-09 13:03:04,242
E516592,T105702,SETTLED,2026-09-08 06:20:50,2026-09-08 06:21:23,187
E519494,T106706,CREATED,2026-09-09 20:35:04,2026-09-09 20:35:12,357
E517602,T106053,CREATED,2026-09-08 10:39:46,2026-09-08 10:40:04,172
E516560,T105692,SETTLED,2026-09-08 21:58:29,2026-09-08 21:58:34,324
E518478,T106355,CREATED,2026-09-09 09:02:20,2026-09-09 09:02:21,31
E519207,T106608,AUTHORIZED,2026-09-09 06:41:57,2026-09-09 06:42:21,183
E519567,T106732,AUTHORIZED,2026-09-09 22:51:59,2026-09-09 22:52:07,288
E518673,T106422,CREATED,2026-09-09 08:54:28,2026-09-09 08:54:35,151
E520079,T106910,AUTHORIZED,2026-09-09 17:50:40,2026-09-09 17:50:49,173
E518875,T106492,CREATED,2026-09-09 22:43:41,2026-09-09 22:43:44,74
E518635,T106409,CREATED,2026-09-09 20:55:41,2026-09-09 20:55:44,268
E516103,T105534,SETTLED,2026-09-08 14:31:48,2026-09-08 14:32:01,191
E519014,T106539,CREATED,2026-09-09 17:23:27,2026-09-09 17:23:36,193
E517219,T105919,AUTHORIZED,2026-09-08 09:20:09,2026-09-08 09:20:39,439
E516894,T105806,AUTHORIZED,2026-09-08 11:48:07,2026-09-08 11:48:29,239
E519138,T106583,CREATED,2026-09-09 12:22:00,2026-09-09 12:22:19,204
E516983,T105837,CREATED,2026-09-08 18:30:01,2026-09-08 18:30:14,258
E517378,T105973,SETTLED,2026-09-08 14:57:36,2026-09-08 14:58:16,452
E518699,T106431,AUTHORIZED,2026-09-09 12:45:42,2026-09-09 12:46:08,399
E518625,T106405,FAILED,2026-09-09 19:57:46,2026-09-09 19:58:01,492
E517181,T105905,SETTLED,2026-09-08 17:25:05,2026-09-08 17:25:39,415
E519303,T106640,CREATED,2026-09-09 16:43:45,2026-09-09 16:43:59,151
E518384,T106322,CREATED,2026-09-09 21:04:06,2026-09-09 21:04:07,47
E519340,T106652,SETTLED,2026-09-09 21:46:05,2026-09-09 21:46:14,389
E518092,T106220,FAILED,2026-09-08 22:04:59,2026-09-08 22:05:06,163
E516269,T105592,CREATED,2026-09-08 08:44:18,2026-09-08 08:44:27,226
E517611,T106055,SETTLED,2026-09-08 09:59:10,2026-09-08 09:59:23,359
E518340,T106305,SETTLED,2026-09-09 18:06:36,2026-09-09 18:07:13,363
E518226,T106266,SETTLED,2026-09-09 08:31:31,2026-09-09 08:32:02,549
E518140,T106237,SETTLED,2026-09-08 19:15:17,2026-09-08 19:15:22,723
E518776,T106458,CREATED,2026-09-09 07:47:47,2026-09-09 07:48:07,33
E517947,T106171,SETTLED,2026-09-08 12:54:16,2026-09-08 12:54:22,507
E516878,T105801,CREATED,2026-09-08 14:32:13,2026-09-08 14:32:17,188
E517879,T106147,AUTHORIZED,2026-09-08 17:37:44,2026-09-08 17:38:02,261
E519798,T106816,CREATED,2026-09-09 09:15:37,2026-09-09 09:15:53,61
E516360,T105624,CREATED,2026-09-08 18:36:11,2026-09-08 18:36:14,365
E519446,T106689,SETTLED,2026-09-09 07:21:58,2026-09-09 07:22:18,105
E516109,T105536,SETTLED,2026-09-08 17:55:14,2026-09-08 17:55:57,283
E517641,T106066,CREATED,2026-09-08 21:57:49,2026-09-08 21:58:02,109
E518050,T106206,AUTHORIZED,2026-09-08 17:54:30,2026-09-08 17:54:44,464
E519038,T106547,FAILED,2026-09-09 22:45:16,2026-09-09 22:45:28,180
E517723,T106095,AUTHORIZED,2026-09-08 14:20:14,2026-09-08 14:20:28,80
E518623,T106404,AUTHORIZED,2026-09-09 16:10:13,2026-09-09 16:10:25,389
E519162,T106591,AUTHORIZED,2026-09-09 07:21:41,2026-09-09 07:22:07,360
E518010,T106193,AUTHORIZED,2026-09-08 13:50:18,2026-09-08 13:50:32,266
E518124,T106232,CREATED,2026-09-08 12:58:38,2026-09-08 12:58:57,157
E518781,T106460,CREATED,2026-09-09 12:22:44,2026-09-09 12:22:59,235
E516234,T105579,AUTHORIZED,2026-09-08 08:11:01,2026-09-08 08:11:19,64
E518708,T106434,AUTHORIZED,2026-09-09 18:43:50,2026-09-09 18:43:59,410
E519845,T106831,SETTLED,2026-09-09 09:55:15,2026-09-09 09:56:00,213
E518387,T106323,AUTHORIZED,2026-09-09 17:42:41,2026-09-09 17:42:49,190
E519878,T106842,AUTHORIZED,2026-09-09 11:27:13,2026-09-09 11:27:43,111
E516602,T105706,CREATED,2026-09-08 21:53:56,2026-09-08 21:54:09,221
E515727,T105405,CREATED,2026-09-08 18:41:45,2026-09-08 18:41:49,350
E516407,T105641,AUTHORIZED,2026-09-08 18:45:06,2026-09-08 18:45:12,472
E518853,T106484,AUTHORIZED,2026-09-09 15:38:36,2026-09-09 15:38:38,238
E519787,T106812,SETTLED,2026-09-09 13:04:10,2026-09-09 13:04:49,240
E518847,T106482,AUTHORIZED,2026-09-09 12:23:43,2026-09-09 12:23:49,492
E519816,T106822,AUTHORIZED,2026-09-09 14:08:32,2026-09-09 14:09:02,159
E516100,T105533,SETTLED,2026-09-08 09:48:50,2026-09-08 09:49:16,124
E517065,T105865,AUTHORIZED,2026-09-08 07:43:38,2026-09-08 07:43:50,260
E516584,T105700,AUTHORIZED,2026-09-08 07:58:00,2026-09-08 07:58:19,390
E518856,T106485,AUTHORIZED,2026-09-09 13:41:59,2026-09-09 13:42:26,483
E517940,T106169,CREATED,2026-09-08 11:14:10,2026-09-08 11:14:24,215
E515697,T105394,SETTLED,2026-09-08 10:49:03,2026-09-08 12:18:03,652
E517124,T105885,SETTLED,2026-09-08 23:05:33,2026-09-08 23:05:45,368
E515791,T105427,CREATED,2026-09-08 16:04:48,2026-09-08 16:05:02,393
E520201,T106953,AUTHORIZED,2026-09-09 13:08:59,2026-09-09 13:09:25,220
E516899,T105808,AUTHORIZED,2026-09-08 17:21:31,2026-09-08 17:21:56,364
E518235,T106270,CREATED,2026-09-09 09:16:17,2026-09-09 09:16:19,158
E518724,T106440,CREATED,2026-09-09 19:15:45,2026-09-09 19:15:47,24
E517629,T106062,CREATED,2026-09-08 10:50:35,2026-09-08 10:50:38,106
E517808,T106123,SETTLED,2026-09-08 11:39:45,2026-09-08 11:40:11,424
E515993,T105498,AUTHORIZED,2026-09-08 21:24:11,2026-09-08 21:24:35,390
E517857,T106140,CREATED,2026-09-08 12:10:52,2026-09-08 12:11:03,398
E517958,T106175,CREATED,2026-09-08 13:59:21,2026-09-08 13:59:38,165
E519729,T106791,SETTLED,2026-09-09 07:38:18,2026-09-09 07:38:30,400
E518154,T106242,AUTHORIZED,2026-09-09 19:49:23,2026-09-09 19:49:33,313
E517216,T105918,AUTHORIZED,2026-09-08 18:44:13,2026-09-08 18:44:43,61
E516779,T105765,SETTLED,2026-09-08 12:12:52,2026-09-08 12:13:11,548
E516811,T105777,AUTHORIZED,2026-09-08 13:20:57,2026-09-08 13:20:59,417
E515872,T105457,AUTHORIZED,2026-09-08 22:47:48,2026-09-08 22:48:04,403
E518532,T106373,AUTHORIZED,2026-09-09 12:29:18,2026-09-09 12:29:33,328
E518846,T106482,CREATED,2026-09-09 12:23:07,2026-09-09 12:23:16,327
E517817,T106126,SETTLED,2026-09-08 10:25:09,2026-09-08 10:25:43,527
E519736,T106794,AUTHORIZED,2026-09-09 22:11:18,2026-09-09 22:11:23,60
E520209,T106956,CREATED,2026-09-09 22:09:08,2026-09-09 22:09:23,295
E517787,T106117,CREATED,2026-09-08 19:48:49,2026-09-08 19:48:55,343
E518822,T106474,CREATED,2026-09-09 20:29:15,2026-09-09 20:29:31,143
E518375,T106318,FAILED,2026-09-09 22:04:33,2026-09-09 22:04:48,73
E519694,T106779,CREATED,2026-09-09 11:38:36,2026-09-09 11:38:37,318
E520021,T106891,SETTLED,2026-09-09 07:48:15,2026-09-09 07:48:29,585
E517510,T106020,AUTHORIZED,2026-09-08 22:54:44,2026-09-08 22:55:07,334
E519621,T106753,CREATED,2026-09-09 11:56:49,2026-09-09 11:56:54,386
E518126,T106232,SETTLED,2026-09-08 13:11:52,2026-09-08 13:12:23,868
E517049,T105860,CREATED,2026-09-08 17:18:55,2026-09-08 17:19:03,191
E519780,T106809,SETTLED,2026-09-09 22:08:08,2026-09-09 22:08:47,628
E516336,T105615,SETTLED,2026-09-08 07:10:25,2026-09-08 07:10:28,179
E516341,T105617,AUTHORIZED,2026-09-08 17:34:48,2026-09-08 17:35:04,262
E519981,T106877,SETTLED,2026-09-10 03:01:57,2026-09-10 03:02:25,562
E516809,T105776,SETTLED,2026-09-08 17:39:41,2026-09-08 17:40:07,597
E516615,T105710,CREATED,2026-09-08 06:26:20,2026-09-08 06:26:25,175
E518511,T106366,AUTHORIZED,2026-09-09 11:47:32,2026-09-09 11:47:36,137
E517279,T105938,AUTHORIZED,2026-09-08 11:39:34,2026-09-08 11:39:49,440
E519666,T106768,AUTHORIZED,2026-09-09 08:50:37,2026-09-09 08:50:38,194
E519360,T106659,AUTHORIZED,2026-09-09 17:10:24,2026-09-09 17:10:45,177
E519702,T106782,CREATED,2026-09-09 16:30:07,2026-09-09 16:30:22,170
E519749,T106799,CREATED,2026-09-09 18:58:39,2026-09-09 18:58:56,102
E517047,T105859,AUTHORIZED,2026-09-08 18:51:54,2026-09-08 18:52:01,257
E520226,T106962,AUTHORIZED,2026-09-09 18:14:39,2026-09-09 18:14:41,296
E517554,T106035,SETTLED,2026-09-08 10:49:06,2026-09-08 10:49:24,892
E518448,T106345,CREATED,2026-09-09 16:49:15,2026-09-09 16:49:16,263
E516018,T105506,CREATED,2026-09-08 22:29:46,2026-09-08 22:29:51,271
E518559,T106383,CREATED,2026-09-09 17:52:28,2026-09-09 17:52:29,356
E516041,T105514,SETTLED,2026-09-08 07:53:55,2026-09-08 07:54:09,854
E518738,T106445,SETTLED,2026-09-09 08:18:13,2026-09-09 08:18:45,438
E516059,T105520,AUTHORIZED,2026-09-08 11:13:47,2026-09-08 11:14:11,142
E519024,T106542,AUTHORIZED,2026-09-09 12:11:36,2026-09-09 12:12:04,60
E515954,T105485,AUTHORIZED,2026-09-08 16:36:00,2026-09-08 16:36:11,22
E519811,T106820,SETTLED,2026-09-09 08:42:49,2026-09-09 08:42:55,752
E515696,T105394,AUTHORIZED,2026-09-08 10:40:03,2026-09-08 10:40:22,422
E516763,T105760,CREATED,2026-09-08 06:17:52,2026-09-08 06:18:00,358
E518550,T106379,SETTLED,2026-09-09 22:49:25,2026-09-09 22:49:47,703
E515747,T105412,AUTHORIZED,2026-09-08 18:28:38,2026-09-08 18:28:47,433
E518386,T106323,CREATED,2026-09-09 17:42:21,2026-09-09 17:42:32,245
E518394,T106326,CREATED,2026-09-09 09:03:37,2026-09-09 09:03:48,309
E516655,T105723,SETTLED,2026-09-08 09:19:22,2026-09-08 09:19:40,730
E520087,T106913,CREATED,2026-09-09 07:00:05,2026-09-09 07:00:21,63
E519320,T106646,AUTHORIZED,2026-09-09 20:34:57,2026-09-09 20:35:11,170
E517542,T106031,FAILED,2026-09-08 12:05:11,2026-09-08 12:05:13,230
E517168,T105901,AUTHORIZED,2026-09-08 17:43:57,2026-09-08 17:44:23,315
E519019,T106540,SETTLED,2026-09-09 10:53:09,2026-09-09 10:53:23,611
E517837,T106133,AUTHORIZED,2026-09-08 11:05:24,2026-09-08 11:05:32,368
E517840,T106134,AUTHORIZED,2026-09-08 10:08:10,2026-09-08 10:08:32,162
E517449,T105998,SETTLED,2026-09-08 11:55:23,2026-09-08 11:55:31,360
E519584,T106739,CREATED,2026-09-09 15:47:50,2026-09-09 15:47:53,387
E519095,T106568,CREATED,2026-09-09 10:59:32,2026-09-09 10:59:33,131
E518300,T106292,AUTHORIZED,2026-09-09 12:14:57,2026-09-09 12:15:09,241
E517023,T105851,AUTHORIZED,2026-09-08 08:03:27,2026-09-08 08:03:45,177
E516444,T105654,CREATED,2026-09-08 08:49:22,2026-09-08 08:49:30,338
E519700,T106781,AUTHORIZED,2026-09-09 14:17:45,2026-09-09 14:17:57,202
E518444,T106343,FAILED,2026-09-09 06:47:13,2026-09-09 06:47:39,372
E515840,T105445,SETTLED,2026-09-08 12:46:09,2026-09-08 13:16:09,791
E519992,T106881,SETTLED,2026-09-09 14:55:03,2026-09-09 14:55:06,526
E519298,T106638,AUTHORIZED,2026-09-09 20:42:56,2026-09-09 20:43:26,314
E520082,T106911,AUTHORIZED,2026-09-09 12:52:11,2026-09-09 12:52:16,351
E518967,T106523,CREATED,2026-09-09 09:11:34,2026-09-09 09:11:40,79
E516170,T105556,SETTLED,2026-09-08 18:20:37,2026-09-08 18:20:52,478
E517412,T105986,AUTHORIZED,2026-09-08 08:49:09,2026-09-08 08:49:37,95
E518509,T106365,SETTLED,2026-09-09 16:06:11,2026-09-09 16:06:22,545
E515925,T105475,SETTLED,2026-09-08 16:15:46,2026-09-08 16:16:16,783
E516176,T105558,SETTLED,2026-09-08 16:39:23,2026-09-08 16:39:39,831
E519271,T106629,AUTHORIZED,2026-09-09 18:23:54,2026-09-09 18:24:05,173
E518685,T106426,SETTLED,2026-09-09 09:25:30,2026-09-09 09:26:00,512
E518395,T106326,AUTHORIZED,2026-09-09 09:04:14,2026-09-09 09:04:32,414
E516948,T105825,SETTLED,2026-09-08 19:18:55,2026-09-08 19:19:21,103
E518971,T106524,CREATED,2026-09-09 19:57:30,2026-09-09 19:57:42,396
E518529,T106372,AUTHORIZED,2026-09-09 19:12:52,2026-09-09 19:12:53,298
E517196,T105911,CREATED,2026-09-08 12:01:19,2026-09-08 12:01:23,400
E516910,T105812,AUTHORIZED,2026-09-08 21:56:18,2026-09-08 21:56:34,211
E519424,T106682,CREATED,2026-09-09 06:17:58,2026-09-09 06:17:59,295
E515703,T105396,SETTLED,2026-09-08 11:45:36,2026-09-08 11:46:15,843
E519993,T106882,CREATED,2026-09-09 19:10:52,2026-09-09 19:11:05,321
E515866,T105455,CREATED,2026-09-08 06:00:46,2026-09-08 06:00:49,35
E520262,T106974,SETTLED,2026-09-09 06:06:42,2026-09-09 06:07:06,852
E519830,T106826,SETTLED,2026-09-09 13:22:31,2026-09-09 13:22:51,371
E516792,T105770,SETTLED,2026-09-08 12:31:37,2026-09-08 12:32:03,349
E519712,T106785,SETTLED,2026-09-09 07:22:32,2026-09-09 07:23:16,125
E518931,T106510,SETTLED,2026-09-09 18:13:39,2026-09-09 18:13:42,756
E515671,T105385,SETTLED,2026-09-08 17:53:51,2026-09-08 17:53:56,799
E518214,T106263,CREATED,2026-09-09 22:27:05,2026-09-09 22:27:22,108
E519669,T106769,AUTHORIZED,2026-09-09 19:33:03,2026-09-09 19:33:24,200
E516780,T105766,CREATED,2026-09-08 11:01:18,2026-09-08 11:01:34,31
E516226,T105576,SETTLED,2026-09-08 21:44:43,2026-09-08 21:45:08,770
E520136,T106930,FAILED,2026-09-09 21:57:16,2026-09-09 21:57:35,283
E519282,T106632,SETTLED,2026-09-09 11:10:37,2026-09-09 11:11:19,234
E518338,T106305,CREATED,2026-09-09 17:40:27,2026-09-09 17:40:28,182
E518378,T106320,CREATED,2026-09-09 20:07:00,2026-09-09 20:07:16,225
E518459,T106348,SETTLED,2026-09-09 20:22:12,2026-09-09 20:22:41,478
E519492,T106705,SETTLED,2026-09-09 10:09:33,2026-09-09 10:09:53,190
E516306,T105605,CREATED,2026-09-08 10:06:29,2026-09-08 10:06:37,168
E518289,T106288,SETTLED,2026-09-10 08:42:07,2026-09-10 08:42:29,685
E517907,T106157,CREATED,2026-09-08 20:04:29,2026-09-08 20:04:32,319
E519873,T106840,SETTLED,2026-09-09 20:06:58,2026-09-09 20:07:43,376
E517266,T105934,CREATED,2026-09-08 10:27:21,2026-09-08 10:27:24,162
E520155,T106937,AUTHORIZED,2026-09-09 19:31:00,2026-09-09 19:31:24,70
E519703,T106782,AUTHORIZED,2026-09-09 16:30:32,2026-09-09 16:30:46,125
E516358,T105623,AUTHORIZED,2026-09-08 08:22:27,2026-09-08 08:22:34,483
E519977,T106876,SETTLED,2026-09-09 11:30:46,2026-09-09 11:30:48,35
E517288,T105941,AUTHORIZED,2026-09-08 20:39:39,2026-09-08 20:39:47,372
E516849,T105791,CREATED,2026-09-08 19:15:27,2026-09-08 19:15:29,93
E517257,T105931,SETTLED,2026-09-08 20:49:38,2026-09-08 20:49:56,809
E519766,T106804,SETTLED,2026-09-09 22:49:13,2026-09-09 22:49:51,120
E517464,T106003,SETTLED,2026-09-08 23:00:07,2026-09-08 23:00:30,472
E517458,T106001,SETTLED,2026-09-08 14:34:21,2026-09-08 14:34:31,426
E517530,T106027,AUTHORIZED,2026-09-08 14:50:17,2026-09-08 14:50:38,435
E518939,T106513,AUTHORIZED,2026-09-09 08:49:30,2026-09-09 08:49:55,105
E519093,T106567,CREATED,2026-09-09 16:56:44,2026-09-09 16:57:00,316
E518027,T106198,SETTLED,2026-09-08 12:23:12,2026-09-08 12:23:31,490
E519938,T106864,CREATED,2026-09-09 12:35:50,2026-09-09 12:36:05,102
E519365,T106661,CREATED,2026-09-09 21:31:38,2026-09-09 21:31:52,232
E517953,T106173,AUTHORIZED,2026-09-08 21:02:20,2026-09-08 21:02:23,88
E516968,T105832,CREATED,2026-09-08 18:09:24,2026-09-08 18:09:28,56
E516897,T105807,SETTLED,2026-09-08 09:48:11,2026-09-08 09:48:20,748
E516451,T105656,CREATED,2026-09-08 18:02:09,2026-09-08 18:02:18,244
E516004,T105501,SETTLED,2026-09-08 20:29:37,2026-09-08 20:29:54,797
E519604,T106746,SETTLED,2026-09-09 10:06:47,2026-09-09 10:07:26,96
E515929,T105477,CREATED,2026-09-08 12:11:33,2026-09-08 12:11:43,32
E520266,T106976,AUTHORIZED,2026-09-09 15:54:34,2026-09-09 15:54:36,88
E519029,T106544,AUTHORIZED,2026-09-09 10:29:08,2026-09-09 10:29:20,400
E519275,T106630,SETTLED,2026-09-09 12:13:05,2026-09-09 12:13:34,181
E516008,T105502,SETTLED,2026-09-08 23:05:24,2026-09-08 23:06:03,225
E516312,T105607,CREATED,2026-09-08 10:07:48,2026-09-08 10:08:05,116
E518533,T106373,SETTLED,2026-09-09 12:43:18,2026-09-09 12:43:45,710
E517032,T105854,SETTLED,2026-09-08 13:44:02,2026-09-08 13:44:15,402
E516840,T105788,CREATED,2026-09-08 11:28:33,2026-09-08 11:28:41,170
E517712,T106091,SETTLED,2026-09-08 07:42:57,2026-09-08 07:43:26,175
E519684,T106775,CREATED,2026-09-09 11:11:42,2026-09-09 11:11:55,34
E516106,T105535,SETTLED,2026-09-08 11:37:37,2026-09-08 11:37:40,147
E519259,T106625,SETTLED,2026-09-09 15:02:18,2026-09-09 15:02:20,570
E516487,T105667,AUTHORIZED,2026-09-08 13:15:36,2026-09-08 13:15:47,441
E516530,T105682,AUTHORIZED,2026-09-08 21:04:16,2026-09-08 21:04:19,416
E516821,T105781,CREATED,2026-09-08 10:15:21,2026-09-08 10:15:39,25
E516431,T105649,SETTLED,2026-09-08 18:47:39,2026-09-08 18:48:06,822
E517835,T106132,SETTLED,2026-09-08 09:25:20,2026-09-08 09:26:00,870
E520192,T106950,CREATED,2026-09-09 18:32:44,2026-09-09 18:33:02,213
E518254,T106276,SETTLED,2026-09-09 22:55:08,2026-09-09 22:55:52,190
E519264,T106627,AUTHORIZED,2026-09-09 14:19:25,2026-09-09 14:19:33,96
E519739,T106795,SETTLED,2026-09-09 16:13:10,2026-09-09 16:13:25,454
E516099,T105533,AUTHORIZED,2026-09-08 09:44:50,2026-09-08 09:45:01,261
E517346,T105961,AUTHORIZED,2026-09-08 19:39:21,2026-09-08 19:39:39,91
E516801,T105773,SETTLED,2026-09-08 12:50:18,2026-09-08 14:16:18,808
E517340,T105959,AUTHORIZED,2026-09-08 11:42:43,2026-09-08 11:43:09,136
E515937,T105479,SETTLED,2026-09-08 17:12:35,2026-09-08 17:12:52,879
E516732,T105749,AUTHORIZED,2026-09-08 10:52:21,2026-09-08 10:52:27,223
E516183,T105560,SETTLED,2026-09-08 10:28:06,2026-09-08 10:28:28,48
E519931,T106861,SETTLED,2026-09-09 06:17:42,2026-09-09 07:40:42,500
E516180,T105560,CREATED,2026-09-08 10:05:37,2026-09-08 10:05:39,317
E515700,T105395,SETTLED,2026-09-08 12:47:57,2026-09-08 12:48:28,367
E516219,T105574,AUTHORIZED,2026-09-08 07:58:10,2026-09-08 07:58:27,184
E518537,T106375,CREATED,2026-09-09 10:11:29,2026-09-09 10:11:35,378
E518743,T106447,AUTHORIZED,2026-09-09 14:00:19,2026-09-09 14:00:35,35
E517182,T105906,CREATED,2026-09-08 16:58:12,2026-09-08 16:58:23,206
E518022,T106196,SETTLED,2026-09-08 07:37:05,2026-09-08 07:37:19,407
E516027,T105509,SETTLED,2026-09-08 17:21:46,2026-09-08 17:21:53,798
E515813,T105434,SETTLED,2026-09-08 14:07:06,2026-09-08 14:07:14,872
E519278,T106631,AUTHORIZED,2026-09-09 07:45:34,2026-09-09 07:46:02,289
E515777,T105422,CREATED,2026-09-08 15:56:40,2026-09-08 15:56:50,123
E518043,T106204,CREATED,2026-09-08 15:29:25,2026-09-08 15:29:36,247
E519101,T106570,SETTLED,2026-09-09 23:13:13,2026-09-09 23:13:43,243
E517736,T106099,SETTLED,2026-09-08 13:05:33,2026-09-08 13:05:40,841
E517949,T106172,AUTHORIZED,2026-09-08 14:03:30,2026-09-08 14:03:55,131
E519770,T106806,CREATED,2026-09-09 15:36:30,2026-09-09 15:36:33,99
E516806,T105775,SETTLED,2026-09-08 13:50:31,2026-09-08 13:50:47,805
E517014,T105848,CREATED,2026-09-08 12:21:24,2026-09-08 12:21:34,61
E518952,T106518,CREATED,2026-09-09 09:36:47,2026-09-09 09:36:49,64
E520024,T106892,SETTLED,2026-09-09 09:56:50,2026-09-09 09:57:21,222
E517878,T106147,CREATED,2026-09-08 17:37:11,2026-09-08 17:37:21,223
E518152,T106241,SETTLED,2026-09-09 22:54:30,2026-09-09 22:55:07,367
E516419,T105645,SETTLED,2026-09-08 22:44:19,2026-09-08 22:44:29,581
E518217,T106264,CREATED,2026-09-09 16:30:18,2026-09-09 16:30:30,182
E515705,T105397,CREATED,2026-09-08 08:10:46,2026-09-08 08:11:03,204
E515784,T105424,SETTLED,2026-09-08 17:36:43,2026-09-08 17:37:13,761
E516327,T105611,SETTLED,2026-09-08 16:09:16,2026-09-08 16:43:16,193
E519907,T106853,AUTHORIZED,2026-09-09 19:47:07,2026-09-09 19:47:28,221
E519966,T106873,AUTHORIZED,2026-09-09 19:18:48,2026-09-09 19:19:15,128
E518779,T106459,AUTHORIZED,2026-09-09 21:57:20,2026-09-09 21:57:35,459
E516136,T105546,CREATED,2026-09-08 21:34:43,2026-09-08 21:34:49,35
E519175,T106597,CREATED,2026-09-09 08:16:53,2026-09-09 08:17:04,244
E516039,T105514,CREATED,2026-09-08 07:44:19,2026-09-08 07:44:37,120
E519674,T106771,AUTHORIZED,2026-09-09 14:20:24,2026-09-09 14:20:43,268
E516465,T105660,AUTHORIZED,2026-09-08 22:00:18,2026-09-08 22:00:34,456
E517446,T105997,SETTLED,2026-09-08 06:58:51,2026-09-08 06:59:36,473
E515802,T105430,SETTLED,2026-09-08 21:49:07,2026-09-08 21:49:13,854
E515903,T105468,AUTHORIZED,2026-09-08 13:45:44,2026-09-08 13:45:59,32
E518796,T106465,SETTLED,2026-09-09 07:57:31,2026-09-09 07:58:15,90
E516703,T105740,AUTHORIZED,2026-09-08 09:44:37,2026-09-08 09:44:38,82
E518857,T106485,SETTLED,2026-09-09 14:04:59,2026-09-09 14:05:38,443
E517743,T106102,CREATED,2026-09-08 11:49:43,2026-09-08 11:49:51,255
E516034,T105512,CREATED,2026-09-08 13:34:32,2026-09-08 13:34:49,181
E518196,T106256,SETTLED,2026-09-09 16:10:52,2026-09-09 16:11:28,546
E517960,T106175,SETTLED,2026-09-08 14:08:01,2026-09-08 14:08:38,333
E519941,T106865,CREATED,2026-09-09 11:33:37,2026-09-09 11:33:50,275
E517895,T106153,CREATED,2026-09-08 10:10:13,2026-09-08 10:10:27,50
E519481,T106701,SETTLED,2026-09-09 06:43:18,2026-09-09 06:43:42,265
E518121,T106231,CREATED,2026-09-08 15:34:54,2026-09-08 15:35:13,128
E519015,T106539,AUTHORIZED,2026-09-09 17:23:43,2026-09-09 17:24:02,473
E518736,T106445,CREATED,2026-09-09 08:08:57,2026-09-09 08:09:08,324
E519671,T106770,CREATED,2026-09-09 10:11:11,2026-09-09 10:11:13,220
E518328,T106301,SETTLED,2026-09-09 08:04:55,2026-09-09 08:05:34,552
E516251,T105585,AUTHORIZED,2026-09-08 15:55:44,2026-09-08 15:56:04,453
E516355,T105622,AUTHORIZED,2026-09-08 08:07:35,2026-09-08 08:07:39,250
E516052,T105518,CREATED,2026-09-08 08:19:56,2026-09-08 08:20:08,75
E520232,T106964,AUTHORIZED,2026-09-09 19:34:55,2026-09-09 19:35:11,352
E518803,T106467,SETTLED,2026-09-09 09:38:28,2026-09-09 09:38:39,530
E517115,T105882,SETTLED,2026-09-08 21:26:15,2026-09-08 21:26:25,679
E519945,T106866,AUTHORIZED,2026-09-09 16:38:37,2026-09-09 16:39:06,492
E518946,T106516,CREATED,2026-09-09 13:15:55,2026-09-09 13:16:13,245
E519831,T106827,CREATED,2026-09-09 21:22:44,2026-09-09 21:23:00,38
E516690,T105736,CREATED,2026-09-08 10:19:01,2026-09-08 10:19:12,273
E516529,T105682,CREATED,2026-09-08 21:03:56,2026-09-08 21:04:16,304
E519327,T106648,SETTLED,2026-09-09 22:21:04,2026-09-09 22:21:18,257
E517057,T105862,SETTLED,2026-09-08 12:29:12,2026-09-08 12:29:42,464
E518862,T106487,CREATED,2026-09-09 08:41:09,2026-09-09 08:41:28,330
E519510,T106712,AUTHORIZED,2026-09-09 07:44:53,2026-09-09 07:45:13,358
E519241,T106619,SETTLED,2026-09-09 09:09:38,2026-09-09 09:10:03,577
E517938,T106168,AUTHORIZED,2026-09-08 20:06:29,2026-09-08 20:06:47,180
E519489,T106704,AUTHORIZED,2026-09-09 12:14:49,2026-09-09 12:15:01,331
E516839,T105787,SETTLED,2026-09-08 10:31:52,2026-09-08 10:32:13,613
E517682,T106081,CREATED,2026-09-08 21:22:31,2026-09-08 21:22:38,76
E519705,T106783,AUTHORIZED,2026-09-09 13:19:53,2026-09-09 13:20:19,100
E519148,T106586,FAILED,2026-09-09 13:21:29,2026-09-09 13:21:40,351
E517044,T105858,AUTHORIZED,2026-09-08 17:14:03,2026-09-08 17:14:15,434
E517085,T105872,SETTLED,2026-09-08 06:50:35,2026-09-08 06:51:15,765
E516973,T105833,SETTLED,2026-09-08 21:16:11,2026-09-08 21:16:24,577
E520002,T106885,CREATED,2026-09-09 14:26:45,2026-09-09 14:26:46,167
E516371,T105628,SETTLED,2026-09-08 10:52:12,2026-09-08 10:52:24,253
E518349,T106308,SETTLED,2026-09-09 11:40:29,2026-09-09 12:00:29,663
E518144,T106239,CREATED,2026-09-09 08:49:04,2026-09-09 08:49:13,82
E517930,T106165,SETTLED,2026-09-08 13:07:28,2026-09-08 13:07:57,46
E516710,T105743,CREATED,2026-09-08 16:10:35,2026-09-08 16:10:38,254
E520181,T106946,CREATED,2026-09-09 17:18:53,2026-09-09 17:19:00,91
E518668,T106420,AUTHORIZED,2026-09-09 14:37:01,2026-09-09 14:37:11,288
E520051,T106901,AUTHORIZED,2026-09-09 17:03:24,2026-09-09 17:03:29,444
E518331,T106302,SETTLED,2026-09-09 17:14:13,2026-09-09 17:14:36,85
E517229,T105923,CREATED,2026-09-08 16:03:11,2026-09-08 16:03:23,60
E516345,T105618,SETTLED,2026-09-08 19:09:10,2026-09-08 19:09:23,468
E518344,T106307,CREATED,2026-09-09 07:34:37,2026-09-09 07:34:41,310
E519500,T106708,CREATED,2026-09-09 10:55:38,2026-09-09 10:55:39,330
E517368,T105970,AUTHORIZED,2026-09-08 09:59:45,2026-09-08 09:59:52,69
E515843,T105446,SETTLED,2026-09-08 19:06:33,2026-09-08 19:06:38,453
E519837,T106829,CREATED,2026-09-09 09:54:34,2026-09-09 09:54:40,295
E519858,T106835,SETTLED,2026-09-09 20:45:22,2026-09-09 20:46:04,259
E517832,T106131,SETTLED,2026-09-08 18:48:07,2026-09-08 18:48:14,370
E517776,T106113,AUTHORIZED,2026-09-08 20:41:51,2026-09-08 20:42:02,441
E519600,T106745,CREATED,2026-09-09 10:01:54,2026-09-09 10:02:13,34
E518527,T106371,AUTHORIZED,2026-09-09 21:48:34,2026-09-09 21:48:40,211
E519850,T106833,CREATED,2026-09-09 22:42:08,2026-09-09 22:42:17,291
E516370,T105628,AUTHORIZED,2026-09-08 10:35:12,2026-09-08 10:35:38,475
E516520,T105679,CREATED,2026-09-08 08:32:05,2026-09-08 08:32:20,223
E518216,T106263,SETTLED,2026-09-09 22:49:19,2026-09-09 22:49:44,48
E517561,T106038,AUTHORIZED,2026-09-08 21:09:07,2026-09-08 21:09:14,422
E520184,T106947,CREATED,2026-09-09 22:01:30,2026-09-09 22:01:45,359
E515931,T105477,SETTLED,2026-09-08 12:17:08,2026-09-08 12:17:48,122
E517643,T106066,SETTLED,2026-09-08 22:05:54,2026-09-08 22:05:59,306
E517552,T106035,CREATED,2026-09-08 10:21:49,2026-09-08 10:21:51,333
E520191,T106949,SETTLED,2026-09-09 14:08:58,2026-09-09 14:09:01,764
E518578,T106389,SETTLED,2026-09-09 11:48:52,2026-09-09 11:49:18,421
E518715,T106436,SETTLED,2026-09-09 20:50:22,2026-09-09 21:30:22,555
E516589,T105701,SETTLED,2026-09-08 14:44:18,2026-09-08 14:44:32,404
E515711,T105399,AUTHORIZED,2026-09-08 21:23:54,2026-09-08 21:24:13,142
E518906,T106502,AUTHORIZED,2026-09-09 13:55:03,2026-09-09 13:55:27,112
E516494,T105669,SETTLED,2026-09-08 09:22:59,2026-09-08 09:23:14,598
E516938,T105822,AUTHORIZED,2026-09-08 16:54:09,2026-09-08 16:54:13,50
E517718,T106093,SETTLED,2026-09-08 22:23:34,2026-09-08 22:23:46,686
E519758,T106802,CREATED,2026-09-09 17:05:42,2026-09-09 17:05:43,104
E516644,T105720,CREATED,2026-09-08 09:09:05,2026-09-08 09:09:09,171
E518322,T106300,CREATED,2026-09-09 21:49:37,2026-09-09 21:49:42,229
E518161,T106245,CREATED,2026-09-09 22:03:50,2026-09-09 22:03:56,112
E517886,T106149,SETTLED,2026-09-08 06:23:41,2026-09-08 06:23:42,877
E516527,T105681,AUTHORIZED,2026-09-08 09:01:46,2026-09-08 09:02:10,282
E516634,T105716,AUTHORIZED,2026-09-08 17:32:09,2026-09-08 17:32:32,284
E518193,T106255,SETTLED,2026-09-09 19:13:21,2026-09-09 19:13:52,68
E520268,T106977,CREATED,2026-09-09 11:04:03,2026-09-09 11:04:19,144
E520241,T106967,CREATED,2026-09-09 12:37:23,2026-09-09 12:37:28,282
E516250,T105585,CREATED,2026-09-08 15:55:22,2026-09-08 15:55:27,270
E518265,T106280,SETTLED,2026-09-09 07:35:45,2026-09-09 07:36:28,494
E518487,T106358,AUTHORIZED,2026-09-09 22:45:22,2026-09-09 22:45:41,160
E516997,T105842,AUTHORIZED,2026-09-08 10:49:02,2026-09-08 10:49:13,410
E518895,T106498,AUTHORIZED,2026-09-09 18:00:32,2026-09-09 18:00:35,361
E520094,T106915,AUTHORIZED,2026-09-09 22:17:45,2026-09-09 22:17:48,244
E515770,T105419,SETTLED,2026-09-08 19:58:05,2026-09-08 19:58:32,836
E517272,T105936,CREATED,2026-09-08 19:09:37,2026-09-08 19:09:56,126
E517159,T105898,AUTHORIZED,2026-09-08 10:34:48,2026-09-08 10:35:03,266
E516716,T105744,SETTLED,2026-09-08 14:03:45,2026-09-08 14:03:58,538
E515759,T105416,CREATED,2026-09-08 17:12:59,2026-09-08 17:13:13,228
E519307,T106641,AUTHORIZED,2026-09-09 17:09:05,2026-09-09 17:09:14,96
E520097,T106916,AUTHORIZED,2026-09-09 15:26:04,2026-09-09 15:26:25,95
E515730,T105406,CREATED,2026-09-08 06:55:14,2026-09-08 06:55:25,256
E517704,T106089,CREATED,2026-09-08 21:24:41,2026-09-08 21:24:43,348
E517174,T105903,AUTHORIZED,2026-09-08 06:44:57,2026-09-08 06:45:02,109
E517524,T106025,AUTHORIZED,2026-09-08 11:59:21,2026-09-08 11:59:30,283
E519625,T106754,AUTHORIZED,2026-09-09 14:17:58,2026-09-09 14:17:59,497
E517823,T106128,SETTLED,2026-09-08 22:02:04,2026-09-08 22:02:06,98
E516713,T105743,SETTLED,2026-09-08 16:32:53,2026-09-08 16:33:11,99
E518817,T106472,CREATED,2026-09-09 08:19:04,2026-09-09 08:19:06,128
E517119,T105884,CREATED,2026-09-08 19:53:54,2026-09-08 19:54:12,85
E518977,T106526,CREATED,2026-09-09 13:45:15,2026-09-09 13:45:24,167
E516441,T105653,CREATED,2026-09-08 15:23:12,2026-09-08 15:23:24,274
E518481,T106356,CREATED,2026-09-09 19:34:14,2026-09-09 19:34:22,328
E518366,T106314,SETTLED,2026-09-09 10:07:04,2026-09-09 10:35:04,893
E517630,T106062,AUTHORIZED,2026-09-08 10:51:11,2026-09-08 10:51:30,64
E519910,T106854,SETTLED,2026-09-09 07:28:34,2026-09-09 07:28:56,534
E517634,T106063,SETTLED,2026-09-08 15:31:37,2026-09-08 15:31:54,247
E518206,T106260,AUTHORIZED,2026-09-09 07:45:25,2026-09-09 07:45:30,39
E518914,T106505,CREATED,2026-09-09 08:32:54,2026-09-09 08:33:10,187
E516449,T105655,AUTHORIZED,2026-09-08 15:28:27,2026-09-08 15:28:50,352
E517921,T106162,CREATED,2026-09-08 06:01:37,2026-09-08 06:01:40,186
E517022,T105851,CREATED,2026-09-08 08:02:55,2026-09-08 08:03:00,173
E519681,T106773,SETTLED,2026-09-09 12:49:08,2026-09-09 12:49:09,681
E519668,T106769,CREATED,2026-09-09 19:32:42,2026-09-09 19:32:59,140
E517731,T106098,CREATED,2026-09-08 21:47:26,2026-09-08 21:47:44,327
E519536,T106721,SETTLED,2026-09-09 08:40:43,2026-09-09 08:41:15,615
E520061,T106904,SETTLED,2026-09-09 21:27:38,2026-09-09 21:27:56,62
E517978,T106182,AUTHORIZED,2026-09-08 09:50:03,2026-09-08 09:50:29,93
E519324,T106647,SETTLED,2026-09-09 22:14:43,2026-09-09 22:15:15,434
E516823,T105781,SETTLED,2026-09-08 10:30:57,2026-09-08 10:31:29,580
E516817,T105779,SETTLED,2026-09-08 15:25:37,2026-09-08 15:25:42,666
E516486,T105667,CREATED,2026-09-08 13:14:58,2026-09-08 13:15:15,187
E517360,T105966,SETTLED,2026-09-08 08:06:07,2026-09-08 08:31:07,97
E515790,T105426,SETTLED,2026-09-08 10:57:37,2026-09-08 10:58:16,592
E518266,T106281,CREATED,2026-09-09 10:24:01,2026-09-09 10:24:02,174
E517189,T105908,AUTHORIZED,2026-09-08 13:46:06,2026-09-08 13:46:25,141
E519951,T106868,SETTLED,2026-09-09 12:29:35,2026-09-09 12:29:37,144
E517071,T105867,SETTLED,2026-09-08 14:23:21,2026-09-08 14:24:04,230
E517594,T106050,AUTHORIZED,2026-09-08 16:39:03,2026-09-08 16:39:08,27
E517395,T105980,AUTHORIZED,2026-09-08 13:52:19,2026-09-08 13:52:45,384
E519434,T106685,SETTLED,2026-09-09 22:05:03,2026-09-09 22:05:16,295
E517652,T106070,CREATED,2026-09-08 14:20:28,2026-09-08 14:20:45,267
E515773,T105420,SETTLED,2026-09-08 21:27:46,2026-09-08 21:28:00,487
E519533,T106720,FAILED,2026-09-09 07:42:02,2026-09-09 07:42:25,459
E518804,T106468,CREATED,2026-09-09 07:16:17,2026-09-09 07:16:28,342
E518204,T106259,AUTHORIZED,2026-09-09 14:47:17,2026-09-09 14:47:46,251
E518474,T106353,SETTLED,2026-09-09 13:26:34,2026-09-09 13:26:37,118
E518287,T106288,CREATED,2026-09-09 19:03:29,2026-09-09 19:03:46,390
E518930,T106510,AUTHORIZED,2026-09-09 18:04:39,2026-09-09 18:05:00,286
E517091,T105874,AUTHORIZED,2026-09-08 18:26:16,2026-09-08 18:26:24,328
E517853,T106138,SETTLED,2026-09-08 21:57:35,2026-09-08 23:12:35,74
E516408,T105641,SETTLED,2026-09-08 18:49:06,2026-09-08 18:49:29,256
E519550,T106726,AUTHORIZED,2026-09-09 09:54:48,2026-09-09 09:55:00,374
E520276,T106979,SETTLED,2026-09-09 10:38:34,2026-09-09 10:39:12,499
E519824,T106824,SETTLED,2026-09-09 07:10:55,2026-09-09 07:11:11,503
E515885,T105461,SETTLED,2026-09-08 18:00:53,2026-09-08 18:01:02,330
E519707,T106784,CREATED,2026-09-09 07:12:18,2026-09-09 07:12:21,395
E516541,T105686,CREATED,2026-09-08 10:15:48,2026-09-08 10:15:50,111
E519399,T106673,CREATED,2026-09-09 19:21:43,2026-09-09 19:21:44,260
E518731,T106443,CREATED,2026-09-09 20:57:48,2026-09-09 20:58:04,76
E520017,T106890,AUTHORIZED,2026-09-09 22:36:36,2026-09-09 22:36:47,241
E518801,T106467,CREATED,2026-09-09 08:55:11,2026-09-09 08:55:25,174
E516856,T105793,AUTHORIZED,2026-09-08 21:39:21,2026-09-08 21:39:24,250
E516720,T105745,SETTLED,2026-09-08 21:09:21,2026-09-08 21:09:45,325
E516081,T105527,SETTLED,2026-09-08 13:45:34,2026-09-08 13:45:42,708
E519431,T106684,SETTLED,2026-09-09 13:06:12,2026-09-09 13:06:31,168
E517805,T106122,SETTLED,2026-09-08 21:42:51,2026-09-08 21:42:59,624
E517992,T106187,AUTHORIZED,2026-09-08 12:10:22,2026-09-08 12:10:38,403
E516325,T105611,CREATED,2026-09-08 15:49:59,2026-09-08 15:50:03,222
E520174,T106943,SETTLED,2026-09-09 18:45:07,2026-09-09 18:45:32,452
E518109,T106227,CREATED,2026-09-08 13:35:51,2026-09-08 13:36:03,230
E516277,T105595,AUTHORIZED,2026-09-08 15:01:49,2026-09-08 15:01:50,389
E518102,T106224,CREATED,2026-09-08 10:51:09,2026-09-08 10:51:23,326
E516156,T105552,CREATED,2026-09-08 13:40:52,2026-09-08 13:41:12,275
E519524,T106717,CREATED,2026-09-09 16:03:19,2026-09-09 16:03:31,26
E517662,T106074,CREATED,2026-09-08 16:37:52,2026-09-08 16:38:03,22
E516685,T105734,AUTHORIZED,2026-09-08 10:14:08,2026-09-08 10:14:29,37
E516658,T105724,SETTLED,2026-09-08 20:08:18,2026-09-08 20:08:21,799
E520069,T106907,AUTHORIZED,2026-09-09 15:01:38,2026-09-09 15:01:51,279
E520014,T106889,AUTHORIZED,2026-09-09 22:13:42,2026-09-09 22:13:47,174
E519322,T106647,CREATED,2026-09-09 22:04:16,2026-09-09 22:04:18,290
E518069,T106212,AUTHORIZED,2026-09-08 17:05:43,2026-09-08 17:05:54,250
E519467,T106697,CREATED,2026-09-09 22:19:45,2026-09-09 22:19:54,118
E518883,T106494,AUTHORIZED,2026-09-09 15:58:54,2026-09-09 15:59:04,466
E520003,T106885,FAILED,2026-09-09 14:27:08,2026-09-09 14:27:10,306
E516611,T105709,CREATED,2026-09-08 06:17:47,2026-09-08 06:17:54,79
E518417,T106334,CREATED,2026-09-09 12:54:56,2026-09-09 12:54:58,108
E517426,T105991,CREATED,2026-09-08 13:29:45,2026-09-08 13:29:58,89
E517253,T105930,AUTHORIZED,2026-09-08 10:27:44,2026-09-08 10:27:49,100
E519790,T106813,SETTLED,2026-09-09 11:01:35,2026-09-09 11:01:52,677
E515811,T105434,CREATED,2026-09-08 14:04:42,2026-09-08 14:04:53,115
E516807,T105776,CREATED,2026-09-08 17:20:05,2026-09-08 17:20:18,158
E519417,T106679,SETTLED,2026-09-09 18:52:00,2026-09-09 18:52:06,614
E515932,T105478,CREATED,2026-09-08 09:12:14,2026-09-08 09:12:28,379
E519670,T106769,SETTLED,2026-09-09 19:50:03,2026-09-09 21:04:03,705
