settlement_id,transaction_id,settlement_ts,settlement_amount,settlement_status,settlement_batch
S900001,T100001,2026-09-01 09:51:47,661.53,SETTLED,B20260901-3
S900002,T100002,2026-09-01 19:31:56,227691.27,SETTLED,B20260901-5
S900003,T100003,2026-09-01 06:25:40,28849.28,SETTLED,B20260901-2
S900004,T100003,2026-09-01 06:35:40,7212.32,SETTLED,B20260901-4
S900005,T100004,2026-09-01 09:00:34,599.62,SETTLED,B20260901-6
S900006,T100005,2026-09-01 20:06:08,31971.19,SETTLED,B20260901-3
S900007,T100006,2026-09-01 21:33:14,1860.31,SETTLED,B20260901-6
S900008,T100007,2026-09-01 07:16:24,275953.09,SETTLED,B20260901-4
S900009,T100008,2026-09-01 12:16:13,3845.18,SETTLED,B20260901-4
S900010,T100009,2026-09-01 06:47:05,43472.26,SETTLED,B20260901-3
S900011,T100010,2026-09-01 16:59:08,306792.18,SETTLED,B20260901-3
S900012,T100011,2026-09-01 19:51:19,3087.18,SETTLED,B20260901-3
S900013,T100012,2026-09-01 15:40:11,665.77,SETTLED,B20260901-6
S900014,T100013,2026-09-01 21:43:48,52266.66,SETTLED,B20260901-5
S900015,T100013,2026-09-01 21:46:48,13066.66,SETTLED,B20260901-5
S900016,T100014,2026-09-01 21:08:47,334014.35,SETTLED,B20260901-5
S900017,T100015,2026-09-01 13:44:14,19148.77,SETTLED,B20260901-5
S900018,T100016,2026-09-01 17:17:24,299682.82,SETTLED,B20260901-1
S900019,T100018,2026-09-02 00:57:54,9791.85,SETTLED,B20260902-4
S900020,T100019,2026-09-01 21:03:56,11726.29,SETTLED,B20260901-4
S900021,T100020,2026-09-01 10:42:51,117464.10,SETTLED,B20260901-2
S900022,T100021,2026-09-01 21:09:43,2480.54,SETTLED,B20260901-3
S900023,T100021,2026-09-01 21:19:43,620.14,SETTLED,B20260901-1
S900024,T100022,2026-09-01 16:06:24,44294.92,SETTLED,B20260901-4
S900025,T100023,2026-09-01 19:21:20,94493.43,SETTLED,B20260901-4
S900026,T100024,2026-09-01 18:49:07,339983.16,SETTLED,B20260901-4
S900027,T100025,2026-09-01 09:32:23,1650.57,SETTLED,B20260901-2
S900028,T100026,2026-09-01 11:01:42,288121.76,SETTLED,B20260901-1
S900029,T100027,2026-09-01 22:40:47,27616.95,SETTLED,B20260901-2
S900030,T100028,2026-09-01 12:02:18,11254.41,SETTLED,B20260901-5
S900031,T100029,2026-09-01 10:58:25,768.60,SETTLED,B20260901-1
S900032,T100029,2026-09-01 10:59:25,192.15,SETTLED,B20260901-4
S900033,T100030,2026-09-01 10:48:53,165700.64,SETTLED,B20260901-5
S900034,T100031,2026-09-01 18:39:23,53526.50,SETTLED,B20260901-6
S900035,T100032,2026-09-01 06:30:24,349827.92,SETTLED,B20260901-1
S900036,T100033,2026-09-01 09:23:54,2329.73,SETTLED,B20260901-5
S900037,T100033,2026-09-01 09:24:54,582.43,SETTLED,B20260901-4
S900038,T100034,2026-09-01 20:54:07,2342.02,FAILED,B20260901-3
S900039,T100035,2026-09-01 11:35:28,112249.15,SETTLED,B20260901-4
S900040,T100036,2026-09-01 21:47:31,2885.22,SETTLED,B20260901-2
S900041,T100037,2026-09-01 10:44:11,3241.46,SETTLED,B20260901-3
S900042,T100039,2026-09-01 22:40:54,207634.70,SETTLED,B20260901-3
S900043,T100040,2026-09-01 20:44:20,126035.11,SETTLED,B20260901-3
S900044,T100041,2026-09-01 07:29:04,392047.71,SETTLED,B20260901-5
S900045,T100044,2026-09-01 15:37:17,380778.56,SETTLED,B20260901-5
S900046,T100045,2026-09-01 09:19:20,915.65,SETTLED,B20260901-5
S900047,T100046,2026-09-01 07:18:45,168637.93,SETTLED,B20260901-1
S900048,T100047,2026-09-01 06:29:51,368705.67,FAILED,B20260901-5
S900049,T100049,2026-09-01 18:53:07,23864.22,SETTLED,B20260901-6
S900050,T100049,2026-09-01 18:58:07,5966.06,SETTLED,B20260901-2
S900051,T100051,2026-09-01 14:43:21,236.24,SETTLED,B20260901-1
S900052,T100052,2026-09-01 11:37:32,2306.07,SETTLED,B20260901-4
S900053,T100053,2026-09-01 15:13:22,3206.65,SETTLED,B20260901-2
S900054,T100054,2026-09-01 18:32:59,14867.05,SETTLED,B20260901-2
S900055,T100055,2026-09-01 19:23:15,35593.26,SETTLED,B20260901-5
S900056,T100056,2026-09-01 21:11:33,20602.68,SETTLED,B20260901-6
S900057,T100058,2026-09-01 17:19:06,2138.56,SETTLED,B20260901-2
S900058,T100060,2026-09-01 22:31:19,116801.72,SETTLED,B20260901-6
S900059,T100061,2026-09-01 18:51:53,1339.84,SETTLED,B20260901-2
S900060,T100062,2026-09-01 19:22:40,2773.93,SETTLED,B20260901-1
S900061,T100064,2026-09-01 21:35:36,67428.90,SETTLED,B20260901-2
S900062,T100065,2026-09-01 20:02:01,167650.00,SETTLED,B20260901-3
S900063,T100066,2026-09-01 06:25:33,27615.59,PENDING,B20260901-1
S900064,T100067,2026-09-01 08:04:46,10824.64,SETTLED,B20260901-3
S900065,T100068,2026-09-01 16:13:47,3297.02,SETTLED,B20260901-6
S900066,T100069,2026-09-01 06:28:55,579.82,SETTLED,B20260901-4
S900067,T100070,2026-09-02 08:33:51,175939.11,SETTLED,B20260902-3
S900068,T100071,2026-09-01 06:42:36,212720.54,SETTLED,B20260901-2
S900069,T100072,2026-09-01 12:31:50,220238.39,SETTLED,B20260901-6
S900070,T100073,2026-09-01 06:55:41,88087.03,FAILED,B20260901-4
S900071,T100074,2026-09-01 11:07:28,383851.16,SETTLED,B20260901-4
S900072,T100075,2026-09-01 14:00:34,27357.08,SETTLED,B20260901-2
S900073,T100076,2026-09-01 14:20:12,14020.91,SETTLED,B20260901-6
S900074,T100077,2026-09-01 21:47:05,3772.39,SETTLED,B20260901-5
S900075,T100078,2026-09-01 19:22:58,120977.41,SETTLED,B20260901-2
S900076,T100079,2026-09-01 16:28:43,17188.99,SETTLED,B20260901-2
S900077,T100080,2026-09-01 20:23:27,33615.81,SETTLED,B20260901-2
S900078,T100081,2026-09-01 22:19:20,6128.81,SETTLED,B20260901-4
S900079,T100082,2026-09-01 20:37:05,1477.14,SETTLED,B20260901-4
S900080,T100083,2026-09-01 17:06:28,22747.86,SETTLED,B20260901-6
S900081,T100084,2026-09-01 08:21:18,269442.73,SETTLED,B20260901-5
S900082,T100085,2026-09-01 15:43:43,306054.99,SETTLED,B20260901-2
S900083,T100086,2026-09-01 17:48:45,9228.06,SETTLED,B20260901-6
S900084,T100087,2026-09-01 07:35:44,21121.80,SETTLED,B20260901-2
S900085,T100088,2026-09-01 14:01:24,3592.67,SETTLED,B20260901-4
S900086,T100089,2026-09-01 18:07:39,55389.69,SETTLED,B20260901-4
S900087,T100091,2026-09-01 06:22:05,24639.58,SETTLED,B20260901-6
S900088,T100092,2026-09-01 14:56:51,20595.46,SETTLED,B20260901-4
S900089,T100092,2026-09-01 14:57:51,5148.86,SETTLED,B20260901-4
S900090,T100093,2026-09-01 15:30:42,324.27,SETTLED,B20260901-3
S900091,T100095,2026-09-01 08:26:00,2266.90,SETTLED,B20260901-3
S900092,T100095,2026-09-01 08:30:00,566.72,SETTLED,B20260901-2
S900093,T100096,2026-09-01 07:43:23,357574.22,SETTLED,B20260901-2
S900094,T100098,2026-09-01 22:27:09,249573.38,SETTLED,B20260901-4
S900095,T100098,2026-09-01 22:33:09,62393.35,SETTLED,B20260901-3
S900096,T100099,2026-09-01 19:43:34,-41057.48,SETTLED,B20260901-4
S900097,T100100,2026-09-01 22:05:59,2679.74,SETTLED,B20260901-5
S900098,T100100,2026-09-01 22:13:59,669.94,SETTLED,B20260901-4
S900099,T100101,2026-09-01 21:25:15,2018.44,SETTLED,B20260901-3
S900100,T100102,2026-09-01 09:38:40,254178.53,SETTLED,B20260901-6
S900101,T100103,2026-09-01 19:06:57,417.82,SETTLED,B20260901-5
S900102,T100103,2026-09-01 19:13:57,104.45,SETTLED,B20260901-4
S900103,T100104,2026-09-01 15:38:42,278445.82,SETTLED,B20260901-3
S900104,T100105,2026-09-01 10:03:13,242733.31,SETTLED,B20260901-3
S900105,T100106,2026-09-01 15:42:17,3570.36,SETTLED,B20260901-2
S900106,T100107,2026-09-01 13:13:53,13414.90,SETTLED,B20260901-6
S900107,T100108,2026-09-01 21:49:20,13060.03,SETTLED,B20260901-2
S900108,T100109,2026-09-01 19:07:20,284780.77,SETTLED,B20260901-4
S900109,T100110,2026-09-01 14:56:26,746.99,SETTLED,B20260901-1
S900110,T100111,2026-09-01 10:03:33,12420.01,SETTLED,B20260901-4
S900111,T100114,2026-09-01 17:20:15,277361.44,SETTLED,B20260901-6
S900112,T100115,2026-09-01 09:27:56,46206.92,SETTLED,B20260901-2
S900113,T100116,2026-09-01 09:07:11,7368.59,SETTLED,B20260901-6
S900114,T100117,2026-09-01 17:08:31,11455.08,PENDING,B20260901-2
S900115,T100118,2026-09-01 07:35:02,251662.78,SETTLED,B20260901-6
S900116,T100119,2026-09-01 18:34:03,3056.20,SETTLED,B20260901-1
S900117,T100120,2026-09-01 13:58:14,2111.42,SETTLED,B20260901-3
S900118,T100122,2026-09-01 09:46:55,41710.72,SETTLED,B20260901-6
S900119,T100123,2026-09-01 22:05:56,2883.62,SETTLED,B20260901-6
S900120,T100124,2026-09-01 12:46:29,388985.39,SETTLED,B20260901-6
S900121,T100125,2026-09-01 21:35:49,946.46,SETTLED,B20260901-2
S900122,T100126,2026-09-01 06:30:58,6104.30,SETTLED,B20260901-1
S900123,T100128,2026-09-01 21:35:23,3355.01,SETTLED,B20260901-2
S900124,T100129,2026-09-01 17:01:00,236749.51,SETTLED,B20260901-1
S900125,T100130,2026-09-01 17:47:43,543.47,SETTLED,B20260901-3
S900126,T100131,2026-09-01 12:49:28,290721.93,SETTLED,B20260901-1
S900127,T100132,2026-09-02 03:48:32,2717.06,SETTLED,B20260902-3
S900128,T100133,2026-09-02 00:53:32,123257.85,SETTLED,B20260902-2
S900129,T100134,2026-09-01 18:39:14,221484.98,SETTLED,B20260901-4
S900130,T100135,2026-09-01 13:39:36,1845.93,SETTLED,B20260901-6
S900131,T100136,2026-09-01 19:32:46,394310.10,SETTLED,B20260901-1
S900132,T100137,2026-09-01 11:29:18,54362.50,SETTLED,B20260901-4
S900133,T100139,2026-09-01 16:55:48,2681.36,PENDING,B20260901-4
S900134,T100139,2026-09-01 16:59:48,670.34,SETTLED,B20260901-1
S900135,T100140,2026-09-01 21:02:55,281348.60,PENDING,B20260901-1
S900136,T100141,2026-09-01 12:43:29,227506.73,SETTLED,B20260901-4
S900137,T100143,2026-09-01 14:08:24,3256.70,SETTLED,B20260901-4
S900138,T100144,2026-09-01 21:27:40,344078.32,SETTLED,B20260901-2
S900139,T100145,2026-09-02 06:32:12,10464.97,SETTLED,B20260902-1
S900140,T100146,2026-09-01 10:53:19,1162.18,SETTLED,B20260901-4
S900141,T100146,2026-09-01 11:02:19,290.54,SETTLED,B20260901-1
S900142,T100147,2026-09-01 20:19:05,34537.77,SETTLED,B20260901-6
S900143,T100148,2026-09-01 19:34:06,251431.14,SETTLED,B20260901-4
S900144,T100149,2026-09-01 10:11:12,382652.22,SETTLED,B20260901-2
S900145,T100150,2026-09-01 20:11:48,103498.94,SETTLED,B20260901-4
S900146,T100151,2026-09-01 15:47:39,382.13,SETTLED,B20260901-5
S900147,T100152,2026-09-01 08:19:43,3344.88,SETTLED,B20260901-1
S900148,T100153,2026-09-01 18:28:19,230161.91,SETTLED,B20260901-1
S900149,T100154,2026-09-01 07:14:28,207815.43,SETTLED,B20260901-3
S900150,T100155,2026-09-01 19:30:52,386389.55,SETTLED,B20260901-6
S900151,T100157,2026-09-01 08:38:30,1628.94,SETTLED,B20260901-4
S900152,T100158,2026-09-01 13:43:49,3721.60,SETTLED,B20260901-6
S900153,T100159,2026-09-01 08:24:33,1764.53,SETTLED,B20260901-3
S900154,T100160,2026-09-01 17:38:57,55835.32,SETTLED,B20260901-3
S900155,T100161,2026-09-01 16:52:52,33353.08,SETTLED,B20260901-3
S900156,T100162,2026-09-01 11:57:07,24315.46,SETTLED,B20260901-6
S900157,T100163,2026-09-01 07:20:42,246969.98,SETTLED,B20260901-2
S900158,T100163,2026-09-01 07:31:42,61742.49,SETTLED,B20260901-1
S900159,T100164,2026-09-01 09:35:54,61608.00,SETTLED,B20260901-6
S900160,T100165,2026-09-01 18:02:49,26143.50,SETTLED,B20260901-5
S900161,T100166,2026-09-01 16:25:50,18182.58,SETTLED,B20260901-4
S900162,T100167,2026-09-01 15:54:48,26282.57,SETTLED,B20260901-4
S900163,T100168,2026-09-01 16:26:31,58941.20,SETTLED,B20260901-3
S900164,T100169,2026-09-01 07:15:27,39044.25,SETTLED,B20260901-4
S900165,T100170,2026-09-01 21:49:11,76700.86,SETTLED,B20260901-4
S900166,T100171,2026-09-01 14:17:05,47077.54,SETTLED,B20260901-4
S900167,T100172,2026-09-02 17:23:31,234631.47,SETTLED,B20260902-5
S900168,T100172,2026-09-02 17:35:31,58657.87,SETTLED,B20260902-1
S900169,T100174,2026-09-01 19:00:13,153777.59,PENDING,B20260901-6
S900170,T100175,2026-09-01 12:37:42,99810.47,SETTLED,B20260901-4
S900171,T100176,2026-09-01 18:08:12,2028.10,SETTLED,B20260901-5
S900172,T100177,2026-09-01 17:40:29,41450.74,SETTLED,B20260901-4
S900173,T100178,2026-09-01 09:21:13,28648.46,SETTLED,B20260901-6
S900174,T100179,2026-09-01 17:39:28,200140.83,SETTLED,B20260901-4
S900175,T100181,2026-09-01 08:18:34,35212.11,SETTLED,B20260901-3
S900176,T100182,2026-09-01 22:43:38,29392.06,SETTLED,B20260901-5
S900177,T100183,2026-09-01 08:38:43,66610.77,SETTLED,B20260901-1
S900178,T100183,2026-09-01 08:40:43,16652.69,SETTLED,B20260901-1
S900179,T100184,2026-09-01 08:00:23,104703.62,SETTLED,B20260901-5
S900180,T100185,2026-09-01 10:27:26,112160.46,SETTLED,B20260901-2
S900181,T100186,2026-09-01 11:23:43,2417.73,SETTLED,B20260901-3
S900182,T100187,2026-09-01 21:56:54,1820.87,SETTLED,B20260901-4
S900183,T100189,2026-09-01 12:50:38,425.35,SETTLED,B20260901-3
S900184,T100190,2026-09-01 12:51:51,1182.17,SETTLED,B20260901-6
S900185,T100191,2026-09-01 21:26:31,3532.42,SETTLED,B20260901-4
S900186,T100192,2026-09-01 19:36:31,104544.92,SETTLED,B20260901-4
S900187,T100193,2026-09-01 08:32:00,33910.66,SETTLED,B20260901-3
S900188,T100194,2026-09-01 16:04:06,330604.22,SETTLED,B20260901-4
S900189,T100195,2026-09-01 17:27:08,289537.09,SETTLED,B20260901-1
S900190,T100196,2026-09-01 11:36:21,345753.36,SETTLED,B20260901-3
S900191,T100197,2026-09-01 16:23:57,3147.78,SETTLED,B20260901-4
S900192,T100198,2026-09-01 14:28:53,57478.29,SETTLED,B20260901-6
S900193,T100199,2026-09-01 15:32:42,308031.20,SETTLED,B20260901-6
S900194,T100201,2026-09-01 13:59:12,25435.21,SETTLED,B20260901-4
S900195,T100202,2026-09-01 19:01:14,17655.84,SETTLED,B20260901-5
S900196,T100203,2026-09-01 15:10:56,27152.13,SETTLED,B20260901-6
S900197,T100204,2026-09-01 07:56:37,385973.91,SETTLED,B20260901-5
S900198,T100205,2026-09-01 19:53:30,49229.35,SETTLED,B20260901-6
S900199,T100206,2026-09-01 21:34:31,11810.15,SETTLED,B20260901-2
S900200,T100208,2026-09-01 21:59:25,33281.35,SETTLED,B20260901-5
S900201,T100209,2026-09-01 16:09:34,9013.20,SETTLED,B20260901-3
S900202,T100210,2026-09-01 14:22:55,285448.14,SETTLED,B20260901-1
S900203,T100211,2026-09-01 12:24:32,3633.33,SETTLED,B20260901-3
S900204,T100213,2026-09-01 22:02:54,928.10,SETTLED,B20260901-2
S900205,T100214,2026-09-01 13:01:51,1651.77,PENDING,B20260901-5
S900206,T100215,2026-09-01 08:52:54,3911.63,SETTLED,B20260901-5
S900207,T100219,2026-09-02 07:13:46,2448.64,SETTLED,B20260902-1
S900208,T100220,2026-09-01 19:11:51,485.94,SETTLED,B20260901-2
S900209,T100221,2026-09-01 10:37:10,477.26,SETTLED,B20260901-4
S900210,T100222,2026-09-01 16:30:39,3318.37,SETTLED,B20260901-3
S900211,T100223,2026-09-01 20:52:06,235554.37,SETTLED,B20260901-5
S900212,T100224,2026-09-01 08:25:17,1361.26,SETTLED,B20260901-3
S900213,T100225,2026-09-01 22:05:48,12261.25,SETTLED,B20260901-3
S900214,T100227,2026-09-01 07:54:04,14471.88,SETTLED,B20260901-6
S900215,T100228,2026-09-01 06:52:14,47375.20,SETTLED,B20260901-4
S900216,T100230,2026-09-01 12:53:04,13113.35,SETTLED,B20260901-6
S900217,T100231,2026-09-01 11:20:05,60174.15,SETTLED,B20260901-2
S900218,T100232,2026-09-01 15:15:30,124051.69,SETTLED,B20260901-2
S900219,T100233,2026-09-01 20:28:53,268078.81,SETTLED,B20260901-4
S900220,T100234,2026-09-01 07:29:35,1124.43,SETTLED,B20260901-3
S900221,T100235,2026-09-01 11:29:35,33365.68,SETTLED,B20260901-3
S900222,T100237,2026-09-01 16:04:33,15668.58,SETTLED,B20260901-5
S900223,T100238,2026-09-01 09:18:58,28191.37,SETTLED,B20260901-2
S900224,T100238,2026-09-01 09:26:58,7047.84,SETTLED,B20260901-2
S900225,T100239,2026-09-01 11:11:53,3363.60,SETTLED,B20260901-1
S900226,T100240,2026-09-01 22:03:09,44962.81,SETTLED,B20260901-6
S900227,T100241,2026-09-01 07:18:15,14700.34,SETTLED,B20260901-1
S900228,T100242,2026-09-01 17:14:05,528.36,SETTLED,B20260901-4
S900229,T100243,2026-09-01 17:31:37,178394.11,SETTLED,B20260901-4
S900230,T100244,2026-09-01 12:45:42,399515.27,SETTLED,B20260901-4
S900231,T100245,2026-09-01 19:22:30,127053.14,SETTLED,B20260901-2
S900232,T100246,2026-09-01 16:41:30,1465.82,SETTLED,B20260901-5
S900233,T100246,2026-09-01 16:49:30,366.45,SETTLED,B20260901-3
S900234,T100247,2026-09-01 14:04:58,7638.43,SETTLED,B20260901-2
S900235,T100248,2026-09-01 14:52:57,2673.22,SETTLED,B20260901-6
S900236,T100248,2026-09-01 14:53:57,668.31,SETTLED,B20260901-5
S900237,T100249,2026-09-01 16:31:31,26905.19,PENDING,B20260901-5
S900238,T100252,2026-09-01 18:19:25,258782.06,SETTLED,B20260901-1
S900239,T100252,2026-09-01 18:26:25,64695.52,SETTLED,B20260901-2
S900240,T100253,2026-09-01 15:51:10,96648.91,SETTLED,B20260901-1
S900241,T100254,2026-09-01 14:05:36,517.43,SETTLED,B20260901-2
S900242,T100255,2026-09-01 13:42:30,354750.39,SETTLED,B20260901-5
S900243,T100256,2026-09-01 17:27:18,3319.91,SETTLED,B20260901-6
S900244,T100257,2026-09-01 13:40:45,978.75,SETTLED,B20260901-3
S900245,T100258,2026-09-01 06:16:01,395875.96,SETTLED,B20260901-1
S900246,T100259,2026-09-01 10:10:16,382357.97,SETTLED,B20260901-5
S900247,T100260,2026-09-01 10:13:50,262328.00,SETTLED,B20260901-3
S900248,T100261,2026-09-01 08:23:01,1037.38,SETTLED,B20260901-5
S900249,T100262,2026-09-01 14:04:37,2709.62,SETTLED,B20260901-4
S900250,T100263,2026-09-01 22:51:00,169949.79,SETTLED,B20260901-6
S900251,T100265,2026-09-01 10:39:31,56628.41,SETTLED,B20260901-6
S900252,T100266,2026-09-01 11:51:57,42298.70,SETTLED,B20260901-4
S900253,T100267,2026-09-01 14:08:40,287552.23,SETTLED,B20260901-3
S900254,T100267,2026-09-01 14:19:40,71888.06,SETTLED,B20260901-3
S900255,T100269,2026-09-01 18:50:18,513.97,SETTLED,B20260901-2
S900256,T100270,2026-09-01 22:15:36,239775.18,SETTLED,B20260901-4
S900257,T100271,2026-09-01 09:40:36,10844.33,SETTLED,B20260901-2
S900258,T100272,2026-09-01 09:18:08,99513.63,SETTLED,B20260901-4
S900259,T100273,2026-09-01 18:53:47,148944.24,SETTLED,B20260901-4
S900260,T100274,2026-09-01 21:54:16,709.41,SETTLED,B20260901-2
S900261,T100275,2026-09-01 12:21:45,239317.46,SETTLED,B20260901-1
S900262,T100276,2026-09-01 18:22:43,295306.42,SETTLED,B20260901-6
S900263,T100277,2026-09-01 08:50:27,2942.84,SETTLED,B20260901-3
S900264,T100278,2026-09-01 12:33:36,3311.77,SETTLED,B20260901-2
S900265,T100279,2026-09-01 15:41:08,57333.51,SETTLED,B20260901-6
S900266,T100280,2026-09-01 14:35:51,778.68,SETTLED,B20260901-1
S900267,T100281,2026-09-01 12:34:10,142086.44,SETTLED,B20260901-3
S900268,T100282,2026-09-01 20:40:29,2242.42,SETTLED,B20260901-1
S900269,T100284,2026-09-01 14:00:41,105515.86,SETTLED,B20260901-4
S900270,T100285,2026-09-01 17:07:04,1365.85,SETTLED,B20260901-1
S900271,T100286,2026-09-01 21:15:39,530.68,SETTLED,B20260901-3
S900272,T100287,2026-09-01 10:54:06,330355.52,SETTLED,B20260901-6
S900273,T100288,2026-09-01 17:35:17,189041.86,SETTLED,B20260901-1
S900274,T100289,2026-09-01 20:08:04,36470.43,SETTLED,B20260901-2
S900275,T100290,2026-09-02 21:19:50,2681.02,SETTLED,B20260902-4
S900276,T100291,2026-09-01 07:56:07,26482.96,FAILED,B20260901-1
S900277,T100292,2026-09-01 11:17:42,946.66,SETTLED,B20260901-2
S900278,T100293,2026-09-01 15:20:58,56958.07,SETTLED,B20260901-1
S900279,T100294,2026-09-01 12:59:39,59685.23,SETTLED,B20260901-2
S900280,T100295,2026-09-01 08:47:57,26757.94,SETTLED,B20260901-6
S900281,T100295,2026-09-01 08:56:57,6689.49,SETTLED,B20260901-1
S900282,T100296,2026-09-01 18:59:55,1804.93,SETTLED,B20260901-2
S900283,T100297,2026-09-01 22:39:22,8033.53,SETTLED,B20260901-6
S900284,T100298,2026-09-01 13:37:47,45316.74,SETTLED,B20260901-1
S900285,T100299,2026-09-01 21:03:17,1855.67,SETTLED,B20260901-4
S900286,T100300,2026-09-01 15:25:42,3802.79,SETTLED,B20260901-5
S900287,T100301,2026-09-01 06:52:51,47702.66,SETTLED,B20260901-5
S900288,T100302,2026-09-01 06:58:58,25777.73,SETTLED,B20260901-1
S900289,T100303,2026-09-01 14:46:25,926.14,SETTLED,B20260901-1
S900290,T100305,2026-09-01 09:04:34,1603.66,FAILED,B20260901-3
S900291,T100307,2026-09-01 21:27:05,178028.03,SETTLED,B20260901-4
S900292,T100308,2026-09-01 08:24:21,2427.18,SETTLED,B20260901-6
S900293,T100309,2026-09-01 21:18:32,3360.28,SETTLED,B20260901-4
S900294,T100310,2026-09-01 22:22:27,213858.78,SETTLED,B20260901-5
S900295,T100312,2026-09-01 12:29:29,3723.08,SETTLED,B20260901-4
S900296,T100314,2026-09-01 15:47:26,3520.21,SETTLED,B20260901-6
S900297,T100315,2026-09-01 15:38:25,2318.75,SETTLED,B20260901-5
S900298,T100316,2026-09-01 17:47:05,44510.31,SETTLED,B20260901-3
S900299,T100317,2026-09-01 11:03:47,279597.53,SETTLED,B20260901-4
S900300,T100318,2026-09-01 22:15:33,2649.90,SETTLED,B20260901-4
S900301,T100319,2026-09-01 08:25:24,208995.40,SETTLED,B20260901-6
S900302,T100320,2026-09-01 07:11:24,408.89,SETTLED,B20260901-3
S900303,T100322,2026-09-01 22:52:40,536.21,SETTLED,B20260901-4
S900304,T100323,2026-09-01 15:15:45,446.75,SETTLED,B20260901-5
S900305,T100324,2026-09-01 08:07:59,7001.30,SETTLED,B20260901-3
S900306,T100326,2026-09-01 12:39:37,201312.85,SETTLED,B20260901-2
S900307,T100327,2026-09-01 08:25:47,238497.48,SETTLED,B20260901-6
S900308,T100328,2026-09-01 08:39:25,210735.71,SETTLED,B20260901-1
S900309,T100329,2026-09-01 12:20:59,1718.43,SETTLED,B20260901-2
S900310,T100330,2026-09-01 14:34:22,168550.89,SETTLED,B20260901-2
S900311,T100331,2026-09-01 11:18:28,98062.67,SETTLED,B20260901-1
S900312,T100332,2026-09-01 06:50:41,957.59,SETTLED,B20260901-4
S900313,T100333,2026-09-01 22:08:06,2418.09,SETTLED,B20260901-5
S900314,T100334,2026-09-01 14:42:09,786.96,SETTLED,B20260901-2
S900315,T100335,2026-09-01 18:17:58,36373.06,SETTLED,B20260901-1
S900316,T100335,2026-09-01 18:22:58,9093.26,SETTLED,B20260901-5
S900317,T100336,2026-09-01 21:30:44,3187.01,SETTLED,B20260901-4
S900318,T100337,2026-09-01 11:48:38,38802.87,SETTLED,B20260901-5
S900319,T100338,2026-09-01 20:02:42,3707.90,SETTLED,B20260901-2
S900320,T100339,2026-09-01 06:47:04,39732.70,SETTLED,B20260901-3
S900321,T100340,2026-09-01 09:08:41,23558.72,SETTLED,B20260901-3
S900322,T100341,2026-09-01 10:32:00,179785.97,SETTLED,B20260901-6
S900323,T100342,2026-09-01 21:15:17,279621.51,SETTLED,B20260901-6
S900324,T100343,2026-09-01 07:19:09,2476.58,SETTLED,B20260901-2
S900325,T100344,2026-09-01 08:03:04,166.49,SETTLED,B20260901-1
S900326,T100345,2026-09-01 07:37:28,24869.38,SETTLED,B20260901-2
S900327,T100346,2026-09-01 22:34:26,188915.21,SETTLED,B20260901-1
S900328,T100347,2026-09-01 13:16:05,1243.10,SETTLED,B20260901-4
S900329,T100348,2026-09-01 18:16:37,30305.69,SETTLED,B20260901-2
S900330,T100349,2026-09-01 11:30:10,1082.50,FAILED,B20260901-5
S900331,T100350,2026-09-01 15:52:03,5922.64,SETTLED,B20260901-1
S900332,T100350,2026-09-01 15:56:03,1480.66,SETTLED,B20260901-4
S900333,T100351,2026-09-01 14:33:27,3586.38,SETTLED,B20260901-6
S900334,T100352,2026-09-01 22:47:20,2882.45,SETTLED,B20260901-4
S900335,T100353,2026-09-01 18:25:07,70736.53,SETTLED,B20260901-6
S900336,T100354,2026-09-01 09:19:35,18355.44,SETTLED,B20260901-3
S900337,T100355,2026-09-01 15:23:10,172658.03,SETTLED,B20260901-5
S900338,T100356,2026-09-01 07:57:02,232624.35,SETTLED,B20260901-2
S900339,T100358,2026-09-01 20:27:01,393575.90,FAILED,B20260901-6
S900340,T100359,2026-09-01 08:51:17,189717.25,SETTLED,B20260901-4
S900341,T100360,2026-09-01 15:09:53,2014.97,SETTLED,B20260901-4
S900342,T100361,2026-09-01 18:30:58,267284.92,SETTLED,B20260901-1
S900343,T100363,2026-09-01 14:38:56,241574.04,SETTLED,B20260901-2
S900344,T100365,2026-09-01 12:47:28,50568.26,SETTLED,B20260901-2
S900345,T100366,2026-09-01 19:17:18,291525.09,SETTLED,B20260901-4
S900346,T100367,2026-09-01 22:41:10,283664.34,SETTLED,B20260901-6
S900347,T100369,2026-09-01 15:30:34,183211.45,SETTLED,B20260901-3
S900348,T100370,2026-09-01 17:28:51,141682.17,SETTLED,B20260901-1
S900349,T100372,2026-09-01 21:54:47,72604.47,SETTLED,B20260901-1
S900350,T100373,2026-09-01 15:49:34,134680.24,SETTLED,B20260901-1
S900351,T100374,2026-09-01 20:01:24,365771.68,SETTLED,B20260901-6
S900352,T100375,2026-09-01 14:33:23,3237.30,SETTLED,B20260901-5
S900353,T100376,2026-09-01 18:39:26,3674.65,SETTLED,B20260901-4
S900354,T100377,2026-09-01 22:16:40,326586.67,SETTLED,B20260901-4
S900355,T100378,2026-09-01 06:16:09,2617.49,SETTLED,B20260901-6
S900356,T100378,2026-09-01 06:26:09,654.37,SETTLED,B20260901-3
S900357,T100379,2026-09-01 09:36:09,44121.40,SETTLED,B20260901-1
S900358,T100380,2026-09-01 13:55:50,333960.87,SETTLED,B20260901-5
S900359,T100381,2026-09-01 06:49:53,192731.40,SETTLED,B20260901-6
S900360,T100383,2026-09-01 08:23:35,195502.80,SETTLED,B20260901-3
S900361,T100384,2026-09-01 11:46:57,329298.29,SETTLED,B20260901-3
S900362,T100385,2026-09-01 22:26:02,1563.24,SETTLED,B20260901-2
S900363,T100387,2026-09-01 14:31:16,258570.48,SETTLED,B20260901-6
S900364,T100388,2026-09-01 10:21:57,329105.82,SETTLED,B20260901-6
S900365,T100389,2026-09-01 13:00:00,40504.16,SETTLED,B20260901-6
S900366,T100390,2026-09-01 14:58:12,25997.77,SETTLED,B20260901-3
S900367,T100391,2026-09-01 11:30:55,23771.25,SETTLED,B20260901-3
S900368,T100393,2026-09-01 10:41:23,39211.48,SETTLED,B20260901-5
S900369,T100393,2026-09-01 10:48:23,9802.87,SETTLED,B20260901-3
S900370,T100394,2026-09-01 13:38:55,378792.72,SETTLED,B20260901-3
S900371,T100395,2026-09-01 17:47:48,1329.48,PENDING,B20260901-2
S900372,T100396,2026-09-01 08:14:42,2490.49,SETTLED,B20260901-4
S900373,T100397,2026-09-01 16:09:08,788.08,PENDING,B20260901-3
S900374,T100398,2026-09-01 14:33:42,130258.87,SETTLED,B20260901-3
S900375,T100400,2026-09-01 19:11:01,390.08,PENDING,B20260901-5
S900376,T100401,2026-09-01 11:15:12,2463.15,SETTLED,B20260901-5
S900377,T100403,2026-09-01 18:24:46,320.09,SETTLED,B20260901-1
S900378,T100404,2026-09-01 19:30:08,1532.06,SETTLED,B20260901-3
S900379,T100405,2026-09-01 22:06:04,492.46,SETTLED,B20260901-3
S900380,T100407,2026-09-01 17:03:03,1646.91,SETTLED,B20260901-1
S900381,T100408,2026-09-01 08:14:48,3363.50,SETTLED,B20260901-4
S900382,T100409,2026-09-01 17:43:14,161385.73,SETTLED,B20260901-5
S900383,T100410,2026-09-01 11:18:11,293980.01,SETTLED,B20260901-2
S900384,T100411,2026-09-01 14:04:17,100700.16,SETTLED,B20260901-4
S900385,T100412,2026-09-01 19:19:59,36332.96,SETTLED,B20260901-1
S900386,T100413,2026-09-01 22:03:20,3533.03,SETTLED,B20260901-6
S900387,T100414,2026-09-01 09:52:59,2208.41,SETTLED,B20260901-1
S900388,T100415,2026-09-01 20:30:08,322755.06,SETTLED,B20260901-1
S900389,T100416,2026-09-01 14:00:19,21045.25,SETTLED,B20260901-5
S900390,T100417,2026-09-01 21:33:40,641.22,SETTLED,B20260901-5
S900391,T100418,2026-09-01 23:02:37,95361.95,SETTLED,B20260901-2
S900392,T100419,2026-09-01 19:31:38,11564.74,SETTLED,B20260901-1
S900393,T100420,2026-09-01 19:35:49,20682.83,SETTLED,B20260901-6
S900394,T100421,2026-09-01 12:38:52,76544.95,SETTLED,B20260901-6
S900395,T100422,2026-09-01 21:18:12,217805.40,SETTLED,B20260901-5
S900396,T100423,2026-09-01 18:54:25,1770.87,SETTLED,B20260901-4
S900397,T100424,2026-09-01 16:45:45,269326.28,SETTLED,B20260901-2
S900398,T100425,2026-09-01 07:35:21,1633.63,SETTLED,B20260901-4
S900399,T100426,2026-09-01 13:20:53,245473.29,PENDING,B20260901-5
S900400,T100427,2026-09-01 18:00:43,2262.40,SETTLED,B20260901-4
S900401,T100428,2026-09-01 14:18:18,365924.25,SETTLED,B20260901-1
S900402,T100430,2026-09-01 18:10:55,27728.13,SETTLED,B20260901-4
S900403,T100431,2026-09-01 11:12:04,1290.12,SETTLED,B20260901-4
S900404,T100431,2026-09-01 11:21:04,322.53,SETTLED,B20260901-3
S900405,T100432,2026-09-01 11:00:15,435.60,SETTLED,B20260901-2
S900406,T100433,2026-09-01 06:51:47,373381.96,SETTLED,B20260901-3
S900407,T100434,2026-09-01 18:13:34,13572.20,SETTLED,B20260901-5
S900408,T100435,2026-09-01 22:02:14,21357.07,SETTLED,B20260901-4
S900409,T100436,2026-09-01 22:13:37,130890.06,SETTLED,B20260901-6
S900410,T100437,2026-09-01 20:24:48,333736.50,SETTLED,B20260901-6
S900411,T100438,2026-09-01 15:59:58,2713.77,SETTLED,B20260901-1
S900412,T100439,2026-09-01 17:25:58,3058.40,SETTLED,B20260901-1
S900413,T100440,2026-09-01 21:56:25,4549.03,SETTLED,B20260901-3
S900414,T100441,2026-09-01 11:13:19,3578.21,SETTLED,B20260901-2
S900415,T100444,2026-09-01 08:39:04,25448.67,SETTLED,B20260901-5
S900416,T100445,2026-09-01 21:23:24,357762.04,SETTLED,B20260901-4
S900417,T100446,2026-09-01 12:08:46,54233.62,SETTLED,B20260901-2
S900418,T100447,2026-09-01 19:39:13,345854.52,SETTLED,B20260901-6
S900419,T100448,2026-09-01 21:16:04,399067.94,SETTLED,B20260901-2
S900420,T100450,2026-09-01 21:53:06,154621.92,SETTLED,B20260901-1
S900421,T100450,2026-09-01 22:04:06,38655.48,SETTLED,B20260901-5
S900422,T100451,2026-09-01 09:44:53,2852.90,SETTLED,B20260901-4
S900423,T100452,2026-09-01 12:08:49,57828.94,SETTLED,B20260901-5
S900424,T100453,2026-09-02 19:31:36,15916.22,SETTLED,B20260902-2
S900425,T100454,2026-09-01 08:47:32,3014.01,SETTLED,B20260901-4
S900426,T100456,2026-09-01 20:56:26,1697.56,SETTLED,B20260901-5
S900427,T100457,2026-09-01 13:24:39,371131.59,SETTLED,B20260901-6
S900428,T100458,2026-09-01 18:15:34,279719.97,SETTLED,B20260901-1
S900429,T100459,2026-09-01 12:47:18,9479.62,SETTLED,B20260901-2
S900430,T100460,2026-09-01 07:08:00,22271.47,SETTLED,B20260901-3
S900431,T100460,2026-09-01 07:15:00,5567.87,SETTLED,B20260901-2
S900432,T100461,2026-09-01 11:16:04,58792.57,SETTLED,B20260901-6
S900433,T100462,2026-09-01 08:40:54,215151.85,SETTLED,B20260901-4
S900434,T100463,2026-09-01 21:42:56,1129.86,SETTLED,B20260901-3
S900435,T100464,2026-09-01 08:43:32,29353.39,SETTLED,B20260901-1
S900436,T100465,2026-09-01 21:16:27,807.67,SETTLED,B20260901-2
S900437,T100466,2026-09-01 12:15:20,378253.89,SETTLED,B20260901-1
S900438,T100467,2026-09-01 20:44:59,272434.84,SETTLED,B20260901-6
S900439,T100468,2026-09-01 14:53:01,3419.82,PENDING,B20260901-5
S900440,T100469,2026-09-01 16:09:18,268037.69,SETTLED,B20260901-6
S900441,T100470,2026-09-01 22:07:30,236746.05,SETTLED,B20260901-1
S900442,T100471,2026-09-01 15:00:58,1992.86,SETTLED,B20260901-2
S900443,T100472,2026-09-01 09:40:08,32450.68,SETTLED,B20260901-4
S900444,T100473,2026-09-01 07:29:20,2184.93,SETTLED,B20260901-3
S900445,T100474,2026-09-01 07:32:15,98740.23,SETTLED,B20260901-2
S900446,T100475,2026-09-01 20:49:13,210677.78,SETTLED,B20260901-6
S900447,T100477,2026-09-01 15:36:27,386855.91,SETTLED,B20260901-2
S900448,T100478,2026-09-01 23:12:54,33352.08,SETTLED,B20260901-5
S900449,T100479,2026-09-01 13:13:23,1082.46,SETTLED,B20260901-1
S900450,T100480,2026-09-01 09:45:53,23687.35,SETTLED,B20260901-4
S900451,T100481,2026-09-01 07:57:51,112328.00,SETTLED,B20260901-6
S900452,T100482,2026-09-01 19:13:00,2514.94,SETTLED,B20260901-2
S900453,T100483,2026-09-01 10:45:09,50212.09,SETTLED,B20260901-1
S900454,T100484,2026-09-01 13:14:41,51537.63,SETTLED,B20260901-6
S900455,T100485,2026-09-01 17:58:19,15064.65,SETTLED,B20260901-4
S900456,T100487,2026-09-01 18:02:20,238848.52,SETTLED,B20260901-3
S900457,T100487,2026-09-01 18:06:20,-59712.13,SETTLED,B20260901-3
S900458,T100489,2026-09-01 15:27:16,54802.91,SETTLED,B20260901-6
S900459,T100490,2026-09-02 11:49:49,9892.58,SETTLED,B20260902-3
S900460,T100491,2026-09-01 19:25:11,321989.30,SETTLED,B20260901-4
S900461,T100493,2026-09-01 19:16:34,11093.82,SETTLED,B20260901-1
S900462,T100494,2026-09-01 17:27:49,48527.02,SETTLED,B20260901-3
S900463,T100495,2026-09-01 21:27:49,118192.10,SETTLED,B20260901-3
S900464,T100497,2026-09-01 22:56:17,12423.14,SETTLED,B20260901-6
S900465,T100498,2026-09-01 11:35:44,396169.44,SETTLED,B20260901-3
S900466,T100499,2026-09-01 07:46:27,4857.95,SETTLED,B20260901-1
S900467,T100500,2026-09-01 13:41:17,14115.34,SETTLED,B20260901-4
S900468,T100501,2026-09-01 06:54:53,960.88,SETTLED,B20260901-5
S900469,T100502,2026-09-01 09:16:59,4928.88,SETTLED,B20260901-2
S900470,T100503,2026-09-01 17:46:08,19300.57,SETTLED,B20260901-5
S900471,T100504,2026-09-01 13:51:55,1629.81,SETTLED,B20260901-3
S900472,T100505,2026-09-01 21:25:53,361969.80,SETTLED,B20260901-6
S900473,T100507,2026-09-01 07:12:38,1538.74,SETTLED,B20260901-6
S900474,T100508,2026-09-01 12:41:51,993.90,SETTLED,B20260901-3
S900475,T100509,2026-09-01 08:36:18,3344.67,SETTLED,B20260901-3
S900476,T100510,2026-09-01 23:11:48,379722.57,SETTLED,B20260901-6
S900477,T100511,2026-09-01 20:31:32,3143.59,SETTLED,B20260901-2
S900478,T100512,2026-09-01 12:07:06,57467.24,SETTLED,B20260901-4
S900479,T100513,2026-09-01 10:19:02,19251.32,SETTLED,B20260901-2
S900480,T100514,2026-09-01 15:47:47,2959.16,SETTLED,B20260901-4
S900481,T100515,2026-09-02 17:54:05,2981.64,PENDING,B20260902-1
S900482,T100516,2026-09-01 14:23:49,8835.81,SETTLED,B20260901-3
S900483,T100517,2026-09-01 11:04:42,57533.87,SETTLED,B20260901-3
S900484,T100518,2026-09-01 20:44:00,56194.09,SETTLED,B20260901-2
S900485,T100519,2026-09-01 16:36:49,3111.25,SETTLED,B20260901-2
S900486,T100519,2026-09-01 16:37:49,777.81,SETTLED,B20260901-3
S900487,T100520,2026-09-01 14:51:44,11909.10,SETTLED,B20260901-5
S900488,T100521,2026-09-01 18:20:48,629.28,SETTLED,B20260901-2
S900489,T100522,2026-09-01 08:42:50,33751.97,SETTLED,B20260901-3
S900490,T100523,2026-09-01 08:42:21,37977.67,SETTLED,B20260901-1
S900491,T100524,2026-09-01 09:19:35,40137.12,SETTLED,B20260901-1
S900492,T100525,2026-09-01 17:39:36,128830.62,SETTLED,B20260901-4
S900493,T100526,2026-09-01 20:46:16,359.82,SETTLED,B20260901-1
S900494,T100527,2026-09-01 12:40:35,52240.78,SETTLED,B20260901-2
S900495,T100528,2026-09-01 13:51:38,17781.16,SETTLED,B20260901-2
S900496,T100529,2026-09-01 15:45:48,219992.51,SETTLED,B20260901-4
S900497,T100531,2026-09-01 22:11:31,385645.93,SETTLED,B20260901-5
S900498,T100532,2026-09-01 07:21:39,56982.44,SETTLED,B20260901-2
S900499,T100533,2026-09-01 11:07:40,8376.17,SETTLED,B20260901-6
S900500,T100534,2026-09-01 21:02:28,2377.54,SETTLED,B20260901-5
S900501,T100535,2026-09-01 10:14:35,3151.12,SETTLED,B20260901-2
S900502,T100537,2026-09-01 19:46:21,33633.54,SETTLED,B20260901-4
S900503,T100538,2026-09-01 22:15:00,131113.38,SETTLED,B20260901-2
S900504,T100539,2026-09-01 13:12:12,36740.41,SETTLED,B20260901-1
S900505,T100540,2026-09-01 20:32:14,56372.69,SETTLED,B20260901-3
S900506,T100542,2026-09-01 22:59:08,351716.93,SETTLED,B20260901-1
S900507,T100544,2026-09-01 21:46:01,143432.59,SETTLED,B20260901-3
S900508,T100545,2026-09-01 10:57:48,1152.06,SETTLED,B20260901-2
S900509,T100546,2026-09-01 22:04:20,813.81,SETTLED,B20260901-2
S900510,T100547,2026-09-01 17:50:49,7910.97,SETTLED,B20260901-5
S900511,T100549,2026-09-01 08:56:19,52271.75,SETTLED,B20260901-3
S900512,T100551,2026-09-01 15:59:24,26494.67,SETTLED,B20260901-6
S900513,T100553,2026-09-01 17:23:48,49016.89,SETTLED,B20260901-4
S900514,T100554,2026-09-01 09:47:34,358118.95,SETTLED,B20260901-5
S900515,T100555,2026-09-01 10:50:56,2364.49,SETTLED,B20260901-3
S900516,T100556,2026-09-01 19:56:26,156.56,SETTLED,B20260901-4
S900517,T100557,2026-09-01 12:53:04,2834.82,SETTLED,B20260901-6
S900518,T100558,2026-09-02 04:30:40,939.26,SETTLED,B20260902-1
S900519,T100559,2026-09-01 22:09:51,1421.90,SETTLED,B20260901-3
S900520,T100561,2026-09-01 06:25:54,350549.25,SETTLED,B20260901-6
S900521,T100563,2026-09-01 23:17:45,53330.30,SETTLED,B20260901-6
S900522,T100564,2026-09-01 08:40:27,48022.67,SETTLED,B20260901-1
S900523,T100565,2026-09-01 15:43:13,246754.96,SETTLED,B20260901-5
S900524,T100566,2026-09-01 18:30:12,2181.30,SETTLED,B20260901-1
S900525,T100567,2026-09-01 12:06:49,30939.90,SETTLED,B20260901-1
S900526,T100567,2026-09-01 12:16:49,7734.97,PENDING,B20260901-4
S900527,T100568,2026-09-01 17:37:48,92583.71,SETTLED,B20260901-6
S900528,T100569,2026-09-01 18:41:19,117615.46,SETTLED,B20260901-6
S900529,T100570,2026-09-01 20:52:44,3009.08,SETTLED,B20260901-4
S900530,T100571,2026-09-01 19:57:54,34814.93,SETTLED,B20260901-4
S900531,T100572,2026-09-01 16:34:35,140892.47,SETTLED,B20260901-1
S900532,T100573,2026-09-01 16:49:15,250053.77,SETTLED,B20260901-2
S900533,T100574,2026-09-01 12:00:31,50535.44,SETTLED,B20260901-3
S900534,T100575,2026-09-01 13:50:03,45714.50,SETTLED,B20260901-1
S900535,T100576,2026-09-01 22:11:06,362129.04,SETTLED,B20260901-3
S900536,T100577,2026-09-01 16:57:19,29273.28,SETTLED,B20260901-4
S900537,T100578,2026-09-01 09:54:47,3917.33,SETTLED,B20260901-1
S900538,T100579,2026-09-01 13:02:18,924.78,SETTLED,B20260901-6
S900539,T100580,2026-09-01 07:43:11,52843.80,SETTLED,B20260901-6
S900540,T100581,2026-09-01 06:48:44,23744.38,SETTLED,B20260901-4
S900541,T100582,2026-09-01 11:08:52,16721.12,SETTLED,B20260901-3
S900542,T100582,2026-09-01 11:09:52,4180.28,SETTLED,B20260901-1
S900543,T100583,2026-09-01 18:53:21,2682.85,SETTLED,B20260901-5
S900544,T100585,2026-09-01 10:12:10,42379.47,SETTLED,B20260901-6
S900545,T100585,2026-09-01 10:21:10,10594.87,SETTLED,B20260901-6
S900546,T100586,2026-09-01 07:18:55,54378.74,SETTLED,B20260901-4
S900547,T100587,2026-09-01 13:38:33,35335.63,SETTLED,B20260901-6
S900548,T100588,2026-09-01 22:09:29,1370.81,SETTLED,B20260901-1
S900549,T100589,2026-09-01 13:47:34,1238.98,SETTLED,B20260901-4
S900550,T100590,2026-09-01 06:25:32,2689.81,SETTLED,B20260901-1
S900551,T100590,2026-09-01 06:30:32,672.45,SETTLED,B20260901-3
S900552,T100591,2026-09-01 12:32:26,3470.80,SETTLED,B20260901-1
S900553,T100592,2026-09-01 17:53:35,94140.18,SETTLED,B20260901-4
S900554,T100592,2026-09-01 18:03:35,-23535.04,SETTLED,B20260901-2
S900555,T100593,2026-09-01 11:41:16,3503.44,SETTLED,B20260901-2
S900556,T100594,2026-09-01 19:47:27,481.03,SETTLED,B20260901-6
S900557,T100596,2026-09-01 07:46:57,55861.32,SETTLED,B20260901-4
S900558,T100597,2026-09-01 10:19:06,139165.33,SETTLED,B20260901-1
S900559,T100598,2026-09-01 07:19:01,42475.44,SETTLED,B20260901-1
S900560,T100599,2026-09-01 15:17:07,1296.91,SETTLED,B20260901-4
S900561,T100600,2026-09-01 12:25:02,29907.96,PENDING,B20260901-5
S900562,T100601,2026-09-01 11:47:54,2620.99,SETTLED,B20260901-3
S900563,T100602,2026-09-01 15:47:10,2795.93,SETTLED,B20260901-1
S900564,T100603,2026-09-01 21:11:08,1588.26,SETTLED,B20260901-3
S900565,T100604,2026-09-01 13:57:50,20456.58,SETTLED,B20260901-6
S900566,T100605,2026-09-01 10:24:39,2093.17,SETTLED,B20260901-3
S900567,T100606,2026-09-01 16:52:07,894.51,SETTLED,B20260901-6
S900568,T100607,2026-09-01 17:00:12,3310.65,SETTLED,B20260901-3
S900569,T100608,2026-09-01 20:40:50,2660.57,SETTLED,B20260901-3
S900570,T100609,2026-09-01 15:06:14,1077.50,SETTLED,B20260901-3
S900571,T100610,2026-09-01 11:13:17,2991.56,SETTLED,B20260901-6
S900572,T100612,2026-09-01 07:19:02,147899.86,SETTLED,B20260901-3
S900573,T100612,2026-09-01 07:21:02,36974.96,SETTLED,B20260901-3
S900574,T100614,2026-09-01 17:22:28,43306.18,SETTLED,B20260901-2
S900575,T100616,2026-09-01 10:25:20,2496.61,SETTLED,B20260901-4
S900576,T100617,2026-09-01 10:27:24,3342.03,SETTLED,B20260901-6
S900577,T100618,2026-09-01 18:19:35,58921.30,FAILED,B20260901-4
S900578,T100619,2026-09-01 21:45:13,218339.32,SETTLED,B20260901-4
S900579,T100622,2026-09-01 22:48:11,19624.33,SETTLED,B20260901-3
S900580,T100623,2026-09-01 14:39:55,1603.58,SETTLED,B20260901-6
S900581,T100624,2026-09-01 07:01:09,15094.17,SETTLED,B20260901-5
S900582,T100624,2026-09-01 07:10:09,3773.54,SETTLED,B20260901-3
S900583,T100625,2026-09-01 13:31:21,385779.35,SETTLED,B20260901-4
S900584,T100626,2026-09-01 21:08:34,1116.10,SETTLED,B20260901-1
S900585,T100627,2026-09-01 18:36:32,30217.41,FAILED,B20260901-5
S900586,T100629,2026-09-01 08:28:49,189425.99,SETTLED,B20260901-6
S900587,T100630,2026-09-01 16:08:34,1197.92,SETTLED,B20260901-4
S900588,T100631,2026-09-01 13:30:10,102592.49,SETTLED,B20260901-6
S900589,T100632,2026-09-01 20:24:28,190272.71,SETTLED,B20260901-1
S900590,T100634,2026-09-01 20:33:36,331778.20,SETTLED,B20260901-4
S900591,T100635,2026-09-01 15:19:54,3233.44,SETTLED,B20260901-5
S900592,T100636,2026-09-01 14:08:11,370222.76,SETTLED,B20260901-1
S900593,T100637,2026-09-01 20:59:22,229359.00,SETTLED,B20260901-2
S900594,T100638,2026-09-01 18:43:11,3642.22,SETTLED,B20260901-3
S900595,T100640,2026-09-01 12:12:47,11850.72,SETTLED,B20260901-6
S900596,T100641,2026-09-01 20:56:01,1824.56,FAILED,B20260901-5
S900597,T100642,2026-09-01 12:22:14,115014.73,SETTLED,B20260901-5
S900598,T100643,2026-09-01 18:28:29,47697.06,SETTLED,B20260901-3
S900599,T100645,2026-09-01 21:59:30,134993.29,SETTLED,B20260901-1
S900600,T100646,2026-09-02 05:16:52,47972.56,SETTLED,B20260902-3
S900601,T100647,2026-09-01 07:38:02,26458.12,SETTLED,B20260901-1
S900602,T100647,2026-09-01 07:39:02,6614.53,SETTLED,B20260901-6
S900603,T100648,2026-09-01 11:19:52,27111.65,SETTLED,B20260901-1
S900604,T100649,2026-09-01 20:17:58,1201.20,SETTLED,B20260901-1
S900605,T100650,2026-09-01 08:26:55,1893.26,PENDING,B20260901-5
S900606,T100652,2026-09-01 13:56:07,306.93,PENDING,B20260901-6
S900607,T100652,2026-09-01 14:02:07,76.73,SETTLED,B20260901-5
S900608,T100654,2026-09-01 23:35:15,308510.95,SETTLED,B20260901-5
S900609,T100655,2026-09-01 21:39:21,96770.24,SETTLED,B20260901-4
S900610,T100656,2026-09-01 21:06:18,206432.43,FAILED,B20260901-6
S900611,T100657,2026-09-01 18:36:33,21703.86,SETTLED,B20260901-6
S900612,T100658,2026-09-01 15:54:41,125386.64,SETTLED,B20260901-2
S900613,T100659,2026-09-01 12:25:43,1723.72,SETTLED,B20260901-4
S900614,T100660,2026-09-02 00:02:54,741.11,SETTLED,B20260902-3
S900615,T100660,2026-09-02 00:04:54,185.28,SETTLED,B20260902-3
S900616,T100661,2026-09-01 06:30:17,2775.69,SETTLED,B20260901-2
S900617,T100662,2026-09-01 09:51:05,3884.32,SETTLED,B20260901-4
S900618,T100663,2026-09-01 10:41:06,37385.78,SETTLED,B20260901-6
S900619,T100664,2026-09-01 07:09:46,1647.15,SETTLED,B20260901-3
S900620,T100665,2026-09-01 10:44:34,1570.46,SETTLED,B20260901-6
S900621,T100666,2026-09-01 13:15:41,3450.47,SETTLED,B20260901-5
S900622,T100667,2026-09-01 14:41:14,59178.78,SETTLED,B20260901-1
S900623,T100668,2026-09-01 10:14:34,19352.34,SETTLED,B20260901-1
S900624,T100669,2026-09-01 09:02:55,611.61,SETTLED,B20260901-6
S900625,T100670,2026-09-01 18:05:30,49284.10,SETTLED,B20260901-2
S900626,T100671,2026-09-01 17:17:20,239824.76,SETTLED,B20260901-4
S900627,T100672,2026-09-01 08:15:08,392055.93,SETTLED,B20260901-2
S900628,T100673,2026-09-01 18:30:11,191690.42,SETTLED,B20260901-5
S900629,T100674,2026-09-01 15:02:18,922.01,SETTLED,B20260901-6
S900630,T100675,2026-09-01 18:20:30,2256.59,SETTLED,B20260901-5
S900631,T100676,2026-09-01 07:36:44,311846.21,SETTLED,B20260901-1
S900632,T100676,2026-09-01 07:41:44,77961.55,SETTLED,B20260901-3
S900633,T100677,2026-09-01 21:59:10,25946.62,SETTLED,B20260901-3
S900634,T100678,2026-09-01 21:49:44,207249.64,SETTLED,B20260901-3
S900635,T100679,2026-09-01 23:01:06,1906.46,SETTLED,B20260901-4
S900636,T100680,2026-09-01 08:30:52,68744.43,SETTLED,B20260901-1
S900637,T100681,2026-09-01 21:27:47,20477.43,SETTLED,B20260901-4
S900638,T100683,2026-09-01 09:09:46,197623.89,SETTLED,B20260901-3
S900639,T100684,2026-09-01 09:29:58,53775.40,SETTLED,B20260901-5
S900640,T100685,2026-09-01 07:37:47,397644.22,SETTLED,B20260901-4
S900641,T100686,2026-09-02 12:12:39,54871.97,SETTLED,B20260902-2
S900642,T100687,2026-09-01 20:21:44,3471.41,SETTLED,B20260901-6
S900643,T100689,2026-09-01 22:12:33,54224.88,SETTLED,B20260901-3
S900644,T100690,2026-09-01 13:28:35,278764.35,SETTLED,B20260901-4
S900645,T100691,2026-09-01 16:15:58,193793.56,SETTLED,B20260901-6
S900646,T100692,2026-09-01 08:50:20,22291.04,SETTLED,B20260901-3
S900647,T100693,2026-09-01 22:09:50,26270.20,SETTLED,B20260901-1
S900648,T100694,2026-09-01 22:20:09,375103.94,SETTLED,B20260901-5
S900649,T100695,2026-09-01 23:04:07,3475.29,SETTLED,B20260901-6
S900650,T100696,2026-09-01 15:35:23,176100.29,SETTLED,B20260901-5
S900651,T100697,2026-09-01 10:35:32,56945.02,SETTLED,B20260901-4
S900652,T100698,2026-09-01 12:14:20,49089.14,SETTLED,B20260901-3
S900653,T100699,2026-09-01 17:58:13,307096.32,PENDING,B20260901-3
S900654,T100700,2026-09-01 10:39:16,55495.29,SETTLED,B20260901-1
S900655,T100701,2026-09-01 20:07:24,54313.53,SETTLED,B20260901-5
S900656,T100702,2026-09-01 19:12:15,230793.98,SETTLED,B20260901-1
S900657,T100704,2026-09-01 13:07:06,2361.25,SETTLED,B20260901-1
S900658,T100705,2026-09-01 13:04:21,77213.20,SETTLED,B20260901-4
S900659,T100706,2026-09-02 00:43:02,21052.25,SETTLED,B20260902-5
S900660,T100707,2026-09-01 09:48:27,2457.29,SETTLED,B20260901-6
S900661,T100708,2026-09-01 13:49:22,3721.34,SETTLED,B20260901-6
S900662,T100710,2026-09-01 12:56:37,1399.51,SETTLED,B20260901-5
S900663,T100711,2026-09-01 09:17:58,245500.50,SETTLED,B20260901-5
S900664,T100712,2026-09-01 18:11:44,189964.70,SETTLED,B20260901-5
S900665,T100713,2026-09-01 14:33:52,54309.32,SETTLED,B20260901-3
S900666,T100714,2026-09-01 21:44:33,1186.43,SETTLED,B20260901-6
S900667,T100715,2026-09-01 17:19:38,273524.71,SETTLED,B20260901-1
S900668,T100716,2026-09-01 20:37:31,16560.42,SETTLED,B20260901-5
S900669,T100717,2026-09-02 00:11:40,648.41,SETTLED,B20260902-2
S900670,T100717,2026-09-02 00:17:40,162.10,SETTLED,B20260902-2
S900671,T100718,2026-09-01 08:17:34,363293.87,SETTLED,B20260901-6
S900672,T100719,2026-09-01 13:37:44,38742.68,FAILED,B20260901-6
S900673,T100720,2026-09-01 16:25:28,30116.25,SETTLED,B20260901-3
S900674,T100721,2026-09-01 07:20:22,390.33,SETTLED,B20260901-3
S900675,T100722,2026-09-01 17:47:48,172932.64,SETTLED,B20260901-3
S900676,T100723,2026-09-01 14:02:00,224230.57,SETTLED,B20260901-1
S900677,T100724,2026-09-01 09:20:21,38474.75,SETTLED,B20260901-5
S900678,T100725,2026-09-01 09:05:06,29740.28,SETTLED,B20260901-5
S900679,T100725,2026-09-01 09:05:06,7435.07,SETTLED,B20260901-1
S900680,T100726,2026-09-01 22:57:52,2307.25,SETTLED,B20260901-1
S900681,T100727,2026-09-01 11:58:24,353515.36,SETTLED,B20260901-6
S900682,T100728,2026-09-01 11:34:10,9975.14,PENDING,B20260901-5
S900683,T100729,2026-09-01 10:44:32,62347.89,SETTLED,B20260901-6
S900684,T100730,2026-09-01 15:25:11,2181.59,SETTLED,B20260901-3
S900685,T100731,2026-09-01 20:44:58,182100.08,PENDING,B20260901-3
S900686,T100732,2026-09-01 10:33:20,226.60,SETTLED,B20260901-2
S900687,T100732,2026-09-01 10:38:20,56.65,SETTLED,B20260901-3
S900688,T100733,2026-09-01 13:29:08,375893.13,SETTLED,B20260901-2
S900689,T100734,2026-09-01 18:14:05,25248.49,SETTLED,B20260901-4
S900690,T100735,2026-09-01 10:31:54,1532.63,SETTLED,B20260901-3
S900691,T100735,2026-09-01 10:41:54,383.16,SETTLED,B20260901-4
S900692,T100736,2026-09-01 10:13:36,190.96,SETTLED,B20260901-4
S900693,T100737,2026-09-01 15:22:47,386874.12,SETTLED,B20260901-5
S900694,T100739,2026-09-01 15:03:44,4037.82,SETTLED,B20260901-3
S900695,T100740,2026-09-01 11:53:34,33884.42,SETTLED,B20260901-4
S900696,T100740,2026-09-01 12:03:34,8471.11,SETTLED,B20260901-2
S900697,T100741,2026-09-01 19:56:51,53754.37,SETTLED,B20260901-4
S900698,T100742,2026-09-01 12:53:41,17999.01,SETTLED,B20260901-1
S900699,T100742,2026-09-01 12:59:41,4499.75,SETTLED,B20260901-2
S900700,T100743,2026-09-01 16:44:04,809.91,SETTLED,B20260901-3
S900701,T100744,2026-09-01 23:54:18,136315.18,SETTLED,B20260901-3
S900702,T100745,2026-09-01 09:52:25,232081.53,SETTLED,B20260901-4
S900703,T100746,2026-09-01 07:24:43,19648.29,SETTLED,B20260901-2
S900704,T100747,2026-09-01 15:16:02,2967.39,PENDING,B20260901-1
S900705,T100748,2026-09-01 15:46:25,2937.26,SETTLED,B20260901-1
S900706,T100750,2026-09-01 16:24:16,37361.88,SETTLED,B20260901-6
S900707,T100751,2026-09-01 15:05:28,35345.24,SETTLED,B20260901-5
S900708,T100753,2026-09-01 20:03:02,353883.00,SETTLED,B20260901-4
S900709,T100754,2026-09-01 18:17:25,1444.28,SETTLED,B20260901-6
S900710,T100755,2026-09-01 16:40:12,274.79,SETTLED,B20260901-4
S900711,T100756,2026-09-01 09:51:58,217534.53,SETTLED,B20260901-1
S900712,T100756,2026-09-01 09:54:58,54383.63,SETTLED,B20260901-5
S900713,T100757,2026-09-01 10:36:28,176576.88,SETTLED,B20260901-5
S900714,T100760,2026-09-01 12:54:38,338344.78,SETTLED,B20260901-6
S900715,T100762,2026-09-01 23:07:06,395.87,SETTLED,B20260901-6
S900716,T100763,2026-09-01 14:44:55,4282.51,SETTLED,B20260901-4
S900717,T100764,2026-09-01 09:54:23,48834.60,SETTLED,B20260901-3
S900718,T100765,2026-09-01 07:36:36,161587.27,SETTLED,B20260901-3
S900719,T100766,2026-09-01 09:18:57,2923.63,SETTLED,B20260901-6
S900720,T100767,2026-09-01 10:43:42,345675.68,SETTLED,B20260901-6
S900721,T100768,2026-09-01 13:44:31,16930.73,SETTLED,B20260901-3
S900722,T100769,2026-09-01 21:13:56,29537.16,SETTLED,B20260901-5
S900723,T100770,2026-09-01 17:16:38,26567.03,SETTLED,B20260901-4
S900724,T100771,2026-09-01 19:27:32,69811.85,SETTLED,B20260901-3
S900725,T100772,2026-09-01 11:04:19,262429.65,SETTLED,B20260901-5
S900726,T100773,2026-09-01 13:44:18,211596.14,SETTLED,B20260901-4
S900727,T100773,2026-09-01 13:48:18,52899.04,SETTLED,B20260901-3
S900728,T100774,2026-09-01 12:52:02,53804.60,SETTLED,B20260901-1
S900729,T971633,2026-09-01 10:00:00,5719.54,SETTLED,B20260901-9
S900730,T937156,2026-09-01 19:00:00,13675.48,SETTLED,B20260901-9
S900731,T901119,2026-09-01 13:00:00,7141.74,SETTLED,B20260901-9
S900732,T992943,2026-09-01 10:00:00,15029.17,SETTLED,B20260901-9
S900733,T100775,2026-09-02 20:35:33,34703.67,SETTLED,B20260902-6
S900734,T100776,2026-09-02 19:40:38,40985.48,SETTLED,B20260902-5
S900735,T100776,2026-09-02 19:49:38,10246.37,SETTLED,B20260902-2
S900736,T100777,2026-09-02 12:33:24,2990.42,SETTLED,B20260902-2
S900737,T100779,2026-09-02 17:00:33,1946.45,SETTLED,B20260902-1
S900738,T100780,2026-09-02 21:58:14,3199.57,SETTLED,B20260902-4
S900739,T100781,2026-09-02 17:51:17,1591.95,SETTLED,B20260902-4
S900740,T100782,2026-09-02 19:46:52,38000.74,SETTLED,B20260902-4
S900741,T100782,2026-09-02 19:47:52,9500.19,SETTLED,B20260902-1
S900742,T100783,2026-09-02 20:25:44,2117.33,SETTLED,B20260902-5
S900743,T100784,2026-09-02 18:44:49,1550.52,SETTLED,B20260902-5
S900744,T100785,2026-09-02 11:44:18,7902.70,SETTLED,B20260902-4
S900745,T100785,2026-09-02 11:50:18,1975.68,SETTLED,B20260902-4
S900746,T100786,2026-09-02 07:10:48,240.07,SETTLED,B20260902-5
S900747,T100787,2026-09-02 07:45:28,2820.29,SETTLED,B20260902-2
S900748,T100788,2026-09-02 16:59:23,53526.50,SETTLED,B20260902-5
S900749,T100789,2026-09-02 17:43:41,310889.39,SETTLED,B20260902-4
S900750,T100790,2026-09-02 19:12:02,105548.56,SETTLED,B20260902-4
S900751,T100791,2026-09-02 09:35:17,1089.27,SETTLED,B20260902-6
S900752,T100792,2026-09-02 18:23:59,1300.54,SETTLED,B20260902-4
S900753,T100793,2026-09-02 16:29:28,116556.88,SETTLED,B20260902-4
S900754,T100794,2026-09-02 15:30:43,387.06,SETTLED,B20260902-2
S900755,T100795,2026-09-02 19:33:17,3027.06,SETTLED,B20260902-4
S900756,T100796,2026-09-02 20:57:40,1922.55,SETTLED,B20260902-2
S900757,T100798,2026-09-02 11:26:27,46150.58,SETTLED,B20260902-2
S900758,T100799,2026-09-02 23:14:43,186929.18,SETTLED,B20260902-1
S900759,T100800,2026-09-02 23:08:48,154707.60,SETTLED,B20260902-3
S900760,T100801,2026-09-02 14:43:15,37980.66,SETTLED,B20260902-6
S900761,T100802,2026-09-02 22:31:24,2857.70,SETTLED,B20260902-3
S900762,T100803,2026-09-02 15:55:39,165238.79,SETTLED,B20260902-3
S900763,T100806,2026-09-02 09:49:52,53757.59,SETTLED,B20260902-6
S900764,T100807,2026-09-02 19:12:39,250263.76,SETTLED,B20260902-5
S900765,T100808,2026-09-02 15:33:32,2494.97,SETTLED,B20260902-5
S900766,T100809,2026-09-03 05:57:55,281971.97,SETTLED,B20260903-5
S900767,T100810,2026-09-02 17:50:19,394854.29,SETTLED,B20260902-1
S900768,T100811,2026-09-02 17:54:37,3624.35,SETTLED,B20260902-2
S900769,T100812,2026-09-02 21:23:05,32227.19,SETTLED,B20260902-5
S900770,T100814,2026-09-02 14:54:15,38357.64,SETTLED,B20260902-4
S900771,T100815,2026-09-02 21:32:00,366.90,SETTLED,B20260902-1
S900772,T100816,2026-09-02 14:00:17,252447.54,SETTLED,B20260902-5
S900773,T100817,2026-09-02 13:55:00,2556.06,SETTLED,B20260902-3
S900774,T100817,2026-09-02 14:02:00,639.01,SETTLED,B20260902-2
S900775,T100818,2026-09-02 21:17:26,2098.97,PENDING,B20260902-6
S900776,T100819,2026-09-02 14:47:58,3840.86,SETTLED,B20260902-5
S900777,T100820,2026-09-02 06:40:57,54913.01,SETTLED,B20260902-1
S900778,T100821,2026-09-02 19:37:29,20991.87,SETTLED,B20260902-6
S900779,T100822,2026-09-03 17:39:59,319668.73,SETTLED,B20260903-5
S900780,T100823,2026-09-02 17:21:13,14172.75,SETTLED,B20260902-6
S900781,T100824,2026-09-02 21:31:54,72368.70,SETTLED,B20260902-6
S900782,T100825,2026-09-02 19:48:08,36402.69,SETTLED,B20260902-2
S900783,T100826,2026-09-02 17:57:02,1033.84,SETTLED,B20260902-6
S900784,T100828,2026-09-02 08:11:55,2936.79,SETTLED,B20260902-6
S900785,T100829,2026-09-02 16:43:33,214166.85,SETTLED,B20260902-2
S900786,T100830,2026-09-02 14:35:58,3720.25,SETTLED,B20260902-3
S900787,T100831,2026-09-02 06:19:48,38421.34,SETTLED,B20260902-6
S900788,T100831,2026-09-02 06:27:48,9605.33,SETTLED,B20260902-3
S900789,T100832,2026-09-02 18:35:45,280.46,SETTLED,B20260902-3
S900790,T100833,2026-09-02 15:42:49,34293.21,SETTLED,B20260902-4
S900791,T100835,2026-09-02 14:20:39,56411.63,SETTLED,B20260902-2
S900792,T100836,2026-09-02 07:03:26,26202.70,SETTLED,B20260902-2
S900793,T100837,2026-09-02 15:36:55,6307.98,SETTLED,B20260902-2
S900794,T100837,2026-09-02 15:42:55,1577.00,SETTLED,B20260902-1
S900795,T100838,2026-09-02 15:07:48,2488.03,SETTLED,B20260902-1
S900796,T100839,2026-09-02 11:24:10,292283.74,SETTLED,B20260902-1
S900797,T100841,2026-09-02 16:03:23,618.18,SETTLED,B20260902-3
S900798,T100842,2026-09-02 07:53:30,2426.57,SETTLED,B20260902-3
S900799,T100844,2026-09-02 15:51:49,152835.00,SETTLED,B20260902-3
S900800,T100845,2026-09-02 11:59:27,3085.81,SETTLED,B20260902-3
S900801,T100846,2026-09-02 20:48:01,207865.69,SETTLED,B20260902-6
S900802,T100847,2026-09-02 19:37:42,1019.80,SETTLED,B20260902-5
S900803,T100848,2026-09-03 12:12:07,46359.73,SETTLED,B20260903-1
S900804,T100849,2026-09-02 08:53:17,1382.46,SETTLED,B20260902-1
S900805,T100850,2026-09-02 19:21:32,19816.28,SETTLED,B20260902-2
S900806,T100851,2026-09-02 13:01:04,2648.18,SETTLED,B20260902-2
S900807,T100852,2026-09-02 12:10:43,2721.37,SETTLED,B20260902-2
S900808,T100853,2026-09-02 15:50:32,446.58,SETTLED,B20260902-1
S900809,T100854,2026-09-02 06:15:56,33598.21,SETTLED,B20260902-1
S900810,T100855,2026-09-02 09:58:53,3350.55,SETTLED,B20260902-4
S900811,T100856,2026-09-02 18:22:37,486.11,SETTLED,B20260902-1
S900812,T100857,2026-09-02 10:57:21,31482.00,SETTLED,B20260902-5
S900813,T100858,2026-09-02 18:20:54,25872.71,SETTLED,B20260902-4
S900814,T100859,2026-09-02 19:17:53,173962.71,SETTLED,B20260902-1
S900815,T100860,2026-09-02 19:16:51,254.23,SETTLED,B20260902-1
S900816,T100861,2026-09-02 22:39:25,126957.92,SETTLED,B20260902-4
S900817,T100861,2026-09-02 22:45:25,31739.48,SETTLED,B20260902-4
S900818,T100862,2026-09-02 21:19:05,1306.70,SETTLED,B20260902-2
S900819,T100863,2026-09-02 10:45:28,51355.33,SETTLED,B20260902-3
S900820,T100865,2026-09-02 10:45:04,48918.20,FAILED,B20260902-2
S900821,T100866,2026-09-02 11:59:48,27943.41,SETTLED,B20260902-4
S900822,T100867,2026-09-02 15:19:42,46499.10,SETTLED,B20260902-6
S900823,T100868,2026-09-02 07:22:41,9233.33,PENDING,B20260902-4
S900824,T100869,2026-09-02 06:57:04,2551.86,SETTLED,B20260902-6
S900825,T100870,2026-09-02 10:57:17,8603.31,SETTLED,B20260902-2
S900826,T100871,2026-09-02 21:16:24,29378.18,SETTLED,B20260902-2
S900827,T100873,2026-09-02 21:14:01,965.27,SETTLED,B20260902-3
S900828,T100874,2026-09-02 06:14:08,97844.11,SETTLED,B20260902-2
S900829,T100875,2026-09-02 14:56:31,38128.19,SETTLED,B20260902-5
S900830,T100876,2026-09-02 18:17:29,2982.06,SETTLED,B20260902-6
S900831,T100877,2026-09-02 23:15:24,664.85,SETTLED,B20260902-6
S900832,T100878,2026-09-02 07:35:55,2147.99,SETTLED,B20260902-2
S900833,T100879,2026-09-02 18:38:49,52187.80,SETTLED,B20260902-4
S900834,T100880,2026-09-02 12:48:08,65520.08,SETTLED,B20260902-6
S900835,T100881,2026-09-02 14:10:17,1110.57,PENDING,B20260902-2
S900836,T100882,2026-09-02 20:43:45,239955.93,SETTLED,B20260902-6
S900837,T100883,2026-09-02 21:22:06,22458.20,SETTLED,B20260902-1
S900838,T100884,2026-09-02 18:55:57,348124.94,SETTLED,B20260902-3
S900839,T100885,2026-09-02 10:25:49,38960.08,SETTLED,B20260902-1
S900840,T100886,2026-09-02 08:34:43,378758.98,SETTLED,B20260902-3
S900841,T100887,2026-09-02 09:54:20,129547.05,SETTLED,B20260902-5
S900842,T100889,2026-09-02 12:21:16,579.84,SETTLED,B20260902-4
S900843,T100890,2026-09-02 17:43:51,334065.37,SETTLED,B20260902-6
S900844,T100891,2026-09-02 17:39:24,1101.15,SETTLED,B20260902-4
S900845,T100892,2026-09-02 08:59:53,64959.24,SETTLED,B20260902-6
S900846,T100892,2026-09-02 09:06:53,16239.81,SETTLED,B20260902-3
S900847,T100894,2026-09-02 09:53:32,311926.09,SETTLED,B20260902-6
S900848,T100896,2026-09-02 16:05:03,3975.03,SETTLED,B20260902-2
S900849,T100897,2026-09-02 12:24:05,27710.14,SETTLED,B20260902-6
S900850,T100898,2026-09-03 02:34:17,340.94,SETTLED,B20260903-3
S900851,T100899,2026-09-02 17:52:51,162808.65,SETTLED,B20260902-2
S900852,T100900,2026-09-02 06:33:10,2644.82,SETTLED,B20260902-2
S900853,T100901,2026-09-02 12:44:57,2424.62,SETTLED,B20260902-2
S900854,T100902,2026-09-02 11:06:36,366922.22,SETTLED,B20260902-6
S900855,T100903,2026-09-02 14:50:50,682.63,SETTLED,B20260902-3
S900856,T100903,2026-09-02 14:53:50,170.66,SETTLED,B20260902-1
S900857,T100904,2026-09-02 12:47:51,1252.15,SETTLED,B20260902-1
S900858,T100906,2026-09-02 11:11:19,78433.39,SETTLED,B20260902-1
S900859,T100907,2026-09-02 12:06:29,1359.42,SETTLED,B20260902-4
S900860,T100910,2026-09-02 08:17:31,215239.74,SETTLED,B20260902-1
S900861,T100911,2026-09-02 21:19:12,287433.59,SETTLED,B20260902-5
S900862,T100912,2026-09-02 11:14:24,3783.64,SETTLED,B20260902-1
S900863,T100913,2026-09-02 08:47:45,49865.26,SETTLED,B20260902-2
S900864,T100914,2026-09-02 08:57:52,40595.43,SETTLED,B20260902-3
S900865,T100915,2026-09-02 09:25:41,58068.19,SETTLED,B20260902-1
S900866,T100915,2026-09-02 09:36:41,14517.05,SETTLED,B20260902-2
S900867,T100916,2026-09-02 06:14:24,3719.20,SETTLED,B20260902-3
S900868,T100917,2026-09-02 21:19:49,310318.78,SETTLED,B20260902-3
S900869,T100918,2026-09-02 12:57:14,49653.47,SETTLED,B20260902-2
S900870,T100919,2026-09-02 23:01:07,46628.51,SETTLED,B20260902-5
S900871,T100920,2026-09-02 10:01:22,2758.53,SETTLED,B20260902-1
S900872,T100920,2026-09-02 10:07:22,689.63,SETTLED,B20260902-6
S900873,T100921,2026-09-02 19:13:22,386.64,SETTLED,B20260902-3
S900874,T100922,2026-09-02 07:03:41,1302.91,SETTLED,B20260902-6
S900875,T100922,2026-09-02 07:04:41,325.73,SETTLED,B20260902-4
S900876,T100923,2026-09-02 21:32:47,153457.53,SETTLED,B20260902-4
S900877,T100924,2026-09-02 18:53:16,7874.93,SETTLED,B20260902-1
S900878,T100925,2026-09-02 07:14:42,2885.81,SETTLED,B20260902-4
S900879,T100926,2026-09-02 07:37:37,3707.42,SETTLED,B20260902-1
S900880,T100927,2026-09-02 13:09:00,27210.12,SETTLED,B20260902-5
S900881,T100928,2026-09-02 16:17:59,19644.98,PENDING,B20260902-6
S900882,T100929,2026-09-02 08:48:32,171620.77,SETTLED,B20260902-3
S900883,T100930,2026-09-02 17:16:22,1286.84,SETTLED,B20260902-2
S900884,T100931,2026-09-02 19:12:50,319.27,SETTLED,B20260902-5
S900885,T100932,2026-09-02 19:05:01,161560.12,SETTLED,B20260902-3
S900886,T100933,2026-09-02 16:58:15,16271.42,SETTLED,B20260902-3
S900887,T100933,2026-09-02 17:07:15,4067.86,SETTLED,B20260902-1
S900888,T100934,2026-09-02 16:49:35,2643.37,SETTLED,B20260902-3
S900889,T100935,2026-09-02 17:26:02,174992.68,SETTLED,B20260902-1
S900890,T100936,2026-09-02 13:37:20,249016.67,SETTLED,B20260902-3
S900891,T100937,2026-09-02 10:51:05,25182.05,SETTLED,B20260902-4
S900892,T100938,2026-09-02 14:11:37,1644.28,SETTLED,B20260902-6
S900893,T100939,2026-09-02 12:43:53,259919.81,SETTLED,B20260902-2
S900894,T100941,2026-09-02 12:28:02,261246.57,SETTLED,B20260902-2
S900895,T100943,2026-09-02 06:42:29,20202.76,SETTLED,B20260902-1
S900896,T100944,2026-09-02 09:06:42,1004.32,SETTLED,B20260902-1
S900897,T100945,2026-09-02 07:29:03,366.10,SETTLED,B20260902-5
S900898,T100946,2026-09-02 14:00:33,3980.89,SETTLED,B20260902-1
S900899,T100947,2026-09-02 09:40:44,321853.67,SETTLED,B20260902-5
S900900,T100948,2026-09-02 23:00:08,957.10,SETTLED,B20260902-3
S900901,T100949,2026-09-02 18:20:08,333.66,SETTLED,B20260902-4
S900902,T100949,2026-09-02 18:23:08,83.41,SETTLED,B20260902-6
S900903,T100950,2026-09-02 23:25:54,17840.12,SETTLED,B20260902-1
S900904,T100951,2026-09-02 10:32:43,2700.24,SETTLED,B20260902-1
S900905,T100952,2026-09-02 16:21:35,2443.68,SETTLED,B20260902-6
S900906,T100953,2026-09-02 08:09:44,-12508.18,SETTLED,B20260902-6
S900907,T100953,2026-09-02 08:21:44,3127.04,SETTLED,B20260902-1
S900908,T100954,2026-09-02 13:38:20,224283.26,SETTLED,B20260902-2
S900909,T100954,2026-09-02 13:46:20,56070.81,SETTLED,B20260902-4
S900910,T100955,2026-09-02 08:42:10,2325.08,SETTLED,B20260902-1
S900911,T100956,2026-09-02 17:07:34,316.32,SETTLED,B20260902-6
S900912,T100957,2026-09-02 15:24:23,369736.40,SETTLED,B20260902-4
S900913,T100959,2026-09-02 21:34:52,53574.42,SETTLED,B20260902-3
S900914,T100960,2026-09-02 17:54:37,65497.02,SETTLED,B20260902-5
S900915,T100961,2026-09-02 07:27:09,294878.16,SETTLED,B20260902-1
S900916,T100962,2026-09-02 21:51:45,207.31,SETTLED,B20260902-2
S900917,T100963,2026-09-02 13:28:09,1926.05,SETTLED,B20260902-1
S900918,T100964,2026-09-02 17:52:21,782.86,SETTLED,B20260902-4
S900919,T100964,2026-09-02 18:02:21,195.72,SETTLED,B20260902-4
S900920,T100965,2026-09-02 16:21:54,2275.40,SETTLED,B20260902-2
S900921,T100966,2026-09-02 10:39:53,104215.66,SETTLED,B20260902-4
S900922,T100967,2026-09-02 14:52:22,2153.15,SETTLED,B20260902-1
S900923,T100969,2026-09-02 19:27:11,70256.48,SETTLED,B20260902-6
S900924,T100970,2026-09-02 23:16:50,2724.51,SETTLED,B20260902-1
S900925,T100971,2026-09-02 11:10:03,994.32,SETTLED,B20260902-1
S900926,T100971,2026-09-02 11:11:03,248.58,SETTLED,B20260902-4
S900927,T100972,2026-09-02 21:53:12,1569.14,SETTLED,B20260902-4
S900928,T100972,2026-09-02 21:53:12,392.28,SETTLED,B20260902-3
S900929,T100973,2026-09-02 11:20:44,272738.54,SETTLED,B20260902-2
S900930,T100973,2026-09-02 11:20:44,68184.64,PENDING,B20260902-1
S900931,T100974,2026-09-02 08:02:03,47393.75,SETTLED,B20260902-1
S900932,T100975,2026-09-02 21:57:35,308913.74,SETTLED,B20260902-5
S900933,T100976,2026-09-02 08:22:53,1077.57,SETTLED,B20260902-2
S900934,T100977,2026-09-02 21:32:46,42748.01,SETTLED,B20260902-2
S900935,T100977,2026-09-02 21:33:46,10687.00,SETTLED,B20260902-3
S900936,T100978,2026-09-02 08:19:53,394793.04,SETTLED,B20260902-5
S900937,T100979,2026-09-02 18:13:34,4222.65,SETTLED,B20260902-5
S900938,T100980,2026-09-02 12:21:42,36112.68,SETTLED,B20260902-3
S900939,T100981,2026-09-02 22:03:02,1811.84,SETTLED,B20260902-4
S900940,T100982,2026-09-02 09:57:21,394947.36,SETTLED,B20260902-6
S900941,T100985,2026-09-02 11:22:28,55269.59,SETTLED,B20260902-4
S900942,T100986,2026-09-02 14:05:56,1410.76,SETTLED,B20260902-5
S900943,T100987,2026-09-02 14:53:58,292482.79,SETTLED,B20260902-1
S900944,T100988,2026-09-02 08:04:45,49280.84,SETTLED,B20260902-6
S900945,T100990,2026-09-02 23:04:43,1834.97,SETTLED,B20260902-1
S900946,T100991,2026-09-02 09:00:18,58099.47,SETTLED,B20260902-2
S900947,T100992,2026-09-02 09:43:58,6110.27,SETTLED,B20260902-2
S900948,T100993,2026-09-02 23:06:47,201172.97,SETTLED,B20260902-6
S900949,T100994,2026-09-02 11:48:45,157782.70,SETTLED,B20260902-6
S900950,T100995,2026-09-02 12:46:27,48920.03,SETTLED,B20260902-5
S900951,T100995,2026-09-02 12:47:27,12230.01,SETTLED,B20260902-1
S900952,T100996,2026-09-02 18:49:34,12973.02,SETTLED,B20260902-2
S900953,T100997,2026-09-03 00:25:08,503.51,PENDING,B20260903-3
S900954,T100998,2026-09-02 18:05:10,7893.56,SETTLED,B20260902-6
S900955,T100999,2026-09-03 01:50:10,1081.80,SETTLED,B20260903-4
S900956,T101000,2026-09-02 18:00:40,2873.41,SETTLED,B20260902-4
S900957,T101001,2026-09-02 14:06:40,375693.90,SETTLED,B20260902-3
S900958,T101003,2026-09-03 01:35:01,48858.94,SETTLED,B20260903-6
S900959,T101005,2026-09-02 08:23:14,6787.27,SETTLED,B20260902-2
S900960,T101007,2026-09-02 06:49:10,1595.19,SETTLED,B20260902-3
S900961,T101008,2026-09-02 14:18:28,145020.54,SETTLED,B20260902-4
S900962,T101008,2026-09-02 14:27:28,36255.14,SETTLED,B20260902-5
S900963,T101009,2026-09-02 12:03:47,389283.54,SETTLED,B20260902-1
S900964,T101010,2026-09-02 20:23:03,43927.55,SETTLED,B20260902-4
S900965,T101011,2026-09-02 16:54:37,110809.52,SETTLED,B20260902-3
S900966,T101012,2026-09-02 10:07:09,799.47,SETTLED,B20260902-2
S900967,T101013,2026-09-02 14:10:25,1087.53,SETTLED,B20260902-2
S900968,T101014,2026-09-02 09:33:13,45071.63,SETTLED,B20260902-4
S900969,T101016,2026-09-02 19:52:28,2068.63,SETTLED,B20260902-2
S900970,T101017,2026-09-02 08:05:07,2161.72,SETTLED,B20260902-2
S900971,T101018,2026-09-02 07:22:50,25425.13,SETTLED,B20260902-5
S900972,T101019,2026-09-02 07:40:01,26942.82,SETTLED,B20260902-2
S900973,T101020,2026-09-02 22:11:57,341.91,SETTLED,B20260902-5
S900974,T101021,2026-09-02 10:27:36,3348.81,SETTLED,B20260902-2
S900975,T101023,2026-09-02 16:38:42,26321.83,SETTLED,B20260902-2
S900976,T101023,2026-09-02 16:48:42,6580.46,SETTLED,B20260902-1
S900977,T101024,2026-09-02 22:32:49,75446.10,SETTLED,B20260902-4
S900978,T101025,2026-09-02 19:07:06,245.36,SETTLED,B20260902-3
S900979,T101026,2026-09-02 13:54:04,1548.41,SETTLED,B20260902-6
S900980,T101027,2026-09-02 19:06:03,251830.78,SETTLED,B20260902-6
S900981,T101028,2026-09-02 20:57:16,1486.61,SETTLED,B20260902-3
S900982,T101028,2026-09-02 21:06:16,371.65,FAILED,B20260902-5
S900983,T101029,2026-09-02 15:21:41,3623.32,SETTLED,B20260902-3
S900984,T101031,2026-09-02 14:20:08,1435.34,SETTLED,B20260902-1
S900985,T101031,2026-09-02 14:24:08,358.83,SETTLED,B20260902-1
S900986,T101032,2026-09-02 13:17:49,58480.26,SETTLED,B20260902-5
S900987,T101033,2026-09-02 23:15:41,1935.37,SETTLED,B20260902-3
S900988,T101034,2026-09-02 08:25:00,351389.48,SETTLED,B20260902-5
S900989,T101035,2026-09-02 10:37:34,3158.64,SETTLED,B20260902-4
S900990,T101036,2026-09-02 09:29:16,10010.36,SETTLED,B20260902-2
S900991,T101037,2026-09-02 20:52:44,259606.84,SETTLED,B20260902-6
S900992,T101038,2026-09-02 19:20:07,201561.68,SETTLED,B20260902-4
S900993,T101039,2026-09-02 22:53:41,319.39,SETTLED,B20260902-2
S900994,T101040,2026-09-02 17:39:07,1161.25,SETTLED,B20260902-4
S900995,T101041,2026-09-02 13:02:38,36150.56,SETTLED,B20260902-2
S900996,T101042,2026-09-02 21:25:42,356829.08,FAILED,B20260902-3
S900997,T101043,2026-09-02 16:15:11,598.80,SETTLED,B20260902-2
S900998,T101044,2026-09-02 13:59:20,3317.01,SETTLED,B20260902-2
S900999,T101045,2026-09-02 19:40:19,50509.93,SETTLED,B20260902-2
S901000,T101047,2026-09-02 07:21:01,395830.58,SETTLED,B20260902-4
S901001,T101048,2026-09-02 14:04:11,49781.11,SETTLED,B20260902-6
S901002,T101049,2026-09-02 16:26:55,1570.66,SETTLED,B20260902-5
S901003,T101050,2026-09-02 17:58:39,4068.59,SETTLED,B20260902-1
S901004,T101051,2026-09-02 16:37:42,24224.45,PENDING,B20260902-1
S901005,T101052,2026-09-02 20:51:00,160345.98,SETTLED,B20260902-1
S901006,T101053,2026-09-02 08:19:24,1851.70,SETTLED,B20260902-2
S901007,T101054,2026-09-02 19:31:06,254811.52,SETTLED,B20260902-3
S901008,T101055,2026-09-02 07:52:37,9641.06,SETTLED,B20260902-2
S901009,T101055,2026-09-02 07:59:37,2410.27,SETTLED,B20260902-5
S901010,T101056,2026-09-02 07:51:46,398750.74,SETTLED,B20260902-5
S901011,T101057,2026-09-02 20:49:49,566.69,SETTLED,B20260902-5
S901012,T101058,2026-09-02 11:29:22,175604.83,SETTLED,B20260902-2
S901013,T101059,2026-09-02 22:10:36,73093.42,SETTLED,B20260902-6
S901014,T101061,2026-09-02 08:16:08,208211.56,SETTLED,B20260902-1
S901015,T101062,2026-09-02 09:12:11,137258.34,SETTLED,B20260902-3
S901016,T101064,2026-09-02 21:59:09,19114.54,SETTLED,B20260902-5
S901017,T101064,2026-09-02 22:08:09,4778.64,SETTLED,B20260902-5
S901018,T101065,2026-09-02 11:55:42,2355.81,SETTLED,B20260902-5
S901019,T101066,2026-09-02 15:26:10,288321.55,SETTLED,B20260902-5
S901020,T101067,2026-09-02 06:19:09,2711.38,SETTLED,B20260902-5
S901021,T101068,2026-09-02 07:20:30,18912.27,SETTLED,B20260902-1
S901022,T101070,2026-09-02 22:36:08,187601.03,SETTLED,B20260902-1
S901023,T101071,2026-09-02 21:38:27,287515.20,SETTLED,B20260902-5
S901024,T101072,2026-09-02 10:43:56,231222.21,SETTLED,B20260902-2
S901025,T101073,2026-09-02 11:03:55,375064.81,SETTLED,B20260902-1
S901026,T101074,2026-09-02 15:35:22,229229.60,SETTLED,B20260902-2
S901027,T101075,2026-09-02 17:57:58,1569.93,SETTLED,B20260902-3
S901028,T101077,2026-09-02 17:45:13,34281.26,SETTLED,B20260902-6
S901029,T101078,2026-09-02 15:29:42,12523.20,PENDING,B20260902-4
S901030,T101079,2026-09-02 21:32:49,16589.37,SETTLED,B20260902-6
S901031,T101080,2026-09-02 09:37:42,50214.96,FAILED,B20260902-4
S901032,T101081,2026-09-02 17:22:55,324102.17,SETTLED,B20260902-5
S901033,T101082,2026-09-02 10:47:47,538.61,SETTLED,B20260902-5
S901034,T101083,2026-09-02 18:32:43,1004.08,SETTLED,B20260902-5
S901035,T101084,2026-09-02 20:51:52,103190.70,SETTLED,B20260902-6
S901036,T101086,2026-09-02 09:08:55,141821.49,SETTLED,B20260902-6
S901037,T101087,2026-09-02 19:52:52,1206.50,SETTLED,B20260902-2
S901038,T101088,2026-09-02 17:54:09,32868.76,SETTLED,B20260902-2
S901039,T101089,2026-09-02 10:24:29,63592.95,SETTLED,B20260902-3
S901040,T101090,2026-09-02 16:18:21,42462.82,SETTLED,B20260902-6
S901041,T101091,2026-09-02 13:54:59,1181.86,SETTLED,B20260902-6
S901042,T101092,2026-09-02 11:01:25,108565.73,SETTLED,B20260902-2
S901043,T101093,2026-09-02 14:12:56,1446.14,SETTLED,B20260902-3
S901044,T101094,2026-09-02 17:30:50,335951.20,SETTLED,B20260902-2
S901045,T101095,2026-09-02 11:39:53,56927.24,SETTLED,B20260902-3
S901046,T101096,2026-09-02 08:02:09,321162.73,SETTLED,B20260902-1
S901047,T101098,2026-09-02 21:44:14,1618.94,SETTLED,B20260902-5
S901048,T101099,2026-09-02 09:16:48,6530.96,SETTLED,B20260902-6
S901049,T101100,2026-09-02 18:25:33,4564.35,SETTLED,B20260902-2
S901050,T101101,2026-09-02 14:42:15,29519.96,PENDING,B20260902-4
S901051,T101102,2026-09-03 00:25:46,3210.53,SETTLED,B20260903-3
S901052,T101103,2026-09-02 15:56:19,3343.47,SETTLED,B20260902-4
S901053,T101104,2026-09-02 13:37:09,51962.31,SETTLED,B20260902-5
S901054,T101105,2026-09-02 06:54:24,34453.26,SETTLED,B20260902-3
S901055,T101106,2026-09-02 07:35:20,395248.05,SETTLED,B20260902-4
S901056,T101107,2026-09-02 18:16:09,4713.96,SETTLED,B20260902-4
S901057,T101108,2026-09-02 16:05:11,3249.02,SETTLED,B20260902-3
S901058,T101109,2026-09-02 20:18:14,2397.00,SETTLED,B20260902-4
S901059,T101110,2026-09-02 21:36:47,44833.94,SETTLED,B20260902-2
S901060,T101111,2026-09-02 09:10:05,7132.80,SETTLED,B20260902-6
S901061,T101111,2026-09-02 09:13:05,1783.20,SETTLED,B20260902-3
S901062,T101112,2026-09-02 08:43:37,97280.70,SETTLED,B20260902-6
S901063,T101113,2026-09-02 12:21:45,3887.29,SETTLED,B20260902-1
S901064,T101114,2026-09-02 23:13:41,322899.75,SETTLED,B20260902-5
S901065,T101116,2026-09-02 12:06:31,1553.86,SETTLED,B20260902-2
S901066,T101117,2026-09-02 09:44:53,2147.95,SETTLED,B20260902-3
S901067,T101118,2026-09-02 08:25:45,155446.30,SETTLED,B20260902-2
S901068,T101120,2026-09-02 07:25:47,158.84,SETTLED,B20260902-2
S901069,T101120,2026-09-02 07:34:47,39.71,SETTLED,B20260902-3
S901070,T101121,2026-09-02 17:39:31,136100.29,SETTLED,B20260902-5
S901071,T101122,2026-09-02 08:07:34,177219.05,SETTLED,B20260902-3
S901072,T101123,2026-09-02 17:39:37,382315.66,SETTLED,B20260902-2
S901073,T101125,2026-09-02 22:51:29,1397.18,SETTLED,B20260902-3
S901074,T101126,2026-09-02 17:47:29,5146.64,SETTLED,B20260902-3
S901075,T101127,2026-09-02 09:54:37,14741.77,SETTLED,B20260902-4
S901076,T101128,2026-09-02 21:32:13,10600.60,SETTLED,B20260902-3
S901077,T101129,2026-09-02 06:57:38,1359.48,SETTLED,B20260902-5
S901078,T101130,2026-09-02 13:01:39,122370.52,SETTLED,B20260902-6
S901079,T101131,2026-09-02 11:43:31,377498.28,SETTLED,B20260902-6
S901080,T101132,2026-09-02 08:21:49,97522.75,SETTLED,B20260902-2
S901081,T101133,2026-09-02 15:44:29,51811.89,SETTLED,B20260902-6
S901082,T101134,2026-09-02 12:54:28,3289.70,SETTLED,B20260902-2
S901083,T101135,2026-09-02 19:03:29,53733.81,SETTLED,B20260902-3
S901084,T101136,2026-09-02 08:34:53,1349.29,SETTLED,B20260902-1
S901085,T101136,2026-09-02 08:43:53,337.32,SETTLED,B20260902-6
S901086,T101137,2026-09-02 20:23:24,58388.93,PENDING,B20260902-3
S901087,T101138,2026-09-02 09:15:20,16143.09,SETTLED,B20260902-2
S901088,T101139,2026-09-02 20:46:14,3294.13,SETTLED,B20260902-5
S901089,T101140,2026-09-02 19:56:18,27627.91,SETTLED,B20260902-4
S901090,T101141,2026-09-02 07:31:15,369937.29,SETTLED,B20260902-3
S901091,T101142,2026-09-02 09:28:21,52177.58,SETTLED,B20260902-2
S901092,T101143,2026-09-02 21:23:09,259299.78,SETTLED,B20260902-6
S901093,T101144,2026-09-02 06:20:38,1904.81,SETTLED,B20260902-3
S901094,T101145,2026-09-02 21:45:06,245633.41,SETTLED,B20260902-4
S901095,T101146,2026-09-03 14:18:55,19496.84,SETTLED,B20260903-4
S901096,T101147,2026-09-02 20:52:27,14751.12,SETTLED,B20260902-5
S901097,T101148,2026-09-02 22:44:22,1054.75,SETTLED,B20260902-4
S901098,T101149,2026-09-02 12:43:24,349251.09,SETTLED,B20260902-6
S901099,T101150,2026-09-02 11:39:23,51416.76,SETTLED,B20260902-2
S901100,T101151,2026-09-02 17:06:52,189093.73,SETTLED,B20260902-2
S901101,T101152,2026-09-02 22:16:08,373050.94,SETTLED,B20260902-4
S901102,T101153,2026-09-02 18:54:28,45919.81,SETTLED,B20260902-6
S901103,T101154,2026-09-02 22:55:56,167555.70,SETTLED,B20260902-2
S901104,T101154,2026-09-02 23:06:56,41888.93,SETTLED,B20260902-5
S901105,T101155,2026-09-02 16:01:20,100394.93,SETTLED,B20260902-1
S901106,T101156,2026-09-02 11:13:00,3147.34,SETTLED,B20260902-4
S901107,T101157,2026-09-02 17:03:40,49954.35,PENDING,B20260902-6
S901108,T101158,2026-09-02 13:02:57,26304.82,SETTLED,B20260902-2
S901109,T101159,2026-09-02 22:33:20,240802.10,SETTLED,B20260902-5
S901110,T101159,2026-09-02 22:38:20,60200.53,SETTLED,B20260902-1
S901111,T101160,2026-09-02 06:22:40,15263.99,SETTLED,B20260902-3
S901112,T101161,2026-09-02 21:19:49,151345.85,SETTLED,B20260902-2
S901113,T101162,2026-09-02 22:17:00,8967.36,SETTLED,B20260902-2
S901114,T101163,2026-09-02 18:01:23,57380.76,SETTLED,B20260902-5
S901115,T101164,2026-09-02 17:37:50,23653.98,SETTLED,B20260902-6
S901116,T101165,2026-09-02 10:54:53,31396.71,SETTLED,B20260902-1
S901117,T101166,2026-09-02 09:11:03,37732.90,SETTLED,B20260902-1
S901118,T101167,2026-09-02 20:18:12,454.76,SETTLED,B20260902-2
S901119,T101168,2026-09-02 08:39:37,2315.51,SETTLED,B20260902-1
S901120,T101169,2026-09-02 13:14:25,112629.55,SETTLED,B20260902-2
S901121,T101170,2026-09-02 21:39:18,341015.30,SETTLED,B20260902-5
S901122,T101171,2026-09-02 17:20:50,333916.59,SETTLED,B20260902-1
S901123,T101172,2026-09-02 16:22:11,19368.46,PENDING,B20260902-5
S901124,T101173,2026-09-02 08:56:02,274113.43,SETTLED,B20260902-4
S901125,T101174,2026-09-02 12:40:33,528.33,SETTLED,B20260902-3
S901126,T101175,2026-09-02 19:36:13,188954.60,SETTLED,B20260902-5
S901127,T101176,2026-09-02 07:37:01,178170.24,SETTLED,B20260902-2
S901128,T101177,2026-09-02 13:01:37,1614.43,SETTLED,B20260902-5
S901129,T101177,2026-09-02 13:05:37,403.61,SETTLED,B20260902-6
S901130,T101178,2026-09-02 09:23:45,171150.56,SETTLED,B20260902-2
S901131,T101179,2026-09-02 19:08:16,2217.00,SETTLED,B20260902-4
S901132,T101180,2026-09-02 09:51:56,49134.21,SETTLED,B20260902-1
S901133,T101181,2026-09-02 23:22:05,1054.29,SETTLED,B20260902-1
S901134,T101185,2026-09-02 08:20:10,211583.96,SETTLED,B20260902-4
S901135,T101186,2026-09-02 07:10:48,2229.98,SETTLED,B20260902-4
S901136,T101187,2026-09-02 13:54:30,1205.98,SETTLED,B20260902-6
S901137,T101188,2026-09-02 15:55:07,51693.22,SETTLED,B20260902-1
S901138,T101189,2026-09-02 16:05:25,17577.37,SETTLED,B20260902-4
S901139,T101190,2026-09-02 15:43:25,2615.75,SETTLED,B20260902-5
S901140,T101191,2026-09-02 15:34:37,222025.98,SETTLED,B20260902-1
S901141,T101193,2026-09-02 12:43:19,5648.78,SETTLED,B20260902-2
S901142,T101194,2026-09-02 19:51:57,3617.06,SETTLED,B20260902-1
S901143,T101195,2026-09-02 21:35:55,12454.69,SETTLED,B20260902-1
S901144,T101196,2026-09-02 21:54:14,2313.33,SETTLED,B20260902-4
S901145,T101199,2026-09-02 13:04:30,52530.66,SETTLED,B20260902-5
S901146,T101200,2026-09-02 14:43:48,13554.40,SETTLED,B20260902-3
S901147,T101201,2026-09-02 07:43:41,27550.84,SETTLED,B20260902-6
S901148,T101202,2026-09-02 16:36:06,49064.86,SETTLED,B20260902-3
S901149,T101203,2026-09-02 13:39:06,3837.43,SETTLED,B20260902-2
S901150,T101204,2026-09-02 14:18:32,137037.55,SETTLED,B20260902-1
S901151,T101205,2026-09-02 13:39:52,10057.59,SETTLED,B20260902-1
S901152,T101207,2026-09-02 14:06:44,273435.93,FAILED,B20260902-1
S901153,T101208,2026-09-02 14:39:46,169550.20,SETTLED,B20260902-5
S901154,T101208,2026-09-02 14:49:46,42387.55,PENDING,B20260902-5
S901155,T101209,2026-09-02 09:35:31,64746.44,SETTLED,B20260902-6
S901156,T101209,2026-09-02 09:39:31,16186.61,SETTLED,B20260902-6
S901157,T101210,2026-09-02 07:49:48,51594.47,SETTLED,B20260902-2
S901158,T101211,2026-09-02 22:42:32,84142.82,SETTLED,B20260902-2
S901159,T101212,2026-09-02 18:03:20,112196.36,SETTLED,B20260902-5
S901160,T101213,2026-09-02 16:17:41,50115.26,SETTLED,B20260902-5
S901161,T101215,2026-09-02 10:36:15,106850.82,SETTLED,B20260902-6
S901162,T101216,2026-09-02 19:03:39,290369.74,SETTLED,B20260902-2
S901163,T101217,2026-09-02 14:49:55,311594.01,SETTLED,B20260902-6
S901164,T101218,2026-09-02 15:45:09,231959.67,SETTLED,B20260902-6
S901165,T101219,2026-09-02 11:00:33,72168.96,SETTLED,B20260902-2
S901166,T101219,2026-09-02 11:05:33,18042.24,SETTLED,B20260902-1
S901167,T101220,2026-09-02 22:43:29,143128.89,SETTLED,B20260902-3
S901168,T101221,2026-09-02 20:10:28,841.08,SETTLED,B20260902-4
S901169,T101222,2026-09-02 22:44:59,54818.05,SETTLED,B20260902-5
S901170,T101223,2026-09-03 00:40:25,349206.16,SETTLED,B20260903-2
S901171,T101224,2026-09-02 08:02:33,1035.63,SETTLED,B20260902-2
S901172,T101225,2026-09-02 20:29:20,20436.03,SETTLED,B20260902-5
S901173,T101226,2026-09-02 22:14:01,773.99,SETTLED,B20260902-1
S901174,T101227,2026-09-02 10:43:40,3545.36,SETTLED,B20260902-2
S901175,T101228,2026-09-02 17:23:10,37483.55,SETTLED,B20260902-6
S901176,T101229,2026-09-02 09:06:25,1914.64,SETTLED,B20260902-6
S901177,T101230,2026-09-02 13:28:37,279622.75,SETTLED,B20260902-1
S901178,T101231,2026-09-02 12:57:36,125267.84,SETTLED,B20260902-5
S901179,T101235,2026-09-02 22:30:07,149875.63,SETTLED,B20260902-5
S901180,T101236,2026-09-02 14:50:02,291205.58,SETTLED,B20260902-1
S901181,T101236,2026-09-02 15:02:02,72801.40,SETTLED,B20260902-4
S901182,T101238,2026-09-02 21:59:13,2564.62,SETTLED,B20260902-4
S901183,T101239,2026-09-02 22:55:47,238805.89,SETTLED,B20260902-2
S901184,T101240,2026-09-02 12:49:24,12700.01,SETTLED,B20260902-3
S901185,T101241,2026-09-02 18:10:36,18570.59,SETTLED,B20260902-4
S901186,T101242,2026-09-02 18:58:27,264809.31,SETTLED,B20260902-6
S901187,T101243,2026-09-02 17:47:54,3061.18,SETTLED,B20260902-2
S901188,T101244,2026-09-02 10:34:41,44722.13,SETTLED,B20260902-2
S901189,T101245,2026-09-02 16:27:12,22985.28,SETTLED,B20260902-5
S901190,T101246,2026-09-02 18:23:53,52159.26,SETTLED,B20260902-4
S901191,T101247,2026-09-02 07:06:59,12951.37,SETTLED,B20260902-3
S901192,T101248,2026-09-02 20:47:22,2300.63,SETTLED,B20260902-1
S901193,T101248,2026-09-02 20:49:22,575.16,SETTLED,B20260902-3
S901194,T101249,2026-09-02 15:59:41,258039.59,SETTLED,B20260902-4
S901195,T101250,2026-09-02 18:28:11,197584.45,SETTLED,B20260902-2
S901196,T101251,2026-09-02 23:10:29,2768.17,SETTLED,B20260902-2
S901197,T101252,2026-09-02 21:35:20,27670.29,SETTLED,B20260902-1
S901198,T101252,2026-09-02 21:37:20,6917.57,SETTLED,B20260902-4
S901199,T101253,2026-09-02 16:02:36,25113.66,SETTLED,B20260902-1
S901200,T101253,2026-09-02 16:13:36,6278.41,SETTLED,B20260902-6
S901201,T101254,2026-09-02 08:21:42,10861.05,SETTLED,B20260902-2
S901202,T101255,2026-09-02 09:23:48,353190.29,SETTLED,B20260902-3
S901203,T101257,2026-09-02 18:26:33,153058.64,SETTLED,B20260902-1
S901204,T101258,2026-09-02 22:28:51,3061.66,SETTLED,B20260902-2
S901205,T101259,2026-09-02 20:06:30,3479.70,SETTLED,B20260902-1
S901206,T101260,2026-09-02 08:14:16,29381.09,SETTLED,B20260902-6
S901207,T101261,2026-09-02 21:34:33,14092.57,SETTLED,B20260902-5
S901208,T101262,2026-09-02 12:51:54,1920.56,SETTLED,B20260902-5
S901209,T101265,2026-09-02 11:13:04,1155.63,SETTLED,B20260902-5
S901210,T101266,2026-09-02 20:39:41,18181.97,SETTLED,B20260902-2
S901211,T101266,2026-09-02 20:43:41,4545.49,SETTLED,B20260902-1
S901212,T101267,2026-09-02 12:04:50,310083.12,SETTLED,B20260902-6
S901213,T101268,2026-09-02 13:23:41,43059.94,SETTLED,B20260902-1
S901214,T101269,2026-09-02 09:20:04,68774.92,SETTLED,B20260902-2
S901215,T101270,2026-09-02 19:53:16,215639.08,SETTLED,B20260902-4
S901216,T101272,2026-09-02 13:48:33,560.13,SETTLED,B20260902-4
S901217,T101272,2026-09-02 13:55:33,140.03,SETTLED,B20260902-5
S901218,T101274,2026-09-02 07:35:26,25699.25,SETTLED,B20260902-1
S901219,T101275,2026-09-02 18:31:00,195364.41,SETTLED,B20260902-3
S901220,T101276,2026-09-02 14:31:43,59745.24,SETTLED,B20260902-1
S901221,T101277,2026-09-02 11:47:32,6959.50,SETTLED,B20260902-3
S901222,T101278,2026-09-02 12:58:59,265697.24,SETTLED,B20260902-5
S901223,T101280,2026-09-02 23:10:38,399947.66,SETTLED,B20260902-4
S901224,T101281,2026-09-02 14:34:23,1107.97,SETTLED,B20260902-5
S901225,T101282,2026-09-02 18:27:05,3102.98,SETTLED,B20260902-2
S901226,T101284,2026-09-02 18:58:05,331363.26,SETTLED,B20260902-2
S901227,T101285,2026-09-02 07:46:57,2985.92,SETTLED,B20260902-6
S901228,T101286,2026-09-02 18:54:07,71834.72,SETTLED,B20260902-1
S901229,T101288,2026-09-02 07:37:02,138206.70,SETTLED,B20260902-2
S901230,T101290,2026-09-02 18:57:56,140388.71,SETTLED,B20260902-1
S901231,T101294,2026-09-02 18:41:37,56549.76,SETTLED,B20260902-5
S901232,T101295,2026-09-02 16:27:53,25340.53,SETTLED,B20260902-1
S901233,T101296,2026-09-02 11:23:18,314.78,SETTLED,B20260902-2
S901234,T101297,2026-09-02 09:18:49,3762.30,SETTLED,B20260902-3
S901235,T101298,2026-09-02 16:34:31,356370.57,SETTLED,B20260902-6
S901236,T101299,2026-09-02 08:18:22,2161.29,SETTLED,B20260902-1
S901237,T101300,2026-09-02 07:58:53,251.94,SETTLED,B20260902-4
S901238,T101300,2026-09-02 08:06:53,62.99,SETTLED,B20260902-6
S901239,T101301,2026-09-02 22:54:03,125783.56,SETTLED,B20260902-5
S901240,T101302,2026-09-02 14:46:41,-10363.28,SETTLED,B20260902-4
S901241,T101303,2026-09-02 09:29:08,3713.11,SETTLED,B20260902-3
S901242,T101304,2026-09-02 11:14:13,1967.64,SETTLED,B20260902-1
S901243,T101305,2026-09-02 22:33:56,18940.42,SETTLED,B20260902-6
S901244,T101306,2026-09-02 12:31:26,287428.47,SETTLED,B20260902-6
S901245,T101307,2026-09-02 22:05:30,1358.81,SETTLED,B20260902-1
S901246,T101308,2026-09-02 08:21:42,400.32,SETTLED,B20260902-3
S901247,T101309,2026-09-02 20:45:58,287185.09,SETTLED,B20260902-6
S901248,T101310,2026-09-02 14:03:40,2089.47,SETTLED,B20260902-3
S901249,T101311,2026-09-02 06:05:28,1874.40,SETTLED,B20260902-4
S901250,T101312,2026-09-02 06:28:53,122877.02,FAILED,B20260902-2
S901251,T101313,2026-09-02 15:03:02,42708.66,SETTLED,B20260902-1
S901252,T101314,2026-09-02 19:59:16,94902.10,SETTLED,B20260902-1
S901253,T101315,2026-09-02 10:53:09,3277.49,SETTLED,B20260902-4
S901254,T101316,2026-09-02 08:02:23,290784.41,SETTLED,B20260902-3
S901255,T101317,2026-09-02 09:17:48,308243.85,SETTLED,B20260902-4
S901256,T101318,2026-09-02 08:24:38,3685.17,SETTLED,B20260902-2
S901257,T101319,2026-09-02 08:09:02,1525.86,SETTLED,B20260902-1
S901258,T101320,2026-09-02 07:57:48,2447.22,SETTLED,B20260902-5
S901259,T101321,2026-09-02 13:58:17,31864.66,SETTLED,B20260902-2
S901260,T101322,2026-09-02 15:00:53,251944.92,SETTLED,B20260902-1
S901261,T101325,2026-09-02 12:47:02,96777.32,SETTLED,B20260902-6
S901262,T101326,2026-09-02 20:24:07,29951.38,SETTLED,B20260902-5
S901263,T101327,2026-09-02 08:15:29,17227.21,SETTLED,B20260902-2
S901264,T101328,2026-09-02 07:13:11,310922.57,SETTLED,B20260902-2
S901265,T101329,2026-09-02 14:17:56,1928.26,SETTLED,B20260902-3
S901266,T101330,2026-09-02 09:15:21,3431.45,SETTLED,B20260902-5
S901267,T101331,2026-09-02 20:54:18,309058.74,SETTLED,B20260902-6
S901268,T101333,2026-09-02 18:30:31,3046.15,SETTLED,B20260902-3
S901269,T101334,2026-09-02 08:25:20,366127.46,SETTLED,B20260902-1
S901270,T101335,2026-09-02 07:21:18,228072.76,SETTLED,B20260902-3
S901271,T101336,2026-09-02 11:09:00,148164.61,SETTLED,B20260902-2
S901272,T101337,2026-09-02 17:45:27,45737.05,SETTLED,B20260902-1
S901273,T101338,2026-09-02 16:48:48,103834.72,SETTLED,B20260902-3
S901274,T101340,2026-09-02 11:09:32,388186.11,SETTLED,B20260902-2
S901275,T101341,2026-09-02 15:41:40,1686.94,SETTLED,B20260902-3
S901276,T101342,2026-09-02 07:32:08,54239.63,SETTLED,B20260902-5
S901277,T101343,2026-09-02 23:03:14,6415.92,SETTLED,B20260902-5
S901278,T101344,2026-09-02 14:24:25,41804.01,SETTLED,B20260902-2
S901279,T101346,2026-09-02 11:51:23,26911.14,SETTLED,B20260902-4
S901280,T101347,2026-09-02 11:47:52,201045.47,SETTLED,B20260902-2
S901281,T101348,2026-09-02 17:37:15,195780.91,FAILED,B20260902-3
S901282,T101349,2026-09-02 07:07:26,1027.35,SETTLED,B20260902-2
S901283,T101349,2026-09-02 07:17:26,256.84,SETTLED,B20260902-1
S901284,T101350,2026-09-02 12:34:17,24674.79,SETTLED,B20260902-6
S901285,T101351,2026-09-02 18:03:53,3640.68,SETTLED,B20260902-3
S901286,T101353,2026-09-02 16:08:02,399350.14,SETTLED,B20260902-3
S901287,T101354,2026-09-02 12:23:18,1837.36,SETTLED,B20260902-2
S901288,T101355,2026-09-02 09:39:17,30140.97,SETTLED,B20260902-4
S901289,T101356,2026-09-02 11:08:32,56046.85,SETTLED,B20260902-1
S901290,T101357,2026-09-02 14:35:27,2437.02,SETTLED,B20260902-2
S901291,T101358,2026-09-02 15:31:14,9039.60,SETTLED,B20260902-6
S901292,T101359,2026-09-02 07:12:40,394829.65,SETTLED,B20260902-3
S901293,T101360,2026-09-03 01:29:54,249382.88,SETTLED,B20260903-6
S901294,T101361,2026-09-02 11:13:13,4763.88,SETTLED,B20260902-3
S901295,T101362,2026-09-02 10:18:09,373.98,SETTLED,B20260902-4
S901296,T101363,2026-09-02 11:17:40,61679.77,SETTLED,B20260902-2
S901297,T101364,2026-09-02 10:53:53,138784.53,SETTLED,B20260902-5
S901298,T101365,2026-09-02 22:50:19,218412.96,SETTLED,B20260902-5
S901299,T101366,2026-09-02 21:38:50,273200.63,SETTLED,B20260902-1
S901300,T101367,2026-09-02 18:36:36,45072.42,SETTLED,B20260902-5
S901301,T101370,2026-09-02 06:22:29,21401.30,SETTLED,B20260902-2
S901302,T101371,2026-09-02 18:35:23,38936.73,SETTLED,B20260902-3
S901303,T101371,2026-09-02 18:44:23,9734.18,SETTLED,B20260902-3
S901304,T101372,2026-09-02 22:08:09,657.50,SETTLED,B20260902-1
S901305,T101373,2026-09-02 20:06:58,131017.24,SETTLED,B20260902-4
S901306,T101374,2026-09-02 08:11:30,1235.80,SETTLED,B20260902-5
S901307,T101375,2026-09-02 11:36:58,379916.26,SETTLED,B20260902-5
S901308,T101377,2026-09-02 08:26:19,148221.76,SETTLED,B20260902-5
S901309,T101378,2026-09-02 22:23:00,374756.83,SETTLED,B20260902-2
S901310,T101379,2026-09-02 20:24:31,1250.72,SETTLED,B20260902-5
S901311,T101380,2026-09-02 12:10:02,3435.41,SETTLED,B20260902-4
S901312,T101382,2026-09-02 21:06:19,272848.19,SETTLED,B20260902-3
S901313,T101383,2026-09-02 15:35:42,58319.13,SETTLED,B20260902-6
S901314,T101384,2026-09-02 12:33:53,65193.06,SETTLED,B20260902-5
S901315,T101385,2026-09-02 10:01:51,210352.65,SETTLED,B20260902-2
S901316,T101386,2026-09-02 09:07:55,47473.08,SETTLED,B20260902-4
S901317,T101387,2026-09-02 18:44:00,3238.90,SETTLED,B20260902-3
S901318,T101388,2026-09-02 11:56:07,313315.75,SETTLED,B20260902-2
S901319,T101389,2026-09-02 07:42:19,3971.69,SETTLED,B20260902-5
S901320,T101391,2026-09-02 21:27:45,8404.23,SETTLED,B20260902-1
S901321,T101392,2026-09-02 18:41:52,48074.77,SETTLED,B20260902-3
S901322,T101395,2026-09-02 14:35:38,2494.22,SETTLED,B20260902-3
S901323,T101396,2026-09-02 13:47:52,3933.58,SETTLED,B20260902-2
S901324,T101397,2026-09-02 08:23:42,82444.08,SETTLED,B20260902-1
S901325,T101398,2026-09-02 10:56:41,2509.30,SETTLED,B20260902-6
S901326,T101399,2026-09-02 16:21:01,3100.94,SETTLED,B20260902-5
S901327,T101400,2026-09-02 12:26:48,802.82,SETTLED,B20260902-1
S901328,T101401,2026-09-02 21:57:35,1376.05,SETTLED,B20260902-3
S901329,T101402,2026-09-02 12:11:52,2228.73,SETTLED,B20260902-4
S901330,T101402,2026-09-02 12:12:52,557.18,SETTLED,B20260902-6
S901331,T101403,2026-09-02 21:12:34,6580.29,SETTLED,B20260902-3
S901332,T101403,2026-09-02 21:19:34,1645.07,SETTLED,B20260902-3
S901333,T101404,2026-09-02 20:09:42,5290.36,SETTLED,B20260902-3
S901334,T101404,2026-09-02 20:10:42,1322.59,SETTLED,B20260902-4
S901335,T101405,2026-09-02 16:29:58,19246.72,SETTLED,B20260902-3
S901336,T101406,2026-09-02 23:01:38,3695.74,SETTLED,B20260902-5
S901337,T101407,2026-09-03 00:26:57,27550.24,SETTLED,B20260903-5
S901338,T101408,2026-09-02 16:39:28,103373.95,SETTLED,B20260902-2
S901339,T101409,2026-09-02 10:32:57,308441.94,SETTLED,B20260902-5
S901340,T101410,2026-09-02 09:27:04,15727.95,SETTLED,B20260902-5
S901341,T101411,2026-09-02 22:32:05,1535.10,SETTLED,B20260902-5
S901342,T101412,2026-09-02 10:27:54,1296.58,SETTLED,B20260902-2
S901343,T101413,2026-09-02 19:25:22,362447.21,SETTLED,B20260902-4
S901344,T101414,2026-09-02 09:14:40,35836.95,SETTLED,B20260902-1
S901345,T101415,2026-09-02 15:24:43,17431.76,FAILED,B20260902-1
S901346,T101416,2026-09-02 13:27:02,280231.82,SETTLED,B20260902-1
S901347,T101417,2026-09-02 14:31:31,13533.38,SETTLED,B20260902-2
S901348,T101420,2026-09-02 20:02:58,16995.61,SETTLED,B20260902-5
S901349,T101421,2026-09-02 20:40:25,42829.10,SETTLED,B20260902-4
S901350,T101422,2026-09-02 11:04:52,337.78,SETTLED,B20260902-4
S901351,T101423,2026-09-02 08:27:56,22880.02,SETTLED,B20260902-4
S901352,T101424,2026-09-02 07:24:09,51229.01,SETTLED,B20260902-1
S901353,T101425,2026-09-02 16:45:49,302175.66,SETTLED,B20260902-5
S901354,T101427,2026-09-02 08:09:46,312983.52,SETTLED,B20260902-2
S901355,T101429,2026-09-02 11:35:45,39045.51,SETTLED,B20260902-4
S901356,T101430,2026-09-02 17:20:28,1431.69,SETTLED,B20260902-1
S901357,T101431,2026-09-02 15:31:14,24919.10,SETTLED,B20260902-2
S901358,T101432,2026-09-02 23:06:12,134498.64,SETTLED,B20260902-6
S901359,T101434,2026-09-02 18:55:52,297134.05,SETTLED,B20260902-4
S901360,T101435,2026-09-02 14:00:40,289170.94,SETTLED,B20260902-2
S901361,T101436,2026-09-02 07:23:45,34383.65,SETTLED,B20260902-2
S901362,T101437,2026-09-02 22:01:29,8690.91,SETTLED,B20260902-6
S901363,T101438,2026-09-02 12:49:29,33866.82,SETTLED,B20260902-2
S901364,T101439,2026-09-02 11:20:43,264133.90,SETTLED,B20260902-1
S901365,T101440,2026-09-02 13:40:51,196348.12,SETTLED,B20260902-4
S901366,T101442,2026-09-02 22:57:25,37564.22,SETTLED,B20260902-3
S901367,T101443,2026-09-02 23:03:28,6728.54,SETTLED,B20260902-4
S901368,T101444,2026-09-02 11:37:43,675.71,SETTLED,B20260902-6
S901369,T101445,2026-09-02 23:10:13,53004.32,SETTLED,B20260902-5
S901370,T101446,2026-09-02 20:26:28,37869.71,SETTLED,B20260902-6
S901371,T101448,2026-09-02 19:23:32,12306.86,SETTLED,B20260902-6
S901372,T101449,2026-09-02 21:20:13,341486.43,SETTLED,B20260902-5
S901373,T101450,2026-09-02 08:04:29,3999.72,SETTLED,B20260902-3
S901374,T101451,2026-09-02 18:10:32,1599.26,SETTLED,B20260902-5
S901375,T101452,2026-09-02 21:52:53,13608.52,SETTLED,B20260902-6
S901376,T101453,2026-09-02 08:58:55,1574.73,SETTLED,B20260902-3
S901377,T101454,2026-09-02 11:05:27,275623.51,SETTLED,B20260902-3
S901378,T101455,2026-09-02 08:15:04,37655.22,SETTLED,B20260902-3
S901379,T101456,2026-09-02 16:32:40,53646.41,SETTLED,B20260902-5
S901380,T101457,2026-09-02 20:44:30,285506.16,SETTLED,B20260902-5
S901381,T101458,2026-09-02 21:47:32,198266.58,SETTLED,B20260902-6
S901382,T101459,2026-09-02 12:19:28,31837.57,SETTLED,B20260902-6
S901383,T101460,2026-09-02 19:02:21,39108.74,SETTLED,B20260902-3
S901384,T101461,2026-09-02 08:09:19,1265.27,SETTLED,B20260902-6
S901385,T101463,2026-09-02 06:53:39,872.79,SETTLED,B20260902-2
S901386,T101464,2026-09-02 07:19:04,19279.23,SETTLED,B20260902-5
S901387,T101466,2026-09-02 08:15:05,1683.40,SETTLED,B20260902-3
S901388,T101467,2026-09-02 13:53:53,2742.28,SETTLED,B20260902-1
S901389,T101467,2026-09-02 14:05:53,685.57,SETTLED,B20260902-6
S901390,T101468,2026-09-02 19:30:31,360153.49,SETTLED,B20260902-5
S901391,T101469,2026-09-02 06:53:00,209992.27,SETTLED,B20260902-5
S901392,T101470,2026-09-02 09:57:26,49237.09,SETTLED,B20260902-2
S901393,T101471,2026-09-02 10:01:22,478.73,SETTLED,B20260902-1
S901394,T101472,2026-09-02 08:13:19,109068.07,SETTLED,B20260902-5
S901395,T101473,2026-09-02 20:57:19,261399.30,SETTLED,B20260902-1
S901396,T101473,2026-09-02 21:08:19,65349.83,SETTLED,B20260902-6
S901397,T101474,2026-09-02 11:48:43,48136.28,SETTLED,B20260902-5
S901398,T101475,2026-09-02 22:22:39,47929.63,SETTLED,B20260902-4
S901399,T101475,2026-09-02 22:28:39,11982.41,SETTLED,B20260902-2
S901400,T101476,2026-09-02 21:03:55,341991.45,SETTLED,B20260902-1
S901401,T101477,2026-09-02 06:17:39,3144.36,SETTLED,B20260902-6
S901402,T101478,2026-09-02 18:09:29,177628.37,SETTLED,B20260902-4
S901403,T101479,2026-09-02 07:58:30,47872.75,SETTLED,B20260902-1
S901404,T101480,2026-09-02 22:42:56,56186.62,SETTLED,B20260902-2
S901405,T101481,2026-09-02 08:56:28,33443.28,SETTLED,B20260902-3
S901406,T101482,2026-09-02 19:41:21,61122.89,SETTLED,B20260902-2
S901407,T101483,2026-09-02 09:07:55,1142.74,SETTLED,B20260902-1
S901408,T101485,2026-09-02 13:41:04,152920.13,SETTLED,B20260902-2
S901409,T101486,2026-09-02 15:41:08,10917.52,SETTLED,B20260902-1
S901410,T101487,2026-09-02 21:35:12,3839.23,SETTLED,B20260902-6
S901411,T101488,2026-09-02 10:49:31,92529.03,SETTLED,B20260902-2
S901412,T101488,2026-09-02 10:54:31,23132.26,SETTLED,B20260902-5
S901413,T101489,2026-09-02 21:39:55,106520.98,SETTLED,B20260902-6
S901414,T101490,2026-09-02 15:58:49,7466.10,SETTLED,B20260902-1
S901415,T101490,2026-09-02 16:04:49,1866.53,SETTLED,B20260902-1
S901416,T101491,2026-09-02 08:33:44,3022.64,SETTLED,B20260902-5
S901417,T101492,2026-09-02 12:42:18,1491.49,SETTLED,B20260902-6
S901418,T101493,2026-09-02 14:40:55,46361.92,SETTLED,B20260902-5
S901419,T101494,2026-09-02 10:25:04,9492.66,SETTLED,B20260902-6
S901420,T101495,2026-09-02 15:07:36,56113.02,FAILED,B20260902-4
S901421,T101496,2026-09-02 12:56:13,51791.82,SETTLED,B20260902-5
S901422,T101497,2026-09-02 18:00:25,50148.78,SETTLED,B20260902-1
S901423,T101498,2026-09-02 06:55:19,177614.16,SETTLED,B20260902-6
S901424,T101499,2026-09-02 21:40:11,56041.47,SETTLED,B20260902-2
S901425,T101501,2026-09-02 22:57:09,273661.77,SETTLED,B20260902-1
S901426,T101502,2026-09-02 21:09:39,3689.88,SETTLED,B20260902-6
S901427,T101503,2026-09-02 07:14:30,17790.37,SETTLED,B20260902-5
S901428,T101504,2026-09-02 14:23:50,5233.86,SETTLED,B20260902-3
S901429,T101505,2026-09-02 17:27:35,30874.00,SETTLED,B20260902-6
S901430,T101507,2026-09-02 12:36:09,321621.86,SETTLED,B20260902-3
S901431,T101508,2026-09-02 19:29:17,152251.17,SETTLED,B20260902-6
S901432,T101508,2026-09-02 19:32:17,38062.79,SETTLED,B20260902-2
S901433,T101509,2026-09-02 08:30:36,257773.78,SETTLED,B20260902-4
S901434,T101511,2026-09-02 12:27:29,244309.67,SETTLED,B20260902-6
S901435,T101512,2026-09-02 14:00:14,2457.15,SETTLED,B20260902-1
S901436,T101513,2026-09-03 18:47:00,190661.92,SETTLED,B20260903-4
S901437,T101514,2026-09-02 06:24:35,21029.44,SETTLED,B20260902-4
S901438,T101515,2026-09-02 16:12:18,3103.23,SETTLED,B20260902-1
S901439,T101516,2026-09-02 21:32:41,3326.69,SETTLED,B20260902-1
S901440,T101517,2026-09-02 10:06:01,225372.54,SETTLED,B20260902-6
S901441,T101518,2026-09-02 21:55:53,141355.30,SETTLED,B20260902-5
S901442,T101519,2026-09-02 12:18:00,161730.49,SETTLED,B20260902-2
S901443,T101519,2026-09-02 12:30:00,40432.62,SETTLED,B20260902-1
S901444,T101520,2026-09-02 07:28:18,1666.57,SETTLED,B20260902-6
S901445,T101521,2026-09-02 22:00:56,231566.32,SETTLED,B20260902-4
S901446,T101521,2026-09-02 22:00:56,57891.58,SETTLED,B20260902-6
S901447,T101522,2026-09-02 17:41:40,299016.73,SETTLED,B20260902-1
S901448,T101524,2026-09-02 12:08:43,2570.27,SETTLED,B20260902-5
S901449,T101525,2026-09-02 11:36:14,1321.31,SETTLED,B20260902-3
S901450,T101526,2026-09-02 19:13:57,3321.55,SETTLED,B20260902-4
S901451,T101527,2026-09-02 11:41:08,51585.04,SETTLED,B20260902-2
S901452,T101528,2026-09-02 11:20:43,36892.40,SETTLED,B20260902-6
S901453,T101529,2026-09-02 17:51:47,15226.92,SETTLED,B20260902-6
S901454,T101530,2026-09-02 20:04:32,876.17,SETTLED,B20260902-6
S901455,T101531,2026-09-02 15:52:16,630.24,SETTLED,B20260902-6
S901456,T101532,2026-09-02 12:28:06,1591.19,SETTLED,B20260902-5
S901457,T101534,2026-09-02 10:04:00,27719.61,SETTLED,B20260902-1
S901458,T101535,2026-09-02 15:57:56,725.75,SETTLED,B20260902-6
S901459,T101536,2026-09-02 19:14:18,326777.80,PENDING,B20260902-1
S901460,T101538,2026-09-02 14:17:24,344.46,SETTLED,B20260902-1
S901461,T101539,2026-09-02 20:22:05,23142.19,SETTLED,B20260902-4
S901462,T101540,2026-09-02 08:22:15,143677.79,SETTLED,B20260902-1
S901463,T101541,2026-09-02 18:09:46,159327.51,SETTLED,B20260902-3
S901464,T101542,2026-09-02 10:30:18,4863.55,SETTLED,B20260902-5
S901465,T101544,2026-09-02 21:30:30,72920.25,SETTLED,B20260902-2
S901466,T101545,2026-09-02 12:59:23,12666.00,SETTLED,B20260902-5
S901467,T101546,2026-09-02 22:04:19,560.36,SETTLED,B20260902-5
S901468,T101547,2026-09-02 12:32:02,6101.14,SETTLED,B20260902-2
S901469,T101548,2026-09-02 12:40:11,280563.21,SETTLED,B20260902-5
S901470,T101549,2026-09-02 09:56:02,177128.67,SETTLED,B20260902-2
S901471,T101550,2026-09-02 18:33:25,2770.61,SETTLED,B20260902-1
S901472,T101551,2026-09-02 14:07:31,2128.97,SETTLED,B20260902-2
S901473,T101552,2026-09-02 20:37:18,48270.14,SETTLED,B20260902-6
S901474,T101552,2026-09-02 20:43:18,12067.54,PENDING,B20260902-4
S901475,T101553,2026-09-02 07:13:34,1169.17,SETTLED,B20260902-4
S901476,T101553,2026-09-02 07:24:34,292.29,SETTLED,B20260902-4
S901477,T101554,2026-09-02 22:17:35,2728.91,SETTLED,B20260902-3
S901478,T101554,2026-09-02 22:23:35,682.23,FAILED,B20260902-3
S901479,T101555,2026-09-02 07:22:54,7467.78,SETTLED,B20260902-5
S901480,T101557,2026-09-02 19:21:33,8695.77,SETTLED,B20260902-6
S901481,T101559,2026-09-02 06:54:04,354929.52,SETTLED,B20260902-4
S901482,T101560,2026-09-02 07:24:32,102777.59,SETTLED,B20260902-6
S901483,T101562,2026-09-02 10:49:22,44376.95,SETTLED,B20260902-4
S901484,T101563,2026-09-02 16:27:28,57767.98,SETTLED,B20260902-6
S901485,T101564,2026-09-02 17:06:14,183471.66,SETTLED,B20260902-1
S901486,T101565,2026-09-02 19:40:23,40290.67,SETTLED,B20260902-6
S901487,T101566,2026-09-02 21:04:29,176118.31,SETTLED,B20260902-1
S901488,T101567,2026-09-02 08:38:52,118349.11,SETTLED,B20260902-4
S901489,T101568,2026-09-02 22:06:07,226412.91,SETTLED,B20260902-3
S901490,T101569,2026-09-02 19:34:20,1453.74,SETTLED,B20260902-5
S901491,T101570,2026-09-02 13:59:31,201416.24,SETTLED,B20260902-1
S901492,T101571,2026-09-02 12:42:02,187034.06,SETTLED,B20260902-6
S901493,T101572,2026-09-02 07:47:09,1933.03,SETTLED,B20260902-5
S901494,T985446,2026-09-02 17:00:00,4955.87,SETTLED,B20260902-9
S901495,T934161,2026-09-02 15:00:00,18167.54,SETTLED,B20260902-9
S901496,T939835,2026-09-02 09:00:00,7403.38,SETTLED,B20260902-9
S901497,T978026,2026-09-02 18:00:00,12700.72,SETTLED,B20260902-9
S901498,T101573,2026-09-03 06:40:24,2325.83,SETTLED,B20260903-2
S901499,T101574,2026-09-03 21:22:28,16483.30,SETTLED,B20260903-3
S901500,T101575,2026-09-03 08:52:09,1453.91,SETTLED,B20260903-6
S901501,T101576,2026-09-03 16:20:26,3992.77,SETTLED,B20260903-6
S901502,T101578,2026-09-03 10:11:43,58761.78,SETTLED,B20260903-4
S901503,T101579,2026-09-03 19:10:05,191252.69,SETTLED,B20260903-4
S901504,T101580,2026-09-03 19:14:10,51680.39,SETTLED,B20260903-1
S901505,T101581,2026-09-03 22:45:40,1076.75,SETTLED,B20260903-2
S901506,T101582,2026-09-03 21:27:28,3526.33,SETTLED,B20260903-3
S901507,T101583,2026-09-03 19:56:45,30227.82,SETTLED,B20260903-5
S901508,T101584,2026-09-03 09:17:28,197818.33,SETTLED,B20260903-5
S901509,T101585,2026-09-03 06:10:37,166448.02,SETTLED,B20260903-5
S901510,T101586,2026-09-03 20:18:16,3093.41,SETTLED,B20260903-6
S901511,T101587,2026-09-03 19:56:24,388135.40,SETTLED,B20260903-3
S901512,T101588,2026-09-03 15:30:44,289057.13,SETTLED,B20260903-1
S901513,T101588,2026-09-03 15:39:44,72264.28,SETTLED,B20260903-1
S901514,T101589,2026-09-03 22:34:35,1161.01,SETTLED,B20260903-3
S901515,T101590,2026-09-03 19:45:38,354751.06,SETTLED,B20260903-5
S901516,T101591,2026-09-03 14:06:38,33185.64,SETTLED,B20260903-1
S901517,T101592,2026-09-03 11:36:00,340566.76,SETTLED,B20260903-1
S901518,T101594,2026-09-03 17:24:16,952.76,SETTLED,B20260903-3
S901519,T101595,2026-09-03 20:39:30,60641.26,SETTLED,B20260903-3
S901520,T101596,2026-09-03 13:48:43,41108.34,SETTLED,B20260903-3
S901521,T101597,2026-09-03 22:43:30,2901.00,SETTLED,B20260903-3
S901522,T101598,2026-09-03 22:59:19,319416.38,SETTLED,B20260903-3
S901523,T101599,2026-09-03 10:47:25,-19203.75,SETTLED,B20260903-3
S901524,T101600,2026-09-03 19:34:48,12933.67,SETTLED,B20260903-5
S901525,T101600,2026-09-03 19:45:48,3233.42,SETTLED,B20260903-4
S901526,T101601,2026-09-03 15:22:51,188474.90,SETTLED,B20260903-6
S901527,T101602,2026-09-03 10:55:49,41402.64,SETTLED,B20260903-3
S901528,T101603,2026-09-03 22:40:16,2930.84,SETTLED,B20260903-1
S901529,T101604,2026-09-03 16:54:24,240841.30,SETTLED,B20260903-2
S901530,T101605,2026-09-03 08:18:33,7658.29,SETTLED,B20260903-4
S901531,T101607,2026-09-03 09:04:48,2763.96,SETTLED,B20260903-4
S901532,T101608,2026-09-03 14:08:41,2537.79,SETTLED,B20260903-1
S901533,T101609,2026-09-03 06:52:08,100147.00,SETTLED,B20260903-4
S901534,T101610,2026-09-03 15:03:51,218016.37,SETTLED,B20260903-1
S901535,T101612,2026-09-03 12:06:23,6418.06,SETTLED,B20260903-1
S901536,T101613,2026-09-03 21:36:04,2027.70,SETTLED,B20260903-5
S901537,T101613,2026-09-03 21:36:04,506.93,SETTLED,B20260903-5
S901538,T101614,2026-09-03 19:54:52,1819.48,SETTLED,B20260903-1
S901539,T101615,2026-09-03 11:25:24,3388.60,SETTLED,B20260903-5
S901540,T101616,2026-09-03 06:14:12,327.39,SETTLED,B20260903-2
S901541,T101617,2026-09-03 11:36:35,46292.71,SETTLED,B20260903-4
S901542,T101618,2026-09-03 21:02:45,1339.59,SETTLED,B20260903-1
S901543,T101619,2026-09-03 11:54:36,1301.49,SETTLED,B20260903-3
S901544,T101620,2026-09-03 08:59:22,2770.18,SETTLED,B20260903-1
S901545,T101620,2026-09-03 09:02:22,692.55,SETTLED,B20260903-4
S901546,T101621,2026-09-03 23:06:30,384.15,SETTLED,B20260903-5
S901547,T101622,2026-09-03 10:13:19,363200.02,SETTLED,B20260903-2
S901548,T101623,2026-09-03 08:33:02,85902.74,SETTLED,B20260903-5
S901549,T101624,2026-09-04 01:00:54,12040.18,SETTLED,B20260904-6
S901550,T101625,2026-09-03 22:24:34,3253.68,PENDING,B20260903-2
S901551,T101626,2026-09-03 07:42:44,122062.57,SETTLED,B20260903-2
S901552,T101627,2026-09-03 07:41:52,2603.07,SETTLED,B20260903-2
S901553,T101628,2026-09-03 12:02:01,135181.96,SETTLED,B20260903-1
S901554,T101629,2026-09-03 12:11:23,1988.47,SETTLED,B20260903-1
S901555,T101631,2026-09-03 21:12:22,107077.72,SETTLED,B20260903-3
S901556,T101632,2026-09-03 13:32:11,18041.08,SETTLED,B20260903-2
S901557,T101633,2026-09-03 11:53:36,1585.05,SETTLED,B20260903-3
S901558,T101634,2026-09-03 16:17:59,2563.48,SETTLED,B20260903-5
S901559,T101635,2026-09-04 07:13:46,168.91,SETTLED,B20260904-5
S901560,T101636,2026-09-03 12:36:04,270508.30,SETTLED,B20260903-5
S901561,T101637,2026-09-03 08:41:19,17319.19,SETTLED,B20260903-1
S901562,T101641,2026-09-03 15:40:58,865.23,SETTLED,B20260903-4
S901563,T101642,2026-09-03 12:05:23,2027.58,SETTLED,B20260903-5
S901564,T101643,2026-09-03 11:34:47,235.88,SETTLED,B20260903-1
S901565,T101644,2026-09-03 16:11:49,31436.08,SETTLED,B20260903-6
S901566,T101645,2026-09-03 19:37:30,299.02,SETTLED,B20260903-3
S901567,T101646,2026-09-03 12:34:00,2555.14,SETTLED,B20260903-4
S901568,T101648,2026-09-03 11:47:07,622.27,SETTLED,B20260903-1
S901569,T101649,2026-09-03 09:00:11,1723.43,SETTLED,B20260903-5
S901570,T101650,2026-09-03 17:38:25,2351.49,SETTLED,B20260903-4
S901571,T101651,2026-09-03 11:58:45,1415.57,SETTLED,B20260903-2
S901572,T101652,2026-09-03 12:52:25,35414.54,SETTLED,B20260903-6
S901573,T101652,2026-09-03 13:03:25,8853.63,PENDING,B20260903-5
S901574,T101653,2026-09-03 18:32:08,30894.34,SETTLED,B20260903-5
S901575,T101654,2026-09-03 17:12:12,5857.89,SETTLED,B20260903-5
S901576,T101655,2026-09-03 19:11:02,2805.35,SETTLED,B20260903-4
S901577,T101657,2026-09-03 20:43:29,688.19,SETTLED,B20260903-6
S901578,T101658,2026-09-03 14:40:44,26045.61,SETTLED,B20260903-4
S901579,T101659,2026-09-03 11:11:28,21558.83,SETTLED,B20260903-6
S901580,T101660,2026-09-03 15:21:28,3990.47,SETTLED,B20260903-5
S901581,T101661,2026-09-03 09:57:48,300153.90,SETTLED,B20260903-3
S901582,T101661,2026-09-03 10:08:48,75038.47,SETTLED,B20260903-3
S901583,T101662,2026-09-04 11:29:04,840.01,SETTLED,B20260904-5
S901584,T101664,2026-09-03 10:14:18,233931.75,SETTLED,B20260903-3
S901585,T101667,2026-09-03 13:18:32,325339.03,SETTLED,B20260903-5
S901586,T101668,2026-09-03 07:45:05,300118.49,SETTLED,B20260903-4
S901587,T101669,2026-09-03 08:32:46,360164.94,SETTLED,B20260903-2
S901588,T101670,2026-09-03 12:14:33,346072.47,SETTLED,B20260903-2
S901589,T101671,2026-09-03 09:57:59,290843.09,SETTLED,B20260903-2
S901590,T101672,2026-09-03 15:07:42,339938.21,FAILED,B20260903-1
S901591,T101673,2026-09-03 08:50:46,19444.32,SETTLED,B20260903-5
S901592,T101674,2026-09-03 18:24:02,344342.56,SETTLED,B20260903-5
S901593,T101675,2026-09-03 21:24:35,316104.72,SETTLED,B20260903-6
S901594,T101676,2026-09-03 09:37:38,164251.58,SETTLED,B20260903-5
S901595,T101677,2026-09-03 09:07:19,45318.79,SETTLED,B20260903-3
S901596,T101678,2026-09-03 21:36:44,353.48,SETTLED,B20260903-1
S901597,T101679,2026-09-04 15:52:24,325301.85,SETTLED,B20260904-2
S901598,T101680,2026-09-03 17:38:06,162550.05,SETTLED,B20260903-4
S901599,T101681,2026-09-03 10:03:12,132266.34,SETTLED,B20260903-2
S901600,T101683,2026-09-03 06:25:36,30340.14,SETTLED,B20260903-4
S901601,T101684,2026-09-03 16:47:14,13951.54,SETTLED,B20260903-1
S901602,T101685,2026-09-03 08:33:48,274096.61,SETTLED,B20260903-2
S901603,T101686,2026-09-03 07:49:26,1764.49,SETTLED,B20260903-2
S901604,T101687,2026-09-03 15:56:05,106105.53,SETTLED,B20260903-5
S901605,T101688,2026-09-03 11:29:20,1639.75,SETTLED,B20260903-6
S901606,T101689,2026-09-04 11:10:01,159952.54,FAILED,B20260904-3
S901607,T101690,2026-09-03 22:13:48,2134.16,SETTLED,B20260903-4
S901608,T101691,2026-09-03 20:55:33,243058.99,SETTLED,B20260903-3
S901609,T101692,2026-09-03 09:38:00,479.70,SETTLED,B20260903-1
S901610,T101693,2026-09-03 19:26:41,23563.68,SETTLED,B20260903-3
S901611,T101696,2026-09-03 16:44:28,83602.06,SETTLED,B20260903-2
S901612,T101697,2026-09-03 22:48:12,117858.77,SETTLED,B20260903-1
S901613,T101698,2026-09-03 22:22:55,319391.56,SETTLED,B20260903-3
S901614,T101699,2026-09-03 13:41:06,714.89,SETTLED,B20260903-4
S901615,T101700,2026-09-03 10:14:49,135165.27,SETTLED,B20260903-3
S901616,T101701,2026-09-03 13:38:02,307042.96,SETTLED,B20260903-3
S901617,T101702,2026-09-03 13:04:01,20089.82,SETTLED,B20260903-1
S901618,T101703,2026-09-03 20:57:05,24404.60,SETTLED,B20260903-6
S901619,T101704,2026-09-03 21:25:47,17811.59,SETTLED,B20260903-6
S901620,T101705,2026-09-03 07:07:24,33894.25,SETTLED,B20260903-3
S901621,T101706,2026-09-03 17:56:35,43300.20,SETTLED,B20260903-4
S901622,T101707,2026-09-03 22:21:01,10981.87,SETTLED,B20260903-6
S901623,T101707,2026-09-03 22:32:01,2745.47,PENDING,B20260903-5
S901624,T101708,2026-09-03 08:28:50,58998.36,SETTLED,B20260903-1
S901625,T101709,2026-09-03 18:25:48,41268.85,SETTLED,B20260903-6
S901626,T101710,2026-09-03 18:25:11,23750.28,SETTLED,B20260903-6
S901627,T101711,2026-09-03 17:58:59,537.02,SETTLED,B20260903-4
S901628,T101711,2026-09-03 18:04:59,134.26,SETTLED,B20260903-6
S901629,T101712,2026-09-03 11:41:30,2721.60,SETTLED,B20260903-5
S901630,T101714,2026-09-03 07:01:31,105428.90,SETTLED,B20260903-2
S901631,T101714,2026-09-03 07:09:31,26357.23,SETTLED,B20260903-1
S901632,T101715,2026-09-03 06:30:54,162136.43,SETTLED,B20260903-2
S901633,T101716,2026-09-03 21:44:35,2344.62,SETTLED,B20260903-1
S901634,T101717,2026-09-03 22:05:55,21732.77,SETTLED,B20260903-6
S901635,T101717,2026-09-03 22:15:55,5433.19,SETTLED,B20260903-3
S901636,T101718,2026-09-03 15:19:05,339866.19,SETTLED,B20260903-3
S901637,T101720,2026-09-03 11:44:31,186827.15,SETTLED,B20260903-3
S901638,T101721,2026-09-03 12:05:14,25694.42,SETTLED,B20260903-2
S901639,T101722,2026-09-03 21:50:44,131722.14,SETTLED,B20260903-1
S901640,T101722,2026-09-03 21:58:44,32930.53,SETTLED,B20260903-1
S901641,T101723,2026-09-03 09:18:24,345555.47,SETTLED,B20260903-1
S901642,T101724,2026-09-03 14:55:00,51723.88,SETTLED,B20260903-3
S901643,T101725,2026-09-03 13:35:11,3822.89,SETTLED,B20260903-6
S901644,T101726,2026-09-03 13:15:26,44727.06,SETTLED,B20260903-5
S901645,T101727,2026-09-03 10:08:08,1853.38,SETTLED,B20260903-2
S901646,T101728,2026-09-03 12:03:13,3218.99,SETTLED,B20260903-6
S901647,T101729,2026-09-03 07:58:31,269816.48,SETTLED,B20260903-2
S901648,T101730,2026-09-03 20:45:28,1853.93,SETTLED,B20260903-4
S901649,T101731,2026-09-03 13:47:21,26175.76,SETTLED,B20260903-4
S901650,T101732,2026-09-03 09:07:31,37944.97,SETTLED,B20260903-2
S901651,T101733,2026-09-03 21:55:46,3110.65,SETTLED,B20260903-4
S901652,T101733,2026-09-03 21:58:46,777.66,SETTLED,B20260903-4
S901653,T101734,2026-09-03 12:26:17,370444.32,SETTLED,B20260903-4
S901654,T101735,2026-09-03 22:42:47,47198.60,SETTLED,B20260903-2
S901655,T101737,2026-09-04 05:57:50,151568.28,PENDING,B20260904-3
S901656,T101738,2026-09-03 20:55:48,3602.59,SETTLED,B20260903-5
S901657,T101739,2026-09-03 07:55:07,266505.96,SETTLED,B20260903-6
S901658,T101740,2026-09-03 11:07:15,1244.38,SETTLED,B20260903-3
S901659,T101741,2026-09-03 17:36:07,2174.44,SETTLED,B20260903-3
S901660,T101742,2026-09-03 16:57:57,3420.32,SETTLED,B20260903-4
S901661,T101743,2026-09-03 11:08:00,3260.09,FAILED,B20260903-1
S901662,T101744,2026-09-03 15:12:01,250560.55,SETTLED,B20260903-5
S901663,T101745,2026-09-03 22:14:12,383225.99,SETTLED,B20260903-1
S901664,T101746,2026-09-03 19:01:40,378065.50,PENDING,B20260903-4
S901665,T101747,2026-09-03 06:36:18,30319.90,SETTLED,B20260903-2
S901666,T101748,2026-09-03 13:51:07,202600.22,SETTLED,B20260903-4
S901667,T101749,2026-09-03 16:59:35,43510.21,SETTLED,B20260903-1
S901668,T101750,2026-09-03 17:13:41,869.93,SETTLED,B20260903-4
S901669,T101751,2026-09-03 11:12:58,3164.97,SETTLED,B20260903-6
S901670,T101752,2026-09-03 16:15:58,241533.31,SETTLED,B20260903-6
S901671,T101753,2026-09-03 23:30:05,304885.50,SETTLED,B20260903-6
S901672,T101754,2026-09-03 14:56:11,87331.77,SETTLED,B20260903-4
S901673,T101755,2026-09-03 18:32:36,693.17,SETTLED,B20260903-2
S901674,T101756,2026-09-03 13:52:17,-34667.66,SETTLED,B20260903-5
S901675,T101759,2026-09-03 18:48:52,429.62,SETTLED,B20260903-1
S901676,T101760,2026-09-03 16:51:48,241554.05,SETTLED,B20260903-4
S901677,T101761,2026-09-03 16:47:53,283552.16,SETTLED,B20260903-1
S901678,T101762,2026-09-03 20:39:49,4395.66,SETTLED,B20260903-2
S901679,T101763,2026-09-03 22:56:16,6933.80,SETTLED,B20260903-4
S901680,T101764,2026-09-03 20:28:53,24944.05,SETTLED,B20260903-4
S901681,T101765,2026-09-03 08:31:45,30274.99,SETTLED,B20260903-6
S901682,T101766,2026-09-03 06:45:04,7725.46,SETTLED,B20260903-1
S901683,T101767,2026-09-03 13:21:20,134797.50,SETTLED,B20260903-6
S901684,T101768,2026-09-03 10:18:03,16350.97,SETTLED,B20260903-3
S901685,T101769,2026-09-04 12:58:54,3060.73,PENDING,B20260904-4
S901686,T101770,2026-09-03 11:58:13,14469.70,SETTLED,B20260903-4
S901687,T101772,2026-09-03 09:02:21,269682.43,SETTLED,B20260903-6
S901688,T101773,2026-09-03 07:30:39,1915.00,SETTLED,B20260903-6
S901689,T101774,2026-09-03 10:51:44,23989.94,SETTLED,B20260903-4
S901690,T101775,2026-09-03 18:27:01,2935.54,SETTLED,B20260903-4
S901691,T101776,2026-09-03 16:18:32,2279.19,SETTLED,B20260903-1
S901692,T101778,2026-09-03 09:03:38,152.10,SETTLED,B20260903-3
S901693,T101779,2026-09-03 09:26:40,7553.30,SETTLED,B20260903-3
S901694,T101780,2026-09-03 21:50:45,36970.58,SETTLED,B20260903-5
S901695,T101782,2026-09-03 19:04:03,39024.30,SETTLED,B20260903-1
S901696,T101784,2026-09-03 13:05:30,20852.65,SETTLED,B20260903-5
S901697,T101785,2026-09-03 19:37:14,17128.74,SETTLED,B20260903-1
S901698,T101786,2026-09-03 14:22:34,169040.67,SETTLED,B20260903-5
S901699,T101787,2026-09-03 15:54:31,201453.52,SETTLED,B20260903-1
S901700,T101788,2026-09-03 21:14:46,344.94,SETTLED,B20260903-4
S901701,T101789,2026-09-03 18:57:37,307933.36,SETTLED,B20260903-1
S901702,T101790,2026-09-03 23:00:24,1524.44,SETTLED,B20260903-1
S901703,T101791,2026-09-03 20:37:34,255780.62,SETTLED,B20260903-3
S901704,T101791,2026-09-03 20:42:34,63945.15,SETTLED,B20260903-4
S901705,T101792,2026-09-03 17:30:53,306658.80,SETTLED,B20260903-4
S901706,T101793,2026-09-03 15:38:19,55435.20,SETTLED,B20260903-3
S901707,T101794,2026-09-03 18:04:44,1696.32,SETTLED,B20260903-6
S901708,T101795,2026-09-03 08:54:34,291874.60,SETTLED,B20260903-6
S901709,T101796,2026-09-03 15:44:57,384815.34,SETTLED,B20260903-5
S901710,T101797,2026-09-03 17:19:54,214927.83,SETTLED,B20260903-3
S901711,T101798,2026-09-03 18:03:16,532.98,SETTLED,B20260903-6
S901712,T101800,2026-09-03 09:45:28,20168.74,SETTLED,B20260903-6
S901713,T101801,2026-09-03 20:23:26,2491.01,SETTLED,B20260903-6
S901714,T101802,2026-09-03 07:42:50,59982.54,SETTLED,B20260903-5
S901715,T101803,2026-09-03 08:03:16,53321.24,SETTLED,B20260903-6
S901716,T101804,2026-09-03 18:54:30,70765.22,SETTLED,B20260903-1
S901717,T101805,2026-09-03 14:59:29,707.72,SETTLED,B20260903-3
S901718,T101806,2026-09-03 22:12:19,281.07,SETTLED,B20260903-5
S901719,T101807,2026-09-03 10:48:41,230685.21,SETTLED,B20260903-1
S901720,T101808,2026-09-03 11:37:30,114591.79,SETTLED,B20260903-6
S901721,T101809,2026-09-03 09:19:36,316108.07,SETTLED,B20260903-6
S901722,T101810,2026-09-03 22:29:46,7793.87,SETTLED,B20260903-3
S901723,T101811,2026-09-03 07:40:30,232251.97,SETTLED,B20260903-1
S901724,T101812,2026-09-03 17:21:53,3373.20,SETTLED,B20260903-5
S901725,T101813,2026-09-04 21:27:32,44904.42,SETTLED,B20260904-4
S901726,T101814,2026-09-03 13:01:35,6820.53,FAILED,B20260903-2
S901727,T101815,2026-09-03 11:47:49,28795.30,SETTLED,B20260903-4
S901728,T101816,2026-09-03 20:15:04,2239.56,SETTLED,B20260903-4
S901729,T101817,2026-09-03 23:01:14,35773.52,SETTLED,B20260903-1
S901730,T101818,2026-09-03 12:33:19,316856.49,SETTLED,B20260903-6
S901731,T101819,2026-09-03 15:20:22,293410.91,SETTLED,B20260903-4
S901732,T101820,2026-09-03 07:53:33,13322.29,SETTLED,B20260903-6
S901733,T101820,2026-09-03 08:01:33,3330.57,SETTLED,B20260903-5
S901734,T101821,2026-09-03 14:59:32,26931.36,SETTLED,B20260903-6
S901735,T101822,2026-09-03 22:54:34,52493.78,SETTLED,B20260903-3
S901736,T101823,2026-09-03 08:24:03,1232.30,SETTLED,B20260903-2
S901737,T101824,2026-09-03 19:48:55,74774.12,SETTLED,B20260903-4
S901738,T101826,2026-09-03 10:59:28,96139.98,FAILED,B20260903-2
S901739,T101827,2026-09-03 10:14:33,184079.56,SETTLED,B20260903-5
S901740,T101828,2026-09-03 06:33:33,255287.30,SETTLED,B20260903-5
S901741,T101829,2026-09-03 07:28:37,9970.74,SETTLED,B20260903-4
S901742,T101830,2026-09-03 23:35:39,3659.71,SETTLED,B20260903-5
S901743,T101831,2026-09-03 21:49:46,385597.20,SETTLED,B20260903-3
S901744,T101832,2026-09-03 21:21:22,2802.35,SETTLED,B20260903-1
S901745,T101833,2026-09-03 13:13:11,749.52,SETTLED,B20260903-4
S901746,T101834,2026-09-03 09:02:35,100525.64,SETTLED,B20260903-1
S901747,T101835,2026-09-03 13:09:53,316088.30,SETTLED,B20260903-4
S901748,T101836,2026-09-03 10:26:27,31163.34,SETTLED,B20260903-1
S901749,T101837,2026-09-03 15:49:02,166957.40,SETTLED,B20260903-2
S901750,T101838,2026-09-03 16:30:17,330840.70,SETTLED,B20260903-3
S901751,T101839,2026-09-03 18:13:21,331.36,SETTLED,B20260903-1
S901752,T101840,2026-09-03 19:30:08,40471.93,SETTLED,B20260903-2
S901753,T101841,2026-09-03 15:00:44,60898.87,SETTLED,B20260903-3
S901754,T101842,2026-09-03 19:23:50,121383.21,SETTLED,B20260903-6
S901755,T101843,2026-09-03 17:56:23,1267.03,SETTLED,B20260903-5
S901756,T101844,2026-09-03 22:16:22,327298.39,SETTLED,B20260903-1
S901757,T101845,2026-09-03 12:24:11,3564.37,SETTLED,B20260903-4
S901758,T101847,2026-09-03 07:56:08,20817.12,SETTLED,B20260903-6
S901759,T101848,2026-09-03 09:29:38,37428.01,SETTLED,B20260903-6
S901760,T101850,2026-09-03 10:21:57,222.69,SETTLED,B20260903-4
S901761,T101851,2026-09-03 13:30:57,1221.84,SETTLED,B20260903-5
S901762,T101852,2026-09-03 22:10:58,7557.45,SETTLED,B20260903-4
S901763,T101854,2026-09-03 17:32:24,20777.66,SETTLED,B20260903-4
S901764,T101855,2026-09-03 08:40:53,14638.87,SETTLED,B20260903-4
S901765,T101857,2026-09-03 09:04:09,1689.25,SETTLED,B20260903-6
S901766,T101858,2026-09-03 17:53:23,56511.58,SETTLED,B20260903-6
S901767,T101859,2026-09-03 16:50:43,2060.14,SETTLED,B20260903-2
S901768,T101859,2026-09-03 16:53:43,515.03,SETTLED,B20260903-5
S901769,T101860,2026-09-03 07:02:31,363746.62,SETTLED,B20260903-5
S901770,T101861,2026-09-03 07:50:09,176711.37,SETTLED,B20260903-6
S901771,T101862,2026-09-03 14:33:00,2760.37,SETTLED,B20260903-3
S901772,T101865,2026-09-03 16:19:33,3148.22,SETTLED,B20260903-3
S901773,T101866,2026-09-03 19:51:18,2134.91,SETTLED,B20260903-6
S901774,T101867,2026-09-03 09:05:49,37176.24,SETTLED,B20260903-3
S901775,T101868,2026-09-03 19:10:00,2991.83,SETTLED,B20260903-4
S901776,T101869,2026-09-03 17:40:28,51329.92,SETTLED,B20260903-3
S901777,T101870,2026-09-03 18:36:34,29263.70,SETTLED,B20260903-1
S901778,T101871,2026-09-03 14:25:06,15947.14,SETTLED,B20260903-1
S901779,T101872,2026-09-03 12:48:56,36323.27,SETTLED,B20260903-6
S901780,T101873,2026-09-03 14:05:53,8013.26,SETTLED,B20260903-3
S901781,T101874,2026-09-03 19:47:33,58880.19,SETTLED,B20260903-4
S901782,T101875,2026-09-03 11:14:27,178018.03,FAILED,B20260903-3
S901783,T101876,2026-09-03 21:29:15,2828.59,SETTLED,B20260903-3
S901784,T101877,2026-09-03 21:43:51,314402.94,SETTLED,B20260903-1
S901785,T101878,2026-09-03 10:35:15,2595.10,SETTLED,B20260903-6
S901786,T101879,2026-09-03 09:17:41,3638.94,SETTLED,B20260903-4
S901787,T101880,2026-09-03 08:25:34,176321.15,SETTLED,B20260903-6
S901788,T101881,2026-09-03 16:39:24,13088.27,SETTLED,B20260903-5
S901789,T101882,2026-09-04 01:01:34,651.80,PENDING,B20260904-6
S901790,T101882,2026-09-04 01:11:34,162.95,SETTLED,B20260904-3
S901791,T101883,2026-09-03 11:08:28,22563.93,SETTLED,B20260903-2
S901792,T101884,2026-09-03 22:05:44,65660.96,SETTLED,B20260903-1
S901793,T101885,2026-09-03 14:03:52,677.08,PENDING,B20260903-3
S901794,T101886,2026-09-03 19:31:07,225336.14,SETTLED,B20260903-2
S901795,T101887,2026-09-03 22:04:24,1218.70,SETTLED,B20260903-5
S901796,T101888,2026-09-03 11:55:03,35663.46,SETTLED,B20260903-3
S901797,T101889,2026-09-03 20:03:56,387873.58,SETTLED,B20260903-4
S901798,T101890,2026-09-03 14:13:50,25732.68,SETTLED,B20260903-2
S901799,T101890,2026-09-03 14:24:50,6433.17,SETTLED,B20260903-4
S901800,T101891,2026-09-03 15:00:55,212253.57,SETTLED,B20260903-6
S901801,T101892,2026-09-03 14:23:28,25375.12,SETTLED,B20260903-2
S901802,T101893,2026-09-03 09:24:07,2434.51,SETTLED,B20260903-1
S901803,T101894,2026-09-03 19:35:51,867.49,SETTLED,B20260903-1
S901804,T101895,2026-09-03 15:21:46,54170.45,SETTLED,B20260903-6
S901805,T101896,2026-09-03 13:43:56,59527.78,SETTLED,B20260903-2
S901806,T101897,2026-09-03 14:02:31,266826.18,SETTLED,B20260903-2
S901807,T101898,2026-09-03 14:21:48,16203.31,SETTLED,B20260903-5
S901808,T101899,2026-09-03 12:26:42,36179.59,SETTLED,B20260903-4
S901809,T101900,2026-09-03 12:06:02,2241.74,SETTLED,B20260903-3
S901810,T101901,2026-09-03 16:08:04,46600.56,SETTLED,B20260903-3
S901811,T101903,2026-09-03 08:04:36,263391.58,SETTLED,B20260903-6
S901812,T101904,2026-09-03 11:09:59,5888.27,SETTLED,B20260903-2
S901813,T101907,2026-09-03 20:17:17,64756.55,SETTLED,B20260903-1
S901814,T101908,2026-09-03 14:40:28,100904.40,SETTLED,B20260903-5
S901815,T101909,2026-09-03 19:32:51,16216.35,SETTLED,B20260903-3
S901816,T101910,2026-09-03 16:47:13,281765.81,SETTLED,B20260903-5
S901817,T101911,2026-09-03 20:38:59,143717.20,SETTLED,B20260903-3
S901818,T101912,2026-09-03 21:19:23,97156.65,SETTLED,B20260903-6
S901819,T101913,2026-09-03 18:43:02,42945.13,SETTLED,B20260903-6
S901820,T101914,2026-09-03 22:11:04,19896.60,SETTLED,B20260903-1
S901821,T101914,2026-09-03 22:23:04,4974.15,SETTLED,B20260903-3
S901822,T101915,2026-09-03 16:52:18,11110.67,SETTLED,B20260903-2
S901823,T101916,2026-09-03 10:25:48,8010.94,SETTLED,B20260903-4
S901824,T101917,2026-09-03 09:37:25,217900.71,SETTLED,B20260903-2
S901825,T101918,2026-09-03 19:51:58,264470.91,SETTLED,B20260903-2
S901826,T101919,2026-09-03 15:57:31,209736.12,SETTLED,B20260903-6
S901827,T101920,2026-09-03 13:37:17,152939.82,SETTLED,B20260903-6
S901828,T101920,2026-09-03 13:41:17,38234.95,SETTLED,B20260903-3
S901829,T101921,2026-09-03 18:50:29,10484.48,SETTLED,B20260903-4
S901830,T101922,2026-09-03 11:30:24,2637.21,SETTLED,B20260903-4
S901831,T101923,2026-09-03 10:03:04,10191.92,SETTLED,B20260903-1
S901832,T101924,2026-09-03 11:25:22,389015.46,SETTLED,B20260903-3
S901833,T101926,2026-09-03 12:00:40,2541.25,SETTLED,B20260903-6
S901834,T101927,2026-09-03 15:06:27,320520.97,SETTLED,B20260903-1
S901835,T101928,2026-09-03 12:26:59,21782.35,SETTLED,B20260903-5
S901836,T101928,2026-09-03 12:29:59,5445.59,SETTLED,B20260903-4
S901837,T101930,2026-09-03 07:54:18,264708.34,FAILED,B20260903-3
S901838,T101931,2026-09-03 20:18:18,3533.74,SETTLED,B20260903-5
S901839,T101932,2026-09-03 23:02:41,23769.74,SETTLED,B20260903-2
S901840,T101933,2026-09-03 22:52:38,399.12,SETTLED,B20260903-6
S901841,T101934,2026-09-03 18:29:21,20266.45,SETTLED,B20260903-1
S901842,T101935,2026-09-03 22:24:12,42497.39,SETTLED,B20260903-1
S901843,T101936,2026-09-04 16:05:35,49788.11,SETTLED,B20260904-6
S901844,T101937,2026-09-03 11:33:16,56748.92,SETTLED,B20260903-6
S901845,T101938,2026-09-03 09:13:20,251279.86,SETTLED,B20260903-6
S901846,T101939,2026-09-03 09:20:11,102725.73,SETTLED,B20260903-5
S901847,T101940,2026-09-03 10:31:48,30703.88,SETTLED,B20260903-1
S901848,T101941,2026-09-03 08:19:08,2811.75,SETTLED,B20260903-4
S901849,T101942,2026-09-03 16:46:14,253828.01,SETTLED,B20260903-3
S901850,T101943,2026-09-03 15:12:05,3532.02,SETTLED,B20260903-1
S901851,T101944,2026-09-03 21:29:33,3186.62,SETTLED,B20260903-4
S901852,T101945,2026-09-03 20:28:45,43627.12,SETTLED,B20260903-4
S901853,T101946,2026-09-03 22:33:52,331295.54,SETTLED,B20260903-1
S901854,T101948,2026-09-03 16:27:39,3130.37,SETTLED,B20260903-2
S901855,T101949,2026-09-03 15:47:27,2845.54,SETTLED,B20260903-2
S901856,T101951,2026-09-03 13:14:52,-12923.97,SETTLED,B20260903-5
S901857,T101952,2026-09-03 10:42:40,2613.44,SETTLED,B20260903-1
S901858,T101952,2026-09-03 10:51:40,653.36,PENDING,B20260903-2
S901859,T101953,2026-09-03 22:44:44,13897.62,SETTLED,B20260903-3
S901860,T101954,2026-09-03 08:33:29,17234.70,SETTLED,B20260903-3
S901861,T101955,2026-09-03 10:50:47,20699.03,SETTLED,B20260903-1
S901862,T101956,2026-09-03 14:53:56,10063.76,SETTLED,B20260903-3
S901863,T101956,2026-09-03 15:00:56,2515.94,SETTLED,B20260903-2
S901864,T101958,2026-09-03 09:07:43,199756.68,SETTLED,B20260903-3
S901865,T101959,2026-09-03 07:03:55,956.14,SETTLED,B20260903-1
S901866,T101960,2026-09-03 22:44:51,1994.10,SETTLED,B20260903-4
S901867,T101961,2026-09-03 23:15:46,1015.35,SETTLED,B20260903-4
S901868,T101962,2026-09-03 15:46:00,144972.10,SETTLED,B20260903-1
S901869,T101963,2026-09-03 21:59:22,340867.60,SETTLED,B20260903-2
S901870,T101964,2026-09-03 12:39:44,358153.29,SETTLED,B20260903-5
S901871,T101965,2026-09-03 07:24:43,49281.70,SETTLED,B20260903-1
S901872,T101967,2026-09-03 13:54:01,361604.04,SETTLED,B20260903-6
S901873,T101968,2026-09-03 14:17:52,1074.33,SETTLED,B20260903-3
S901874,T101969,2026-09-03 18:02:10,2432.94,SETTLED,B20260903-3
S901875,T101970,2026-09-03 11:02:03,2298.75,SETTLED,B20260903-6
S901876,T101970,2026-09-03 11:10:03,574.69,SETTLED,B20260903-6
S901877,T101971,2026-09-03 13:43:30,188882.91,SETTLED,B20260903-6
S901878,T101972,2026-09-03 18:16:44,241473.26,SETTLED,B20260903-1
S901879,T101973,2026-09-03 21:06:56,332.71,SETTLED,B20260903-5
S901880,T101973,2026-09-03 21:07:56,83.18,SETTLED,B20260903-6
S901881,T101974,2026-09-03 12:07:45,21786.85,SETTLED,B20260903-6
S901882,T101974,2026-09-03 12:15:45,5446.71,SETTLED,B20260903-1
S901883,T101975,2026-09-03 10:07:48,2888.32,SETTLED,B20260903-4
S901884,T101976,2026-09-03 07:05:38,25765.40,SETTLED,B20260903-6
S901885,T101977,2026-09-03 06:46:18,105729.53,SETTLED,B20260903-2
S901886,T101978,2026-09-03 20:01:41,38356.41,SETTLED,B20260903-1
S901887,T101980,2026-09-03 18:46:22,34442.10,SETTLED,B20260903-3
S901888,T101980,2026-09-03 18:50:22,8610.53,SETTLED,B20260903-1
S901889,T101982,2026-09-03 19:48:29,2770.79,SETTLED,B20260903-1
S901890,T101983,2026-09-03 14:18:26,732.21,SETTLED,B20260903-6
S901891,T101985,2026-09-03 18:04:44,14105.66,SETTLED,B20260903-5
S901892,T101985,2026-09-03 18:13:44,3526.41,SETTLED,B20260903-2
S901893,T101986,2026-09-03 16:46:01,53321.58,SETTLED,B20260903-6
S901894,T101987,2026-09-03 23:08:35,319356.58,SETTLED,B20260903-4
S901895,T101989,2026-09-03 06:17:41,110302.90,SETTLED,B20260903-1
S901896,T101990,2026-09-03 15:30:28,484.59,SETTLED,B20260903-6
S901897,T101990,2026-09-03 15:34:28,121.15,SETTLED,B20260903-2
S901898,T101991,2026-09-03 20:08:34,20879.43,SETTLED,B20260903-6
S901899,T101992,2026-09-03 18:27:02,135751.34,SETTLED,B20260903-6
S901900,T101993,2026-09-03 16:10:56,199697.57,SETTLED,B20260903-2
S901901,T101994,2026-09-03 08:40:29,29612.73,SETTLED,B20260903-1
S901902,T101996,2026-09-03 14:45:59,24492.99,SETTLED,B20260903-1
S901903,T101997,2026-09-03 18:17:50,13067.86,SETTLED,B20260903-6
S901904,T101997,2026-09-03 18:24:50,3266.97,SETTLED,B20260903-4
S901905,T101998,2026-09-03 10:22:55,177953.44,SETTLED,B20260903-4
S901906,T101999,2026-09-03 09:51:16,195565.78,SETTLED,B20260903-2
S901907,T101999,2026-09-03 09:58:16,48891.45,SETTLED,B20260903-1
S901908,T102000,2026-09-03 08:35:40,300921.22,SETTLED,B20260903-4
S901909,T102001,2026-09-03 14:51:32,15956.50,SETTLED,B20260903-2
S901910,T102002,2026-09-03 11:46:20,2463.36,SETTLED,B20260903-1
S901911,T102003,2026-09-03 13:27:56,55458.67,SETTLED,B20260903-4
S901912,T102004,2026-09-03 14:57:44,3859.59,SETTLED,B20260903-1
S901913,T102005,2026-09-03 11:15:07,24950.43,SETTLED,B20260903-6
S901914,T102005,2026-09-03 11:27:07,6237.61,SETTLED,B20260903-2
S901915,T102006,2026-09-03 12:44:57,5274.48,SETTLED,B20260903-3
S901916,T102007,2026-09-03 08:24:17,42316.35,SETTLED,B20260903-5
S901917,T102008,2026-09-03 13:10:26,138619.07,SETTLED,B20260903-2
S901918,T102009,2026-09-03 22:42:55,253506.38,SETTLED,B20260903-6
S901919,T102010,2026-09-03 19:02:47,56890.55,SETTLED,B20260903-6
S901920,T102013,2026-09-03 15:52:10,280375.78,SETTLED,B20260903-4
S901921,T102014,2026-09-03 09:59:41,194258.68,SETTLED,B20260903-3
S901922,T102014,2026-09-03 10:05:41,48564.67,SETTLED,B20260903-3
S901923,T102016,2026-09-03 08:11:55,2575.84,SETTLED,B20260903-1
S901924,T102017,2026-09-03 22:04:43,43820.06,SETTLED,B20260903-2
S901925,T102018,2026-09-03 20:39:07,310431.14,SETTLED,B20260903-3
S901926,T102019,2026-09-03 16:14:38,677.91,SETTLED,B20260903-4
S901927,T102020,2026-09-03 08:42:57,22522.77,SETTLED,B20260903-1
S901928,T102021,2026-09-03 14:00:55,1491.47,SETTLED,B20260903-2
S901929,T102021,2026-09-03 14:02:55,372.87,SETTLED,B20260903-3
S901930,T102022,2026-09-03 21:40:36,275113.69,PENDING,B20260903-3
S901931,T102023,2026-09-03 16:34:47,83023.03,SETTLED,B20260903-3
S901932,T102024,2026-09-03 07:36:31,231969.18,SETTLED,B20260903-5
S901933,T102025,2026-09-04 01:26:22,398002.42,SETTLED,B20260904-3
S901934,T102027,2026-09-03 14:20:41,52203.18,SETTLED,B20260903-3
S901935,T102028,2026-09-03 12:35:26,393480.17,SETTLED,B20260903-4
S901936,T102029,2026-09-03 16:54:20,752.45,SETTLED,B20260903-4
S901937,T102030,2026-09-03 22:58:25,30330.28,SETTLED,B20260903-5
S901938,T102031,2026-09-03 11:53:01,96619.85,SETTLED,B20260903-2
S901939,T102032,2026-09-03 20:40:32,30834.95,SETTLED,B20260903-6
S901940,T102033,2026-09-03 07:03:02,343367.68,SETTLED,B20260903-4
S901941,T102034,2026-09-03 15:45:36,357568.14,SETTLED,B20260903-2
S901942,T102035,2026-09-03 13:35:23,3877.95,PENDING,B20260903-1
S901943,T102036,2026-09-03 07:21:48,1078.30,SETTLED,B20260903-6
S901944,T102037,2026-09-03 17:39:40,341815.53,SETTLED,B20260903-1
S901945,T102038,2026-09-03 15:15:00,22183.41,SETTLED,B20260903-4
S901946,T102040,2026-09-03 21:15:19,6655.17,SETTLED,B20260903-2
S901947,T102041,2026-09-03 16:19:36,265.71,SETTLED,B20260903-2
S901948,T102043,2026-09-03 22:36:38,1260.40,SETTLED,B20260903-5
S901949,T102044,2026-09-03 13:54:40,13534.82,SETTLED,B20260903-1
S901950,T102045,2026-09-03 22:13:54,42465.58,SETTLED,B20260903-5
S901951,T102046,2026-09-03 10:51:25,34610.24,SETTLED,B20260903-2
S901952,T102046,2026-09-03 10:56:25,8652.56,SETTLED,B20260903-5
S901953,T102047,2026-09-03 07:53:40,2953.94,SETTLED,B20260903-2
S901954,T102048,2026-09-03 11:20:08,100015.52,SETTLED,B20260903-2
S901955,T102049,2026-09-03 21:42:02,48185.65,SETTLED,B20260903-1
S901956,T102050,2026-09-03 22:07:33,54252.58,PENDING,B20260903-1
S901957,T102052,2026-09-03 10:41:35,1849.48,SETTLED,B20260903-1
S901958,T102053,2026-09-03 15:09:13,15445.82,SETTLED,B20260903-4
S901959,T102053,2026-09-03 15:16:13,3861.45,SETTLED,B20260903-6
S901960,T102054,2026-09-03 11:12:23,15739.38,SETTLED,B20260903-1
S901961,T102054,2026-09-03 11:21:23,3934.84,SETTLED,B20260903-1
S901962,T102055,2026-09-03 17:21:08,170510.60,SETTLED,B20260903-4
S901963,T102056,2026-09-03 19:15:26,350275.56,PENDING,B20260903-4
S901964,T102057,2026-09-03 20:10:12,6519.75,SETTLED,B20260903-6
S901965,T102058,2026-09-03 22:25:34,3087.22,SETTLED,B20260903-3
S901966,T102060,2026-09-03 09:25:47,418.67,SETTLED,B20260903-4
S901967,T102061,2026-09-03 15:52:50,77735.26,SETTLED,B20260903-4
S901968,T102062,2026-09-03 13:15:07,16578.63,SETTLED,B20260903-1
S901969,T102063,2026-09-03 22:45:07,2526.22,SETTLED,B20260903-1
S901970,T102064,2026-09-03 13:33:23,3526.99,SETTLED,B20260903-6
S901971,T102065,2026-09-03 07:57:51,3004.28,SETTLED,B20260903-3
S901972,T102067,2026-09-03 08:24:58,3547.24,SETTLED,B20260903-5
S901973,T102068,2026-09-03 16:19:10,214740.34,SETTLED,B20260903-2
S901974,T102069,2026-09-03 09:49:54,790.86,SETTLED,B20260903-1
S901975,T102070,2026-09-03 22:20:05,27998.42,SETTLED,B20260903-4
S901976,T102071,2026-09-03 15:35:09,474.68,SETTLED,B20260903-4
S901977,T102071,2026-09-03 15:35:09,118.67,SETTLED,B20260903-6
S901978,T102072,2026-09-03 12:58:45,49810.51,SETTLED,B20260903-4
S901979,T102073,2026-09-03 06:47:13,8902.84,SETTLED,B20260903-3
S901980,T102074,2026-09-03 08:31:20,252.76,SETTLED,B20260903-6
S901981,T102075,2026-09-03 20:12:32,7279.25,SETTLED,B20260903-2
S901982,T102077,2026-09-03 07:16:25,383701.76,SETTLED,B20260903-2
S901983,T102078,2026-09-04 16:12:28,385422.39,SETTLED,B20260904-5
S901984,T102079,2026-09-03 21:54:50,43348.70,SETTLED,B20260903-5
S901985,T102080,2026-09-03 09:45:35,377305.36,SETTLED,B20260903-3
S901986,T102081,2026-09-03 16:45:24,1272.73,SETTLED,B20260903-6
S901987,T102082,2026-09-03 22:23:57,2714.24,SETTLED,B20260903-3
S901988,T102083,2026-09-03 13:57:26,40912.91,SETTLED,B20260903-2
S901989,T102084,2026-09-03 22:26:43,382217.37,SETTLED,B20260903-1
S901990,T102085,2026-09-03 16:30:47,99166.73,SETTLED,B20260903-1
S901991,T102087,2026-09-03 19:42:39,185038.66,SETTLED,B20260903-4
S901992,T102088,2026-09-03 13:44:40,35326.87,SETTLED,B20260903-6
S901993,T102089,2026-09-03 07:03:43,12258.72,SETTLED,B20260903-2
S901994,T102090,2026-09-03 12:27:51,35927.59,SETTLED,B20260903-3
S901995,T102090,2026-09-03 12:29:51,8981.90,SETTLED,B20260903-1
S901996,T102093,2026-09-03 14:46:58,440.52,SETTLED,B20260903-2
S901997,T102094,2026-09-03 09:04:06,1667.16,SETTLED,B20260903-3
S901998,T102095,2026-09-03 12:09:41,1780.18,SETTLED,B20260903-3
S901999,T102097,2026-09-03 08:32:59,178.05,SETTLED,B20260903-5
S902000,T102097,2026-09-03 08:39:59,44.51,SETTLED,B20260903-4
S902001,T102098,2026-09-03 18:05:57,3575.55,SETTLED,B20260903-6
S902002,T102099,2026-09-03 11:58:39,3474.86,SETTLED,B20260903-2
S902003,T102100,2026-09-03 15:13:44,2276.34,SETTLED,B20260903-1
S902004,T102100,2026-09-03 15:14:44,569.08,SETTLED,B20260903-5
S902005,T102102,2026-09-03 13:41:26,199351.03,SETTLED,B20260903-5
S902006,T102103,2026-09-03 16:19:20,14040.92,SETTLED,B20260903-3
S902007,T102104,2026-09-03 19:02:23,49168.21,SETTLED,B20260903-1
S902008,T102105,2026-09-03 11:18:37,1815.37,SETTLED,B20260903-1
S902009,T102106,2026-09-03 18:15:06,29417.46,SETTLED,B20260903-6
S902010,T102107,2026-09-03 07:00:05,44121.66,SETTLED,B20260903-2
S902011,T102107,2026-09-03 07:05:05,11030.41,SETTLED,B20260903-5
S902012,T102108,2026-09-03 16:15:20,726.58,SETTLED,B20260903-6
S902013,T102108,2026-09-03 16:22:20,181.64,SETTLED,B20260903-4
S902014,T102109,2026-09-03 06:16:17,1864.64,SETTLED,B20260903-6
S902015,T102110,2026-09-03 13:32:47,121124.93,SETTLED,B20260903-6
S902016,T102111,2026-09-03 19:28:33,567.72,SETTLED,B20260903-1
S902017,T102112,2026-09-03 08:58:47,392131.77,SETTLED,B20260903-6
S902018,T102113,2026-09-03 13:14:41,237998.89,SETTLED,B20260903-5
S902019,T102115,2026-09-03 16:37:03,70566.46,SETTLED,B20260903-1
S902020,T102116,2026-09-03 21:07:54,9319.34,SETTLED,B20260903-6
S902021,T102118,2026-09-03 14:52:51,1806.88,SETTLED,B20260903-2
S902022,T102119,2026-09-03 16:29:11,2909.38,SETTLED,B20260903-4
S902023,T102121,2026-09-03 21:00:42,1688.27,SETTLED,B20260903-6
S902024,T102122,2026-09-03 21:00:33,5648.62,SETTLED,B20260903-1
S902025,T102123,2026-09-03 23:11:46,1664.42,SETTLED,B20260903-2
S902026,T102124,2026-09-03 06:20:32,26570.60,SETTLED,B20260903-1
S902027,T102125,2026-09-03 09:59:36,2695.28,SETTLED,B20260903-2
S902028,T102126,2026-09-03 18:08:15,17735.71,SETTLED,B20260903-2
S902029,T102127,2026-09-03 11:34:42,1753.64,SETTLED,B20260903-5
S902030,T102128,2026-09-03 08:29:19,3820.92,SETTLED,B20260903-6
S902031,T102129,2026-09-03 06:25:54,297.03,SETTLED,B20260903-4
S902032,T102131,2026-09-03 13:44:13,3503.19,SETTLED,B20260903-6
S902033,T102132,2026-09-03 17:41:18,224611.88,SETTLED,B20260903-6
S902034,T102133,2026-09-03 22:33:01,1580.56,SETTLED,B20260903-3
S902035,T102134,2026-09-03 18:43:58,281836.93,SETTLED,B20260903-4
S902036,T102135,2026-09-03 13:33:19,27624.33,SETTLED,B20260903-1
S902037,T102136,2026-09-03 10:14:38,378611.19,SETTLED,B20260903-2
S902038,T102137,2026-09-03 09:31:57,2833.17,FAILED,B20260903-6
S902039,T102139,2026-09-03 16:28:00,1784.07,SETTLED,B20260903-3
S902040,T102140,2026-09-03 19:39:50,57043.12,SETTLED,B20260903-3
S902041,T102141,2026-09-03 15:41:04,3853.15,SETTLED,B20260903-4
S902042,T102143,2026-09-03 18:31:14,319997.49,SETTLED,B20260903-4
S902043,T102144,2026-09-03 15:52:20,3378.66,SETTLED,B20260903-4
S902044,T102145,2026-09-03 08:18:03,72485.14,SETTLED,B20260903-1
S902045,T102146,2026-09-03 22:16:58,894.93,SETTLED,B20260903-1
S902046,T102147,2026-09-03 19:47:58,42808.34,SETTLED,B20260903-3
S902047,T102148,2026-09-03 11:29:46,44257.96,SETTLED,B20260903-5
S902048,T102148,2026-09-03 11:32:46,11064.49,SETTLED,B20260903-1
S902049,T102149,2026-09-03 17:15:50,1763.34,SETTLED,B20260903-6
S902050,T102150,2026-09-03 12:12:57,2141.89,SETTLED,B20260903-3
S902051,T102151,2026-09-03 12:44:22,13719.06,SETTLED,B20260903-6
S902052,T102152,2026-09-03 15:29:30,311398.01,SETTLED,B20260903-2
S902053,T102153,2026-09-03 20:36:41,3415.89,SETTLED,B20260903-3
S902054,T102154,2026-09-04 00:43:45,27991.45,SETTLED,B20260904-1
S902055,T102155,2026-09-03 15:26:16,639.81,SETTLED,B20260903-3
S902056,T102156,2026-09-03 08:39:45,272168.93,SETTLED,B20260903-5
S902057,T102158,2026-09-03 19:40:01,2048.60,SETTLED,B20260903-2
S902058,T102159,2026-09-03 07:01:51,2643.51,SETTLED,B20260903-2
S902059,T102160,2026-09-03 16:22:09,8591.01,SETTLED,B20260903-4
S902060,T102161,2026-09-03 19:46:00,96986.23,SETTLED,B20260903-5
S902061,T102162,2026-09-03 14:49:07,2402.26,SETTLED,B20260903-1
S902062,T102163,2026-09-03 11:44:42,2095.73,SETTLED,B20260903-6
S902063,T102164,2026-09-03 22:55:01,42562.41,SETTLED,B20260903-5
S902064,T102167,2026-09-03 12:08:21,38020.01,SETTLED,B20260903-2
S902065,T102168,2026-09-03 22:53:05,1474.96,FAILED,B20260903-6
S902066,T102169,2026-09-03 07:47:51,305331.31,SETTLED,B20260903-6
S902067,T102170,2026-09-03 17:36:41,298892.84,SETTLED,B20260903-6
S902068,T102172,2026-09-03 13:07:13,3856.60,FAILED,B20260903-5
S902069,T102173,2026-09-03 19:17:41,268753.14,SETTLED,B20260903-4
S902070,T102173,2026-09-03 19:25:41,67188.28,SETTLED,B20260903-3
S902071,T102174,2026-09-03 13:46:09,36969.60,SETTLED,B20260903-6
S902072,T102175,2026-09-03 20:43:21,732.08,SETTLED,B20260903-2
S902073,T102176,2026-09-03 17:58:10,229869.65,SETTLED,B20260903-4
S902074,T102178,2026-09-03 11:31:26,344026.36,SETTLED,B20260903-5
S902075,T102180,2026-09-03 10:47:41,337401.09,SETTLED,B20260903-2
S902076,T102181,2026-09-03 21:26:49,645.33,SETTLED,B20260903-3
S902077,T102182,2026-09-03 18:22:49,42237.62,SETTLED,B20260903-4
S902078,T102184,2026-09-03 22:14:25,320510.29,SETTLED,B20260903-2
S902079,T102185,2026-09-03 19:58:34,38236.05,SETTLED,B20260903-5
S902080,T102186,2026-09-03 09:30:51,51806.79,SETTLED,B20260903-5
S902081,T102187,2026-09-03 11:42:25,308.99,SETTLED,B20260903-1
S902082,T102188,2026-09-03 11:37:45,1214.03,SETTLED,B20260903-5
S902083,T102189,2026-09-03 12:41:17,44323.57,SETTLED,B20260903-1
S902084,T102190,2026-09-03 17:45:17,4682.37,SETTLED,B20260903-3
S902085,T102191,2026-09-03 17:44:08,79097.08,SETTLED,B20260903-4
S902086,T102192,2026-09-03 10:51:27,31902.11,SETTLED,B20260903-6
S902087,T102192,2026-09-03 10:53:27,7975.53,SETTLED,B20260903-4
S902088,T102193,2026-09-03 20:23:18,2514.85,SETTLED,B20260903-5
S902089,T102194,2026-09-03 18:11:32,232879.22,SETTLED,B20260903-2
S902090,T102195,2026-09-04 03:37:30,1716.78,SETTLED,B20260904-5
S902091,T102196,2026-09-03 16:37:55,16818.07,SETTLED,B20260903-1
S902092,T102197,2026-09-03 14:27:44,311.49,SETTLED,B20260903-4
S902093,T102199,2026-09-03 07:09:53,17274.00,SETTLED,B20260903-6
S902094,T102200,2026-09-03 08:30:54,218694.12,SETTLED,B20260903-2
S902095,T102201,2026-09-03 12:10:46,10623.19,SETTLED,B20260903-2
S902096,T102203,2026-09-03 11:26:22,32670.65,SETTLED,B20260903-5
S902097,T102203,2026-09-03 11:34:22,8167.66,SETTLED,B20260903-3
S902098,T102204,2026-09-03 14:41:52,22247.59,SETTLED,B20260903-6
S902099,T102205,2026-09-03 12:42:24,28967.77,SETTLED,B20260903-6
S902100,T102206,2026-09-03 15:29:11,3320.99,SETTLED,B20260903-6
S902101,T102207,2026-09-03 18:18:19,1186.12,SETTLED,B20260903-4
S902102,T102208,2026-09-03 19:54:23,2531.87,SETTLED,B20260903-5
S902103,T102209,2026-09-03 07:40:38,2568.58,SETTLED,B20260903-5
S902104,T102210,2026-09-03 18:50:00,16476.00,SETTLED,B20260903-3
S902105,T102211,2026-09-03 08:07:02,239786.57,SETTLED,B20260903-4
S902106,T102213,2026-09-03 22:13:51,90896.39,SETTLED,B20260903-3
S902107,T102213,2026-09-03 22:24:51,22724.10,SETTLED,B20260903-6
S902108,T102214,2026-09-03 12:01:39,1749.37,SETTLED,B20260903-4
S902109,T102214,2026-09-03 12:08:39,437.34,SETTLED,B20260903-6
S902110,T102215,2026-09-04 00:35:24,331238.44,SETTLED,B20260904-1
S902111,T102217,2026-09-03 15:19:16,179856.42,FAILED,B20260903-1
S902112,T102218,2026-09-03 12:13:07,2760.39,SETTLED,B20260903-5
S902113,T102219,2026-09-03 17:24:54,325959.98,SETTLED,B20260903-5
S902114,T102220,2026-09-03 13:46:45,382.59,SETTLED,B20260903-2
S902115,T102222,2026-09-03 16:02:50,322144.11,SETTLED,B20260903-6
S902116,T102223,2026-09-03 21:28:31,200933.33,SETTLED,B20260903-3
S902117,T102225,2026-09-03 23:13:29,20388.14,SETTLED,B20260903-3
S902118,T102225,2026-09-03 23:20:29,5097.03,SETTLED,B20260903-1
S902119,T102227,2026-09-03 13:22:49,60769.11,SETTLED,B20260903-6
S902120,T102228,2026-09-03 20:02:46,30729.28,SETTLED,B20260903-3
S902121,T102229,2026-09-03 11:13:07,27269.23,SETTLED,B20260903-3
S902122,T102230,2026-09-03 10:49:55,181055.88,SETTLED,B20260903-4
S902123,T102230,2026-09-03 10:56:55,45263.97,SETTLED,B20260903-2
S902124,T102231,2026-09-03 12:55:11,281610.71,SETTLED,B20260903-4
S902125,T102232,2026-09-03 15:31:56,3192.33,SETTLED,B20260903-6
S902126,T102234,2026-09-03 19:20:25,201234.42,SETTLED,B20260903-6
S902127,T102235,2026-09-03 08:04:22,229735.44,SETTLED,B20260903-3
S902128,T102236,2026-09-03 09:59:30,26955.63,SETTLED,B20260903-5
S902129,T102237,2026-09-03 19:18:29,312286.84,SETTLED,B20260903-6
S902130,T102237,2026-09-03 19:24:29,78071.71,PENDING,B20260903-4
S902131,T102238,2026-09-03 09:03:47,113181.39,PENDING,B20260903-3
S902132,T102239,2026-09-03 14:58:02,124078.73,SETTLED,B20260903-6
S902133,T102240,2026-09-03 11:05:17,79898.53,SETTLED,B20260903-1
S902134,T102242,2026-09-03 13:22:21,135573.06,SETTLED,B20260903-4
S902135,T102243,2026-09-03 15:20:52,15415.99,SETTLED,B20260903-4
S902136,T102245,2026-09-03 16:34:30,54187.72,SETTLED,B20260903-4
S902137,T102246,2026-09-03 19:32:29,30532.69,SETTLED,B20260903-4
S902138,T102247,2026-09-03 20:53:51,3064.53,SETTLED,B20260903-1
S902139,T102248,2026-09-03 18:39:49,3058.37,SETTLED,B20260903-4
S902140,T102249,2026-09-03 07:11:19,39565.42,SETTLED,B20260903-6
S902141,T102250,2026-09-03 11:41:47,119785.07,SETTLED,B20260903-5
S902142,T102252,2026-09-03 15:08:28,53336.39,SETTLED,B20260903-6
S902143,T102253,2026-09-03 22:04:52,2623.25,SETTLED,B20260903-4
S902144,T102254,2026-09-03 18:15:59,25759.07,SETTLED,B20260903-1
S902145,T102255,2026-09-03 21:43:37,3696.22,SETTLED,B20260903-3
S902146,T102256,2026-09-03 16:36:47,32664.02,SETTLED,B20260903-2
S902147,T102257,2026-09-03 22:22:08,99430.87,SETTLED,B20260903-5
S902148,T102258,2026-09-03 10:38:55,16665.46,SETTLED,B20260903-5
S902149,T102260,2026-09-03 16:34:06,31505.65,SETTLED,B20260903-2
S902150,T102261,2026-09-03 17:04:24,108937.51,SETTLED,B20260903-3
S902151,T102262,2026-09-03 12:13:55,32447.82,SETTLED,B20260903-4
S902152,T102263,2026-09-03 08:30:13,23597.13,SETTLED,B20260903-1
S902153,T102263,2026-09-03 08:41:13,5899.28,SETTLED,B20260903-1
S902154,T102264,2026-09-03 15:10:36,2324.53,SETTLED,B20260903-6
S902155,T102265,2026-09-03 07:41:50,248374.46,SETTLED,B20260903-3
S902156,T102266,2026-09-03 13:18:42,25344.99,SETTLED,B20260903-5
S902157,T102267,2026-09-03 23:07:25,994.73,SETTLED,B20260903-6
S902158,T102268,2026-09-03 11:40:29,533.11,SETTLED,B20260903-2
S902159,T102269,2026-09-03 10:58:45,61724.47,SETTLED,B20260903-6
S902160,T102270,2026-09-03 10:43:14,22494.44,SETTLED,B20260903-4
S902161,T102271,2026-09-03 17:53:31,398100.34,SETTLED,B20260903-5
S902162,T102272,2026-09-03 09:17:14,284054.67,SETTLED,B20260903-1
S902163,T102273,2026-09-03 08:00:01,1784.51,SETTLED,B20260903-5
S902164,T102274,2026-09-03 09:41:23,1216.31,SETTLED,B20260903-3
S902165,T102275,2026-09-03 18:09:13,42684.29,SETTLED,B20260903-5
S902166,T102277,2026-09-03 22:09:59,3956.71,SETTLED,B20260903-5
S902167,T102279,2026-09-03 09:39:05,3841.68,SETTLED,B20260903-1
S902168,T102281,2026-09-03 08:30:52,-2113.16,SETTLED,B20260903-6
S902169,T102282,2026-09-03 11:20:13,57732.74,SETTLED,B20260903-6
S902170,T102284,2026-09-03 17:41:23,35660.82,SETTLED,B20260903-2
S902171,T102285,2026-09-03 06:45:29,34336.79,SETTLED,B20260903-3
S902172,T102287,2026-09-03 11:28:24,44230.43,SETTLED,B20260903-3
S902173,T102288,2026-09-03 13:07:31,3622.50,SETTLED,B20260903-5
S902174,T102290,2026-09-03 16:18:37,141285.52,SETTLED,B20260903-4
S902175,T102291,2026-09-03 06:11:44,197319.26,SETTLED,B20260903-4
S902176,T102291,2026-09-03 06:19:44,49329.82,SETTLED,B20260903-5
S902177,T102292,2026-09-03 13:36:17,716.07,SETTLED,B20260903-3
S902178,T102293,2026-09-03 18:09:30,10261.00,SETTLED,B20260903-3
S902179,T102293,2026-09-03 18:17:30,2565.25,SETTLED,B20260903-2
S902180,T102294,2026-09-03 15:08:39,26771.50,SETTLED,B20260903-2
S902181,T102295,2026-09-03 07:29:29,2709.36,SETTLED,B20260903-5
S902182,T102296,2026-09-03 22:40:11,30303.86,SETTLED,B20260903-4
S902183,T102298,2026-09-03 13:47:21,31878.62,SETTLED,B20260903-4
S902184,T102299,2026-09-04 07:39:15,193950.18,SETTLED,B20260904-3
S902185,T102300,2026-09-03 16:30:38,381542.76,SETTLED,B20260903-6
S902186,T926088,2026-09-03 18:00:00,11638.32,SETTLED,B20260903-9
S902187,T957885,2026-09-03 17:00:00,704.79,SETTLED,B20260903-9
S902188,T954797,2026-09-03 15:00:00,1860.36,SETTLED,B20260903-9
S902189,T900869,2026-09-03 14:00:00,14013.40,SETTLED,B20260903-9
S902190,T102301,2026-09-04 09:23:46,34905.47,SETTLED,B20260904-1
S902191,T102302,2026-09-04 15:33:01,318624.41,SETTLED,B20260904-1
S902192,T102303,2026-09-04 15:38:31,149057.30,SETTLED,B20260904-4
S902193,T102304,2026-09-04 11:27:34,2203.50,SETTLED,B20260904-5
S902194,T102305,2026-09-04 06:22:09,154292.41,SETTLED,B20260904-5
S902195,T102306,2026-09-04 22:56:08,254038.17,SETTLED,B20260904-4
S902196,T102307,2026-09-04 19:04:49,221655.89,SETTLED,B20260904-6
S902197,T102309,2026-09-04 15:11:23,758.16,SETTLED,B20260904-6
S902198,T102310,2026-09-04 10:43:58,12282.41,SETTLED,B20260904-1
S902199,T102311,2026-09-04 13:22:42,219024.84,SETTLED,B20260904-3
S902200,T102312,2026-09-04 08:54:50,73353.41,SETTLED,B20260904-6
S902201,T102313,2026-09-04 14:57:13,415.62,SETTLED,B20260904-5
S902202,T102314,2026-09-04 21:42:01,20086.45,SETTLED,B20260904-3
S902203,T102316,2026-09-05 10:46:25,51816.16,PENDING,B20260905-1
S902204,T102317,2026-09-04 15:18:57,192495.25,SETTLED,B20260904-4
S902205,T102318,2026-09-04 09:54:03,369610.14,SETTLED,B20260904-2
S902206,T102320,2026-09-04 15:44:47,245994.08,SETTLED,B20260904-3
S902207,T102321,2026-09-04 23:01:28,2417.80,SETTLED,B20260904-3
S902208,T102322,2026-09-04 17:43:24,39027.91,SETTLED,B20260904-4
S902209,T102323,2026-09-04 22:30:20,3277.23,SETTLED,B20260904-1
S902210,T102324,2026-09-04 12:57:47,318883.44,SETTLED,B20260904-1
S902211,T102326,2026-09-04 08:12:29,370793.63,SETTLED,B20260904-5
S902212,T102327,2026-09-04 17:06:23,51517.73,SETTLED,B20260904-4
S902213,T102328,2026-09-04 11:49:31,25146.68,SETTLED,B20260904-2
S902214,T102329,2026-09-04 15:22:14,198877.00,SETTLED,B20260904-3
S902215,T102329,2026-09-04 15:33:14,49719.25,SETTLED,B20260904-1
S902216,T102330,2026-09-04 12:42:02,31671.28,SETTLED,B20260904-4
S902217,T102331,2026-09-04 15:01:04,92162.56,SETTLED,B20260904-2
S902218,T102332,2026-09-04 18:22:27,9885.89,SETTLED,B20260904-4
S902219,T102333,2026-09-05 02:51:56,240300.77,SETTLED,B20260905-6
S902220,T102334,2026-09-04 18:39:00,385132.18,SETTLED,B20260904-4
S902221,T102335,2026-09-04 14:28:28,1763.16,SETTLED,B20260904-4
S902222,T102336,2026-09-04 11:06:38,201303.68,SETTLED,B20260904-1
S902223,T102336,2026-09-04 11:12:38,50325.92,SETTLED,B20260904-3
S902224,T102337,2026-09-04 19:43:14,3429.13,SETTLED,B20260904-1
S902225,T102338,2026-09-04 21:14:25,126109.99,SETTLED,B20260904-5
S902226,T102339,2026-09-04 12:25:51,3842.32,SETTLED,B20260904-5
S902227,T102340,2026-09-04 07:43:37,22420.61,SETTLED,B20260904-6
S902228,T102341,2026-09-04 14:17:05,32420.03,SETTLED,B20260904-6
S902229,T102342,2026-09-04 17:04:17,215898.45,SETTLED,B20260904-3
S902230,T102343,2026-09-04 11:37:42,36662.75,SETTLED,B20260904-3
S902231,T102344,2026-09-04 15:08:22,107662.60,SETTLED,B20260904-5
S902232,T102345,2026-09-04 16:24:41,37620.93,SETTLED,B20260904-4
S902233,T102346,2026-09-04 19:58:56,37427.45,SETTLED,B20260904-2
S902234,T102347,2026-09-04 09:40:24,2051.70,SETTLED,B20260904-5
S902235,T102348,2026-09-04 19:48:34,29696.85,SETTLED,B20260904-1
S902236,T102349,2026-09-04 13:32:19,378988.94,SETTLED,B20260904-5
S902237,T102350,2026-09-04 19:18:32,151484.85,SETTLED,B20260904-1
S902238,T102350,2026-09-04 19:24:32,37871.21,SETTLED,B20260904-6
S902239,T102351,2026-09-04 18:29:54,320094.92,SETTLED,B20260904-3
S902240,T102352,2026-09-04 11:13:18,19977.46,SETTLED,B20260904-2
S902241,T102353,2026-09-04 12:00:05,21731.76,SETTLED,B20260904-2
S902242,T102354,2026-09-04 16:15:05,107449.66,SETTLED,B20260904-6
S902243,T102355,2026-09-04 16:46:28,85447.07,SETTLED,B20260904-6
S902244,T102356,2026-09-04 15:11:21,182934.75,SETTLED,B20260904-5
S902245,T102357,2026-09-04 12:03:33,304618.72,SETTLED,B20260904-4
S902246,T102358,2026-09-04 19:31:45,26189.61,SETTLED,B20260904-6
S902247,T102358,2026-09-04 19:32:45,6547.40,SETTLED,B20260904-1
S902248,T102359,2026-09-04 16:15:27,65784.61,SETTLED,B20260904-1
S902249,T102360,2026-09-04 09:57:01,43326.59,SETTLED,B20260904-3
S902250,T102361,2026-09-04 13:07:48,53371.79,FAILED,B20260904-6
S902251,T102362,2026-09-04 22:00:32,4746.33,SETTLED,B20260904-1
S902252,T102363,2026-09-05 09:21:32,3191.20,SETTLED,B20260905-6
S902253,T102364,2026-09-04 13:04:02,54228.20,SETTLED,B20260904-6
S902254,T102365,2026-09-04 08:49:24,3338.76,SETTLED,B20260904-6
S902255,T102366,2026-09-04 14:53:39,3560.98,SETTLED,B20260904-6
S902256,T102367,2026-09-04 10:56:03,3350.63,SETTLED,B20260904-6
S902257,T102368,2026-09-04 20:53:33,673.17,SETTLED,B20260904-6
S902258,T102370,2026-09-04 07:56:31,5626.88,SETTLED,B20260904-1
S902259,T102371,2026-09-04 21:48:20,199126.73,SETTLED,B20260904-2
S902260,T102372,2026-09-04 10:23:56,372395.38,SETTLED,B20260904-4
S902261,T102374,2026-09-04 16:06:28,203977.90,SETTLED,B20260904-3
S902262,T102375,2026-09-04 20:06:40,3166.02,SETTLED,B20260904-4
S902263,T102376,2026-09-04 12:33:54,2639.69,SETTLED,B20260904-5
S902264,T102377,2026-09-05 08:40:37,335448.22,SETTLED,B20260905-6
S902265,T102378,2026-09-04 16:20:50,7672.67,SETTLED,B20260904-4
S902266,T102379,2026-09-04 10:04:04,1685.05,SETTLED,B20260904-4
S902267,T102380,2026-09-04 20:50:50,27273.88,SETTLED,B20260904-3
S902268,T102381,2026-09-04 07:50:55,2400.89,SETTLED,B20260904-6
S902269,T102382,2026-09-04 11:39:20,37134.67,SETTLED,B20260904-2
S902270,T102383,2026-09-04 15:03:22,198988.68,SETTLED,B20260904-3
S902271,T102384,2026-09-04 22:02:18,53542.75,SETTLED,B20260904-5
S902272,T102385,2026-09-04 13:53:51,2151.50,SETTLED,B20260904-5
S902273,T102386,2026-09-04 19:51:57,20340.29,SETTLED,B20260904-5
S902274,T102387,2026-09-04 18:51:12,3462.01,SETTLED,B20260904-2
S902275,T102388,2026-09-05 06:14:39,113406.99,SETTLED,B20260905-6
S902276,T102389,2026-09-04 12:04:01,230506.37,SETTLED,B20260904-2
S902277,T102390,2026-09-04 10:58:34,2410.50,SETTLED,B20260904-4
S902278,T102391,2026-09-04 18:25:26,7435.94,SETTLED,B20260904-4
S902279,T102392,2026-09-04 22:53:40,223566.01,SETTLED,B20260904-6
S902280,T102393,2026-09-04 08:54:07,775.21,SETTLED,B20260904-4
S902281,T102394,2026-09-04 21:25:34,2842.10,SETTLED,B20260904-2
S902282,T102395,2026-09-04 19:55:29,38141.26,SETTLED,B20260904-6
S902283,T102396,2026-09-04 07:40:08,164834.63,SETTLED,B20260904-3
S902284,T102397,2026-09-04 12:24:22,37255.56,SETTLED,B20260904-1
S902285,T102398,2026-09-04 22:43:29,321118.77,SETTLED,B20260904-3
S902286,T102400,2026-09-04 16:45:48,328232.90,SETTLED,B20260904-6
S902287,T102401,2026-09-04 08:12:50,35853.19,SETTLED,B20260904-4
S902288,T102402,2026-09-04 21:01:27,336945.50,SETTLED,B20260904-4
S902289,T102403,2026-09-04 09:44:39,692.96,SETTLED,B20260904-4
S902290,T102404,2026-09-05 01:18:13,3675.16,SETTLED,B20260905-6
S902291,T102405,2026-09-04 17:52:58,375191.41,SETTLED,B20260904-6
S902292,T102406,2026-09-04 19:32:58,66321.13,SETTLED,B20260904-1
S902293,T102407,2026-09-04 19:57:10,271122.46,SETTLED,B20260904-3
S902294,T102408,2026-09-04 11:41:21,39283.75,SETTLED,B20260904-3
S902295,T102409,2026-09-04 06:52:43,18938.17,SETTLED,B20260904-1
S902296,T102410,2026-09-04 11:00:24,3803.09,SETTLED,B20260904-2
S902297,T102411,2026-09-04 20:48:34,54069.35,SETTLED,B20260904-4
S902298,T102412,2026-09-04 09:43:58,28662.86,SETTLED,B20260904-4
S902299,T102412,2026-09-04 09:53:58,7165.71,SETTLED,B20260904-1
S902300,T102413,2026-09-04 22:50:40,640.38,SETTLED,B20260904-4
S902301,T102414,2026-09-04 14:36:07,9282.64,SETTLED,B20260904-1
S902302,T102415,2026-09-04 14:15:56,29062.14,SETTLED,B20260904-5
S902303,T102415,2026-09-04 14:22:56,7265.53,SETTLED,B20260904-3
S902304,T102416,2026-09-04 17:05:48,503.11,SETTLED,B20260904-3
S902305,T102419,2026-09-04 10:48:18,841.84,SETTLED,B20260904-5
S902306,T102420,2026-09-04 19:12:16,71541.83,SETTLED,B20260904-2
S902307,T102421,2026-09-04 14:08:38,2919.93,SETTLED,B20260904-2
S902308,T102422,2026-09-04 07:21:38,3180.62,SETTLED,B20260904-2
S902309,T102422,2026-09-04 07:28:38,795.15,SETTLED,B20260904-2
S902310,T102423,2026-09-04 11:46:55,45449.77,SETTLED,B20260904-5
S902311,T102424,2026-09-04 14:08:05,6391.70,SETTLED,B20260904-1
S902312,T102425,2026-09-05 06:30:40,37872.28,SETTLED,B20260905-2
S902313,T102426,2026-09-04 09:26:30,380072.92,SETTLED,B20260904-5
S902314,T102427,2026-09-04 20:21:16,69351.11,SETTLED,B20260904-5
S902315,T102428,2026-09-04 14:19:47,9155.86,SETTLED,B20260904-5
S902316,T102429,2026-09-04 08:30:44,1257.68,SETTLED,B20260904-1
S902317,T102430,2026-09-04 20:06:41,2949.42,SETTLED,B20260904-4
S902318,T102431,2026-09-04 18:50:23,244300.99,SETTLED,B20260904-3
S902319,T102432,2026-09-04 16:02:43,362381.84,SETTLED,B20260904-4
S902320,T102433,2026-09-04 09:07:51,7321.81,SETTLED,B20260904-1
S902321,T102434,2026-09-04 16:26:22,1435.90,SETTLED,B20260904-6
S902322,T102435,2026-09-04 10:20:41,41547.10,SETTLED,B20260904-4
S902323,T102436,2026-09-04 12:18:51,45821.60,SETTLED,B20260904-4
S902324,T102437,2026-09-04 22:33:27,1146.83,SETTLED,B20260904-5
S902325,T102438,2026-09-04 07:30:37,303397.32,SETTLED,B20260904-1
S902326,T102441,2026-09-04 07:54:56,48869.30,SETTLED,B20260904-6
S902327,T102442,2026-09-04 18:41:13,112103.50,SETTLED,B20260904-6
S902328,T102442,2026-09-04 18:49:13,28025.87,SETTLED,B20260904-5
S902329,T102444,2026-09-04 20:05:23,45546.49,SETTLED,B20260904-4
S902330,T102445,2026-09-04 13:00:24,3736.56,SETTLED,B20260904-6
S902331,T102446,2026-09-04 19:44:06,75071.83,SETTLED,B20260904-4
S902332,T102447,2026-09-04 22:16:00,330.52,SETTLED,B20260904-3
S902333,T102448,2026-09-04 08:11:29,2515.44,SETTLED,B20260904-6
S902334,T102449,2026-09-04 07:10:02,3360.05,SETTLED,B20260904-1
S902335,T102451,2026-09-04 16:24:15,28068.21,SETTLED,B20260904-1
S902336,T102452,2026-09-04 22:18:06,360152.27,SETTLED,B20260904-1
S902337,T102453,2026-09-04 13:54:50,45854.75,SETTLED,B20260904-2
S902338,T102454,2026-09-04 11:58:36,55112.56,SETTLED,B20260904-3
S902339,T102455,2026-09-04 18:00:23,165355.76,SETTLED,B20260904-3
S902340,T102456,2026-09-04 13:18:58,3575.39,SETTLED,B20260904-3
S902341,T102457,2026-09-04 17:13:29,39933.29,SETTLED,B20260904-2
S902342,T102458,2026-09-04 12:00:05,3179.90,SETTLED,B20260904-4
S902343,T102459,2026-09-04 22:28:03,183557.17,SETTLED,B20260904-2
S902344,T102460,2026-09-04 07:55:50,29837.84,SETTLED,B20260904-5
S902345,T102461,2026-09-04 15:41:09,38290.88,SETTLED,B20260904-5
S902346,T102462,2026-09-04 13:01:24,1346.42,SETTLED,B20260904-6
S902347,T102463,2026-09-04 10:38:44,48348.12,SETTLED,B20260904-3
S902348,T102464,2026-09-04 15:33:14,89863.23,SETTLED,B20260904-4
S902349,T102465,2026-09-04 19:04:33,-165.31,SETTLED,B20260904-3
S902350,T102466,2026-09-04 18:05:40,64077.37,SETTLED,B20260904-5
S902351,T102467,2026-09-04 21:17:41,136706.94,SETTLED,B20260904-4
S902352,T102468,2026-09-04 12:57:44,3371.53,SETTLED,B20260904-2
S902353,T102470,2026-09-04 20:19:23,3288.80,SETTLED,B20260904-4
S902354,T102471,2026-09-04 12:13:49,378.28,SETTLED,B20260904-1
S902355,T102472,2026-09-04 15:48:57,59673.82,SETTLED,B20260904-3
S902356,T102473,2026-09-04 14:12:02,200253.53,SETTLED,B20260904-2
S902357,T102473,2026-09-04 14:22:02,50063.38,SETTLED,B20260904-5
S902358,T102474,2026-09-04 19:12:27,29943.52,SETTLED,B20260904-2
S902359,T102475,2026-09-04 18:34:04,383077.65,SETTLED,B20260904-4
S902360,T102476,2026-09-04 14:31:34,310328.11,SETTLED,B20260904-3
S902361,T102477,2026-09-04 10:30:04,121213.28,SETTLED,B20260904-4
S902362,T102478,2026-09-04 21:43:20,20033.18,SETTLED,B20260904-5
S902363,T102479,2026-09-04 14:38:06,3915.29,SETTLED,B20260904-4
S902364,T102480,2026-09-04 14:15:55,268818.01,SETTLED,B20260904-1
S902365,T102481,2026-09-04 20:15:20,169096.62,SETTLED,B20260904-2
S902366,T102482,2026-09-04 06:21:07,303241.68,SETTLED,B20260904-1
S902367,T102484,2026-09-04 12:23:36,31686.19,SETTLED,B20260904-3
S902368,T102485,2026-09-04 12:25:49,43963.41,SETTLED,B20260904-6
S902369,T102487,2026-09-04 12:28:00,2593.37,SETTLED,B20260904-2
S902370,T102488,2026-09-04 21:42:09,521.79,FAILED,B20260904-2
S902371,T102489,2026-09-04 13:18:00,304450.45,SETTLED,B20260904-3
S902372,T102490,2026-09-04 21:04:45,3109.22,SETTLED,B20260904-4
S902373,T102491,2026-09-04 22:03:47,145360.38,SETTLED,B20260904-3
S902374,T102492,2026-09-04 10:25:22,23929.55,SETTLED,B20260904-1
S902375,T102494,2026-09-04 11:10:48,59130.61,SETTLED,B20260904-5
S902376,T102495,2026-09-04 07:19:48,3645.41,SETTLED,B20260904-4
S902377,T102496,2026-09-04 09:40:20,2496.70,SETTLED,B20260904-2
S902378,T102497,2026-09-04 13:53:55,339618.86,SETTLED,B20260904-2
S902379,T102498,2026-09-04 21:45:42,67414.14,SETTLED,B20260904-2
S902380,T102499,2026-09-04 14:40:50,117919.30,SETTLED,B20260904-3
S902381,T102500,2026-09-04 15:52:34,28492.57,SETTLED,B20260904-6
S902382,T102501,2026-09-04 18:36:26,177470.87,SETTLED,B20260904-1
S902383,T102502,2026-09-04 12:15:36,29808.25,SETTLED,B20260904-6
S902384,T102503,2026-09-04 21:44:34,224521.88,SETTLED,B20260904-6
S902385,T102504,2026-09-04 11:32:05,2383.95,SETTLED,B20260904-3
S902386,T102505,2026-09-04 17:51:12,29556.65,SETTLED,B20260904-3
S902387,T102506,2026-09-04 09:07:43,34056.01,SETTLED,B20260904-3
S902388,T102507,2026-09-04 18:24:49,468.86,SETTLED,B20260904-3
S902389,T102508,2026-09-04 21:42:10,295490.75,SETTLED,B20260904-2
S902390,T102509,2026-09-04 16:44:27,3972.17,SETTLED,B20260904-4
S902391,T102510,2026-09-04 11:12:29,179334.23,SETTLED,B20260904-4
S902392,T102511,2026-09-04 22:10:23,27878.26,SETTLED,B20260904-2
S902393,T102512,2026-09-04 18:30:53,3284.20,SETTLED,B20260904-5
S902394,T102513,2026-09-04 18:36:15,2586.36,SETTLED,B20260904-6
S902395,T102515,2026-09-04 13:09:43,3184.37,PENDING,B20260904-3
S902396,T102515,2026-09-04 13:10:43,796.09,SETTLED,B20260904-5
S902397,T102516,2026-09-04 06:38:20,127639.74,SETTLED,B20260904-5
S902398,T102517,2026-09-04 22:53:15,77983.23,SETTLED,B20260904-2
S902399,T102518,2026-09-04 16:52:21,47515.49,SETTLED,B20260904-5
S902400,T102519,2026-09-04 18:34:09,6621.48,SETTLED,B20260904-6
S902401,T102520,2026-09-04 13:31:56,343911.66,SETTLED,B20260904-3
S902402,T102521,2026-09-04 19:18:36,125961.82,SETTLED,B20260904-1
S902403,T102521,2026-09-04 19:26:36,31490.45,FAILED,B20260904-2
S902404,T102523,2026-09-04 10:47:42,3505.37,SETTLED,B20260904-4
S902405,T102524,2026-09-04 12:48:30,2276.42,SETTLED,B20260904-6
S902406,T102525,2026-09-04 14:26:54,1326.99,SETTLED,B20260904-5
S902407,T102526,2026-09-04 16:12:15,37168.99,SETTLED,B20260904-6
S902408,T102527,2026-09-04 14:56:46,59402.55,SETTLED,B20260904-3
S902409,T102528,2026-09-04 07:55:14,1944.24,SETTLED,B20260904-2
S902410,T102529,2026-09-04 22:19:27,224507.05,PENDING,B20260904-2
S902411,T102530,2026-09-04 18:03:51,2228.91,SETTLED,B20260904-5
S902412,T102531,2026-09-04 10:34:14,2793.86,SETTLED,B20260904-5
S902413,T102531,2026-09-04 10:40:14,698.46,SETTLED,B20260904-3
S902414,T102532,2026-09-04 07:36:29,4615.70,SETTLED,B20260904-6
S902415,T102533,2026-09-04 17:22:47,301.34,SETTLED,B20260904-6
S902416,T102534,2026-09-04 22:58:55,334355.46,SETTLED,B20260904-1
S902417,T102536,2026-09-04 12:42:02,1376.48,SETTLED,B20260904-1
S902418,T102537,2026-09-04 11:47:08,14108.10,SETTLED,B20260904-3
S902419,T102538,2026-09-04 13:05:56,264800.56,SETTLED,B20260904-4
S902420,T102538,2026-09-04 13:13:56,66200.14,SETTLED,B20260904-3
S902421,T102539,2026-09-04 12:01:27,50431.34,SETTLED,B20260904-2
S902422,T102540,2026-09-04 10:57:48,3378.86,SETTLED,B20260904-2
S902423,T102542,2026-09-04 11:16:12,15789.99,SETTLED,B20260904-1
S902424,T102544,2026-09-04 11:55:38,3444.97,SETTLED,B20260904-5
S902425,T102545,2026-09-04 10:31:24,3437.08,SETTLED,B20260904-3
S902426,T102547,2026-09-04 13:10:15,12196.63,SETTLED,B20260904-6
S902427,T102548,2026-09-04 12:22:20,268165.50,SETTLED,B20260904-5
S902428,T102549,2026-09-04 07:04:36,381713.05,SETTLED,B20260904-2
S902429,T102550,2026-09-04 13:50:56,38626.88,SETTLED,B20260904-4
S902430,T102551,2026-09-04 19:52:55,44830.71,SETTLED,B20260904-1
S902431,T102552,2026-09-04 12:35:29,50664.62,SETTLED,B20260904-2
S902432,T102553,2026-09-04 15:28:20,191529.54,SETTLED,B20260904-6
S902433,T102554,2026-09-04 11:25:21,3933.35,SETTLED,B20260904-3
S902434,T102555,2026-09-04 23:06:44,299099.96,SETTLED,B20260904-6
S902435,T102555,2026-09-04 23:12:44,74774.99,SETTLED,B20260904-5
S902436,T102556,2026-09-04 07:54:23,17135.66,SETTLED,B20260904-5
S902437,T102556,2026-09-04 07:59:23,4283.92,SETTLED,B20260904-6
S902438,T102557,2026-09-04 15:21:22,1616.46,SETTLED,B20260904-2
S902439,T102558,2026-09-04 07:19:37,1116.97,SETTLED,B20260904-3
S902440,T102559,2026-09-04 22:58:25,94314.33,SETTLED,B20260904-3
S902441,T102560,2026-09-04 18:29:09,27606.01,SETTLED,B20260904-6
S902442,T102561,2026-09-04 21:35:43,3102.39,SETTLED,B20260904-4
S902443,T102562,2026-09-04 06:41:02,7538.83,SETTLED,B20260904-3
S902444,T102563,2026-09-04 11:47:35,181275.50,SETTLED,B20260904-6
S902445,T102565,2026-09-04 07:47:50,532.98,SETTLED,B20260904-6
S902446,T102566,2026-09-04 16:54:46,802.19,SETTLED,B20260904-3
S902447,T102567,2026-09-05 11:24:05,301384.65,SETTLED,B20260905-5
S902448,T102569,2026-09-04 21:07:39,-1437.52,SETTLED,B20260904-1
S902449,T102570,2026-09-04 14:59:09,1061.74,SETTLED,B20260904-2
S902450,T102571,2026-09-04 23:00:52,248905.75,SETTLED,B20260904-1
S902451,T102571,2026-09-04 23:03:52,62226.44,SETTLED,B20260904-1
S902452,T102572,2026-09-04 13:52:10,2921.67,SETTLED,B20260904-6
S902453,T102572,2026-09-04 13:54:10,730.42,SETTLED,B20260904-5
S902454,T102573,2026-09-04 11:48:04,2564.55,SETTLED,B20260904-6
S902455,T102574,2026-09-04 09:40:25,2995.63,SETTLED,B20260904-2
S902456,T102575,2026-09-04 08:38:06,215.76,SETTLED,B20260904-1
S902457,T102577,2026-09-04 19:21:38,6875.24,SETTLED,B20260904-3
S902458,T102578,2026-09-04 07:45:30,1038.29,SETTLED,B20260904-6
S902459,T102579,2026-09-04 12:17:24,150139.66,SETTLED,B20260904-6
S902460,T102580,2026-09-04 11:44:05,371883.17,SETTLED,B20260904-5
S902461,T102581,2026-09-04 16:35:17,361683.17,SETTLED,B20260904-3
S902462,T102582,2026-09-04 23:18:07,200756.48,SETTLED,B20260904-5
S902463,T102582,2026-09-04 23:22:07,50189.12,SETTLED,B20260904-2
S902464,T102583,2026-09-04 22:29:53,1224.76,SETTLED,B20260904-6
S902465,T102585,2026-09-04 15:00:53,21756.22,SETTLED,B20260904-5
S902466,T102587,2026-09-04 19:23:49,13013.77,SETTLED,B20260904-5
S902467,T102588,2026-09-04 13:16:36,2211.61,SETTLED,B20260904-1
S902468,T102589,2026-09-04 19:34:54,6875.96,SETTLED,B20260904-6
S902469,T102590,2026-09-04 10:50:39,2961.59,SETTLED,B20260904-1
S902470,T102591,2026-09-04 09:01:45,271418.53,SETTLED,B20260904-2
S902471,T102593,2026-09-05 01:17:36,3403.20,SETTLED,B20260905-1
S902472,T102594,2026-09-04 16:30:33,182594.48,SETTLED,B20260904-1
S902473,T102595,2026-09-04 18:25:52,216197.09,SETTLED,B20260904-6
S902474,T102597,2026-09-04 06:44:12,6245.61,SETTLED,B20260904-5
S902475,T102598,2026-09-04 17:39:56,34604.10,FAILED,B20260904-5
S902476,T102599,2026-09-04 18:39:05,3729.69,SETTLED,B20260904-4
S902477,T102600,2026-09-04 16:07:25,648.99,SETTLED,B20260904-2
S902478,T102600,2026-09-04 16:19:25,162.25,SETTLED,B20260904-2
S902479,T102601,2026-09-04 11:24:12,25769.09,SETTLED,B20260904-3
S902480,T102602,2026-09-04 20:38:44,40955.56,SETTLED,B20260904-1
S902481,T102602,2026-09-04 20:43:44,10238.89,SETTLED,B20260904-1
S902482,T102603,2026-09-04 09:10:42,309596.99,SETTLED,B20260904-3
S902483,T102604,2026-09-04 16:00:32,6538.52,SETTLED,B20260904-4
S902484,T102607,2026-09-04 07:17:04,386.12,SETTLED,B20260904-1
S902485,T102608,2026-09-04 09:36:19,198663.55,SETTLED,B20260904-6
S902486,T102609,2026-09-04 20:02:05,23983.66,SETTLED,B20260904-6
S902487,T102610,2026-09-04 06:43:42,282420.44,SETTLED,B20260904-3
S902488,T102611,2026-09-04 14:09:35,2947.53,SETTLED,B20260904-3
S902489,T102612,2026-09-04 10:46:36,383190.39,SETTLED,B20260904-1
S902490,T102613,2026-09-04 07:29:22,341228.83,SETTLED,B20260904-5
S902491,T102614,2026-09-04 13:08:16,81900.65,SETTLED,B20260904-4
S902492,T102615,2026-09-04 23:40:15,212.57,SETTLED,B20260904-1
S902493,T102616,2026-09-04 15:43:27,2109.00,SETTLED,B20260904-4
S902494,T102617,2026-09-04 20:48:25,22393.98,SETTLED,B20260904-1
S902495,T102618,2026-09-04 17:24:47,42503.08,SETTLED,B20260904-4
S902496,T102619,2026-09-04 22:19:58,12548.27,SETTLED,B20260904-5
S902497,T102620,2026-09-04 18:03:47,726.72,SETTLED,B20260904-5
S902498,T102621,2026-09-05 10:04:14,1337.37,SETTLED,B20260905-3
S902499,T102622,2026-09-04 18:25:47,11504.05,SETTLED,B20260904-4
S902500,T102623,2026-09-04 23:12:43,3654.94,SETTLED,B20260904-1
S902501,T102626,2026-09-04 11:17:11,683.12,SETTLED,B20260904-3
S902502,T102627,2026-09-04 06:12:48,32801.46,SETTLED,B20260904-2
S902503,T102628,2026-09-04 23:01:33,3086.97,SETTLED,B20260904-1
S902504,T102629,2026-09-04 08:00:15,77742.98,SETTLED,B20260904-3
S902505,T102629,2026-09-04 08:01:15,19435.75,SETTLED,B20260904-5
S902506,T102630,2026-09-04 07:56:08,241219.29,SETTLED,B20260904-5
S902507,T102632,2026-09-04 07:55:39,381974.74,SETTLED,B20260904-3
S902508,T102633,2026-09-04 11:56:07,183.79,SETTLED,B20260904-3
S902509,T102634,2026-09-04 15:06:23,338909.22,SETTLED,B20260904-5
S902510,T102635,2026-09-04 16:56:47,43597.82,SETTLED,B20260904-3
S902511,T102636,2026-09-04 20:46:25,71913.03,SETTLED,B20260904-1
S902512,T102637,2026-09-04 22:53:57,700.29,SETTLED,B20260904-5
S902513,T102638,2026-09-04 13:57:06,2546.13,SETTLED,B20260904-4
S902514,T102639,2026-09-04 07:16:57,112960.05,SETTLED,B20260904-6
S902515,T102640,2026-09-04 06:57:31,66081.56,SETTLED,B20260904-1
S902516,T102641,2026-09-04 13:44:50,38200.14,SETTLED,B20260904-6
S902517,T102642,2026-09-04 22:13:00,359.82,SETTLED,B20260904-1
S902518,T102643,2026-09-04 14:31:57,2101.16,SETTLED,B20260904-5
S902519,T102644,2026-09-04 16:05:02,669.28,SETTLED,B20260904-2
S902520,T102645,2026-09-04 22:39:20,16741.48,SETTLED,B20260904-4
S902521,T102646,2026-09-04 12:59:07,2758.99,SETTLED,B20260904-1
S902522,T102647,2026-09-04 07:28:52,2198.19,SETTLED,B20260904-5
S902523,T102648,2026-09-04 20:36:03,2644.10,SETTLED,B20260904-5
S902524,T102649,2026-09-04 10:05:14,3490.24,SETTLED,B20260904-2
S902525,T102650,2026-09-04 12:56:25,3878.43,SETTLED,B20260904-5
S902526,T102652,2026-09-04 12:18:47,304882.34,SETTLED,B20260904-1
S902527,T102653,2026-09-04 21:36:55,1327.48,SETTLED,B20260904-3
S902528,T102654,2026-09-04 15:19:54,1523.01,SETTLED,B20260904-5
S902529,T102655,2026-09-04 13:39:46,154590.97,SETTLED,B20260904-3
S902530,T102656,2026-09-04 22:20:48,59281.96,SETTLED,B20260904-3
S902531,T102657,2026-09-04 15:47:46,54710.77,SETTLED,B20260904-1
S902532,T102658,2026-09-04 10:01:08,103225.23,SETTLED,B20260904-2
S902533,T102658,2026-09-04 10:11:08,25806.31,SETTLED,B20260904-6
S902534,T102659,2026-09-04 10:45:08,172986.33,SETTLED,B20260904-6
S902535,T102660,2026-09-04 14:15:29,3906.92,SETTLED,B20260904-1
S902536,T102661,2026-09-04 06:40:55,59160.50,SETTLED,B20260904-2
S902537,T102662,2026-09-04 19:10:38,130851.52,SETTLED,B20260904-3
S902538,T102663,2026-09-04 12:13:00,148151.17,SETTLED,B20260904-4
S902539,T102664,2026-09-04 07:23:33,835.36,SETTLED,B20260904-6
S902540,T102666,2026-09-04 14:26:36,225.42,SETTLED,B20260904-4
S902541,T102667,2026-09-04 18:32:20,2514.86,SETTLED,B20260904-5
S902542,T102668,2026-09-04 10:50:52,217412.04,SETTLED,B20260904-3
S902543,T102669,2026-09-04 13:57:14,370240.12,SETTLED,B20260904-1
S902544,T102670,2026-09-04 10:01:55,354309.92,PENDING,B20260904-6
S902545,T102671,2026-09-04 15:29:31,25912.49,SETTLED,B20260904-2
S902546,T102672,2026-09-04 11:56:17,169786.22,SETTLED,B20260904-6
S902547,T102673,2026-09-04 19:54:18,11562.70,SETTLED,B20260904-1
S902548,T102674,2026-09-04 22:57:27,44964.69,SETTLED,B20260904-2
S902549,T102675,2026-09-04 16:24:50,172.54,SETTLED,B20260904-5
S902550,T102675,2026-09-04 16:32:50,43.14,SETTLED,B20260904-1
S902551,T102676,2026-09-04 20:41:59,1143.06,SETTLED,B20260904-5
S902552,T102677,2026-09-04 19:07:52,2348.57,SETTLED,B20260904-3
S902553,T102678,2026-09-04 17:32:38,1462.15,SETTLED,B20260904-2
S902554,T102680,2026-09-05 12:03:40,37757.86,SETTLED,B20260905-5
S902555,T102681,2026-09-04 21:25:39,564.83,SETTLED,B20260904-1
S902556,T102682,2026-09-04 11:45:19,1511.13,SETTLED,B20260904-1
S902557,T102683,2026-09-04 10:53:35,30632.56,SETTLED,B20260904-3
S902558,T102685,2026-09-04 22:25:55,244595.83,SETTLED,B20260904-5
S902559,T102686,2026-09-04 18:42:23,2365.91,SETTLED,B20260904-1
S902560,T102687,2026-09-04 06:19:31,46446.73,SETTLED,B20260904-2
S902561,T102688,2026-09-04 18:07:12,5543.24,SETTLED,B20260904-4
S902562,T102689,2026-09-04 18:55:16,338090.82,SETTLED,B20260904-3
S902563,T102690,2026-09-04 18:46:42,45492.96,SETTLED,B20260904-6
S902564,T102691,2026-09-04 17:11:20,276797.70,SETTLED,B20260904-6
S902565,T102692,2026-09-04 21:25:34,2827.12,SETTLED,B20260904-2
S902566,T102693,2026-09-04 10:30:01,72002.21,SETTLED,B20260904-3
S902567,T102694,2026-09-05 08:19:30,217693.90,PENDING,B20260905-5
S902568,T102695,2026-09-04 20:43:45,46021.27,SETTLED,B20260904-3
S902569,T102696,2026-09-04 06:25:35,51746.07,SETTLED,B20260904-1
S902570,T102697,2026-09-04 17:07:08,46899.94,SETTLED,B20260904-6
S902571,T102698,2026-09-04 17:05:16,41203.34,SETTLED,B20260904-3
S902572,T102699,2026-09-04 16:21:24,2286.90,FAILED,B20260904-5
S902573,T102700,2026-09-04 08:25:41,320561.01,SETTLED,B20260904-1
S902574,T102701,2026-09-04 10:11:14,53217.35,SETTLED,B20260904-4
S902575,T102702,2026-09-04 20:56:32,19583.98,SETTLED,B20260904-1
S902576,T102703,2026-09-04 16:48:15,332807.67,SETTLED,B20260904-1
S902577,T102704,2026-09-04 12:28:19,382727.08,SETTLED,B20260904-5
S902578,T102705,2026-09-05 13:59:41,2279.87,SETTLED,B20260905-4
S902579,T102706,2026-09-04 14:17:07,67979.54,SETTLED,B20260904-3
S902580,T102707,2026-09-04 07:19:15,3756.15,SETTLED,B20260904-1
S902581,T102708,2026-09-04 19:04:06,313244.18,SETTLED,B20260904-5
S902582,T102709,2026-09-04 10:20:04,224209.46,SETTLED,B20260904-4
S902583,T102710,2026-09-04 21:00:31,235.35,SETTLED,B20260904-1
S902584,T102712,2026-09-05 05:06:34,85473.91,SETTLED,B20260905-5
S902585,T102712,2026-09-05 05:14:34,21368.48,SETTLED,B20260905-6
S902586,T102714,2026-09-04 09:14:18,329559.95,SETTLED,B20260904-5
S902587,T102715,2026-09-04 09:34:38,-36694.00,SETTLED,B20260904-4
S902588,T102716,2026-09-04 10:20:14,399556.10,SETTLED,B20260904-4
S902589,T102717,2026-09-04 15:06:44,190301.21,SETTLED,B20260904-5
S902590,T102718,2026-09-04 23:04:49,2758.84,SETTLED,B20260904-4
S902591,T102719,2026-09-04 16:57:21,52784.61,SETTLED,B20260904-3
S902592,T102720,2026-09-04 19:59:19,2608.86,SETTLED,B20260904-5
S902593,T102721,2026-09-04 22:14:57,201.97,SETTLED,B20260904-1
S902594,T102722,2026-09-04 13:17:06,55526.71,PENDING,B20260904-2
S902595,T102723,2026-09-04 22:33:54,130698.15,SETTLED,B20260904-6
S902596,T102724,2026-09-04 23:29:08,155367.92,SETTLED,B20260904-5
S902597,T102725,2026-09-04 13:16:57,26176.95,SETTLED,B20260904-4
S902598,T102726,2026-09-04 08:57:38,705.73,SETTLED,B20260904-1
S902599,T102727,2026-09-04 10:18:53,242033.03,SETTLED,B20260904-5
S902600,T102728,2026-09-04 21:09:15,40422.25,SETTLED,B20260904-5
S902601,T102729,2026-09-04 08:29:16,28612.13,SETTLED,B20260904-4
S902602,T102731,2026-09-04 15:47:19,1556.31,SETTLED,B20260904-4
S902603,T102732,2026-09-04 06:09:14,784.62,SETTLED,B20260904-3
S902604,T102733,2026-09-04 07:51:04,59727.34,SETTLED,B20260904-3
S902605,T102734,2026-09-05 01:14:21,3455.77,SETTLED,B20260905-2
S902606,T102735,2026-09-04 09:04:27,8202.62,SETTLED,B20260904-5
S902607,T102735,2026-09-04 09:12:27,2050.65,SETTLED,B20260904-4
S902608,T102737,2026-09-04 21:57:26,190254.46,SETTLED,B20260904-2
S902609,T102738,2026-09-04 10:47:52,3915.18,SETTLED,B20260904-1
S902610,T102739,2026-09-04 11:55:11,174697.53,SETTLED,B20260904-2
S902611,T102740,2026-09-04 08:45:00,1429.46,SETTLED,B20260904-1
S902612,T102741,2026-09-04 13:51:13,1607.90,SETTLED,B20260904-3
S902613,T102742,2026-09-04 18:27:31,2535.69,SETTLED,B20260904-1
S902614,T102743,2026-09-04 10:24:02,525.54,SETTLED,B20260904-5
S902615,T102743,2026-09-04 10:25:02,131.39,SETTLED,B20260904-4
S902616,T102744,2026-09-04 09:50:35,-127730.45,SETTLED,B20260904-3
S902617,T102745,2026-09-04 12:08:46,3021.75,SETTLED,B20260904-2
S902618,T102745,2026-09-04 12:08:46,755.44,FAILED,B20260904-3
S902619,T102747,2026-09-04 13:37:54,127274.33,SETTLED,B20260904-4
S902620,T102748,2026-09-04 12:30:07,41468.64,SETTLED,B20260904-1
S902621,T102749,2026-09-04 18:15:47,12187.25,SETTLED,B20260904-4
S902622,T102750,2026-09-04 18:01:11,9986.82,SETTLED,B20260904-3
S902623,T102751,2026-09-04 07:44:32,1048.26,FAILED,B20260904-3
S902624,T102752,2026-09-04 12:15:57,3620.53,SETTLED,B20260904-4
S902625,T102754,2026-09-04 08:11:05,318850.59,SETTLED,B20260904-2
S902626,T102755,2026-09-04 20:15:34,50118.25,SETTLED,B20260904-4
S902627,T102756,2026-09-04 14:32:56,291042.54,SETTLED,B20260904-2
S902628,T102757,2026-09-04 18:35:46,21352.24,SETTLED,B20260904-2
S902629,T102758,2026-09-04 10:05:48,41640.21,SETTLED,B20260904-2
S902630,T102759,2026-09-04 17:01:46,241283.19,SETTLED,B20260904-4
S902631,T102760,2026-09-04 22:21:20,2850.45,SETTLED,B20260904-6
S902632,T102762,2026-09-04 15:05:43,3229.01,SETTLED,B20260904-1
S902633,T102763,2026-09-04 14:06:18,220552.55,SETTLED,B20260904-4
S902634,T102764,2026-09-04 21:10:16,40679.41,SETTLED,B20260904-5
S902635,T102765,2026-09-04 19:15:13,318316.56,SETTLED,B20260904-2
S902636,T102767,2026-09-04 12:14:58,824.38,SETTLED,B20260904-6
S902637,T102768,2026-09-04 10:48:29,36138.98,SETTLED,B20260904-4
S902638,T102769,2026-09-04 07:00:05,10484.90,SETTLED,B20260904-1
S902639,T102770,2026-09-04 07:44:46,32735.27,SETTLED,B20260904-1
S902640,T102771,2026-09-04 11:02:07,26652.12,SETTLED,B20260904-4
S902641,T102772,2026-09-04 22:35:17,221208.34,PENDING,B20260904-5
S902642,T102773,2026-09-04 14:56:26,270853.34,SETTLED,B20260904-2
S902643,T102774,2026-09-04 07:29:46,17768.35,SETTLED,B20260904-4
S902644,T102775,2026-09-04 13:54:08,20391.34,SETTLED,B20260904-5
S902645,T102776,2026-09-04 20:02:27,3561.85,SETTLED,B20260904-1
S902646,T102777,2026-09-04 21:19:47,339242.21,SETTLED,B20260904-3
S902647,T102779,2026-09-04 15:50:12,332988.57,SETTLED,B20260904-6
S902648,T102780,2026-09-04 18:32:18,15479.92,SETTLED,B20260904-2
S902649,T102781,2026-09-04 16:38:34,7349.29,SETTLED,B20260904-5
S902650,T102782,2026-09-04 18:20:05,1856.90,SETTLED,B20260904-6
S902651,T102783,2026-09-04 17:11:15,347105.07,SETTLED,B20260904-6
S902652,T102784,2026-09-04 16:08:49,2308.30,SETTLED,B20260904-1
S902653,T102784,2026-09-04 16:09:49,577.08,SETTLED,B20260904-4
S902654,T102785,2026-09-04 16:45:57,50560.49,SETTLED,B20260904-4
S902655,T102786,2026-09-04 07:13:07,33205.24,SETTLED,B20260904-3
S902656,T102787,2026-09-04 17:50:32,26683.85,SETTLED,B20260904-1
S902657,T102788,2026-09-04 17:06:43,113731.62,SETTLED,B20260904-1
S902658,T102789,2026-09-04 13:59:23,20042.37,SETTLED,B20260904-4
S902659,T102790,2026-09-04 10:42:26,32371.89,SETTLED,B20260904-2
S902660,T102791,2026-09-04 17:17:06,385768.37,SETTLED,B20260904-1
S902661,T102792,2026-09-04 07:35:47,153906.27,SETTLED,B20260904-5
S902662,T102793,2026-09-04 07:00:44,1711.53,SETTLED,B20260904-6
S902663,T102794,2026-09-04 06:23:14,43282.27,SETTLED,B20260904-2
S902664,T102795,2026-09-04 19:22:32,7336.16,SETTLED,B20260904-4
S902665,T102796,2026-09-04 06:34:55,219511.93,SETTLED,B20260904-1
S902666,T102797,2026-09-04 11:04:49,3610.84,SETTLED,B20260904-4
S902667,T102798,2026-09-04 22:48:55,141921.30,SETTLED,B20260904-3
S902668,T102799,2026-09-04 18:08:58,3936.93,SETTLED,B20260904-3
S902669,T102800,2026-09-04 06:25:54,79873.28,SETTLED,B20260904-5
S902670,T102801,2026-09-04 07:11:22,3225.82,SETTLED,B20260904-3
S902671,T102802,2026-09-04 17:44:11,38787.14,SETTLED,B20260904-1
S902672,T102803,2026-09-04 21:47:09,9173.38,SETTLED,B20260904-2
S902673,T102803,2026-09-04 21:50:09,2293.35,SETTLED,B20260904-2
S902674,T102804,2026-09-04 21:47:50,1560.13,SETTLED,B20260904-2
S902675,T102805,2026-09-04 20:39:17,16589.13,SETTLED,B20260904-6
S902676,T102806,2026-09-04 13:12:44,1154.17,SETTLED,B20260904-1
S902677,T102807,2026-09-04 10:40:49,3769.04,SETTLED,B20260904-3
S902678,T102808,2026-09-04 06:21:49,52156.21,SETTLED,B20260904-3
S902679,T102809,2026-09-05 06:52:20,3916.34,SETTLED,B20260905-1
S902680,T102810,2026-09-04 17:58:26,171962.53,SETTLED,B20260904-2
S902681,T102811,2026-09-04 15:05:16,173.21,SETTLED,B20260904-5
S902682,T102812,2026-09-04 21:16:28,162.81,SETTLED,B20260904-4
S902683,T102813,2026-09-04 17:18:19,41662.13,SETTLED,B20260904-1
S902684,T102814,2026-09-04 14:29:34,219296.49,SETTLED,B20260904-3
S902685,T102815,2026-09-04 07:20:04,248068.25,SETTLED,B20260904-2
S902686,T102815,2026-09-04 07:31:04,62017.06,SETTLED,B20260904-1
S902687,T102816,2026-09-04 09:11:07,3638.38,SETTLED,B20260904-2
S902688,T102817,2026-09-04 20:36:10,50419.36,SETTLED,B20260904-3
S902689,T102818,2026-09-04 10:27:33,251185.83,SETTLED,B20260904-2
S902690,T102819,2026-09-04 12:50:27,36321.61,SETTLED,B20260904-5
S902691,T102820,2026-09-04 12:08:48,58668.43,SETTLED,B20260904-5
S902692,T102821,2026-09-05 00:16:22,261930.64,SETTLED,B20260905-5
S902693,T102822,2026-09-05 10:27:28,2579.50,SETTLED,B20260905-2
S902694,T102823,2026-09-04 08:48:01,1292.04,SETTLED,B20260904-6
S902695,T102824,2026-09-04 20:04:51,213003.47,SETTLED,B20260904-5
S902696,T102825,2026-09-04 06:57:02,2132.38,SETTLED,B20260904-1
S902697,T102825,2026-09-04 07:04:02,533.10,SETTLED,B20260904-2
S902698,T102826,2026-09-04 09:00:06,675.46,SETTLED,B20260904-6
S902699,T102827,2026-09-04 16:11:21,21218.67,SETTLED,B20260904-6
S902700,T102828,2026-09-04 12:52:21,1108.52,SETTLED,B20260904-2
S902701,T102828,2026-09-04 12:59:21,277.13,SETTLED,B20260904-4
S902702,T102830,2026-09-04 10:37:55,10116.22,SETTLED,B20260904-3
S902703,T102831,2026-09-04 10:51:19,40765.51,SETTLED,B20260904-2
S902704,T102832,2026-09-04 06:38:45,3422.37,SETTLED,B20260904-6
S902705,T102833,2026-09-04 12:44:02,1840.84,SETTLED,B20260904-3
S902706,T102834,2026-09-04 15:57:08,16226.23,SETTLED,B20260904-2
S902707,T102836,2026-09-04 10:19:47,53682.97,SETTLED,B20260904-1
S902708,T102837,2026-09-04 07:06:29,135885.03,SETTLED,B20260904-4
S902709,T102838,2026-09-04 08:27:43,399318.38,FAILED,B20260904-3
S902710,T102839,2026-09-05 12:51:51,57964.73,FAILED,B20260905-2
S902711,T102840,2026-09-04 14:12:03,399035.13,SETTLED,B20260904-3
S902712,T102841,2026-09-04 18:28:03,43105.78,SETTLED,B20260904-6
S902713,T102843,2026-09-05 12:06:14,22714.25,SETTLED,B20260905-5
S902714,T102844,2026-09-04 11:52:44,33116.77,SETTLED,B20260904-2
S902715,T102845,2026-09-04 21:28:25,170552.43,SETTLED,B20260904-6
S902716,T102845,2026-09-04 21:35:25,42638.11,SETTLED,B20260904-6
S902717,T102847,2026-09-04 11:23:36,45012.50,SETTLED,B20260904-6
S902718,T102849,2026-09-04 21:21:39,343734.33,SETTLED,B20260904-2
S902719,T102850,2026-09-04 10:49:58,566.51,SETTLED,B20260904-2
S902720,T102852,2026-09-04 11:55:34,138611.23,SETTLED,B20260904-3
S902721,T102853,2026-09-04 17:47:14,2160.01,SETTLED,B20260904-3
S902722,T102853,2026-09-04 17:59:14,540.00,SETTLED,B20260904-5
S902723,T102854,2026-09-04 06:39:46,782.37,PENDING,B20260904-2
S902724,T102855,2026-09-04 14:26:01,395415.86,PENDING,B20260904-1
S902725,T102856,2026-09-04 10:43:09,210530.99,PENDING,B20260904-3
S902726,T102857,2026-09-04 11:48:15,225338.63,SETTLED,B20260904-4
S902727,T102858,2026-09-04 09:16:58,310458.47,SETTLED,B20260904-6
S902728,T102859,2026-09-04 10:50:45,1069.71,SETTLED,B20260904-3
S902729,T102860,2026-09-04 14:06:09,75428.48,SETTLED,B20260904-5
S902730,T102862,2026-09-04 13:21:21,54497.98,SETTLED,B20260904-6
S902731,T102863,2026-09-04 06:29:19,17106.88,SETTLED,B20260904-4
S902732,T102865,2026-09-04 08:56:39,111674.30,SETTLED,B20260904-1
S902733,T102866,2026-09-04 16:28:36,138279.57,SETTLED,B20260904-3
S902734,T102866,2026-09-04 16:37:36,34569.89,SETTLED,B20260904-6
S902735,T102867,2026-09-04 06:49:03,42297.42,SETTLED,B20260904-3
S902736,T102868,2026-09-04 06:43:52,14470.13,SETTLED,B20260904-1
S902737,T102868,2026-09-04 06:46:52,3617.53,SETTLED,B20260904-6
S902738,T102869,2026-09-04 18:51:27,209314.37,SETTLED,B20260904-6
S902739,T102870,2026-09-04 16:32:01,292425.77,SETTLED,B20260904-5
S902740,T102871,2026-09-04 07:19:35,3379.55,SETTLED,B20260904-4
S902741,T102873,2026-09-04 14:01:18,3394.23,SETTLED,B20260904-4
S902742,T102874,2026-09-04 15:46:53,45093.89,SETTLED,B20260904-1
S902743,T102875,2026-09-04 11:10:01,89358.43,SETTLED,B20260904-3
S902744,T102876,2026-09-04 08:49:17,1972.71,SETTLED,B20260904-3
S902745,T102877,2026-09-04 22:31:46,3842.27,SETTLED,B20260904-6
S902746,T102878,2026-09-04 21:17:18,2419.58,SETTLED,B20260904-6
S902747,T102879,2026-09-04 19:03:20,33384.99,SETTLED,B20260904-1
S902748,T102881,2026-09-04 18:44:19,10244.42,SETTLED,B20260904-1
S902749,T102882,2026-09-04 18:22:27,66933.34,SETTLED,B20260904-1
S902750,T102883,2026-09-04 07:06:30,33029.62,SETTLED,B20260904-3
S902751,T102883,2026-09-04 07:09:30,8257.41,SETTLED,B20260904-6
S902752,T102884,2026-09-04 08:22:40,87532.39,SETTLED,B20260904-6
S902753,T102885,2026-09-04 06:55:17,2844.46,SETTLED,B20260904-4
S902754,T102886,2026-09-04 23:18:27,44815.08,SETTLED,B20260904-5
S902755,T102887,2026-09-04 08:02:37,3333.67,SETTLED,B20260904-3
S902756,T102888,2026-09-04 21:16:39,28221.10,SETTLED,B20260904-4
S902757,T102889,2026-09-04 11:45:36,626.31,SETTLED,B20260904-5
S902758,T102890,2026-09-04 22:43:41,391.11,SETTLED,B20260904-5
S902759,T102891,2026-09-04 21:31:28,29484.51,SETTLED,B20260904-6
S902760,T102894,2026-09-04 11:02:16,184.77,SETTLED,B20260904-6
S902761,T102894,2026-09-04 11:07:16,46.19,SETTLED,B20260904-5
S902762,T102895,2026-09-04 18:01:25,321912.83,SETTLED,B20260904-3
S902763,T102896,2026-09-04 13:27:51,28180.11,SETTLED,B20260904-6
S902764,T102898,2026-09-04 20:19:34,103550.09,SETTLED,B20260904-3
S902765,T102899,2026-09-04 15:34:53,54322.28,SETTLED,B20260904-2
S902766,T102901,2026-09-04 21:19:35,249011.57,SETTLED,B20260904-3
S902767,T102903,2026-09-04 19:49:20,3510.55,SETTLED,B20260904-1
S902768,T102904,2026-09-04 19:10:52,46461.06,SETTLED,B20260904-2
S902769,T102906,2026-09-04 13:27:41,21067.76,SETTLED,B20260904-1
S902770,T102907,2026-09-04 08:53:40,362322.33,SETTLED,B20260904-2
S902771,T102908,2026-09-04 09:20:33,332322.16,SETTLED,B20260904-1
S902772,T102909,2026-09-04 21:48:27,384562.08,SETTLED,B20260904-3
S902773,T102910,2026-09-04 15:42:10,1045.19,SETTLED,B20260904-2
S902774,T102911,2026-09-04 15:58:02,2706.13,SETTLED,B20260904-4
S902775,T102912,2026-09-04 22:41:16,31895.97,SETTLED,B20260904-6
S902776,T102914,2026-09-04 08:43:42,28124.39,SETTLED,B20260904-5
S902777,T102915,2026-09-04 20:08:17,1672.54,SETTLED,B20260904-6
S902778,T102916,2026-09-04 16:27:14,130369.61,SETTLED,B20260904-6
S902779,T102917,2026-09-04 09:07:12,2611.86,SETTLED,B20260904-2
S902780,T102918,2026-09-04 13:14:10,5408.83,SETTLED,B20260904-5
S902781,T102919,2026-09-04 17:31:44,2402.96,SETTLED,B20260904-4
S902782,T102920,2026-09-04 07:44:26,311840.20,SETTLED,B20260904-2
S902783,T102921,2026-09-04 19:00:00,75145.59,SETTLED,B20260904-4
S902784,T102922,2026-09-04 18:53:04,67244.56,SETTLED,B20260904-5
S902785,T102923,2026-09-04 11:01:29,345334.59,SETTLED,B20260904-2
S902786,T102924,2026-09-04 13:51:35,42005.32,SETTLED,B20260904-1
S902787,T102925,2026-09-04 21:00:48,206039.54,SETTLED,B20260904-1
S902788,T102925,2026-09-04 21:11:48,51509.88,SETTLED,B20260904-1
S902789,T102926,2026-09-04 20:09:27,47433.22,SETTLED,B20260904-2
S902790,T102927,2026-09-04 08:16:55,223855.63,PENDING,B20260904-4
S902791,T102929,2026-09-04 22:47:08,31200.98,SETTLED,B20260904-6
S902792,T102930,2026-09-04 19:42:42,93818.35,SETTLED,B20260904-4
S902793,T102931,2026-09-04 10:22:36,204153.44,SETTLED,B20260904-2
S902794,T102932,2026-09-04 14:34:22,13524.33,SETTLED,B20260904-2
S902795,T102933,2026-09-04 22:32:05,37767.63,SETTLED,B20260904-2
S902796,T102935,2026-09-04 20:21:48,45285.13,SETTLED,B20260904-1
S902797,T102936,2026-09-04 17:46:13,138597.52,SETTLED,B20260904-3
S902798,T102937,2026-09-05 00:09:55,38354.60,SETTLED,B20260905-3
S902799,T102938,2026-09-04 15:41:02,19638.06,SETTLED,B20260904-1
S902800,T102939,2026-09-04 18:53:52,360826.13,SETTLED,B20260904-2
S902801,T102940,2026-09-04 14:05:51,45739.95,SETTLED,B20260904-2
S902802,T102941,2026-09-04 17:49:26,2629.55,SETTLED,B20260904-3
S902803,T102942,2026-09-04 11:10:37,3419.52,SETTLED,B20260904-3
S902804,T102944,2026-09-05 05:00:35,129274.37,SETTLED,B20260905-2
S902805,T102946,2026-09-04 11:44:31,103052.34,SETTLED,B20260904-6
S902806,T102947,2026-09-04 15:21:34,3891.09,SETTLED,B20260904-3
S902807,T102948,2026-09-04 09:00:28,135123.23,SETTLED,B20260904-2
S902808,T102949,2026-09-04 09:12:50,3078.90,SETTLED,B20260904-6
S902809,T102950,2026-09-04 23:39:12,73148.98,SETTLED,B20260904-4
S902810,T102951,2026-09-04 20:25:36,133267.10,SETTLED,B20260904-1
S902811,T102952,2026-09-04 22:29:53,117509.25,SETTLED,B20260904-2
S902812,T102954,2026-09-04 16:59:04,29399.48,SETTLED,B20260904-2
S902813,T102955,2026-09-04 16:32:51,3307.64,SETTLED,B20260904-5
S902814,T102956,2026-09-04 10:37:46,2324.34,SETTLED,B20260904-5
S902815,T102957,2026-09-04 17:27:11,3883.82,SETTLED,B20260904-3
S902816,T102958,2026-09-04 15:46:38,20589.44,SETTLED,B20260904-5
S902817,T102958,2026-09-04 15:52:38,5147.36,SETTLED,B20260904-4
S902818,T102959,2026-09-04 06:14:06,9426.86,SETTLED,B20260904-1
S902819,T102959,2026-09-04 06:19:06,2356.71,SETTLED,B20260904-2
S902820,T102960,2026-09-04 11:36:38,204004.21,SETTLED,B20260904-5
S902821,T102961,2026-09-04 18:34:01,2723.78,SETTLED,B20260904-1
S902822,T102962,2026-09-04 19:57:12,279360.66,SETTLED,B20260904-2
S902823,T102963,2026-09-04 12:42:57,150739.70,SETTLED,B20260904-6
S902824,T102964,2026-09-04 08:09:11,51428.84,SETTLED,B20260904-1
S902825,T102966,2026-09-04 17:48:09,2827.44,SETTLED,B20260904-5
S902826,T102967,2026-09-04 21:03:13,270673.30,SETTLED,B20260904-1
S902827,T102968,2026-09-04 12:56:52,340162.78,SETTLED,B20260904-3
S902828,T102969,2026-09-04 19:02:41,1044.82,SETTLED,B20260904-4
S902829,T102972,2026-09-04 17:09:10,12493.39,SETTLED,B20260904-3
S902830,T102972,2026-09-04 17:12:10,3123.35,SETTLED,B20260904-5
S902831,T102973,2026-09-04 17:46:23,261941.06,SETTLED,B20260904-6
S902832,T102974,2026-09-04 18:24:50,130725.99,SETTLED,B20260904-5
S902833,T102975,2026-09-04 09:54:50,325.47,SETTLED,B20260904-6
S902834,T102976,2026-09-04 17:16:48,234.75,SETTLED,B20260904-3
S902835,T102977,2026-09-04 12:41:42,57517.65,SETTLED,B20260904-2
S902836,T102978,2026-09-04 16:50:55,1411.54,SETTLED,B20260904-1
S902837,T102979,2026-09-04 08:39:12,257473.44,SETTLED,B20260904-4
S902838,T102980,2026-09-04 19:22:51,59272.38,SETTLED,B20260904-2
S902839,T102981,2026-09-04 20:26:50,187021.49,SETTLED,B20260904-4
S902840,T102982,2026-09-04 09:18:24,51672.03,SETTLED,B20260904-3
S902841,T102983,2026-09-04 19:41:39,1059.85,SETTLED,B20260904-3
S902842,T102984,2026-09-04 11:50:50,43322.87,SETTLED,B20260904-1
S902843,T102985,2026-09-04 19:11:45,744.51,SETTLED,B20260904-4
S902844,T102986,2026-09-04 11:35:01,818.10,SETTLED,B20260904-1
S902845,T102987,2026-09-04 19:12:40,356925.73,SETTLED,B20260904-3
S902846,T102988,2026-09-04 21:23:07,10650.43,SETTLED,B20260904-5
S902847,T102989,2026-09-04 17:55:35,340234.05,SETTLED,B20260904-3
S902848,T102990,2026-09-04 18:55:26,2362.00,PENDING,B20260904-4
S902849,T102991,2026-09-04 12:39:05,2862.97,SETTLED,B20260904-5
S902850,T102992,2026-09-04 08:19:19,2342.92,SETTLED,B20260904-4
S902851,T102993,2026-09-04 18:52:36,513.14,SETTLED,B20260904-6
S902852,T102994,2026-09-04 22:14:21,21090.39,SETTLED,B20260904-6
S902853,T102995,2026-09-04 20:32:14,60925.29,SETTLED,B20260904-5
S902854,T102996,2026-09-04 10:21:56,299013.23,SETTLED,B20260904-4
S902855,T102997,2026-09-04 11:48:04,266.26,SETTLED,B20260904-4
S902856,T102997,2026-09-04 12:00:04,66.57,SETTLED,B20260904-6
S902857,T102998,2026-09-04 08:14:23,304775.84,SETTLED,B20260904-4
S902858,T103000,2026-09-04 14:18:02,3196.00,SETTLED,B20260904-6
S902859,T103001,2026-09-04 17:28:49,18948.00,SETTLED,B20260904-1
S902860,T103002,2026-09-04 18:25:49,267859.92,SETTLED,B20260904-2
S902861,T103002,2026-09-04 18:28:49,66964.98,SETTLED,B20260904-1
S902862,T103003,2026-09-04 09:06:56,296181.61,SETTLED,B20260904-6
S902863,T103004,2026-09-04 10:19:25,365005.79,SETTLED,B20260904-3
S902864,T103006,2026-09-04 18:00:05,3173.45,SETTLED,B20260904-3
S902865,T103006,2026-09-04 18:12:05,793.36,SETTLED,B20260904-3
S902866,T103007,2026-09-04 13:40:18,360526.15,SETTLED,B20260904-3
S902867,T103008,2026-09-04 15:42:16,12339.30,SETTLED,B20260904-1
S902868,T103009,2026-09-04 17:27:07,218501.52,SETTLED,B20260904-6
S902869,T103010,2026-09-04 08:58:42,249771.29,SETTLED,B20260904-4
S902870,T103012,2026-09-04 10:24:36,2491.27,SETTLED,B20260904-5
S902871,T103015,2026-09-04 12:36:09,914.10,SETTLED,B20260904-6
S902872,T103016,2026-09-04 20:12:50,51272.88,SETTLED,B20260904-3
S902873,T103017,2026-09-04 16:12:43,44138.89,SETTLED,B20260904-6
S902874,T103018,2026-09-04 08:26:12,6295.10,SETTLED,B20260904-6
S902875,T103019,2026-09-04 21:09:40,57659.37,SETTLED,B20260904-4
S902876,T103020,2026-09-04 19:26:49,1935.63,SETTLED,B20260904-4
S902877,T103021,2026-09-04 11:21:31,176879.45,FAILED,B20260904-3
S902878,T103022,2026-09-04 16:44:55,181680.77,SETTLED,B20260904-2
S902879,T103022,2026-09-04 16:47:55,45420.19,SETTLED,B20260904-6
S902880,T103023,2026-09-04 22:23:58,6147.08,SETTLED,B20260904-4
S902881,T103024,2026-09-04 12:03:48,53025.35,SETTLED,B20260904-3
S902882,T103025,2026-09-04 20:23:07,228788.21,SETTLED,B20260904-6
S902883,T103027,2026-09-04 15:39:58,31733.84,SETTLED,B20260904-2
S902884,T103028,2026-09-04 10:53:13,991.32,SETTLED,B20260904-5
S902885,T103029,2026-09-04 12:52:15,58139.76,SETTLED,B20260904-3
S902886,T103030,2026-09-04 11:09:00,47314.00,SETTLED,B20260904-5
S902887,T103031,2026-09-04 13:28:44,380712.29,SETTLED,B20260904-6
S902888,T103032,2026-09-05 09:10:41,386878.75,SETTLED,B20260905-2
S902889,T103033,2026-09-04 17:54:45,1328.88,SETTLED,B20260904-5
S902890,T103034,2026-09-04 22:19:34,53798.84,SETTLED,B20260904-4
S902891,T103035,2026-09-04 19:16:41,338301.71,SETTLED,B20260904-1
S902892,T103036,2026-09-04 16:00:58,367541.91,SETTLED,B20260904-1
S902893,T103037,2026-09-04 06:22:39,233614.79,SETTLED,B20260904-3
S902894,T103038,2026-09-04 06:14:13,282.29,SETTLED,B20260904-3
S902895,T103039,2026-09-04 19:47:27,328712.66,SETTLED,B20260904-3
S902896,T103040,2026-09-04 21:43:10,3121.81,SETTLED,B20260904-2
S902897,T103041,2026-09-04 09:04:33,3893.07,SETTLED,B20260904-6
S902898,T103043,2026-09-04 23:04:40,292475.02,SETTLED,B20260904-6
S902899,T103043,2026-09-04 23:10:40,73118.76,SETTLED,B20260904-3
S902900,T103044,2026-09-04 18:32:54,577.66,SETTLED,B20260904-2
S902901,T103044,2026-09-04 18:40:54,144.42,SETTLED,B20260904-6
S902902,T103045,2026-09-05 09:34:32,66355.01,SETTLED,B20260905-3
S902903,T103046,2026-09-04 14:56:51,293968.55,SETTLED,B20260904-5
S902904,T103047,2026-09-04 21:29:41,14908.13,SETTLED,B20260904-4
S902905,T103049,2026-09-04 20:21:45,829.23,SETTLED,B20260904-6
S902906,T103050,2026-09-04 14:06:03,3497.70,SETTLED,B20260904-3
S902907,T103051,2026-09-04 07:39:36,332590.24,SETTLED,B20260904-6
S902908,T103052,2026-09-04 22:50:59,42174.48,SETTLED,B20260904-3
S902909,T103053,2026-09-04 20:22:14,17071.19,SETTLED,B20260904-1
S902910,T103054,2026-09-04 20:38:48,158468.82,SETTLED,B20260904-1
S902911,T103054,2026-09-04 20:41:48,39617.21,SETTLED,B20260904-2
S902912,T103055,2026-09-04 21:27:35,46463.43,SETTLED,B20260904-1
S902913,T103057,2026-09-05 07:27:06,6266.49,SETTLED,B20260905-1
S902914,T103058,2026-09-04 21:24:09,303930.29,SETTLED,B20260904-2
S902915,T103060,2026-09-04 20:48:43,3229.63,SETTLED,B20260904-3
S902916,T103061,2026-09-04 08:45:50,15346.55,SETTLED,B20260904-4
S902917,T103062,2026-09-04 16:24:04,388.78,SETTLED,B20260904-6
S902918,T103063,2026-09-04 10:50:02,266336.41,SETTLED,B20260904-6
S902919,T103064,2026-09-04 06:41:59,1150.07,SETTLED,B20260904-3
S902920,T103065,2026-09-04 19:59:28,3883.94,SETTLED,B20260904-5
S902921,T103067,2026-09-05 00:45:51,62213.83,PENDING,B20260905-3
S902922,T103068,2026-09-04 09:43:39,3637.61,SETTLED,B20260904-2
S902923,T103069,2026-09-04 06:56:26,3009.66,SETTLED,B20260904-3
S902924,T103071,2026-09-04 11:21:40,44818.62,SETTLED,B20260904-3
S902925,T103072,2026-09-04 22:15:17,379.32,SETTLED,B20260904-2
S902926,T103073,2026-09-04 08:25:56,262.37,SETTLED,B20260904-2
S902927,T103074,2026-09-04 17:04:59,2499.08,SETTLED,B20260904-2
S902928,T103075,2026-09-04 18:55:32,48214.66,SETTLED,B20260904-3
S902929,T103076,2026-09-04 13:22:00,8043.56,SETTLED,B20260904-6
S902930,T103077,2026-09-04 09:13:55,47174.87,SETTLED,B20260904-6
S902931,T103078,2026-09-04 11:33:58,3893.53,SETTLED,B20260904-5
S902932,T103080,2026-09-04 19:47:05,3567.97,SETTLED,B20260904-4
S902933,T103082,2026-09-04 19:06:17,19953.21,SETTLED,B20260904-6
S902934,T103083,2026-09-04 11:46:43,305860.00,SETTLED,B20260904-6
S902935,T103086,2026-09-04 08:13:54,1243.07,SETTLED,B20260904-2
S902936,T103087,2026-09-04 18:02:50,37054.81,SETTLED,B20260904-4
S902937,T103087,2026-09-04 18:08:50,9263.70,SETTLED,B20260904-2
S902938,T103088,2026-09-04 16:21:42,2991.76,SETTLED,B20260904-6
S902939,T103089,2026-09-04 13:15:58,220227.12,SETTLED,B20260904-5
S902940,T103090,2026-09-04 23:58:14,48195.51,SETTLED,B20260904-3
S902941,T103092,2026-09-04 11:30:17,2725.17,SETTLED,B20260904-5
S902942,T103092,2026-09-04 11:32:17,681.29,SETTLED,B20260904-2
S902943,T103094,2026-09-04 22:03:05,1092.44,SETTLED,B20260904-1
S902944,T103095,2026-09-04 14:55:22,47600.83,SETTLED,B20260904-6
S902945,T103096,2026-09-04 14:07:26,1103.49,SETTLED,B20260904-2
S902946,T103097,2026-09-04 19:55:22,302.37,SETTLED,B20260904-4
S902947,T103097,2026-09-04 20:06:22,75.59,SETTLED,B20260904-3
S902948,T103098,2026-09-04 09:14:58,52697.72,SETTLED,B20260904-5
S902949,T103099,2026-09-04 08:47:49,1867.14,SETTLED,B20260904-3
S902950,T103100,2026-09-04 06:36:45,2744.32,SETTLED,B20260904-2
S902951,T103101,2026-09-04 22:37:55,38393.85,SETTLED,B20260904-3
S902952,T103102,2026-09-04 10:35:21,3521.21,SETTLED,B20260904-3
S902953,T103103,2026-09-04 06:27:20,40215.69,SETTLED,B20260904-2
S902954,T103105,2026-09-04 17:17:55,3174.91,SETTLED,B20260904-1
S902955,T103107,2026-09-04 12:36:17,181725.05,SETTLED,B20260904-2
S902956,T103108,2026-09-04 15:17:58,17020.56,SETTLED,B20260904-3
S902957,T103109,2026-09-04 22:39:01,1069.75,SETTLED,B20260904-6
S902958,T103110,2026-09-04 09:36:40,2025.53,SETTLED,B20260904-3
S902959,T103112,2026-09-04 16:13:49,202228.02,SETTLED,B20260904-2
S902960,T103113,2026-09-04 16:01:25,3581.84,SETTLED,B20260904-2
S902961,T968158,2026-09-04 17:00:00,5314.19,SETTLED,B20260904-9
S902962,T913148,2026-09-04 10:00:00,11610.45,SETTLED,B20260904-9
S902963,T979416,2026-09-04 11:00:00,15327.28,SETTLED,B20260904-9
S902964,T964286,2026-09-04 17:00:00,7823.74,SETTLED,B20260904-9
S902965,T103114,2026-09-05 21:04:12,24979.02,PENDING,B20260905-4
S902966,T103115,2026-09-05 18:42:16,145278.94,SETTLED,B20260905-3
S902967,T103115,2026-09-05 18:46:16,36319.74,SETTLED,B20260905-4
S902968,T103116,2026-09-05 18:08:50,311.75,SETTLED,B20260905-2
S902969,T103118,2026-09-05 21:25:22,3355.16,SETTLED,B20260905-4
S902970,T103119,2026-09-05 19:33:51,357562.17,PENDING,B20260905-5
S902971,T103120,2026-09-05 08:00:24,2690.69,SETTLED,B20260905-6
S902972,T103120,2026-09-05 08:04:24,672.67,SETTLED,B20260905-6
S902973,T103121,2026-09-05 12:37:54,42154.56,SETTLED,B20260905-2
S902974,T103122,2026-09-05 10:10:36,322588.48,SETTLED,B20260905-6
S902975,T103123,2026-09-05 08:10:01,25788.25,SETTLED,B20260905-4
S902976,T103125,2026-09-05 20:47:39,28288.58,SETTLED,B20260905-1
S902977,T103126,2026-09-05 10:57:17,330460.38,SETTLED,B20260905-2
S902978,T103127,2026-09-05 12:45:14,3262.13,SETTLED,B20260905-1
S902979,T103128,2026-09-05 22:06:44,217680.64,SETTLED,B20260905-2
S902980,T103129,2026-09-05 10:49:15,3045.51,PENDING,B20260905-3
S902981,T103130,2026-09-05 15:33:35,78116.26,PENDING,B20260905-3
S902982,T103131,2026-09-05 10:42:21,3574.15,SETTLED,B20260905-3
S902983,T103132,2026-09-05 09:30:42,45595.93,SETTLED,B20260905-3
S902984,T103133,2026-09-05 09:20:44,386.97,SETTLED,B20260905-2
S902985,T103134,2026-09-05 18:36:42,45163.54,SETTLED,B20260905-4
S902986,T103135,2026-09-05 07:30:55,269236.19,SETTLED,B20260905-1
S902987,T103136,2026-09-05 14:37:15,13154.94,SETTLED,B20260905-2
S902988,T103137,2026-09-05 13:38:42,2433.09,SETTLED,B20260905-6
S902989,T103138,2026-09-05 09:04:11,988.61,SETTLED,B20260905-6
S902990,T103140,2026-09-05 11:33:01,1752.33,SETTLED,B20260905-3
S902991,T103142,2026-09-05 13:19:38,2865.24,SETTLED,B20260905-3
S902992,T103143,2026-09-05 14:54:18,222219.07,SETTLED,B20260905-6
S902993,T103144,2026-09-05 21:59:49,153053.44,SETTLED,B20260905-3
S902994,T103145,2026-09-06 09:49:28,229648.72,SETTLED,B20260906-4
S902995,T103146,2026-09-05 16:56:17,24027.57,SETTLED,B20260905-1
S902996,T103147,2026-09-05 14:13:19,57126.92,SETTLED,B20260905-3
S902997,T103148,2026-09-05 22:38:03,21565.31,SETTLED,B20260905-5
S902998,T103149,2026-09-05 15:37:44,10494.31,SETTLED,B20260905-1
S902999,T103150,2026-09-05 13:03:25,63507.99,SETTLED,B20260905-4
S903000,T103151,2026-09-05 15:36:10,239899.00,SETTLED,B20260905-5
S903001,T103152,2026-09-05 13:18:41,171120.22,SETTLED,B20260905-4
S903002,T103153,2026-09-05 21:41:01,396125.70,SETTLED,B20260905-6
S903003,T103154,2026-09-05 08:51:28,313143.71,SETTLED,B20260905-1
S903004,T103155,2026-09-05 18:36:15,323944.95,SETTLED,B20260905-3
S903005,T103156,2026-09-05 20:43:54,791.55,SETTLED,B20260905-4
S903006,T103158,2026-09-05 19:18:06,71063.79,SETTLED,B20260905-4
S903007,T103159,2026-09-05 16:44:57,1419.97,SETTLED,B20260905-3
S903008,T103161,2026-09-05 07:02:54,391.33,SETTLED,B20260905-1
S903009,T103162,2026-09-05 19:12:56,43013.47,SETTLED,B20260905-5
S903010,T103163,2026-09-05 22:15:54,15558.75,SETTLED,B20260905-4
S903011,T103164,2026-09-05 10:39:55,22803.26,SETTLED,B20260905-5
S903012,T103165,2026-09-05 11:54:55,2607.60,SETTLED,B20260905-4
S903013,T103166,2026-09-05 12:54:14,45117.12,SETTLED,B20260905-6
S903014,T103167,2026-09-05 19:59:20,59012.85,SETTLED,B20260905-1
S903015,T103168,2026-09-05 14:38:25,75132.34,SETTLED,B20260905-5
S903016,T103169,2026-09-05 08:57:35,50062.48,SETTLED,B20260905-3
S903017,T103170,2026-09-05 07:48:37,386864.73,SETTLED,B20260905-1
S903018,T103171,2026-09-06 02:02:21,1008.38,SETTLED,B20260906-6
S903019,T103172,2026-09-05 23:02:04,44957.40,SETTLED,B20260905-6
S903020,T103173,2026-09-05 17:29:30,41144.11,SETTLED,B20260905-3
S903021,T103174,2026-09-05 10:19:12,294535.44,SETTLED,B20260905-3
S903022,T103175,2026-09-05 07:52:10,2702.92,SETTLED,B20260905-3
S903023,T103176,2026-09-05 06:40:01,3996.65,SETTLED,B20260905-1
S903024,T103177,2026-09-05 19:00:32,395291.19,SETTLED,B20260905-2
S903025,T103178,2026-09-05 22:48:39,20434.53,SETTLED,B20260905-6
S903026,T103179,2026-09-05 14:24:44,41951.13,SETTLED,B20260905-3
S903027,T103180,2026-09-05 22:25:50,83288.76,SETTLED,B20260905-6
S903028,T103181,2026-09-05 10:49:41,244102.92,SETTLED,B20260905-3
S903029,T103182,2026-09-05 16:34:41,164.35,SETTLED,B20260905-1
S903030,T103183,2026-09-05 17:13:17,185820.13,SETTLED,B20260905-3
S903031,T103184,2026-09-05 21:44:15,163050.63,SETTLED,B20260905-6
S903032,T103185,2026-09-05 19:00:27,11068.01,SETTLED,B20260905-5
S903033,T103186,2026-09-05 17:47:14,49289.54,SETTLED,B20260905-1
S903034,T103187,2026-09-05 12:40:48,3296.02,SETTLED,B20260905-4
S903035,T103188,2026-09-05 15:45:38,44210.02,SETTLED,B20260905-4
S903036,T103189,2026-09-05 06:27:05,12979.38,SETTLED,B20260905-1
S903037,T103190,2026-09-05 07:36:50,14521.53,SETTLED,B20260905-5
S903038,T103191,2026-09-05 20:12:53,38837.82,SETTLED,B20260905-3
S903039,T103191,2026-09-05 20:14:53,9709.46,SETTLED,B20260905-5
S903040,T103192,2026-09-05 17:33:53,285755.18,SETTLED,B20260905-3
S903041,T103193,2026-09-05 12:59:54,271206.69,SETTLED,B20260905-6
S903042,T103193,2026-09-05 13:10:54,67801.67,SETTLED,B20260905-3
S903043,T103194,2026-09-05 20:30:43,196444.86,SETTLED,B20260905-5
S903044,T103195,2026-09-05 12:33:20,33967.15,SETTLED,B20260905-1
S903045,T103196,2026-09-05 10:14:37,232018.31,SETTLED,B20260905-5
S903046,T103197,2026-09-05 22:51:23,44400.69,SETTLED,B20260905-5
S903047,T103199,2026-09-05 18:13:53,262576.04,SETTLED,B20260905-6
S903048,T103200,2026-09-05 17:05:42,3345.36,SETTLED,B20260905-3
S903049,T103201,2026-09-05 06:54:18,11497.11,SETTLED,B20260905-2
S903050,T103202,2026-09-05 16:06:12,3704.05,SETTLED,B20260905-2
S903051,T103204,2026-09-05 18:01:39,109497.01,SETTLED,B20260905-4
S903052,T103205,2026-09-05 17:37:34,141331.30,SETTLED,B20260905-4
S903053,T103207,2026-09-05 23:24:27,381289.61,SETTLED,B20260905-6
S903054,T103208,2026-09-05 19:16:49,28556.62,SETTLED,B20260905-5
S903055,T103209,2026-09-05 18:36:31,344739.89,SETTLED,B20260905-2
S903056,T103211,2026-09-05 12:58:16,2922.34,SETTLED,B20260905-2
S903057,T103212,2026-09-05 21:55:47,281533.57,SETTLED,B20260905-3
S903058,T103215,2026-09-05 15:10:21,328904.36,SETTLED,B20260905-6
S903059,T103216,2026-09-05 22:47:46,259134.95,SETTLED,B20260905-1
S903060,T103218,2026-09-05 17:38:44,261.43,SETTLED,B20260905-4
S903061,T103219,2026-09-05 09:31:20,2737.50,SETTLED,B20260905-5
S903062,T103220,2026-09-05 12:21:25,3525.86,SETTLED,B20260905-3
S903063,T103221,2026-09-05 09:42:32,12946.22,SETTLED,B20260905-4
S903064,T103221,2026-09-05 09:45:32,3236.55,SETTLED,B20260905-6
S903065,T103222,2026-09-05 10:10:23,369304.86,SETTLED,B20260905-1
S903066,T103223,2026-09-05 12:21:42,58383.95,SETTLED,B20260905-4
S903067,T103224,2026-09-05 10:48:11,238.72,SETTLED,B20260905-2
S903068,T103225,2026-09-05 12:06:44,646.73,SETTLED,B20260905-5
S903069,T103226,2026-09-05 17:59:11,844.44,SETTLED,B20260905-2
S903070,T103227,2026-09-05 12:14:18,109273.66,SETTLED,B20260905-4
S903071,T103228,2026-09-05 10:07:16,152517.09,SETTLED,B20260905-5
S903072,T103228,2026-09-05 10:08:16,38129.27,SETTLED,B20260905-5
S903073,T103229,2026-09-05 08:52:05,8864.44,SETTLED,B20260905-2
S903074,T103230,2026-09-05 15:59:02,27499.34,FAILED,B20260905-5
S903075,T103231,2026-09-05 18:46:09,5352.15,PENDING,B20260905-6
S903076,T103232,2026-09-05 17:10:41,55319.40,SETTLED,B20260905-2
S903077,T103233,2026-09-05 10:42:31,237916.10,SETTLED,B20260905-6
S903078,T103234,2026-09-05 08:11:17,247361.87,SETTLED,B20260905-4
S903079,T103235,2026-09-05 20:01:46,8253.45,SETTLED,B20260905-4
S903080,T103236,2026-09-05 16:54:32,2069.69,SETTLED,B20260905-1
S903081,T103237,2026-09-05 12:48:27,39459.46,SETTLED,B20260905-5
S903082,T103238,2026-09-05 18:26:23,38460.85,SETTLED,B20260905-2
S903083,T103239,2026-09-05 22:10:37,156679.27,SETTLED,B20260905-6
S903084,T103240,2026-09-05 15:09:27,183730.46,SETTLED,B20260905-3
S903085,T103241,2026-09-05 07:05:54,587.07,SETTLED,B20260905-3
S903086,T103242,2026-09-05 15:36:41,294727.48,SETTLED,B20260905-1
S903087,T103243,2026-09-05 19:18:26,2199.11,SETTLED,B20260905-6
S903088,T103244,2026-09-05 22:04:20,70926.05,SETTLED,B20260905-3
S903089,T103246,2026-09-05 10:51:26,56345.16,SETTLED,B20260905-5
S903090,T103247,2026-09-05 20:53:25,320545.22,SETTLED,B20260905-5
S903091,T103248,2026-09-05 08:30:25,379709.33,SETTLED,B20260905-4
S903092,T103249,2026-09-05 15:18:20,40570.27,SETTLED,B20260905-4
S903093,T103250,2026-09-05 15:03:51,23784.80,SETTLED,B20260905-4
S903094,T103251,2026-09-05 09:39:50,181701.33,SETTLED,B20260905-3
S903095,T103251,2026-09-05 09:41:50,45425.33,SETTLED,B20260905-5
S903096,T103252,2026-09-05 12:11:04,809.61,SETTLED,B20260905-6
S903097,T103253,2026-09-05 21:00:12,57876.75,SETTLED,B20260905-1
S903098,T103254,2026-09-05 14:24:11,1130.97,SETTLED,B20260905-4
S903099,T103255,2026-09-05 13:04:51,1052.25,SETTLED,B20260905-5
S903100,T103256,2026-09-05 13:28:32,238047.31,SETTLED,B20260905-1
S903101,T103257,2026-09-05 14:04:58,385628.98,SETTLED,B20260905-1
S903102,T103258,2026-09-05 22:29:51,3562.87,SETTLED,B20260905-2
S903103,T103259,2026-09-05 12:59:29,20440.63,SETTLED,B20260905-2
S903104,T103260,2026-09-05 21:34:47,125139.33,SETTLED,B20260905-2
S903105,T103262,2026-09-05 07:46:55,385095.21,SETTLED,B20260905-2
S903106,T103263,2026-09-05 14:23:48,255772.92,SETTLED,B20260905-3
S903107,T103264,2026-09-05 17:02:21,15359.17,SETTLED,B20260905-1
S903108,T103265,2026-09-05 19:21:03,43132.60,SETTLED,B20260905-4
S903109,T103266,2026-09-05 12:47:54,1051.18,SETTLED,B20260905-1
S903110,T103268,2026-09-06 12:31:29,2586.02,SETTLED,B20260906-4
S903111,T103269,2026-09-05 08:12:25,219568.36,SETTLED,B20260905-2
S903112,T103270,2026-09-05 15:09:34,44876.19,SETTLED,B20260905-4
S903113,T103271,2026-09-05 10:47:22,229428.62,SETTLED,B20260905-4
S903114,T103272,2026-09-05 09:59:05,2015.11,SETTLED,B20260905-2
S903115,T103273,2026-09-05 13:09:34,164203.11,SETTLED,B20260905-2
S903116,T103274,2026-09-05 11:46:24,24865.21,SETTLED,B20260905-4
S903117,T103274,2026-09-05 11:53:24,6216.30,SETTLED,B20260905-6
S903118,T103275,2026-09-05 16:00:10,56917.36,SETTLED,B20260905-1
S903119,T103276,2026-09-05 10:48:01,398953.61,SETTLED,B20260905-3
S903120,T103277,2026-09-05 20:47:30,349003.75,SETTLED,B20260905-3
S903121,T103278,2026-09-05 18:39:58,382464.34,SETTLED,B20260905-6
S903122,T103279,2026-09-05 12:59:38,2949.60,SETTLED,B20260905-3
S903123,T103280,2026-09-05 18:14:24,36781.08,SETTLED,B20260905-6
S903124,T103281,2026-09-05 21:17:18,16715.41,SETTLED,B20260905-2
S903125,T103282,2026-09-05 16:51:16,89768.37,SETTLED,B20260905-3
S903126,T103283,2026-09-05 07:43:08,230716.33,SETTLED,B20260905-5
S903127,T103284,2026-09-05 18:39:06,95688.05,SETTLED,B20260905-3
S903128,T103285,2026-09-05 14:21:42,22906.50,SETTLED,B20260905-2
S903129,T103286,2026-09-06 08:13:00,864.04,SETTLED,B20260906-6
S903130,T103287,2026-09-05 20:58:27,50192.72,SETTLED,B20260905-5
S903131,T103288,2026-09-05 07:43:26,230224.90,SETTLED,B20260905-2
S903132,T103289,2026-09-05 18:36:59,799.72,SETTLED,B20260905-2
S903133,T103290,2026-09-05 22:26:07,103663.77,SETTLED,B20260905-3
S903134,T103291,2026-09-05 10:49:53,15041.23,SETTLED,B20260905-3
S903135,T103292,2026-09-05 12:24:33,196584.90,SETTLED,B20260905-2
S903136,T103293,2026-09-05 16:50:03,95325.01,SETTLED,B20260905-5
S903137,T103294,2026-09-05 08:53:38,45349.26,SETTLED,B20260905-3
S903138,T103296,2026-09-05 18:35:37,37737.43,SETTLED,B20260905-2
S903139,T103297,2026-09-05 12:32:20,1447.10,SETTLED,B20260905-6
S903140,T103297,2026-09-05 12:38:20,361.78,SETTLED,B20260905-6
S903141,T103299,2026-09-05 20:14:44,841.19,SETTLED,B20260905-5
S903142,T103300,2026-09-05 17:02:44,2269.87,SETTLED,B20260905-4
S903143,T103301,2026-09-05 16:35:10,250830.13,PENDING,B20260905-3
S903144,T103302,2026-09-05 11:14:22,2590.86,SETTLED,B20260905-3
S903145,T103303,2026-09-05 15:46:01,40981.29,SETTLED,B20260905-4
S903146,T103304,2026-09-05 14:37:14,29520.16,SETTLED,B20260905-5
S903147,T103305,2026-09-05 21:37:21,182303.95,SETTLED,B20260905-3
S903148,T103306,2026-09-05 18:49:10,3289.62,SETTLED,B20260905-5
S903149,T103308,2026-09-05 08:08:12,31123.32,SETTLED,B20260905-6
S903150,T103308,2026-09-05 08:12:12,7780.83,SETTLED,B20260905-5
S903151,T103309,2026-09-05 16:06:45,49439.07,SETTLED,B20260905-3
S903152,T103309,2026-09-05 16:14:45,12359.77,SETTLED,B20260905-6
S903153,T103311,2026-09-05 10:31:17,2624.92,SETTLED,B20260905-2
S903154,T103312,2026-09-05 21:37:52,25810.59,SETTLED,B20260905-6
S903155,T103313,2026-09-05 08:25:26,312074.70,SETTLED,B20260905-4
S903156,T103314,2026-09-05 13:45:53,159683.46,SETTLED,B20260905-6
S903157,T103315,2026-09-05 07:34:06,10371.53,SETTLED,B20260905-1
S903158,T103316,2026-09-05 11:25:07,1798.07,SETTLED,B20260905-5
S903159,T103317,2026-09-05 15:14:50,102129.74,SETTLED,B20260905-6
S903160,T103318,2026-09-06 14:41:32,46198.88,PENDING,B20260906-5
S903161,T103319,2026-09-05 07:01:15,3634.81,SETTLED,B20260905-5
S903162,T103321,2026-09-05 19:08:12,210094.60,SETTLED,B20260905-4
S903163,T103322,2026-09-05 10:37:21,118220.76,SETTLED,B20260905-4
S903164,T103323,2026-09-05 12:02:31,4788.57,SETTLED,B20260905-6
S903165,T103324,2026-09-05 20:01:18,1776.48,SETTLED,B20260905-6
S903166,T103325,2026-09-05 13:55:37,314.18,SETTLED,B20260905-5
S903167,T103325,2026-09-05 14:06:37,78.54,SETTLED,B20260905-2
S903168,T103327,2026-09-05 16:27:37,754.14,SETTLED,B20260905-6
S903169,T103328,2026-09-05 14:14:37,217039.25,SETTLED,B20260905-3
S903170,T103330,2026-09-05 13:30:52,57245.00,SETTLED,B20260905-6
S903171,T103331,2026-09-05 16:40:17,79746.25,SETTLED,B20260905-2
S903172,T103331,2026-09-05 16:44:17,19936.56,SETTLED,B20260905-6
S903173,T103332,2026-09-05 07:36:48,40549.18,SETTLED,B20260905-3
S903174,T103333,2026-09-05 18:54:57,239327.45,SETTLED,B20260905-4
S903175,T103334,2026-09-05 22:07:27,13157.05,SETTLED,B20260905-2
S903176,T103335,2026-09-05 10:42:56,673.94,SETTLED,B20260905-5
S903177,T103336,2026-09-05 16:13:51,23294.66,SETTLED,B20260905-5
S903178,T103337,2026-09-05 13:16:34,182946.05,SETTLED,B20260905-5
S903179,T103338,2026-09-05 20:19:28,93524.12,SETTLED,B20260905-1
S903180,T103339,2026-09-05 06:27:46,142935.53,SETTLED,B20260905-4
S903181,T103341,2026-09-05 17:54:11,377346.78,SETTLED,B20260905-3
S903182,T103342,2026-09-05 10:35:46,22933.44,SETTLED,B20260905-3
S903183,T103343,2026-09-05 20:46:15,43093.96,SETTLED,B20260905-4
S903184,T103344,2026-09-05 13:23:18,48702.12,FAILED,B20260905-2
S903185,T103345,2026-09-05 19:36:52,2556.29,SETTLED,B20260905-4
S903186,T103346,2026-09-05 11:59:55,10444.79,SETTLED,B20260905-1
S903187,T103347,2026-09-05 11:36:17,9779.98,SETTLED,B20260905-4
S903188,T103348,2026-09-06 05:02:15,42264.30,SETTLED,B20260906-5
S903189,T103349,2026-09-05 17:05:56,1979.34,SETTLED,B20260905-3
S903190,T103350,2026-09-05 08:32:02,55707.85,SETTLED,B20260905-1
S903191,T103351,2026-09-05 16:46:42,11987.10,SETTLED,B20260905-3
S903192,T103353,2026-09-05 16:55:21,50917.93,SETTLED,B20260905-3
S903193,T103354,2026-09-05 14:52:46,263866.24,SETTLED,B20260905-1
S903194,T103355,2026-09-05 19:04:16,135251.23,SETTLED,B20260905-1
S903195,T103357,2026-09-05 19:24:53,56966.33,SETTLED,B20260905-2
S903196,T103358,2026-09-05 14:36:19,373960.15,SETTLED,B20260905-5
S903197,T103359,2026-09-05 16:34:13,3274.46,SETTLED,B20260905-6
S903198,T103362,2026-09-05 06:22:49,636.35,SETTLED,B20260905-6
S903199,T103363,2026-09-05 19:08:59,44802.50,SETTLED,B20260905-5
S903200,T103363,2026-09-05 19:15:59,11200.63,SETTLED,B20260905-2
S903201,T103364,2026-09-05 07:31:53,3121.44,SETTLED,B20260905-1
S903202,T103365,2026-09-05 16:00:02,199794.23,SETTLED,B20260905-6
S903203,T103366,2026-09-05 21:33:04,2507.82,SETTLED,B20260905-4
S903204,T103367,2026-09-05 17:47:13,1939.03,SETTLED,B20260905-2
S903205,T103368,2026-09-05 12:40:25,25642.56,SETTLED,B20260905-6
S903206,T103369,2026-09-05 22:05:37,3341.61,SETTLED,B20260905-4
S903207,T103370,2026-09-05 20:19:35,1431.91,SETTLED,B20260905-6
S903208,T103371,2026-09-05 15:18:07,383196.35,SETTLED,B20260905-2
S903209,T103372,2026-09-05 12:06:08,1474.05,SETTLED,B20260905-3
S903210,T103373,2026-09-05 13:45:31,171769.98,SETTLED,B20260905-5
S903211,T103373,2026-09-05 13:46:31,42942.49,SETTLED,B20260905-3
S903212,T103374,2026-09-05 13:15:08,281335.51,SETTLED,B20260905-2
S903213,T103376,2026-09-05 12:58:25,20597.52,SETTLED,B20260905-1
S903214,T103378,2026-09-05 22:45:52,2634.81,SETTLED,B20260905-1
S903215,T103378,2026-09-05 22:48:52,658.70,SETTLED,B20260905-6
S903216,T103379,2026-09-05 12:08:03,44977.16,SETTLED,B20260905-4
S903217,T103380,2026-09-05 07:53:36,227778.71,SETTLED,B20260905-2
S903218,T103381,2026-09-05 08:59:51,70954.00,SETTLED,B20260905-6
S903219,T103382,2026-09-05 19:59:46,3129.53,SETTLED,B20260905-2
S903220,T103383,2026-09-05 13:10:24,31872.66,SETTLED,B20260905-2
S903221,T103384,2026-09-05 11:22:13,42983.11,SETTLED,B20260905-2
S903222,T103385,2026-09-05 19:59:40,29611.44,SETTLED,B20260905-4
S903223,T103386,2026-09-05 16:55:32,1465.91,SETTLED,B20260905-1
S903224,T103387,2026-09-05 11:35:14,54784.82,SETTLED,B20260905-1
S903225,T103388,2026-09-05 17:51:29,74545.12,SETTLED,B20260905-1
S903226,T103389,2026-09-05 16:37:53,80853.20,SETTLED,B20260905-3
S903227,T103390,2026-09-05 16:46:57,213289.37,PENDING,B20260905-1
S903228,T103390,2026-09-05 16:55:57,53322.34,SETTLED,B20260905-1
S903229,T103391,2026-09-05 12:42:52,108431.56,SETTLED,B20260905-2
S903230,T103392,2026-09-05 10:30:35,273836.04,SETTLED,B20260905-6
S903231,T103393,2026-09-06 09:05:24,173872.64,SETTLED,B20260906-2
S903232,T103394,2026-09-05 18:45:34,117210.62,SETTLED,B20260905-3
S903233,T103395,2026-09-05 20:47:26,3763.97,SETTLED,B20260905-5
S903234,T103396,2026-09-05 19:59:56,385411.07,SETTLED,B20260905-6
S903235,T103397,2026-09-05 16:39:35,1463.77,SETTLED,B20260905-3
S903236,T103398,2026-09-05 20:25:55,22305.36,SETTLED,B20260905-6
S903237,T103399,2026-09-05 19:10:12,64391.06,SETTLED,B20260905-3
S903238,T103400,2026-09-05 12:32:42,409.57,SETTLED,B20260905-3
S903239,T103400,2026-09-05 12:43:42,102.39,SETTLED,B20260905-2
S903240,T103401,2026-09-05 13:12:09,38027.45,SETTLED,B20260905-5
S903241,T103402,2026-09-05 22:21:52,11981.94,SETTLED,B20260905-3
S903242,T103403,2026-09-05 13:51:35,306676.50,SETTLED,B20260905-3
S903243,T103404,2026-09-06 06:03:42,853.46,SETTLED,B20260906-1
S903244,T103405,2026-09-05 08:56:28,786.18,SETTLED,B20260905-3
S903245,T103406,2026-09-05 17:59:34,7277.52,SETTLED,B20260905-2
S903246,T103407,2026-09-05 07:25:44,250372.28,SETTLED,B20260905-6
S903247,T103408,2026-09-05 18:41:51,3570.90,SETTLED,B20260905-4
S903248,T103410,2026-09-05 10:22:00,368560.54,SETTLED,B20260905-4
S903249,T103412,2026-09-05 18:58:43,3669.59,SETTLED,B20260905-4
S903250,T103414,2026-09-05 12:00:36,2683.25,SETTLED,B20260905-3
S903251,T103415,2026-09-05 09:05:07,686.02,SETTLED,B20260905-1
S903252,T103417,2026-09-05 08:31:12,43781.69,SETTLED,B20260905-5
S903253,T103419,2026-09-05 08:27:14,643.24,SETTLED,B20260905-2
S903254,T103420,2026-09-05 19:00:43,3256.43,SETTLED,B20260905-3
S903255,T103422,2026-09-05 21:56:34,3195.49,SETTLED,B20260905-4
S903256,T103423,2026-09-05 19:56:35,25825.79,SETTLED,B20260905-2
S903257,T103424,2026-09-05 09:41:36,66811.24,SETTLED,B20260905-2
S903258,T103426,2026-09-05 07:19:23,3331.08,SETTLED,B20260905-1
S903259,T103427,2026-09-05 17:04:53,1225.51,SETTLED,B20260905-2
S903260,T103427,2026-09-05 17:13:53,306.38,SETTLED,B20260905-2
S903261,T103428,2026-09-05 19:13:17,39676.93,SETTLED,B20260905-6
S903262,T103428,2026-09-05 19:20:17,9919.23,SETTLED,B20260905-3
S903263,T103429,2026-09-05 22:04:47,977.27,FAILED,B20260905-5
S903264,T103430,2026-09-05 08:22:38,3595.87,SETTLED,B20260905-4
S903265,T103431,2026-09-05 17:59:43,3171.79,SETTLED,B20260905-6
S903266,T103432,2026-09-05 10:09:14,38679.89,SETTLED,B20260905-5
S903267,T103433,2026-09-05 11:16:56,34796.95,SETTLED,B20260905-4
S903268,T103434,2026-09-05 19:37:05,253236.88,SETTLED,B20260905-2
S903269,T103435,2026-09-05 11:17:31,3869.89,SETTLED,B20260905-6
S903270,T103436,2026-09-06 09:44:49,255148.41,SETTLED,B20260906-4
S903271,T103437,2026-09-05 10:10:09,238.05,SETTLED,B20260905-1
S903272,T103438,2026-09-05 11:26:02,2254.50,SETTLED,B20260905-2
S903273,T103439,2026-09-05 10:00:33,34662.42,PENDING,B20260905-3
S903274,T103439,2026-09-05 10:08:33,8665.61,SETTLED,B20260905-1
S903275,T103440,2026-09-05 16:54:16,2217.88,SETTLED,B20260905-6
S903276,T103441,2026-09-05 16:50:38,212584.85,SETTLED,B20260905-2
S903277,T103443,2026-09-05 09:58:52,2488.07,SETTLED,B20260905-5
S903278,T103444,2026-09-05 08:55:17,1854.76,SETTLED,B20260905-5
S903279,T103444,2026-09-05 09:01:17,463.69,SETTLED,B20260905-4
S903280,T103445,2026-09-05 19:41:33,349737.71,SETTLED,B20260905-1
S903281,T103446,2026-09-05 20:08:20,2026.49,SETTLED,B20260905-1
S903282,T103447,2026-09-05 19:28:29,1580.48,SETTLED,B20260905-3
S903283,T103448,2026-09-05 10:32:26,171844.20,SETTLED,B20260905-5
S903284,T103449,2026-09-05 11:36:24,124047.18,SETTLED,B20260905-1
S903285,T103450,2026-09-05 14:59:31,23579.80,SETTLED,B20260905-3
S903286,T103451,2026-09-05 10:15:35,552.06,SETTLED,B20260905-5
S903287,T103452,2026-09-05 21:44:21,44286.81,SETTLED,B20260905-6
S903288,T103453,2026-09-05 10:09:03,156334.45,SETTLED,B20260905-1
S903289,T103455,2026-09-05 13:07:28,24578.82,SETTLED,B20260905-2
S903290,T103455,2026-09-05 13:08:28,6144.71,SETTLED,B20260905-4
S903291,T103456,2026-09-05 07:03:59,2135.42,SETTLED,B20260905-2
S903292,T103457,2026-09-05 09:47:44,3522.85,SETTLED,B20260905-1
S903293,T103458,2026-09-05 13:57:16,37277.71,SETTLED,B20260905-6
S903294,T103459,2026-09-05 07:35:33,5293.15,SETTLED,B20260905-1
S903295,T103460,2026-09-05 08:57:49,17799.38,SETTLED,B20260905-4
S903296,T103461,2026-09-05 17:25:11,371929.85,FAILED,B20260905-4
S903297,T103462,2026-09-05 09:10:56,241206.76,PENDING,B20260905-3
S903298,T103463,2026-09-05 16:52:13,1355.28,SETTLED,B20260905-5
S903299,T103464,2026-09-05 14:46:56,81804.38,SETTLED,B20260905-3
S903300,T103465,2026-09-05 22:47:12,119641.51,SETTLED,B20260905-5
S903301,T103466,2026-09-05 18:54:34,93107.24,SETTLED,B20260905-2
S903302,T103467,2026-09-05 10:38:05,22281.47,SETTLED,B20260905-4
S903303,T103468,2026-09-05 17:20:48,340927.12,SETTLED,B20260905-2
S903304,T103469,2026-09-05 09:19:26,1412.91,SETTLED,B20260905-4
S903305,T103470,2026-09-05 15:38:49,2799.97,SETTLED,B20260905-4
S903306,T103471,2026-09-05 21:00:23,26486.04,SETTLED,B20260905-2
S903307,T103474,2026-09-05 20:02:25,3539.83,SETTLED,B20260905-4
S903308,T103475,2026-09-05 08:24:39,3619.03,SETTLED,B20260905-4
S903309,T103477,2026-09-05 18:33:26,58858.28,SETTLED,B20260905-1
S903310,T103478,2026-09-05 17:53:10,16968.78,SETTLED,B20260905-1
S903311,T103479,2026-09-05 13:51:31,2227.67,SETTLED,B20260905-3
S903312,T103481,2026-09-05 15:11:52,111418.94,SETTLED,B20260905-2
S903313,T103482,2026-09-05 18:59:16,34238.97,SETTLED,B20260905-6
S903314,T103483,2026-09-05 13:03:41,27849.82,SETTLED,B20260905-4
S903315,T103484,2026-09-05 17:55:52,316975.08,SETTLED,B20260905-5
S903316,T103485,2026-09-05 20:55:08,6115.14,SETTLED,B20260905-3
S903317,T103485,2026-09-05 21:04:08,1528.78,SETTLED,B20260905-2
S903318,T103486,2026-09-05 14:42:37,211008.57,SETTLED,B20260905-1
S903319,T103487,2026-09-05 06:26:45,4564.67,SETTLED,B20260905-4
S903320,T103488,2026-09-05 15:53:28,4910.49,SETTLED,B20260905-5
S903321,T103489,2026-09-05 14:05:55,2130.19,SETTLED,B20260905-1
S903322,T103490,2026-09-05 20:38:51,385944.83,SETTLED,B20260905-5
S903323,T103491,2026-09-05 09:17:53,1431.45,SETTLED,B20260905-2
S903324,T103493,2026-09-05 12:56:29,38605.39,SETTLED,B20260905-4
S903325,T103494,2026-09-05 18:15:48,52731.32,PENDING,B20260905-6
S903326,T103495,2026-09-05 15:46:27,285069.71,SETTLED,B20260905-1
S903327,T103496,2026-09-05 21:56:14,275297.62,SETTLED,B20260905-5
S903328,T103497,2026-09-05 11:34:32,366364.69,SETTLED,B20260905-3
S903329,T103498,2026-09-05 06:19:57,76858.86,SETTLED,B20260905-5
S903330,T103499,2026-09-05 14:29:53,3330.77,SETTLED,B20260905-1
S903331,T103500,2026-09-05 14:58:58,3740.90,SETTLED,B20260905-3
S903332,T103501,2026-09-05 16:08:36,107826.88,SETTLED,B20260905-3
S903333,T103503,2026-09-05 17:55:02,58396.25,SETTLED,B20260905-2
S903334,T103504,2026-09-05 09:50:33,394490.72,SETTLED,B20260905-4
S903335,T103505,2026-09-05 09:38:10,31126.31,PENDING,B20260905-3
S903336,T103506,2026-09-05 08:28:56,2963.37,SETTLED,B20260905-2
S903337,T103507,2026-09-05 18:33:35,17232.46,SETTLED,B20260905-4
S903338,T103509,2026-09-05 07:03:57,40835.72,SETTLED,B20260905-6
S903339,T103510,2026-09-06 02:46:19,876.44,SETTLED,B20260906-4
S903340,T103512,2026-09-05 20:41:04,28355.77,FAILED,B20260905-2
S903341,T103513,2026-09-05 16:49:52,9695.00,SETTLED,B20260905-4
S903342,T103514,2026-09-05 21:06:03,41653.38,SETTLED,B20260905-5
S903343,T103515,2026-09-05 22:56:56,309507.23,PENDING,B20260905-4
S903344,T103516,2026-09-05 13:48:45,47106.15,SETTLED,B20260905-5
S903345,T103517,2026-09-05 06:55:09,2436.62,SETTLED,B20260905-6
S903346,T103520,2026-09-05 20:32:05,538.29,SETTLED,B20260905-3
S903347,T103521,2026-09-05 10:41:36,217.73,SETTLED,B20260905-6
S903348,T103522,2026-09-05 19:30:52,393875.64,SETTLED,B20260905-6
S903349,T103523,2026-09-05 18:28:17,41705.46,SETTLED,B20260905-6
S903350,T103523,2026-09-05 18:31:17,10426.37,SETTLED,B20260905-6
S903351,T103524,2026-09-05 15:35:14,34847.17,SETTLED,B20260905-1
S903352,T103525,2026-09-05 20:18:14,18506.56,SETTLED,B20260905-3
S903353,T103526,2026-09-05 22:34:48,2078.33,SETTLED,B20260905-1
S903354,T103527,2026-09-05 21:58:43,396959.13,SETTLED,B20260905-2
S903355,T103528,2026-09-05 22:48:10,134252.51,SETTLED,B20260905-4
S903356,T103529,2026-09-06 10:28:12,2388.18,SETTLED,B20260906-6
S903357,T103530,2026-09-05 21:04:38,76460.28,SETTLED,B20260905-3
S903358,T103531,2026-09-05 11:47:46,1749.01,SETTLED,B20260905-3
S903359,T103532,2026-09-05 13:01:51,1601.77,SETTLED,B20260905-1
S903360,T103533,2026-09-05 07:21:16,24959.46,SETTLED,B20260905-5
S903361,T103533,2026-09-05 07:24:16,6239.87,SETTLED,B20260905-5
S903362,T103534,2026-09-05 11:37:03,3677.96,SETTLED,B20260905-3
S903363,T103535,2026-09-05 13:08:14,196106.33,SETTLED,B20260905-6
S903364,T103536,2026-09-05 11:41:49,151409.72,SETTLED,B20260905-3
S903365,T103537,2026-09-05 11:00:01,30979.94,SETTLED,B20260905-4
S903366,T103538,2026-09-05 10:39:07,875.67,SETTLED,B20260905-3
S903367,T103539,2026-09-05 23:07:20,9591.44,SETTLED,B20260905-2
S903368,T103540,2026-09-05 21:01:27,18066.19,SETTLED,B20260905-2
S903369,T103541,2026-09-05 13:40:51,1486.65,PENDING,B20260905-3
S903370,T103541,2026-09-05 13:52:51,371.66,SETTLED,B20260905-1
S903371,T103542,2026-09-05 07:57:15,49389.32,SETTLED,B20260905-2
S903372,T103543,2026-09-05 19:33:42,269139.61,SETTLED,B20260905-2
S903373,T103544,2026-09-05 07:23:59,185365.52,SETTLED,B20260905-6
S903374,T103546,2026-09-05 10:07:08,289420.01,SETTLED,B20260905-2
S903375,T103547,2026-09-05 19:15:17,135028.04,SETTLED,B20260905-6
S903376,T103549,2026-09-05 20:19:29,30321.56,FAILED,B20260905-2
S903377,T103550,2026-09-05 14:02:50,238744.04,SETTLED,B20260905-2
S903378,T103551,2026-09-05 10:47:15,305785.90,SETTLED,B20260905-4
S903379,T103552,2026-09-05 11:01:09,157516.42,SETTLED,B20260905-2
S903380,T103553,2026-09-05 08:38:46,36921.22,SETTLED,B20260905-6
S903381,T103554,2026-09-05 09:37:37,398076.34,SETTLED,B20260905-3
S903382,T103555,2026-09-05 16:03:35,18109.71,SETTLED,B20260905-2
S903383,T103556,2026-09-05 13:27:08,30631.73,SETTLED,B20260905-6
S903384,T103557,2026-09-05 19:48:45,27108.77,SETTLED,B20260905-2
S903385,T103558,2026-09-05 06:23:28,680.26,SETTLED,B20260905-3
S903386,T103559,2026-09-05 19:39:41,183030.68,SETTLED,B20260905-6
S903387,T103560,2026-09-05 17:07:25,774.12,SETTLED,B20260905-1
S903388,T103561,2026-09-05 18:41:35,67935.59,SETTLED,B20260905-3
S903389,T103563,2026-09-05 20:31:58,3047.61,SETTLED,B20260905-4
S903390,T103565,2026-09-05 06:59:35,3205.30,SETTLED,B20260905-6
S903391,T103566,2026-09-05 18:45:29,333188.86,SETTLED,B20260905-3
S903392,T103567,2026-09-05 18:18:54,2112.94,SETTLED,B20260905-4
S903393,T103568,2026-09-05 16:02:41,2967.99,SETTLED,B20260905-6
S903394,T103569,2026-09-05 06:37:05,279661.34,SETTLED,B20260905-6
S903395,T103570,2026-09-05 17:52:09,265757.90,SETTLED,B20260905-3
S903396,T103571,2026-09-05 20:56:41,203285.96,SETTLED,B20260905-4
S903397,T103572,2026-09-05 17:07:14,24147.63,SETTLED,B20260905-4
S903398,T103573,2026-09-05 19:56:01,2635.06,SETTLED,B20260905-1
S903399,T103573,2026-09-05 20:00:01,658.77,SETTLED,B20260905-2
S903400,T103574,2026-09-05 11:53:08,232.76,SETTLED,B20260905-4
S903401,T103575,2026-09-05 20:12:34,231158.81,SETTLED,B20260905-1
S903402,T103576,2026-09-05 21:52:13,33688.36,SETTLED,B20260905-5
S903403,T103576,2026-09-05 21:56:13,8422.09,SETTLED,B20260905-2
S903404,T103578,2026-09-05 08:40:08,78417.88,SETTLED,B20260905-3
S903405,T103579,2026-09-06 02:24:18,3310.24,SETTLED,B20260906-6
S903406,T103580,2026-09-05 06:44:25,242578.08,SETTLED,B20260905-2
S903407,T103581,2026-09-05 09:53:23,1985.36,SETTLED,B20260905-3
S903408,T103582,2026-09-05 11:26:15,96271.79,SETTLED,B20260905-3
S903409,T103583,2026-09-05 18:56:40,2184.88,SETTLED,B20260905-6
S903410,T103584,2026-09-05 19:05:57,295342.31,SETTLED,B20260905-3
S903411,T103585,2026-09-05 09:18:47,14142.22,SETTLED,B20260905-1
S903412,T103586,2026-09-05 15:28:59,131039.28,SETTLED,B20260905-1
S903413,T103588,2026-09-05 08:38:54,15613.44,SETTLED,B20260905-3
S903414,T103589,2026-09-05 06:51:55,48483.27,SETTLED,B20260905-5
S903415,T103590,2026-09-05 16:21:11,92734.96,SETTLED,B20260905-5
S903416,T103593,2026-09-05 10:01:24,2650.30,SETTLED,B20260905-5
S903417,T103593,2026-09-05 10:01:24,662.58,SETTLED,B20260905-4
S903418,T103594,2026-09-05 19:17:24,397390.65,SETTLED,B20260905-5
S903419,T103595,2026-09-05 09:02:39,17128.53,SETTLED,B20260905-6
S903420,T103596,2026-09-05 07:22:01,334954.29,SETTLED,B20260905-6
S903421,T103597,2026-09-05 22:43:11,342415.12,SETTLED,B20260905-2
S903422,T103598,2026-09-05 08:58:58,156914.96,SETTLED,B20260905-3
S903423,T103599,2026-09-05 07:34:10,339732.75,SETTLED,B20260905-3
S903424,T103600,2026-09-05 13:22:38,56681.36,SETTLED,B20260905-3
S903425,T103602,2026-09-05 20:16:54,1317.50,SETTLED,B20260905-3
S903426,T103603,2026-09-05 10:57:40,38468.37,SETTLED,B20260905-3
S903427,T103604,2026-09-05 12:32:09,415.76,SETTLED,B20260905-6
S903428,T103605,2026-09-05 14:44:30,35137.77,SETTLED,B20260905-2
S903429,T103606,2026-09-05 21:26:58,939.89,SETTLED,B20260905-5
S903430,T103607,2026-09-05 14:43:48,1083.12,SETTLED,B20260905-2
S903431,T103608,2026-09-05 19:39:31,1731.87,SETTLED,B20260905-3
S903432,T103609,2026-09-05 19:03:29,2602.65,SETTLED,B20260905-5
S903433,T103610,2026-09-05 09:30:28,36012.45,SETTLED,B20260905-6
S903434,T103611,2026-09-05 20:40:32,642.57,SETTLED,B20260905-3
S903435,T103612,2026-09-05 12:53:05,320840.91,SETTLED,B20260905-4
S903436,T103613,2026-09-05 14:32:19,12618.61,SETTLED,B20260905-5
S903437,T103614,2026-09-05 15:44:05,2952.62,SETTLED,B20260905-1
S903438,T103615,2026-09-05 20:37:49,248951.87,SETTLED,B20260905-2
S903439,T103616,2026-09-05 17:31:41,118743.99,SETTLED,B20260905-6
S903440,T103616,2026-09-05 17:43:41,29686.00,SETTLED,B20260905-3
S903441,T103617,2026-09-05 21:03:44,281479.72,SETTLED,B20260905-5
S903442,T103618,2026-09-05 22:00:24,570.56,SETTLED,B20260905-2
S903443,T103618,2026-09-05 22:08:24,142.64,SETTLED,B20260905-6
S903444,T103619,2026-09-05 06:33:30,2877.29,SETTLED,B20260905-6
S903445,T103620,2026-09-05 17:03:31,10834.60,SETTLED,B20260905-2
S903446,T103622,2026-09-05 11:29:33,27919.54,SETTLED,B20260905-2
S903447,T103623,2026-09-05 18:31:51,2021.46,SETTLED,B20260905-1
S903448,T103624,2026-09-05 07:06:22,199875.00,SETTLED,B20260905-2
S903449,T103625,2026-09-05 11:53:57,1200.51,SETTLED,B20260905-5
S903450,T103627,2026-09-05 15:53:56,153270.87,SETTLED,B20260905-6
S903451,T103627,2026-09-05 15:55:56,38317.72,SETTLED,B20260905-1
S903452,T103628,2026-09-05 09:01:47,64027.12,SETTLED,B20260905-6
S903453,T103629,2026-09-05 22:42:06,1714.30,SETTLED,B20260905-1
S903454,T103630,2026-09-05 19:37:06,57533.19,SETTLED,B20260905-6
S903455,T103631,2026-09-05 08:36:25,2286.24,SETTLED,B20260905-4
S903456,T103632,2026-09-05 09:03:12,907.20,SETTLED,B20260905-4
S903457,T103633,2026-09-05 17:01:39,1365.91,SETTLED,B20260905-4
S903458,T103636,2026-09-05 12:04:40,2716.70,SETTLED,B20260905-5
S903459,T103637,2026-09-05 23:29:22,1768.97,FAILED,B20260905-2
S903460,T103638,2026-09-06 10:34:50,295985.77,SETTLED,B20260906-2
S903461,T103640,2026-09-05 23:06:41,28317.67,SETTLED,B20260905-4
S903462,T103641,2026-09-05 20:57:05,719.10,SETTLED,B20260905-4
S903463,T103642,2026-09-05 06:14:17,398875.07,SETTLED,B20260905-1
S903464,T103643,2026-09-05 18:54:38,261236.62,SETTLED,B20260905-3
S903465,T103644,2026-09-05 19:55:53,8619.62,SETTLED,B20260905-2
S903466,T103645,2026-09-05 12:32:22,36490.54,SETTLED,B20260905-4
S903467,T103646,2026-09-05 14:36:27,330793.53,SETTLED,B20260905-5
S903468,T103648,2026-09-05 10:37:05,27632.90,SETTLED,B20260905-4
S903469,T103649,2026-09-05 12:03:00,2565.60,SETTLED,B20260905-4
S903470,T103650,2026-09-05 09:44:28,182614.95,SETTLED,B20260905-6
S903471,T103652,2026-09-05 18:53:54,2788.94,SETTLED,B20260905-3
S903472,T103652,2026-09-05 18:53:54,697.24,SETTLED,B20260905-1
S903473,T103653,2026-09-05 10:12:28,37783.09,SETTLED,B20260905-5
S903474,T103654,2026-09-05 20:30:55,388787.03,SETTLED,B20260905-6
S903475,T103655,2026-09-05 13:30:32,263553.38,SETTLED,B20260905-4
S903476,T103656,2026-09-05 09:07:34,48182.43,SETTLED,B20260905-1
S903477,T103657,2026-09-05 21:32:12,6418.85,SETTLED,B20260905-5
S903478,T103658,2026-09-05 10:53:15,48593.37,SETTLED,B20260905-6
S903479,T103659,2026-09-05 19:09:53,100500.68,SETTLED,B20260905-1
S903480,T103661,2026-09-05 09:33:33,35784.70,SETTLED,B20260905-4
S903481,T103662,2026-09-05 06:46:26,18464.62,SETTLED,B20260905-1
S903482,T103663,2026-09-05 13:50:41,31274.94,SETTLED,B20260905-6
S903483,T103664,2026-09-05 21:27:28,932.40,SETTLED,B20260905-2
S903484,T103665,2026-09-05 17:10:53,154705.04,SETTLED,B20260905-1
S903485,T103665,2026-09-05 17:21:53,38676.26,SETTLED,B20260905-3
S903486,T103666,2026-09-05 10:17:51,16460.34,SETTLED,B20260905-2
S903487,T103668,2026-09-05 13:12:33,27344.63,SETTLED,B20260905-6
S903488,T103669,2026-09-05 09:12:13,48057.13,SETTLED,B20260905-4
S903489,T103670,2026-09-05 12:46:12,3382.68,SETTLED,B20260905-4
S903490,T103671,2026-09-05 10:02:13,99952.08,SETTLED,B20260905-3
S903491,T103672,2026-09-05 15:54:16,14808.65,SETTLED,B20260905-6
S903492,T103674,2026-09-05 15:37:43,294233.11,SETTLED,B20260905-5
S903493,T103675,2026-09-05 22:24:53,3183.38,SETTLED,B20260905-4
S903494,T103676,2026-09-05 19:47:30,51032.16,SETTLED,B20260905-2
S903495,T103677,2026-09-05 13:06:26,302174.25,SETTLED,B20260905-2
S903496,T103678,2026-09-05 21:38:34,45474.87,SETTLED,B20260905-4
S903497,T103679,2026-09-05 15:07:33,374774.07,SETTLED,B20260905-4
S903498,T103680,2026-09-05 07:53:16,7426.64,SETTLED,B20260905-2
S903499,T103681,2026-09-05 22:04:08,8568.49,SETTLED,B20260905-2
S903500,T103682,2026-09-05 23:41:07,121991.31,SETTLED,B20260905-3
S903501,T103683,2026-09-05 20:16:59,3041.63,SETTLED,B20260905-4
S903502,T103685,2026-09-05 07:19:53,38705.37,SETTLED,B20260905-6
S903503,T103687,2026-09-05 08:38:56,199085.79,PENDING,B20260905-2
S903504,T103688,2026-09-05 12:44:09,2006.88,PENDING,B20260905-1
S903505,T103689,2026-09-05 15:16:24,3177.66,SETTLED,B20260905-1
S903506,T103690,2026-09-05 14:12:52,318501.87,SETTLED,B20260905-6
S903507,T103691,2026-09-05 14:37:04,27965.03,SETTLED,B20260905-3
S903508,T103692,2026-09-05 11:38:18,177304.31,SETTLED,B20260905-6
S903509,T103694,2026-09-05 15:12:24,78123.50,SETTLED,B20260905-6
S903510,T103695,2026-09-05 06:40:13,94888.03,SETTLED,B20260905-5
S903511,T103696,2026-09-05 19:38:53,49184.19,SETTLED,B20260905-5
S903512,T103697,2026-09-05 07:42:16,230273.66,SETTLED,B20260905-5
S903513,T103698,2026-09-05 16:33:12,3579.71,SETTLED,B20260905-1
S903514,T103699,2026-09-05 08:11:13,33459.16,SETTLED,B20260905-6
S903515,T103700,2026-09-05 11:46:06,1351.33,SETTLED,B20260905-5
S903516,T103701,2026-09-05 09:16:36,177009.76,SETTLED,B20260905-1
S903517,T103702,2026-09-05 14:31:05,3650.71,SETTLED,B20260905-4
S903518,T103703,2026-09-05 18:18:51,1657.66,SETTLED,B20260905-2
S903519,T103704,2026-09-05 16:07:10,132725.96,SETTLED,B20260905-4
S903520,T103704,2026-09-05 16:07:10,33181.49,SETTLED,B20260905-6
S903521,T103706,2026-09-05 16:01:21,303540.75,SETTLED,B20260905-1
S903522,T103707,2026-09-05 12:55:36,1220.88,PENDING,B20260905-1
S903523,T103708,2026-09-05 18:28:54,246845.15,SETTLED,B20260905-6
S903524,T103709,2026-09-05 17:14:34,1092.44,SETTLED,B20260905-6
S903525,T103710,2026-09-05 19:46:04,274205.96,SETTLED,B20260905-2
S903526,T103711,2026-09-05 23:17:17,2228.20,SETTLED,B20260905-2
S903527,T103712,2026-09-05 07:08:50,721.80,SETTLED,B20260905-5
S903528,T103713,2026-09-05 18:11:00,46513.13,SETTLED,B20260905-6
S903529,T103714,2026-09-05 11:37:32,3611.20,SETTLED,B20260905-6
S903530,T103715,2026-09-05 13:08:12,28499.05,SETTLED,B20260905-6
S903531,T103717,2026-09-05 16:27:07,52365.10,SETTLED,B20260905-2
S903532,T103718,2026-09-05 13:08:47,25904.32,SETTLED,B20260905-5
S903533,T103719,2026-09-05 17:01:41,8374.00,SETTLED,B20260905-5
S903534,T103720,2026-09-05 13:39:23,3666.20,SETTLED,B20260905-1
S903535,T103721,2026-09-05 11:12:34,55162.62,SETTLED,B20260905-6
S903536,T103722,2026-09-05 22:00:22,147706.74,SETTLED,B20260905-3
S903537,T103723,2026-09-05 17:12:51,40962.64,SETTLED,B20260905-6
S903538,T103724,2026-09-05 08:58:41,49334.26,SETTLED,B20260905-4
S903539,T103725,2026-09-05 09:54:11,72933.79,SETTLED,B20260905-4
S903540,T103726,2026-09-05 22:48:32,1660.84,SETTLED,B20260905-5
S903541,T103727,2026-09-05 22:02:58,221389.65,SETTLED,B20260905-2
S903542,T103728,2026-09-05 21:29:52,298373.27,SETTLED,B20260905-5
S903543,T103728,2026-09-05 21:36:52,74593.32,SETTLED,B20260905-1
S903544,T103729,2026-09-05 18:41:02,988.13,SETTLED,B20260905-4
S903545,T103730,2026-09-05 08:29:16,8305.48,SETTLED,B20260905-4
S903546,T103730,2026-09-05 08:30:16,2076.37,SETTLED,B20260905-4
S903547,T103731,2026-09-05 18:33:55,51182.71,SETTLED,B20260905-2
S903548,T103733,2026-09-05 22:25:30,24616.14,SETTLED,B20260905-4
S903549,T103733,2026-09-05 22:26:30,6154.03,SETTLED,B20260905-5
S903550,T103735,2026-09-05 22:06:41,208288.04,SETTLED,B20260905-4
S903551,T103736,2026-09-05 15:17:25,949.11,SETTLED,B20260905-5
S903552,T103736,2026-09-05 15:17:25,237.28,SETTLED,B20260905-2
S903553,T103737,2026-09-05 08:12:59,9291.92,SETTLED,B20260905-4
S903554,T103738,2026-09-05 17:41:25,25794.28,SETTLED,B20260905-5
S903555,T103739,2026-09-05 08:12:05,3165.09,SETTLED,B20260905-1
S903556,T103740,2026-09-05 14:38:04,480.62,SETTLED,B20260905-4
S903557,T103741,2026-09-05 20:53:21,22717.17,SETTLED,B20260905-5
S903558,T103742,2026-09-05 11:16:45,243918.82,SETTLED,B20260905-6
S903559,T103743,2026-09-05 14:35:40,94846.59,SETTLED,B20260905-3
S903560,T103744,2026-09-05 07:44:28,6414.86,SETTLED,B20260905-3
S903561,T103745,2026-09-05 11:57:24,1154.19,SETTLED,B20260905-5
S903562,T103746,2026-09-05 07:56:35,151338.59,FAILED,B20260905-1
S903563,T103748,2026-09-05 10:27:33,2060.16,SETTLED,B20260905-2
S903564,T103750,2026-09-05 08:57:31,78704.91,SETTLED,B20260905-1
S903565,T103751,2026-09-05 15:46:12,4274.08,SETTLED,B20260905-5
S903566,T103752,2026-09-06 07:22:23,26112.14,SETTLED,B20260906-1
S903567,T103754,2026-09-05 12:43:35,29963.88,SETTLED,B20260905-4
S903568,T103755,2026-09-05 08:00:57,31966.95,SETTLED,B20260905-3
S903569,T103756,2026-09-05 23:23:54,154746.22,PENDING,B20260905-3
S903570,T103757,2026-09-05 23:01:35,2311.36,SETTLED,B20260905-4
S903571,T103758,2026-09-05 23:06:05,183700.01,SETTLED,B20260905-3
S903572,T103758,2026-09-05 23:12:05,45925.00,SETTLED,B20260905-4
S903573,T103759,2026-09-05 13:52:15,9289.29,SETTLED,B20260905-2
S903574,T103759,2026-09-05 14:04:15,2322.32,SETTLED,B20260905-3
S903575,T103760,2026-09-05 19:36:34,304707.67,SETTLED,B20260905-5
S903576,T103761,2026-09-05 07:48:24,13562.51,SETTLED,B20260905-6
S903577,T103762,2026-09-05 18:43:21,2512.48,SETTLED,B20260905-1
S903578,T103763,2026-09-05 08:39:52,1280.85,SETTLED,B20260905-5
S903579,T103764,2026-09-05 15:39:27,58124.73,SETTLED,B20260905-3
S903580,T103766,2026-09-05 13:13:37,3796.74,SETTLED,B20260905-5
S903581,T103767,2026-09-05 19:25:34,55591.18,SETTLED,B20260905-5
S903582,T103768,2026-09-05 12:59:06,184834.16,SETTLED,B20260905-4
S903583,T103769,2026-09-05 16:09:20,20375.03,SETTLED,B20260905-6
S903584,T103770,2026-09-05 19:48:24,384206.37,SETTLED,B20260905-2
S903585,T103771,2026-09-05 08:37:16,92106.27,SETTLED,B20260905-2
S903586,T103773,2026-09-05 13:54:04,747.44,SETTLED,B20260905-4
S903587,T103774,2026-09-06 04:45:49,4034.70,SETTLED,B20260906-2
S903588,T103775,2026-09-05 09:02:10,447.21,SETTLED,B20260905-6
S903589,T103776,2026-09-05 13:08:06,3544.53,SETTLED,B20260905-6
S903590,T103777,2026-09-05 16:53:34,221547.96,SETTLED,B20260905-2
S903591,T103777,2026-09-05 17:00:34,55386.99,SETTLED,B20260905-1
S903592,T103778,2026-09-05 12:41:32,1356.94,SETTLED,B20260905-4
S903593,T103779,2026-09-05 18:14:26,225245.14,SETTLED,B20260905-6
S903594,T103780,2026-09-05 10:05:43,345533.84,SETTLED,B20260905-1
S903595,T103781,2026-09-05 20:28:09,46479.77,PENDING,B20260905-5
S903596,T103782,2026-09-05 12:43:02,358.15,SETTLED,B20260905-6
S903597,T103784,2026-09-05 12:37:30,866.02,SETTLED,B20260905-1
S903598,T103785,2026-09-05 12:00:50,1274.33,SETTLED,B20260905-4
S903599,T103786,2026-09-05 09:09:51,3796.74,SETTLED,B20260905-6
S903600,T103788,2026-09-05 06:45:08,30793.96,SETTLED,B20260905-5
S903601,T103789,2026-09-05 15:27:59,167549.93,SETTLED,B20260905-1
S903602,T103790,2026-09-05 07:55:40,46577.73,SETTLED,B20260905-6
S903603,T103791,2026-09-05 09:12:33,27221.92,SETTLED,B20260905-1
S903604,T103793,2026-09-05 23:01:36,339737.96,SETTLED,B20260905-1
S903605,T103794,2026-09-05 22:53:31,19678.11,SETTLED,B20260905-1
S903606,T103796,2026-09-05 16:50:35,2620.64,SETTLED,B20260905-6
S903607,T103797,2026-09-05 06:45:56,617.86,SETTLED,B20260905-1
S903608,T103799,2026-09-05 14:20:31,2614.70,SETTLED,B20260905-5
S903609,T103800,2026-09-05 11:35:21,3878.57,SETTLED,B20260905-4
S903610,T103801,2026-09-05 17:39:15,141421.29,SETTLED,B20260905-6
S903611,T103802,2026-09-05 14:23:42,29861.72,SETTLED,B20260905-1
S903612,T103803,2026-09-05 17:26:30,124136.69,SETTLED,B20260905-3
S903613,T103806,2026-09-05 13:04:48,39441.46,SETTLED,B20260905-5
S903614,T103808,2026-09-05 15:58:19,36175.44,SETTLED,B20260905-5
S903615,T103809,2026-09-05 13:08:23,2201.12,SETTLED,B20260905-4
S903616,T103810,2026-09-05 07:56:30,10594.13,SETTLED,B20260905-1
S903617,T103811,2026-09-05 21:47:37,361528.89,SETTLED,B20260905-6
S903618,T103812,2026-09-05 10:27:34,58634.92,SETTLED,B20260905-5
S903619,T103813,2026-09-05 23:09:15,3179.04,SETTLED,B20260905-1
S903620,T103815,2026-09-05 09:25:23,325606.71,SETTLED,B20260905-3
S903621,T103816,2026-09-05 06:32:36,320045.13,SETTLED,B20260905-4
S903622,T103817,2026-09-05 10:45:44,307000.80,SETTLED,B20260905-4
S903623,T103818,2026-09-05 20:59:47,56430.52,SETTLED,B20260905-3
S903624,T103820,2026-09-05 20:20:18,2404.05,SETTLED,B20260905-5
S903625,T103822,2026-09-05 19:17:16,166205.30,FAILED,B20260905-1
S903626,T103823,2026-09-05 10:37:31,37602.33,SETTLED,B20260905-5
S903627,T103824,2026-09-05 07:52:38,9520.72,SETTLED,B20260905-5
S903628,T103825,2026-09-05 20:16:24,223594.97,SETTLED,B20260905-4
S903629,T103826,2026-09-05 17:30:17,266925.47,SETTLED,B20260905-5
S903630,T103827,2026-09-05 14:38:18,289165.37,SETTLED,B20260905-5
S903631,T103828,2026-09-05 14:41:18,19063.77,SETTLED,B20260905-6
S903632,T103829,2026-09-05 16:34:49,3687.11,SETTLED,B20260905-5
S903633,T103832,2026-09-05 13:49:18,1246.04,SETTLED,B20260905-3
S903634,T103833,2026-09-05 09:44:32,72600.91,SETTLED,B20260905-2
S903635,T103834,2026-09-05 14:36:35,1240.66,SETTLED,B20260905-3
S903636,T103835,2026-09-05 11:41:55,8967.10,SETTLED,B20260905-5
S903637,T103835,2026-09-05 11:51:55,2241.77,SETTLED,B20260905-6
S903638,T103836,2026-09-05 15:48:57,19191.64,SETTLED,B20260905-2
S903639,T103837,2026-09-05 22:11:29,51319.23,PENDING,B20260905-5
S903640,T103838,2026-09-05 15:13:05,37991.45,SETTLED,B20260905-4
S903641,T103839,2026-09-05 17:11:12,6315.13,SETTLED,B20260905-2
S903642,T103840,2026-09-05 07:44:47,47689.05,SETTLED,B20260905-4
S903643,T103841,2026-09-05 18:02:41,40113.92,SETTLED,B20260905-3
S903644,T103842,2026-09-05 11:23:23,131506.61,SETTLED,B20260905-1
S903645,T103843,2026-09-05 07:24:25,399099.80,SETTLED,B20260905-3
S903646,T103844,2026-09-05 12:07:23,334.42,SETTLED,B20260905-2
S903647,T103845,2026-09-05 20:14:10,245249.65,SETTLED,B20260905-3
S903648,T103846,2026-09-05 18:14:14,1940.13,SETTLED,B20260905-6
S903649,T103847,2026-09-05 17:07:21,344034.71,SETTLED,B20260905-2
S903650,T103848,2026-09-05 19:10:39,182412.44,PENDING,B20260905-5
S903651,T103849,2026-09-05 16:01:04,285066.09,SETTLED,B20260905-6
S903652,T103850,2026-09-05 07:01:34,3452.64,SETTLED,B20260905-6
S903653,T103851,2026-09-05 22:21:48,175644.15,SETTLED,B20260905-5
S903654,T103852,2026-09-05 20:37:31,52834.58,PENDING,B20260905-2
S903655,T103853,2026-09-05 17:25:04,283305.67,SETTLED,B20260905-1
S903656,T103854,2026-09-05 15:30:21,28221.07,SETTLED,B20260905-4
S903657,T103854,2026-09-05 15:39:21,7055.27,SETTLED,B20260905-2
S903658,T103855,2026-09-05 07:00:10,39408.08,SETTLED,B20260905-3
S903659,T103857,2026-09-05 14:20:09,2886.66,SETTLED,B20260905-4
S903660,T103859,2026-09-05 09:46:00,219101.46,SETTLED,B20260905-5
S903661,T103859,2026-09-05 09:56:00,54775.37,SETTLED,B20260905-2
S903662,T103860,2026-09-05 10:15:57,367683.29,SETTLED,B20260905-4
S903663,T103862,2026-09-05 15:31:27,224416.46,SETTLED,B20260905-2
S903664,T103863,2026-09-05 14:01:14,21814.16,SETTLED,B20260905-5
S903665,T103864,2026-09-05 15:46:25,191590.45,SETTLED,B20260905-1
S903666,T103865,2026-09-05 06:10:37,3552.35,SETTLED,B20260905-6
S903667,T103866,2026-09-05 18:59:08,2567.76,SETTLED,B20260905-6
S903668,T103867,2026-09-05 08:59:16,2228.47,SETTLED,B20260905-6
S903669,T103868,2026-09-05 15:16:47,103915.57,SETTLED,B20260905-3
S903670,T103869,2026-09-05 10:09:26,1754.47,SETTLED,B20260905-4
S903671,T103872,2026-09-05 19:54:36,2846.59,SETTLED,B20260905-2
S903672,T103873,2026-09-05 21:15:11,2451.56,SETTLED,B20260905-5
S903673,T103874,2026-09-05 19:21:24,3451.51,SETTLED,B20260905-1
S903674,T103875,2026-09-05 22:55:04,32912.62,SETTLED,B20260905-1
S903675,T103876,2026-09-05 21:24:18,423.71,SETTLED,B20260905-6
S903676,T103877,2026-09-05 23:01:31,2166.52,SETTLED,B20260905-4
S903677,T103878,2026-09-05 23:01:20,397135.64,SETTLED,B20260905-1
S903678,T103879,2026-09-05 17:04:10,2336.92,SETTLED,B20260905-1
S903679,T103880,2026-09-05 18:23:27,234031.81,SETTLED,B20260905-1
S903680,T103883,2026-09-05 07:06:58,382857.39,SETTLED,B20260905-5
S903681,T103884,2026-09-05 22:55:01,30966.69,SETTLED,B20260905-4
S903682,T103885,2026-09-05 13:57:05,136307.32,SETTLED,B20260905-1
S903683,T103886,2026-09-05 10:15:49,21291.51,SETTLED,B20260905-1
S903684,T103887,2026-09-05 12:53:48,4062.61,SETTLED,B20260905-3
S903685,T103888,2026-09-05 08:30:14,18470.13,SETTLED,B20260905-6
S903686,T103890,2026-09-05 18:08:08,2001.72,PENDING,B20260905-1
S903687,T103891,2026-09-05 20:02:43,1566.82,SETTLED,B20260905-1
S903688,T103892,2026-09-05 16:25:12,58185.28,PENDING,B20260905-3
S903689,T103894,2026-09-05 20:42:48,27472.66,SETTLED,B20260905-4
S903690,T103894,2026-09-05 20:50:48,6868.16,SETTLED,B20260905-6
S903691,T103895,2026-09-05 06:09:07,49397.60,PENDING,B20260905-3
S903692,T103896,2026-09-05 10:11:28,2023.71,SETTLED,B20260905-4
S903693,T103897,2026-09-05 06:41:35,3895.44,PENDING,B20260905-5
S903694,T103898,2026-09-05 14:06:36,45077.68,SETTLED,B20260905-6
S903695,T103899,2026-09-05 08:29:47,2541.01,SETTLED,B20260905-3
S903696,T103900,2026-09-05 12:40:51,23912.32,SETTLED,B20260905-3
S903697,T103901,2026-09-05 15:45:26,255005.51,PENDING,B20260905-4
S903698,T103902,2026-09-05 21:58:38,121669.17,SETTLED,B20260905-3
S903699,T103903,2026-09-05 07:42:23,338737.56,SETTLED,B20260905-3
S903700,T103904,2026-09-05 10:04:36,3722.70,SETTLED,B20260905-5
S903701,T103905,2026-09-05 08:44:59,76091.04,SETTLED,B20260905-4
S903702,T103906,2026-09-05 14:40:20,2531.22,SETTLED,B20260905-6
S903703,T103907,2026-09-05 13:04:56,17817.70,SETTLED,B20260905-3
S903704,T103908,2026-09-05 15:43:31,51541.95,SETTLED,B20260905-5
S903705,T103909,2026-09-05 13:12:47,7245.65,SETTLED,B20260905-5
S903706,T103910,2026-09-05 14:19:26,373723.74,SETTLED,B20260905-2
S903707,T103911,2026-09-05 11:52:12,29941.75,SETTLED,B20260905-1
S903708,T103913,2026-09-05 16:07:09,32752.87,SETTLED,B20260905-3
S903709,T103914,2026-09-05 18:22:33,358.91,SETTLED,B20260905-4
S903710,T103915,2026-09-05 21:33:41,32923.87,SETTLED,B20260905-2
S903711,T103916,2026-09-05 15:24:39,1774.70,SETTLED,B20260905-2
S903712,T103916,2026-09-05 15:34:39,443.68,SETTLED,B20260905-4
S903713,T103917,2026-09-05 17:26:21,21941.12,SETTLED,B20260905-4
S903714,T103917,2026-09-05 17:26:21,5485.28,SETTLED,B20260905-6
S903715,T103918,2026-09-05 22:15:58,1988.69,SETTLED,B20260905-5
S903716,T103919,2026-09-05 16:23:32,23830.95,SETTLED,B20260905-4
S903717,T103920,2026-09-05 08:39:20,45139.25,SETTLED,B20260905-4
S903718,T103920,2026-09-05 08:48:20,11284.81,SETTLED,B20260905-1
S903719,T103921,2026-09-06 11:53:42,1156.24,SETTLED,B20260906-3
S903720,T103922,2026-09-05 18:28:40,2467.15,SETTLED,B20260905-2
S903721,T103923,2026-09-05 11:35:48,34400.38,SETTLED,B20260905-1
S903722,T103924,2026-09-05 19:48:36,297.22,SETTLED,B20260905-6
S903723,T103925,2026-09-05 14:31:05,46939.08,SETTLED,B20260905-4
S903724,T103926,2026-09-05 06:19:12,394351.22,FAILED,B20260905-2
S903725,T103927,2026-09-05 17:53:32,75880.43,SETTLED,B20260905-6
S903726,T103928,2026-09-05 11:16:01,270623.25,SETTLED,B20260905-1
S903727,T103928,2026-09-05 11:18:01,67655.81,SETTLED,B20260905-3
S903728,T103929,2026-09-05 08:04:30,16024.62,SETTLED,B20260905-2
S903729,T103930,2026-09-05 20:47:41,37421.46,SETTLED,B20260905-4
S903730,T103931,2026-09-05 06:59:43,34652.07,SETTLED,B20260905-3
S903731,T103932,2026-09-05 07:46:07,382797.62,SETTLED,B20260905-1
S903732,T103933,2026-09-05 20:46:25,154941.71,SETTLED,B20260905-6
S903733,T103934,2026-09-05 13:07:08,20029.28,SETTLED,B20260905-1
S903734,T103935,2026-09-05 13:45:46,23549.63,SETTLED,B20260905-6
S903735,T103936,2026-09-05 14:40:31,26965.53,SETTLED,B20260905-2
S903736,T103936,2026-09-05 14:40:31,6741.38,SETTLED,B20260905-3
S903737,T103937,2026-09-05 07:50:37,351182.11,SETTLED,B20260905-3
S903738,T103938,2026-09-06 18:48:20,47190.05,SETTLED,B20260906-1
S903739,T103939,2026-09-05 12:33:50,20913.65,SETTLED,B20260905-2
S903740,T103940,2026-09-05 09:18:08,2474.18,SETTLED,B20260905-1
S903741,T103941,2026-09-05 13:26:47,147495.04,SETTLED,B20260905-1
S903742,T103942,2026-09-05 14:54:23,64747.60,SETTLED,B20260905-5
S903743,T103943,2026-09-05 14:14:47,2968.18,SETTLED,B20260905-4
S903744,T103944,2026-09-05 22:31:39,542.22,SETTLED,B20260905-2
S903745,T103945,2026-09-05 20:32:55,155045.57,SETTLED,B20260905-5
S903746,T103946,2026-09-05 22:50:47,50829.26,SETTLED,B20260905-2
S903747,T103947,2026-09-06 07:07:43,230305.61,SETTLED,B20260906-5
S903748,T103948,2026-09-05 09:00:26,3331.48,SETTLED,B20260905-2
S903749,T103949,2026-09-05 15:01:14,32999.06,SETTLED,B20260905-1
S903750,T103949,2026-09-05 15:05:14,8249.77,SETTLED,B20260905-4
S903751,T103950,2026-09-05 08:21:19,3240.63,SETTLED,B20260905-1
S903752,T103951,2026-09-05 20:01:27,1175.77,SETTLED,B20260905-1
S903753,T922380,2026-09-05 12:00:00,3604.69,SETTLED,B20260905-9
S903754,T985944,2026-09-05 19:00:00,8665.51,SETTLED,B20260905-9
S903755,T977810,2026-09-05 18:00:00,10908.26,SETTLED,B20260905-9
S903756,T943144,2026-09-05 11:00:00,1994.09,SETTLED,B20260905-9
S903757,T103952,2026-09-06 13:57:21,390.96,SETTLED,B20260906-4
S903758,T103952,2026-09-06 14:05:21,97.74,SETTLED,B20260906-6
S903759,T103953,2026-09-06 19:36:57,244897.14,SETTLED,B20260906-5
S903760,T103954,2026-09-06 19:12:48,242.85,SETTLED,B20260906-5
S903761,T103956,2026-09-06 13:58:47,285296.84,SETTLED,B20260906-2
S903762,T103957,2026-09-06 21:47:37,261941.50,SETTLED,B20260906-5
S903763,T103958,2026-09-06 13:22:50,310570.36,SETTLED,B20260906-5
S903764,T103959,2026-09-06 11:04:30,53798.51,SETTLED,B20260906-4
S903765,T103960,2026-09-06 14:23:31,3530.80,SETTLED,B20260906-4
S903766,T103961,2026-09-06 21:32:50,18520.97,SETTLED,B20260906-5
S903767,T103962,2026-09-06 19:52:11,1952.23,SETTLED,B20260906-6
S903768,T103963,2026-09-06 06:49:52,204849.48,SETTLED,B20260906-5
S903769,T103964,2026-09-06 22:40:54,221733.97,SETTLED,B20260906-6
S903770,T103965,2026-09-06 18:46:44,1939.07,PENDING,B20260906-5
S903771,T103965,2026-09-06 18:49:44,484.77,SETTLED,B20260906-1
S903772,T103967,2026-09-06 19:24:58,93658.51,SETTLED,B20260906-2
S903773,T103969,2026-09-06 14:46:55,332673.58,SETTLED,B20260906-2
S903774,T103970,2026-09-06 11:19:25,374237.79,SETTLED,B20260906-1
S903775,T103971,2026-09-06 17:13:29,268369.37,SETTLED,B20260906-4
S903776,T103972,2026-09-06 15:12:27,22610.17,SETTLED,B20260906-4
S903777,T103974,2026-09-06 19:56:25,11801.09,SETTLED,B20260906-2
S903778,T103975,2026-09-06 09:00:11,45357.38,SETTLED,B20260906-4
S903779,T103977,2026-09-06 17:11:51,20936.91,SETTLED,B20260906-2
S903780,T103978,2026-09-06 15:56:56,1975.68,SETTLED,B20260906-3
S903781,T103979,2026-09-06 06:55:15,2718.64,SETTLED,B20260906-4
S903782,T103979,2026-09-06 07:01:15,679.66,SETTLED,B20260906-6
S903783,T103980,2026-09-06 11:56:12,12995.83,PENDING,B20260906-1
S903784,T103982,2026-09-06 13:59:35,178906.98,SETTLED,B20260906-5
S903785,T103983,2026-09-06 10:45:23,394472.02,SETTLED,B20260906-4
S903786,T103985,2026-09-06 15:33:21,1644.06,SETTLED,B20260906-3
S903787,T103986,2026-09-06 14:59:04,1038.55,SETTLED,B20260906-1
S903788,T103987,2026-09-06 06:15:25,59336.43,SETTLED,B20260906-6
S903789,T103988,2026-09-06 18:15:37,48765.91,SETTLED,B20260906-6
S903790,T103989,2026-09-06 14:02:38,401.76,SETTLED,B20260906-3
S903791,T103990,2026-09-06 18:15:48,49612.63,SETTLED,B20260906-4
S903792,T103992,2026-09-06 18:39:15,25807.65,SETTLED,B20260906-3
S903793,T103994,2026-09-06 09:46:04,109264.47,SETTLED,B20260906-3
S903794,T103995,2026-09-06 22:58:38,118171.02,SETTLED,B20260906-4
S903795,T103996,2026-09-06 09:06:24,213282.62,SETTLED,B20260906-2
S903796,T103997,2026-09-06 12:35:13,99157.05,SETTLED,B20260906-1
S903797,T103998,2026-09-06 13:21:17,3123.93,SETTLED,B20260906-3
S903798,T103999,2026-09-06 16:08:25,86855.65,SETTLED,B20260906-3
S903799,T104000,2026-09-06 10:38:16,3582.24,SETTLED,B20260906-4
S903800,T104001,2026-09-06 14:24:56,286648.63,SETTLED,B20260906-4
S903801,T104002,2026-09-06 11:56:12,2114.45,SETTLED,B20260906-2
S903802,T104003,2026-09-06 16:19:46,41571.57,SETTLED,B20260906-5
S903803,T104003,2026-09-06 16:30:46,10392.89,PENDING,B20260906-1
S903804,T104004,2026-09-06 16:26:28,2773.45,PENDING,B20260906-4
S903805,T104004,2026-09-06 16:31:28,693.36,SETTLED,B20260906-2
S903806,T104005,2026-09-06 13:46:56,545.17,SETTLED,B20260906-4
S903807,T104006,2026-09-06 10:56:37,7661.16,SETTLED,B20260906-2
S903808,T104007,2026-09-06 09:34:22,57137.43,SETTLED,B20260906-5
S903809,T104008,2026-09-06 07:07:44,274033.46,SETTLED,B20260906-4
S903810,T104009,2026-09-06 22:41:15,2204.05,FAILED,B20260906-2
S903811,T104010,2026-09-06 14:55:06,16794.64,SETTLED,B20260906-5
S903812,T104011,2026-09-06 21:18:46,372459.38,SETTLED,B20260906-6
S903813,T104012,2026-09-06 11:36:29,9169.68,SETTLED,B20260906-5
S903814,T104013,2026-09-06 22:30:09,102823.40,SETTLED,B20260906-1
S903815,T104014,2026-09-06 17:06:01,200.42,SETTLED,B20260906-4
S903816,T104015,2026-09-06 08:06:55,327026.53,SETTLED,B20260906-6
S903817,T104016,2026-09-06 16:21:31,277985.56,SETTLED,B20260906-2
S903818,T104017,2026-09-06 16:48:58,150741.79,SETTLED,B20260906-5
S903819,T104018,2026-09-06 16:56:52,191451.81,SETTLED,B20260906-4
S903820,T104020,2026-09-06 18:41:10,24239.92,SETTLED,B20260906-1
S903821,T104021,2026-09-06 16:13:05,720.63,SETTLED,B20260906-6
S903822,T104022,2026-09-06 20:59:14,44812.81,SETTLED,B20260906-1
S903823,T104024,2026-09-06 22:10:44,239464.80,FAILED,B20260906-1
S903824,T104025,2026-09-06 09:02:56,31203.70,SETTLED,B20260906-5
S903825,T104026,2026-09-06 10:10:10,56504.31,SETTLED,B20260906-1
S903826,T104027,2026-09-06 10:30:28,2838.42,SETTLED,B20260906-6
S903827,T104028,2026-09-06 08:39:05,24614.50,FAILED,B20260906-2
S903828,T104029,2026-09-06 19:44:12,2762.87,SETTLED,B20260906-6
S903829,T104031,2026-09-06 18:17:44,188484.35,SETTLED,B20260906-1
S903830,T104032,2026-09-06 15:52:33,295782.15,SETTLED,B20260906-4
S903831,T104033,2026-09-06 12:02:07,263019.72,SETTLED,B20260906-1
S903832,T104034,2026-09-06 22:10:50,30766.20,SETTLED,B20260906-3
S903833,T104035,2026-09-06 06:52:43,251231.74,SETTLED,B20260906-4
S903834,T104035,2026-09-06 06:56:43,62807.94,SETTLED,B20260906-1
S903835,T104036,2026-09-06 08:47:02,271353.13,SETTLED,B20260906-3
S903836,T104037,2026-09-06 06:42:47,942.51,SETTLED,B20260906-2
S903837,T104039,2026-09-06 22:13:01,211036.34,SETTLED,B20260906-1
S903838,T104040,2026-09-06 10:16:54,41825.94,SETTLED,B20260906-1
S903839,T104040,2026-09-06 10:26:54,10456.48,SETTLED,B20260906-6
S903840,T104041,2026-09-06 13:11:38,141127.13,SETTLED,B20260906-6
S903841,T104042,2026-09-06 21:18:33,971.26,SETTLED,B20260906-1
S903842,T104043,2026-09-06 08:03:33,110133.49,SETTLED,B20260906-6
S903843,T104044,2026-09-06 21:49:41,42841.59,SETTLED,B20260906-4
S903844,T104045,2026-09-06 10:32:47,387.61,SETTLED,B20260906-6
S903845,T104046,2026-09-06 06:51:03,194168.47,SETTLED,B20260906-2
S903846,T104047,2026-09-06 14:58:34,10088.39,SETTLED,B20260906-6
S903847,T104048,2026-09-06 17:48:36,37217.87,SETTLED,B20260906-6
S903848,T104049,2026-09-06 14:28:25,376526.56,SETTLED,B20260906-5
S903849,T104050,2026-09-06 07:28:28,3300.84,SETTLED,B20260906-4
S903850,T104051,2026-09-06 18:55:24,389775.78,SETTLED,B20260906-1
S903851,T104052,2026-09-06 21:44:25,39636.06,SETTLED,B20260906-5
S903852,T104053,2026-09-06 11:40:04,1845.39,SETTLED,B20260906-4
S903853,T104054,2026-09-06 13:10:27,189043.42,SETTLED,B20260906-5
S903854,T104055,2026-09-06 18:44:48,2757.84,SETTLED,B20260906-6
S903855,T104056,2026-09-06 09:24:22,53735.82,SETTLED,B20260906-5
S903856,T104057,2026-09-06 08:37:54,57697.94,SETTLED,B20260906-6
S903857,T104058,2026-09-06 13:59:46,1422.17,SETTLED,B20260906-6
S903858,T104058,2026-09-06 14:07:46,355.54,SETTLED,B20260906-1
S903859,T104060,2026-09-06 18:30:32,248286.13,SETTLED,B20260906-4
S903860,T104061,2026-09-06 16:13:56,285069.23,SETTLED,B20260906-5
S903861,T104062,2026-09-06 19:57:52,2012.27,SETTLED,B20260906-5
S903862,T104063,2026-09-06 09:00:46,44085.74,SETTLED,B20260906-2
S903863,T104064,2026-09-06 16:57:05,21833.52,SETTLED,B20260906-4
S903864,T104065,2026-09-06 23:15:44,293913.40,SETTLED,B20260906-3
S903865,T104066,2026-09-06 11:39:44,309.72,SETTLED,B20260906-3
S903866,T104067,2026-09-06 13:14:19,2448.23,SETTLED,B20260906-5
S903867,T104068,2026-09-06 11:45:46,423.39,SETTLED,B20260906-1
S903868,T104069,2026-09-06 17:36:50,14247.02,SETTLED,B20260906-6
S903869,T104071,2026-09-06 20:29:35,151632.37,SETTLED,B20260906-5
S903870,T104072,2026-09-06 13:30:52,81279.11,SETTLED,B20260906-2
S903871,T104073,2026-09-06 16:04:37,253801.87,SETTLED,B20260906-4
S903872,T104074,2026-09-06 16:27:32,262138.50,SETTLED,B20260906-5
S903873,T104076,2026-09-06 11:57:47,164853.13,SETTLED,B20260906-5
S903874,T104077,2026-09-06 21:02:45,2982.88,SETTLED,B20260906-3
S903875,T104077,2026-09-06 21:14:45,745.72,SETTLED,B20260906-3
S903876,T104078,2026-09-06 22:03:38,389.65,SETTLED,B20260906-5
S903877,T104079,2026-09-06 22:53:40,51921.36,SETTLED,B20260906-4
S903878,T104080,2026-09-06 20:35:14,105406.22,SETTLED,B20260906-3
S903879,T104081,2026-09-06 07:52:33,7020.05,SETTLED,B20260906-5
S903880,T104082,2026-09-06 16:03:38,50590.17,SETTLED,B20260906-3
S903881,T104084,2026-09-06 16:44:36,127.94,SETTLED,B20260906-4
S903882,T104084,2026-09-06 16:53:36,31.98,SETTLED,B20260906-3
S903883,T104085,2026-09-06 12:35:09,6616.70,SETTLED,B20260906-6
S903884,T104085,2026-09-06 12:45:09,1654.18,SETTLED,B20260906-4
S903885,T104086,2026-09-06 06:58:57,2397.54,SETTLED,B20260906-2
S903886,T104088,2026-09-06 11:52:26,3278.01,SETTLED,B20260906-4
S903887,T104089,2026-09-06 08:20:38,147581.10,SETTLED,B20260906-4
S903888,T104090,2026-09-06 16:43:06,324275.49,SETTLED,B20260906-3
S903889,T104091,2026-09-06 09:12:46,19737.79,SETTLED,B20260906-6
S903890,T104092,2026-09-06 19:41:48,139761.72,SETTLED,B20260906-6
S903891,T104093,2026-09-06 15:31:23,1297.41,SETTLED,B20260906-1
S903892,T104094,2026-09-06 12:22:34,52035.08,SETTLED,B20260906-4
S903893,T104095,2026-09-06 20:06:25,38315.83,SETTLED,B20260906-2
S903894,T104096,2026-09-06 17:55:32,1354.19,SETTLED,B20260906-6
S903895,T104097,2026-09-06 08:17:36,304772.10,SETTLED,B20260906-2
S903896,T104099,2026-09-06 12:18:17,1568.72,SETTLED,B20260906-3
S903897,T104100,2026-09-06 09:34:25,15888.38,SETTLED,B20260906-6
S903898,T104101,2026-09-06 13:35:01,1649.82,SETTLED,B20260906-6
S903899,T104102,2026-09-06 20:06:36,495.55,SETTLED,B20260906-5
S903900,T104103,2026-09-06 18:17:04,2868.98,SETTLED,B20260906-4
S903901,T104104,2026-09-06 14:22:55,10957.42,FAILED,B20260906-1
S903902,T104105,2026-09-06 12:53:32,325323.25,SETTLED,B20260906-5
S903903,T104106,2026-09-06 13:23:42,80516.42,FAILED,B20260906-1
S903904,T104107,2026-09-06 15:25:07,11908.14,SETTLED,B20260906-3
S903905,T104108,2026-09-06 14:22:33,60334.24,SETTLED,B20260906-3
S903906,T104109,2026-09-06 20:26:10,18293.40,SETTLED,B20260906-1
S903907,T104110,2026-09-06 08:02:19,279786.81,SETTLED,B20260906-3
S903908,T104111,2026-09-06 07:51:26,775.02,SETTLED,B20260906-6
S903909,T104111,2026-09-06 07:55:26,193.75,SETTLED,B20260906-5
S903910,T104112,2026-09-06 11:09:18,11627.08,FAILED,B20260906-1
S903911,T104113,2026-09-06 17:16:43,3803.33,SETTLED,B20260906-6
S903912,T104114,2026-09-06 11:03:47,3173.03,SETTLED,B20260906-6
S903913,T104115,2026-09-06 18:29:50,55170.03,SETTLED,B20260906-1
S903914,T104116,2026-09-06 18:02:41,29676.25,SETTLED,B20260906-2
S903915,T104116,2026-09-06 18:07:41,7419.06,SETTLED,B20260906-6
S903916,T104117,2026-09-06 11:22:44,6904.15,SETTLED,B20260906-3
S903917,T104118,2026-09-06 14:29:11,29460.05,SETTLED,B20260906-4
S903918,T104119,2026-09-06 08:35:50,283865.57,SETTLED,B20260906-4
S903919,T104120,2026-09-06 10:08:10,1943.71,SETTLED,B20260906-3
S903920,T104122,2026-09-06 17:49:27,28383.70,SETTLED,B20260906-2
S903921,T104122,2026-09-06 17:49:27,7095.93,SETTLED,B20260906-5
S903922,T104123,2026-09-06 15:25:37,294313.38,SETTLED,B20260906-3
S903923,T104124,2026-09-06 22:01:43,32446.72,SETTLED,B20260906-6
S903924,T104125,2026-09-06 17:21:40,102083.98,SETTLED,B20260906-1
S903925,T104127,2026-09-06 10:27:43,273368.65,SETTLED,B20260906-1
S903926,T104128,2026-09-06 09:58:36,59064.60,FAILED,B20260906-6
S903927,T104130,2026-09-06 16:12:24,9373.13,SETTLED,B20260906-5
S903928,T104131,2026-09-06 14:02:35,3538.81,SETTLED,B20260906-2
S903929,T104132,2026-09-06 19:55:54,2582.83,SETTLED,B20260906-4
S903930,T104133,2026-09-06 07:29:07,46010.81,PENDING,B20260906-6
S903931,T104134,2026-09-06 06:40:48,243506.38,SETTLED,B20260906-2
S903932,T104135,2026-09-06 20:59:33,43684.32,SETTLED,B20260906-2
S903933,T104137,2026-09-06 19:14:41,29454.00,SETTLED,B20260906-2
S903934,T104138,2026-09-06 08:38:05,3643.82,SETTLED,B20260906-6
S903935,T104139,2026-09-06 08:43:40,104942.19,SETTLED,B20260906-2
S903936,T104141,2026-09-06 22:10:45,241011.29,SETTLED,B20260906-2
S903937,T104142,2026-09-06 16:18:08,44249.89,SETTLED,B20260906-1
S903938,T104143,2026-09-06 20:20:54,306767.90,SETTLED,B20260906-3
S903939,T104143,2026-09-06 20:22:54,76691.97,SETTLED,B20260906-3
S903940,T104144,2026-09-06 14:03:23,1092.22,SETTLED,B20260906-3
S903941,T104144,2026-09-06 14:10:23,273.06,SETTLED,B20260906-5
S903942,T104145,2026-09-06 16:41:24,362624.60,SETTLED,B20260906-4
S903943,T104146,2026-09-06 22:40:55,88530.53,SETTLED,B20260906-3
S903944,T104147,2026-09-06 13:05:24,2658.39,SETTLED,B20260906-5
S903945,T104148,2026-09-06 14:33:24,2753.51,SETTLED,B20260906-6
S903946,T104149,2026-09-06 12:40:48,203042.01,SETTLED,B20260906-5
S903947,T104150,2026-09-06 17:15:54,3900.54,SETTLED,B20260906-6
S903948,T104151,2026-09-06 21:03:50,884.61,SETTLED,B20260906-3
S903949,T104152,2026-09-06 10:23:09,3185.06,SETTLED,B20260906-3
S903950,T104153,2026-09-06 19:41:33,195929.36,SETTLED,B20260906-1
S903951,T104154,2026-09-06 14:49:10,3269.70,SETTLED,B20260906-4
S903952,T104156,2026-09-06 07:32:21,258219.33,SETTLED,B20260906-1
S903953,T104157,2026-09-06 13:44:31,737.30,SETTLED,B20260906-6
S903954,T104158,2026-09-06 14:00:06,43577.45,SETTLED,B20260906-3
S903955,T104159,2026-09-06 11:54:19,11799.85,SETTLED,B20260906-5
S903956,T104160,2026-09-06 14:53:10,391304.52,SETTLED,B20260906-4
S903957,T104161,2026-09-06 14:20:17,2741.59,SETTLED,B20260906-6
S903958,T104162,2026-09-06 18:47:03,1928.47,SETTLED,B20260906-1
S903959,T104163,2026-09-06 22:32:05,603.84,SETTLED,B20260906-2
S903960,T104164,2026-09-06 21:44:06,18217.98,SETTLED,B20260906-2
S903961,T104165,2026-09-06 16:03:08,2746.42,SETTLED,B20260906-3
S903962,T104165,2026-09-06 16:06:08,686.60,SETTLED,B20260906-1
S903963,T104166,2026-09-06 07:16:57,18850.73,SETTLED,B20260906-3
S903964,T104168,2026-09-06 20:27:46,2634.72,SETTLED,B20260906-2
S903965,T104169,2026-09-06 07:34:52,49585.62,SETTLED,B20260906-2
S903966,T104170,2026-09-06 22:31:47,326151.89,SETTLED,B20260906-3
S903967,T104171,2026-09-06 07:57:22,3814.25,SETTLED,B20260906-4
S903968,T104172,2026-09-06 08:27:46,132965.48,SETTLED,B20260906-6
S903969,T104173,2026-09-06 13:07:08,54265.72,SETTLED,B20260906-1
S903970,T104174,2026-09-06 13:31:55,2553.43,SETTLED,B20260906-3
S903971,T104175,2026-09-06 08:57:44,52673.80,SETTLED,B20260906-3
S903972,T104176,2026-09-06 22:32:35,306933.61,SETTLED,B20260906-5
S903973,T104177,2026-09-06 08:21:19,525.11,SETTLED,B20260906-2
S903974,T104178,2026-09-06 19:49:00,56882.51,SETTLED,B20260906-2
S903975,T104180,2026-09-06 09:46:12,156712.52,SETTLED,B20260906-5
S903976,T104181,2026-09-06 16:23:09,42631.29,SETTLED,B20260906-3
S903977,T104182,2026-09-06 16:00:02,24422.91,SETTLED,B20260906-2
S903978,T104183,2026-09-06 12:34:13,1894.61,SETTLED,B20260906-3
S903979,T104185,2026-09-06 14:03:43,792.57,SETTLED,B20260906-5
S903980,T104186,2026-09-06 21:05:50,363395.58,SETTLED,B20260906-1
S903981,T104187,2026-09-06 21:15:13,83752.92,SETTLED,B20260906-3
S903982,T104188,2026-09-06 14:19:23,54241.22,SETTLED,B20260906-6
S903983,T104189,2026-09-06 07:49:02,-58024.06,SETTLED,B20260906-5
S903984,T104190,2026-09-06 06:29:24,1597.10,SETTLED,B20260906-1
S903985,T104191,2026-09-06 18:40:21,317018.64,SETTLED,B20260906-6
S903986,T104192,2026-09-06 17:06:53,38962.76,SETTLED,B20260906-3
S903987,T104193,2026-09-06 18:04:19,968.16,SETTLED,B20260906-6
S903988,T104194,2026-09-06 06:55:22,204193.81,SETTLED,B20260906-3
S903989,T104195,2026-09-06 17:52:56,386480.90,SETTLED,B20260906-3
S903990,T104196,2026-09-06 08:13:13,14593.45,SETTLED,B20260906-3
S903991,T104197,2026-09-06 16:22:17,316181.77,SETTLED,B20260906-6
S903992,T104198,2026-09-06 10:10:23,280293.46,SETTLED,B20260906-6
S903993,T104199,2026-09-06 10:42:04,2345.61,SETTLED,B20260906-4
S903994,T104199,2026-09-06 10:45:04,586.40,SETTLED,B20260906-4
S903995,T104200,2026-09-06 12:05:58,56563.27,SETTLED,B20260906-6
S903996,T104201,2026-09-06 23:24:16,2134.50,SETTLED,B20260906-3
S903997,T104202,2026-09-06 14:27:08,3311.46,SETTLED,B20260906-4
S903998,T104203,2026-09-06 14:58:54,215301.95,SETTLED,B20260906-4
S903999,T104203,2026-09-06 15:10:54,53825.49,SETTLED,B20260906-6
S904000,T104204,2026-09-06 14:58:54,388727.17,SETTLED,B20260906-5
S904001,T104206,2026-09-06 20:12:26,321086.00,SETTLED,B20260906-5
S904002,T104207,2026-09-06 10:22:11,275333.88,SETTLED,B20260906-5
S904003,T104208,2026-09-06 19:12:48,3527.29,SETTLED,B20260906-2
S904004,T104209,2026-09-06 18:27:04,327642.02,SETTLED,B20260906-3
S904005,T104210,2026-09-06 16:36:43,194581.12,SETTLED,B20260906-1
S904006,T104211,2026-09-06 07:04:52,40525.64,PENDING,B20260906-4
S904007,T104212,2026-09-06 08:07:45,27510.25,SETTLED,B20260906-3
S904008,T104213,2026-09-06 21:14:32,10658.46,SETTLED,B20260906-3
S904009,T104214,2026-09-07 04:42:43,1948.12,PENDING,B20260907-6
S904010,T104216,2026-09-06 23:16:00,1921.52,SETTLED,B20260906-2
S904011,T104217,2026-09-06 15:10:27,52248.40,SETTLED,B20260906-4
S904012,T104218,2026-09-06 21:31:07,19932.10,SETTLED,B20260906-1
S904013,T104219,2026-09-06 07:00:31,7794.28,SETTLED,B20260906-2
S904014,T104220,2026-09-06 16:57:00,48048.86,SETTLED,B20260906-3
S904015,T104221,2026-09-06 15:38:30,114380.59,SETTLED,B20260906-1
S904016,T104222,2026-09-06 12:19:00,1617.27,SETTLED,B20260906-5
S904017,T104223,2026-09-06 14:17:49,2387.65,SETTLED,B20260906-6
S904018,T104223,2026-09-06 14:27:49,596.91,SETTLED,B20260906-5
S904019,T104224,2026-09-06 07:43:23,3278.20,SETTLED,B20260906-1
S904020,T104225,2026-09-06 17:43:49,11536.98,SETTLED,B20260906-3
S904021,T104226,2026-09-06 13:33:02,8419.82,SETTLED,B20260906-5
S904022,T104227,2026-09-06 17:36:41,38237.57,SETTLED,B20260906-2
S904023,T104229,2026-09-06 11:08:22,23467.71,SETTLED,B20260906-5
S904024,T104230,2026-09-06 17:55:06,55069.83,SETTLED,B20260906-1
S904025,T104231,2026-09-06 16:08:55,29585.90,SETTLED,B20260906-1
S904026,T104232,2026-09-07 04:54:36,54858.88,SETTLED,B20260907-2
S904027,T104233,2026-09-06 18:45:32,208353.62,SETTLED,B20260906-5
S904028,T104234,2026-09-06 12:56:44,17563.23,SETTLED,B20260906-1
S904029,T104235,2026-09-06 09:58:33,2178.24,SETTLED,B20260906-2
S904030,T104236,2026-09-06 16:13:38,357916.67,SETTLED,B20260906-4
S904031,T104238,2026-09-06 20:17:22,78113.67,SETTLED,B20260906-2
S904032,T104239,2026-09-06 13:32:14,3842.33,SETTLED,B20260906-3
S904033,T104240,2026-09-06 15:57:59,350086.96,PENDING,B20260906-1
S904034,T104241,2026-09-06 17:38:09,4962.92,SETTLED,B20260906-2
S904035,T104242,2026-09-06 09:59:12,3630.82,SETTLED,B20260906-5
S904036,T104243,2026-09-06 07:57:57,852.59,SETTLED,B20260906-1
S904037,T104244,2026-09-06 10:44:08,2670.47,SETTLED,B20260906-2
S904038,T104245,2026-09-06 06:59:13,3718.66,SETTLED,B20260906-5
S904039,T104246,2026-09-06 21:15:39,2066.62,SETTLED,B20260906-4
S904040,T104247,2026-09-06 10:14:10,2686.86,SETTLED,B20260906-6
S904041,T104248,2026-09-06 06:33:04,237018.42,SETTLED,B20260906-6
S904042,T104248,2026-09-06 06:34:04,59254.60,SETTLED,B20260906-4
S904043,T104249,2026-09-06 10:11:22,1609.37,SETTLED,B20260906-2
S904044,T104250,2026-09-06 16:44:37,1532.79,SETTLED,B20260906-3
S904045,T104251,2026-09-06 06:30:12,83129.93,SETTLED,B20260906-3
S904046,T104252,2026-09-06 11:27:03,1233.16,SETTLED,B20260906-3
S904047,T104253,2026-09-06 06:19:25,43231.62,SETTLED,B20260906-1
S904048,T104256,2026-09-06 18:08:32,22964.17,SETTLED,B20260906-5
S904049,T104257,2026-09-06 07:28:34,391906.71,SETTLED,B20260906-4
S904050,T104258,2026-09-06 09:05:13,1070.28,SETTLED,B20260906-5
S904051,T104259,2026-09-06 17:39:01,226395.16,SETTLED,B20260906-2
S904052,T104260,2026-09-06 10:35:51,298.79,SETTLED,B20260906-1
S904053,T104261,2026-09-06 07:11:03,200618.10,SETTLED,B20260906-2
S904054,T104262,2026-09-06 23:16:45,36345.41,SETTLED,B20260906-2
S904055,T104263,2026-09-06 12:53:00,1276.90,SETTLED,B20260906-3
S904056,T104265,2026-09-06 09:57:09,131022.80,SETTLED,B20260906-4
S904057,T104266,2026-09-06 09:51:42,227873.47,SETTLED,B20260906-4
S904058,T104267,2026-09-06 13:41:02,373864.09,SETTLED,B20260906-3
S904059,T104269,2026-09-06 22:50:55,1739.49,SETTLED,B20260906-3
S904060,T104270,2026-09-06 15:37:17,233743.62,SETTLED,B20260906-1
S904061,T104271,2026-09-06 10:48:10,635.26,SETTLED,B20260906-1
S904062,T104272,2026-09-06 14:28:12,45485.10,SETTLED,B20260906-1
S904063,T104273,2026-09-06 13:37:46,3946.32,SETTLED,B20260906-3
S904064,T104275,2026-09-06 11:26:03,684.91,SETTLED,B20260906-6
S904065,T104276,2026-09-06 14:46:24,322576.92,SETTLED,B20260906-1
S904066,T104277,2026-09-06 10:23:44,1400.76,SETTLED,B20260906-4
S904067,T104278,2026-09-06 12:53:54,2911.18,SETTLED,B20260906-6
S904068,T104278,2026-09-06 12:56:54,727.80,SETTLED,B20260906-4
S904069,T104279,2026-09-06 08:05:09,280301.19,SETTLED,B20260906-4
S904070,T104280,2026-09-06 16:56:10,2841.27,SETTLED,B20260906-3
S904071,T104281,2026-09-07 07:22:06,1305.25,SETTLED,B20260907-6
S904072,T104282,2026-09-06 06:41:32,1789.12,SETTLED,B20260906-2
S904073,T104283,2026-09-06 07:41:29,50694.57,SETTLED,B20260906-2
S904074,T104284,2026-09-06 16:56:34,27060.13,SETTLED,B20260906-3
S904075,T104286,2026-09-06 07:24:22,31362.25,SETTLED,B20260906-3
S904076,T104287,2026-09-06 21:41:52,39547.15,SETTLED,B20260906-4
S904077,T104288,2026-09-06 12:20:09,40677.38,SETTLED,B20260906-1
S904078,T104289,2026-09-06 20:42:50,1128.00,SETTLED,B20260906-5
S904079,T104290,2026-09-06 17:49:41,27221.11,SETTLED,B20260906-3
S904080,T104290,2026-09-06 17:58:41,6805.28,SETTLED,B20260906-3
S904081,T104291,2026-09-06 06:48:18,2505.09,SETTLED,B20260906-4
S904082,T104292,2026-09-06 13:44:24,3590.33,SETTLED,B20260906-1
S904083,T104293,2026-09-06 22:16:21,27694.22,SETTLED,B20260906-5
S904084,T104294,2026-09-06 19:51:20,4219.93,SETTLED,B20260906-1
S904085,T104295,2026-09-06 15:32:57,59831.09,SETTLED,B20260906-2
S904086,T104296,2026-09-06 20:54:42,50078.89,SETTLED,B20260906-6
S904087,T104297,2026-09-06 22:22:29,50772.16,SETTLED,B20260906-3
S904088,T104297,2026-09-06 22:31:29,12693.04,SETTLED,B20260906-2
S904089,T104298,2026-09-06 15:40:35,96353.58,SETTLED,B20260906-5
S904090,T104298,2026-09-06 15:48:35,24088.39,SETTLED,B20260906-5
S904091,T104299,2026-09-06 15:14:34,64363.79,SETTLED,B20260906-2
S904092,T104301,2026-09-06 12:11:04,27777.66,SETTLED,B20260906-6
S904093,T104302,2026-09-06 06:55:32,2398.53,SETTLED,B20260906-3
S904094,T104303,2026-09-06 09:43:55,35566.63,FAILED,B20260906-6
S904095,T104303,2026-09-06 09:51:55,8891.66,SETTLED,B20260906-4
S904096,T104304,2026-09-06 13:54:06,128233.02,SETTLED,B20260906-2
S904097,T104306,2026-09-06 07:01:40,473.48,SETTLED,B20260906-1
S904098,T104308,2026-09-06 19:09:31,970.48,SETTLED,B20260906-4
S904099,T104308,2026-09-06 19:21:31,242.62,SETTLED,B20260906-2
S904100,T104310,2026-09-06 09:48:13,34511.00,SETTLED,B20260906-3
S904101,T104311,2026-09-06 07:53:08,376450.22,SETTLED,B20260906-2
S904102,T104312,2026-09-06 20:14:13,3781.35,PENDING,B20260906-4
S904103,T104313,2026-09-06 13:43:53,928.73,SETTLED,B20260906-6
S904104,T104314,2026-09-06 12:04:07,114265.31,SETTLED,B20260906-6
S904105,T104315,2026-09-06 18:14:47,2879.24,SETTLED,B20260906-6
S904106,T104316,2026-09-06 07:30:04,2749.54,SETTLED,B20260906-4
S904107,T104317,2026-09-06 08:20:43,3180.60,SETTLED,B20260906-5
S904108,T104318,2026-09-06 12:12:48,3589.79,SETTLED,B20260906-5
S904109,T104319,2026-09-06 12:24:13,351959.61,SETTLED,B20260906-2
S904110,T104320,2026-09-06 18:04:04,1661.19,SETTLED,B20260906-3
S904111,T104320,2026-09-06 18:10:04,415.30,SETTLED,B20260906-5
S904112,T104322,2026-09-06 09:15:15,9817.96,SETTLED,B20260906-1
S904113,T104323,2026-09-06 19:20:34,180792.80,SETTLED,B20260906-1
S904114,T104324,2026-09-06 06:47:18,2116.60,FAILED,B20260906-1
S904115,T104325,2026-09-06 09:54:16,1692.59,SETTLED,B20260906-3
S904116,T104326,2026-09-07 05:37:44,73867.14,SETTLED,B20260907-4
S904117,T104327,2026-09-06 09:42:37,399096.07,SETTLED,B20260906-2
S904118,T104328,2026-09-06 21:13:27,282573.98,SETTLED,B20260906-2
S904119,T104329,2026-09-06 15:20:47,256115.36,SETTLED,B20260906-6
S904120,T104331,2026-09-06 21:42:02,3020.86,SETTLED,B20260906-2
S904121,T104331,2026-09-06 21:42:02,755.22,SETTLED,B20260906-1
S904122,T104332,2026-09-06 19:57:28,1914.47,SETTLED,B20260906-3
S904123,T104332,2026-09-06 20:06:28,478.62,SETTLED,B20260906-3
S904124,T104333,2026-09-06 13:53:51,164152.05,SETTLED,B20260906-4
S904125,T104334,2026-09-06 21:09:30,259695.24,SETTLED,B20260906-5
S904126,T104335,2026-09-06 11:09:10,181.84,SETTLED,B20260906-2
S904127,T104336,2026-09-06 22:30:04,-3613.66,SETTLED,B20260906-3
S904128,T104337,2026-09-06 08:36:49,3064.77,SETTLED,B20260906-6
S904129,T104338,2026-09-06 22:47:31,58877.06,SETTLED,B20260906-5
S904130,T104339,2026-09-06 13:14:36,293096.45,SETTLED,B20260906-1
S904131,T104340,2026-09-06 08:19:51,118625.67,PENDING,B20260906-1
S904132,T104341,2026-09-06 14:53:59,236397.17,SETTLED,B20260906-2
S904133,T104342,2026-09-06 21:35:59,249.02,SETTLED,B20260906-5
S904134,T104343,2026-09-06 13:56:36,128072.80,SETTLED,B20260906-3
S904135,T104344,2026-09-06 17:57:31,84790.51,SETTLED,B20260906-2
S904136,T104345,2026-09-06 07:04:16,53261.96,SETTLED,B20260906-6
S904137,T104346,2026-09-06 10:09:53,51566.57,SETTLED,B20260906-6
S904138,T104347,2026-09-06 09:42:03,79566.17,SETTLED,B20260906-3
S904139,T104348,2026-09-06 21:25:10,257995.36,SETTLED,B20260906-5
S904140,T104349,2026-09-06 12:03:28,86380.56,SETTLED,B20260906-4
S904141,T104350,2026-09-06 11:09:22,1920.93,SETTLED,B20260906-6
S904142,T104351,2026-09-06 11:26:30,2716.41,SETTLED,B20260906-3
S904143,T104352,2026-09-06 16:42:20,72090.87,SETTLED,B20260906-6
S904144,T104353,2026-09-06 13:45:53,519.18,SETTLED,B20260906-3
S904145,T104354,2026-09-06 18:48:14,3945.08,SETTLED,B20260906-1
S904146,T104355,2026-09-06 20:41:52,20680.15,SETTLED,B20260906-4
S904147,T104356,2026-09-06 21:29:11,3336.53,SETTLED,B20260906-4
S904148,T104357,2026-09-06 11:12:47,366624.24,SETTLED,B20260906-6
S904149,T104358,2026-09-06 14:13:26,39000.35,SETTLED,B20260906-2
S904150,T104361,2026-09-06 18:24:29,32394.46,SETTLED,B20260906-3
S904151,T104362,2026-09-06 22:15:08,267732.09,SETTLED,B20260906-3
S904152,T104363,2026-09-06 08:00:03,59700.13,SETTLED,B20260906-1
S904153,T104364,2026-09-06 08:03:37,29602.33,SETTLED,B20260906-1
S904154,T104365,2026-09-06 15:51:40,359728.61,SETTLED,B20260906-3
S904155,T104366,2026-09-06 16:05:10,339573.77,SETTLED,B20260906-5
S904156,T104367,2026-09-06 09:38:15,9338.26,SETTLED,B20260906-6
S904157,T104368,2026-09-06 22:56:42,113277.39,FAILED,B20260906-6
S904158,T104369,2026-09-06 16:04:29,251252.59,SETTLED,B20260906-2
S904159,T104370,2026-09-06 09:09:16,392.90,SETTLED,B20260906-5
S904160,T104371,2026-09-06 15:51:58,102844.02,SETTLED,B20260906-3
S904161,T104372,2026-09-06 13:08:00,13278.70,SETTLED,B20260906-6
S904162,T104373,2026-09-06 12:32:20,2141.97,SETTLED,B20260906-4
S904163,T104374,2026-09-06 14:20:01,326901.63,SETTLED,B20260906-4
S904164,T104375,2026-09-06 12:27:19,940.54,SETTLED,B20260906-4
S904165,T104376,2026-09-06 07:42:20,46306.62,SETTLED,B20260906-1
S904166,T104377,2026-09-06 16:25:06,190940.02,SETTLED,B20260906-6
S904167,T104378,2026-09-06 15:11:57,362.02,SETTLED,B20260906-4
S904168,T104379,2026-09-06 13:40:48,3943.52,SETTLED,B20260906-6
S904169,T104381,2026-09-07 09:47:39,3562.78,SETTLED,B20260907-2
S904170,T104383,2026-09-06 19:30:21,3443.83,SETTLED,B20260906-1
S904171,T104384,2026-09-06 07:31:05,279487.64,SETTLED,B20260906-3
S904172,T104384,2026-09-06 07:38:05,69871.91,SETTLED,B20260906-4
S904173,T104385,2026-09-06 15:27:09,1242.13,SETTLED,B20260906-4
S904174,T104386,2026-09-06 12:45:18,279827.83,SETTLED,B20260906-6
S904175,T104387,2026-09-06 19:29:03,39407.33,SETTLED,B20260906-5
S904176,T104388,2026-09-06 18:59:14,37048.86,SETTLED,B20260906-1
S904177,T104388,2026-09-06 19:07:14,9262.22,SETTLED,B20260906-4
S904178,T104389,2026-09-06 22:00:07,32678.58,SETTLED,B20260906-2
S904179,T104390,2026-09-06 15:49:32,286833.22,SETTLED,B20260906-4
S904180,T104391,2026-09-06 18:04:00,9017.46,SETTLED,B20260906-3
S904181,T104392,2026-09-06 19:31:26,6748.73,SETTLED,B20260906-4
S904182,T104393,2026-09-06 10:54:04,1975.23,SETTLED,B20260906-1
S904183,T104395,2026-09-06 13:08:55,2915.97,SETTLED,B20260906-4
S904184,T104396,2026-09-06 12:38:21,2165.75,SETTLED,B20260906-5
S904185,T104398,2026-09-06 09:07:43,313436.03,SETTLED,B20260906-3
S904186,T104399,2026-09-06 17:06:35,67591.68,SETTLED,B20260906-5
S904187,T104400,2026-09-06 16:18:01,2479.85,SETTLED,B20260906-4
S904188,T104401,2026-09-06 21:46:34,8340.34,SETTLED,B20260906-6
S904189,T104402,2026-09-06 21:43:37,155052.34,SETTLED,B20260906-1
S904190,T104402,2026-09-06 21:54:37,38763.08,SETTLED,B20260906-5
S904191,T104404,2026-09-06 17:08:17,26385.03,SETTLED,B20260906-2
S904192,T104405,2026-09-06 07:04:34,192635.70,SETTLED,B20260906-3
S904193,T104405,2026-09-06 07:16:34,48158.93,SETTLED,B20260906-1
S904194,T104406,2026-09-06 14:15:18,2849.57,SETTLED,B20260906-5
S904195,T104407,2026-09-06 06:53:18,142890.73,SETTLED,B20260906-4
S904196,T104408,2026-09-06 10:57:33,3084.30,SETTLED,B20260906-4
S904197,T104409,2026-09-06 10:01:26,1927.51,SETTLED,B20260906-2
S904198,T104410,2026-09-06 22:20:31,20136.82,SETTLED,B20260906-3
S904199,T104411,2026-09-06 15:47:21,28461.85,SETTLED,B20260906-4
S904200,T104413,2026-09-06 10:19:53,3444.39,SETTLED,B20260906-4
S904201,T104414,2026-09-06 15:32:54,1980.90,SETTLED,B20260906-3
S904202,T104415,2026-09-06 20:35:53,702.90,SETTLED,B20260906-3
S904203,T104418,2026-09-06 17:44:16,1483.34,SETTLED,B20260906-5
S904204,T104418,2026-09-06 17:51:16,370.83,SETTLED,B20260906-4
S904205,T104419,2026-09-06 20:40:09,2886.29,SETTLED,B20260906-5
S904206,T104419,2026-09-06 20:48:09,721.57,SETTLED,B20260906-3
S904207,T104420,2026-09-06 14:26:53,827.37,SETTLED,B20260906-1
S904208,T104421,2026-09-06 22:10:25,28551.12,SETTLED,B20260906-1
S904209,T104422,2026-09-06 10:50:42,42884.13,SETTLED,B20260906-5
S904210,T104423,2026-09-06 14:50:06,334.10,SETTLED,B20260906-1
S904211,T104424,2026-09-06 16:07:36,29191.72,SETTLED,B20260906-3
S904212,T104425,2026-09-06 10:54:07,57350.65,SETTLED,B20260906-4
S904213,T104426,2026-09-06 18:22:01,143433.61,SETTLED,B20260906-2
S904214,T104427,2026-09-06 11:27:44,46669.00,SETTLED,B20260906-3
S904215,T104428,2026-09-06 14:06:15,20145.96,SETTLED,B20260906-6
S904216,T104429,2026-09-06 07:25:04,3426.64,SETTLED,B20260906-3
S904217,T104430,2026-09-06 11:31:06,302127.77,SETTLED,B20260906-4
S904218,T104431,2026-09-06 07:57:36,178.71,SETTLED,B20260906-2
S904219,T104432,2026-09-06 12:15:11,18833.70,SETTLED,B20260906-2
S904220,T104433,2026-09-06 15:25:30,103332.95,SETTLED,B20260906-1
S904221,T104434,2026-09-06 15:24:03,2603.45,SETTLED,B20260906-2
S904222,T104435,2026-09-06 15:17:28,234123.17,PENDING,B20260906-3
S904223,T104436,2026-09-06 17:16:28,49530.95,SETTLED,B20260906-4
S904224,T104437,2026-09-06 22:10:43,3140.85,SETTLED,B20260906-5
S904225,T104437,2026-09-06 22:20:43,785.21,SETTLED,B20260906-4
S904226,T104438,2026-09-06 20:37:18,3231.70,SETTLED,B20260906-5
S904227,T104439,2026-09-06 15:14:25,30787.28,SETTLED,B20260906-3
S904228,T104441,2026-09-06 07:31:35,3474.67,SETTLED,B20260906-4
S904229,T104442,2026-09-06 10:30:32,247004.55,SETTLED,B20260906-1
S904230,T104443,2026-09-06 10:55:23,1669.80,SETTLED,B20260906-1
S904231,T104443,2026-09-06 10:59:23,417.45,SETTLED,B20260906-5
S904232,T104444,2026-09-06 10:23:41,1666.56,SETTLED,B20260906-6
S904233,T104445,2026-09-06 09:02:28,126244.21,SETTLED,B20260906-2
S904234,T104446,2026-09-06 17:54:23,2838.98,SETTLED,B20260906-4
S904235,T104447,2026-09-06 14:11:22,1485.49,SETTLED,B20260906-5
S904236,T104447,2026-09-06 14:15:22,371.37,SETTLED,B20260906-2
S904237,T104449,2026-09-06 23:56:51,138136.55,SETTLED,B20260906-3
S904238,T104449,2026-09-07 00:01:51,34534.14,SETTLED,B20260907-3
S904239,T104450,2026-09-06 11:18:22,32224.74,SETTLED,B20260906-5
S904240,T104452,2026-09-06 19:51:50,37192.31,SETTLED,B20260906-1
S904241,T104454,2026-09-06 20:13:01,59236.67,SETTLED,B20260906-1
S904242,T104455,2026-09-06 13:19:03,2862.77,SETTLED,B20260906-1
S904243,T104455,2026-09-06 13:20:03,715.69,SETTLED,B20260906-6
S904244,T104456,2026-09-06 10:57:15,206.19,SETTLED,B20260906-6
S904245,T104457,2026-09-06 13:31:46,617.06,SETTLED,B20260906-2
S904246,T104458,2026-09-06 19:47:04,2438.68,SETTLED,B20260906-2
S904247,T104459,2026-09-06 07:23:47,21045.17,SETTLED,B20260906-1
S904248,T104460,2026-09-06 12:12:57,303764.98,SETTLED,B20260906-6
S904249,T104461,2026-09-06 13:57:11,177918.81,SETTLED,B20260906-6
S904250,T104462,2026-09-06 07:22:24,9784.02,SETTLED,B20260906-4
S904251,T104463,2026-09-06 09:34:24,2905.80,SETTLED,B20260906-2
S904252,T104464,2026-09-06 10:30:43,645.15,SETTLED,B20260906-1
S904253,T104465,2026-09-06 12:40:42,1607.29,SETTLED,B20260906-4
S904254,T104466,2026-09-06 07:40:11,22794.57,SETTLED,B20260906-2
S904255,T104466,2026-09-06 07:42:11,5698.64,SETTLED,B20260906-1
S904256,T104467,2026-09-06 08:01:48,191272.09,SETTLED,B20260906-2
S904257,T104468,2026-09-06 23:02:30,88414.03,SETTLED,B20260906-6
S904258,T104469,2026-09-06 23:02:59,56399.67,SETTLED,B20260906-3
S904259,T104470,2026-09-06 08:16:01,52879.77,SETTLED,B20260906-2
S904260,T104471,2026-09-06 23:49:09,8562.58,SETTLED,B20260906-5
S904261,T104472,2026-09-06 20:23:01,303.02,SETTLED,B20260906-5
S904262,T104473,2026-09-06 23:20:34,2145.81,SETTLED,B20260906-6
S904263,T104475,2026-09-06 17:28:39,17354.42,SETTLED,B20260906-2
S904264,T104476,2026-09-06 23:25:09,3660.79,SETTLED,B20260906-2
S904265,T104477,2026-09-06 07:52:53,146749.95,SETTLED,B20260906-6
S904266,T104478,2026-09-06 17:17:40,15626.58,SETTLED,B20260906-4
S904267,T104480,2026-09-06 17:33:49,16088.65,SETTLED,B20260906-6
S904268,T104481,2026-09-06 22:00:05,17415.05,SETTLED,B20260906-6
S904269,T104482,2026-09-06 19:58:56,3196.19,SETTLED,B20260906-5
S904270,T104483,2026-09-06 09:02:00,42538.53,SETTLED,B20260906-5
S904271,T104484,2026-09-06 22:58:28,55954.84,SETTLED,B20260906-3
S904272,T104485,2026-09-06 10:06:25,388457.73,SETTLED,B20260906-1
S904273,T104486,2026-09-06 18:00:39,31998.99,SETTLED,B20260906-4
S904274,T104487,2026-09-06 06:31:36,78097.79,SETTLED,B20260906-5
S904275,T104489,2026-09-06 11:54:53,3728.80,SETTLED,B20260906-6
S904276,T104490,2026-09-06 16:05:34,2781.89,SETTLED,B20260906-1
S904277,T104491,2026-09-06 15:15:16,3967.60,SETTLED,B20260906-2
S904278,T104492,2026-09-06 12:42:31,603.59,SETTLED,B20260906-1
S904279,T104493,2026-09-06 17:04:56,72546.72,SETTLED,B20260906-6
S904280,T104495,2026-09-06 19:15:40,12565.62,SETTLED,B20260906-6
S904281,T104496,2026-09-07 21:14:30,36402.02,SETTLED,B20260907-1
S904282,T104497,2026-09-06 07:33:12,33056.35,SETTLED,B20260906-1
S904283,T104498,2026-09-06 14:10:37,347845.88,SETTLED,B20260906-5
S904284,T104499,2026-09-06 21:07:34,32418.73,SETTLED,B20260906-6
S904285,T104500,2026-09-06 13:12:32,350076.30,SETTLED,B20260906-2
S904286,T104502,2026-09-06 16:53:54,3387.75,SETTLED,B20260906-4
S904287,T104503,2026-09-06 22:21:05,309848.16,SETTLED,B20260906-6
S904288,T104504,2026-09-06 08:55:28,41516.90,SETTLED,B20260906-3
S904289,T104505,2026-09-06 14:18:28,30217.19,SETTLED,B20260906-4
S904290,T104506,2026-09-07 10:49:53,27997.00,SETTLED,B20260907-3
S904291,T104507,2026-09-06 19:00:19,390418.83,SETTLED,B20260906-2
S904292,T104508,2026-09-06 18:40:11,1330.81,SETTLED,B20260906-3
S904293,T104511,2026-09-06 15:14:29,125666.49,SETTLED,B20260906-4
S904294,T104512,2026-09-06 10:45:28,179331.07,PENDING,B20260906-4
S904295,T104513,2026-09-06 18:37:29,60028.99,SETTLED,B20260906-4
S904296,T104514,2026-09-06 18:20:28,3461.81,SETTLED,B20260906-6
S904297,T104515,2026-09-06 10:05:06,3859.84,SETTLED,B20260906-3
S904298,T104516,2026-09-06 10:15:07,19819.17,SETTLED,B20260906-5
S904299,T104517,2026-09-06 10:27:54,285.55,SETTLED,B20260906-6
S904300,T104518,2026-09-06 09:17:28,51208.88,SETTLED,B20260906-6
S904301,T104519,2026-09-07 13:22:08,36683.61,SETTLED,B20260907-6
S904302,T104520,2026-09-06 12:17:36,18854.13,SETTLED,B20260906-1
S904303,T104521,2026-09-06 17:28:23,332.46,SETTLED,B20260906-1
S904304,T104522,2026-09-06 22:16:15,28029.86,SETTLED,B20260906-5
S904305,T104523,2026-09-06 22:21:20,49623.12,SETTLED,B20260906-1
S904306,T104524,2026-09-06 11:58:43,24728.46,SETTLED,B20260906-6
S904307,T104524,2026-09-06 12:09:43,6182.12,SETTLED,B20260906-1
S904308,T104525,2026-09-06 17:45:24,212.82,SETTLED,B20260906-5
S904309,T104527,2026-09-06 06:56:46,104897.99,SETTLED,B20260906-2
S904310,T104528,2026-09-06 10:51:41,38619.71,SETTLED,B20260906-6
S904311,T104529,2026-09-07 03:06:10,2919.25,SETTLED,B20260907-5
S904312,T104530,2026-09-06 12:42:46,1742.33,SETTLED,B20260906-3
S904313,T104532,2026-09-06 15:18:49,2823.47,SETTLED,B20260906-1
S904314,T104533,2026-09-06 16:21:34,6783.52,SETTLED,B20260906-1
S904315,T104534,2026-09-06 09:15:00,1312.65,SETTLED,B20260906-1
S904316,T104534,2026-09-06 09:24:00,328.16,SETTLED,B20260906-3
S904317,T104535,2026-09-06 12:43:30,3590.93,SETTLED,B20260906-2
S904318,T104537,2026-09-06 11:00:59,1075.04,SETTLED,B20260906-6
S904319,T104538,2026-09-06 12:21:55,31775.62,SETTLED,B20260906-4
S904320,T104540,2026-09-06 16:57:41,285962.55,SETTLED,B20260906-3
S904321,T104541,2026-09-06 17:07:09,361699.15,SETTLED,B20260906-5
S904322,T104542,2026-09-06 14:58:48,24837.37,SETTLED,B20260906-2
S904323,T104544,2026-09-06 06:39:45,3888.01,SETTLED,B20260906-1
S904324,T104545,2026-09-06 15:48:01,381071.54,SETTLED,B20260906-4
S904325,T104546,2026-09-06 11:40:19,175905.39,SETTLED,B20260906-5
S904326,T104547,2026-09-06 20:08:28,3082.66,SETTLED,B20260906-5
S904327,T104548,2026-09-06 17:20:44,332026.76,SETTLED,B20260906-3
S904328,T104549,2026-09-06 08:56:52,69199.09,SETTLED,B20260906-6
S904329,T104550,2026-09-06 17:15:31,39741.01,SETTLED,B20260906-4
S904330,T104551,2026-09-06 17:26:11,59474.39,SETTLED,B20260906-5
S904331,T104552,2026-09-06 21:59:41,373771.89,SETTLED,B20260906-6
S904332,T104553,2026-09-06 21:00:07,53373.71,SETTLED,B20260906-4
S904333,T104554,2026-09-06 20:25:41,2267.87,SETTLED,B20260906-2
S904334,T104556,2026-09-06 17:21:52,57305.67,SETTLED,B20260906-5
S904335,T104557,2026-09-06 14:57:41,941.84,SETTLED,B20260906-2
S904336,T104558,2026-09-06 16:21:20,153647.68,FAILED,B20260906-1
S904337,T104559,2026-09-06 18:03:16,3271.50,SETTLED,B20260906-2
S904338,T104560,2026-09-06 17:21:49,44841.14,SETTLED,B20260906-5
S904339,T104561,2026-09-06 16:46:51,743.95,SETTLED,B20260906-1
S904340,T104562,2026-09-06 19:37:27,155019.82,SETTLED,B20260906-6
S904341,T104562,2026-09-06 19:44:27,38754.96,SETTLED,B20260906-1
S904342,T104563,2026-09-06 21:41:23,110748.76,SETTLED,B20260906-1
S904343,T104564,2026-09-06 20:17:53,8180.32,SETTLED,B20260906-3
S904344,T104565,2026-09-06 16:33:41,539.34,SETTLED,B20260906-3
S904345,T104566,2026-09-07 05:01:40,71264.36,FAILED,B20260907-3
S904346,T104567,2026-09-06 22:40:02,13449.80,SETTLED,B20260906-4
S904347,T104568,2026-09-06 10:24:46,22668.20,SETTLED,B20260906-5
S904348,T104570,2026-09-06 11:38:01,2279.09,SETTLED,B20260906-5
S904349,T104571,2026-09-07 07:34:29,255671.80,SETTLED,B20260907-3
S904350,T104571,2026-09-07 07:36:29,63917.95,SETTLED,B20260907-4
S904351,T104573,2026-09-06 21:36:05,34335.21,SETTLED,B20260906-6
S904352,T104574,2026-09-06 09:00:30,40583.76,SETTLED,B20260906-6
S904353,T104575,2026-09-06 21:16:48,3330.88,SETTLED,B20260906-3
S904354,T104576,2026-09-06 14:19:32,370696.03,SETTLED,B20260906-6
S904355,T104577,2026-09-06 18:27:09,224530.74,SETTLED,B20260906-1
S904356,T104578,2026-09-06 08:05:22,273553.75,SETTLED,B20260906-1
S904357,T104579,2026-09-06 17:04:08,183570.43,SETTLED,B20260906-1
S904358,T104580,2026-09-06 09:40:03,22408.38,SETTLED,B20260906-2
S904359,T104581,2026-09-06 20:02:20,230602.06,PENDING,B20260906-6
S904360,T104582,2026-09-06 21:53:35,321301.55,SETTLED,B20260906-4
S904361,T104583,2026-09-06 17:24:07,267839.88,SETTLED,B20260906-5
S904362,T104583,2026-09-06 17:28:07,66959.97,SETTLED,B20260906-6
S904363,T104584,2026-09-06 22:28:57,46508.41,SETTLED,B20260906-3
S904364,T104585,2026-09-06 13:55:35,322375.89,SETTLED,B20260906-2
S904365,T104586,2026-09-06 21:29:27,140903.50,SETTLED,B20260906-2
S904366,T104587,2026-09-06 22:14:42,206238.99,SETTLED,B20260906-2
S904367,T104588,2026-09-06 18:55:09,268189.86,SETTLED,B20260906-2
S904368,T104589,2026-09-06 21:32:40,345780.02,SETTLED,B20260906-5
S904369,T104590,2026-09-06 10:16:40,216778.13,SETTLED,B20260906-5
S904370,T104592,2026-09-06 19:17:58,3438.61,SETTLED,B20260906-2
S904371,T104593,2026-09-06 06:21:44,2027.16,SETTLED,B20260906-6
S904372,T104595,2026-09-06 11:15:16,1034.96,SETTLED,B20260906-6
S904373,T104596,2026-09-06 19:21:09,9649.69,SETTLED,B20260906-2
S904374,T104597,2026-09-06 12:19:02,790.18,SETTLED,B20260906-5
S904375,T104598,2026-09-06 08:25:34,308922.02,SETTLED,B20260906-4
S904376,T104599,2026-09-06 07:38:30,132002.18,SETTLED,B20260906-4
S904377,T104600,2026-09-06 21:44:24,145317.30,SETTLED,B20260906-3
S904378,T104601,2026-09-06 16:42:39,2499.00,SETTLED,B20260906-4
S904379,T104602,2026-09-06 12:14:52,2452.05,SETTLED,B20260906-5
S904380,T104603,2026-09-06 18:22:08,177212.54,SETTLED,B20260906-4
S904381,T104604,2026-09-06 20:21:27,173798.63,FAILED,B20260906-4
S904382,T104605,2026-09-06 09:58:32,95288.74,SETTLED,B20260906-1
S904383,T104606,2026-09-06 17:48:51,88793.53,SETTLED,B20260906-4
S904384,T104607,2026-09-06 13:25:56,3349.14,SETTLED,B20260906-2
S904385,T104608,2026-09-06 12:09:53,99704.24,SETTLED,B20260906-5
S904386,T104609,2026-09-06 12:22:26,329754.98,SETTLED,B20260906-2
S904387,T104610,2026-09-06 16:14:50,879.55,SETTLED,B20260906-4
S904388,T104611,2026-09-06 13:08:01,73186.95,SETTLED,B20260906-1
S904389,T104612,2026-09-06 08:30:55,71248.86,SETTLED,B20260906-5
S904390,T104612,2026-09-06 08:31:55,17812.21,SETTLED,B20260906-3
S904391,T104613,2026-09-06 14:27:23,2888.33,SETTLED,B20260906-3
S904392,T104614,2026-09-06 17:41:21,13639.60,SETTLED,B20260906-1
S904393,T104615,2026-09-06 14:01:33,54003.29,SETTLED,B20260906-5
S904394,T104616,2026-09-06 22:20:21,1665.70,SETTLED,B20260906-1
S904395,T104617,2026-09-06 21:02:16,3138.13,SETTLED,B20260906-4
S904396,T104618,2026-09-06 18:51:39,57185.97,SETTLED,B20260906-3
S904397,T104619,2026-09-06 12:36:28,28336.48,SETTLED,B20260906-5
S904398,T104620,2026-09-06 23:34:28,29162.25,SETTLED,B20260906-6
S904399,T104620,2026-09-06 23:36:28,7290.56,PENDING,B20260906-3
S904400,T104621,2026-09-06 18:35:10,331353.72,SETTLED,B20260906-3
S904401,T104622,2026-09-06 15:38:25,510.04,SETTLED,B20260906-4
S904402,T104623,2026-09-06 18:57:38,183019.69,SETTLED,B20260906-2
S904403,T104624,2026-09-06 14:06:56,329160.23,SETTLED,B20260906-4
S904404,T104625,2026-09-06 18:46:32,233580.02,SETTLED,B20260906-5
S904405,T104626,2026-09-06 10:57:08,36775.38,SETTLED,B20260906-5
S904406,T104628,2026-09-06 18:26:05,59069.57,SETTLED,B20260906-6
S904407,T104629,2026-09-06 16:05:23,184963.64,SETTLED,B20260906-1
S904408,T104630,2026-09-06 06:19:03,39611.48,SETTLED,B20260906-4
S904409,T104631,2026-09-06 07:50:05,116283.03,SETTLED,B20260906-6
S904410,T104632,2026-09-06 14:31:41,2882.13,SETTLED,B20260906-2
S904411,T104633,2026-09-06 08:01:39,3967.36,SETTLED,B20260906-1
S904412,T104634,2026-09-06 06:32:52,3238.94,SETTLED,B20260906-6
S904413,T104635,2026-09-06 07:01:16,32395.38,SETTLED,B20260906-5
S904414,T104636,2026-09-06 15:18:50,8194.99,SETTLED,B20260906-1
S904415,T104637,2026-09-06 11:24:43,22383.40,SETTLED,B20260906-3
S904416,T104638,2026-09-06 11:16:12,2486.78,SETTLED,B20260906-5
S904417,T104639,2026-09-06 17:44:56,267276.01,SETTLED,B20260906-2
S904418,T104640,2026-09-06 07:46:30,3552.49,SETTLED,B20260906-4
S904419,T104641,2026-09-06 08:32:47,3051.23,SETTLED,B20260906-1
S904420,T104642,2026-09-06 18:47:23,1719.94,SETTLED,B20260906-3
S904421,T104643,2026-09-06 18:50:32,32972.76,SETTLED,B20260906-2
S904422,T104644,2026-09-06 11:38:42,300640.18,SETTLED,B20260906-1
S904423,T104645,2026-09-06 15:43:38,52628.50,SETTLED,B20260906-3
S904424,T104646,2026-09-06 21:10:44,2056.80,SETTLED,B20260906-5
S904425,T104647,2026-09-06 14:17:08,2150.05,SETTLED,B20260906-6
S904426,T104648,2026-09-07 00:12:34,268642.01,SETTLED,B20260907-1
S904427,T104649,2026-09-06 06:36:11,20033.69,SETTLED,B20260906-3
S904428,T104650,2026-09-06 17:37:26,287944.99,SETTLED,B20260906-6
S904429,T104651,2026-09-06 07:01:24,125994.62,SETTLED,B20260906-3
S904430,T104652,2026-09-06 09:04:28,3811.49,SETTLED,B20260906-1
S904431,T104653,2026-09-06 16:56:51,879.15,SETTLED,B20260906-6
S904432,T104654,2026-09-06 16:51:02,3003.82,SETTLED,B20260906-1
S904433,T104655,2026-09-06 16:23:52,598.04,SETTLED,B20260906-2
S904434,T104656,2026-09-06 10:25:55,57916.16,SETTLED,B20260906-5
S904435,T104657,2026-09-06 20:56:21,35944.22,SETTLED,B20260906-4
S904436,T104658,2026-09-06 19:38:49,75277.67,SETTLED,B20260906-3
S904437,T104659,2026-09-06 13:00:08,76068.50,SETTLED,B20260906-1
S904438,T104659,2026-09-06 13:01:08,19017.12,SETTLED,B20260906-6
S904439,T104660,2026-09-06 13:11:16,3161.84,SETTLED,B20260906-3
S904440,T104662,2026-09-06 22:10:15,2070.66,SETTLED,B20260906-1
S904441,T104663,2026-09-06 13:02:42,57584.56,SETTLED,B20260906-2
S904442,T104664,2026-09-06 19:25:41,3721.62,SETTLED,B20260906-1
S904443,T104665,2026-09-06 14:58:15,389053.57,SETTLED,B20260906-2
S904444,T104666,2026-09-06 19:23:25,2983.02,SETTLED,B20260906-2
S904445,T104667,2026-09-06 15:04:20,124909.98,SETTLED,B20260906-5
S904446,T104668,2026-09-06 16:45:12,13013.84,SETTLED,B20260906-4
S904447,T104669,2026-09-06 08:38:40,1960.59,SETTLED,B20260906-2
S904448,T104671,2026-09-07 06:15:38,2551.97,SETTLED,B20260907-6
S904449,T982424,2026-09-06 10:00:00,16154.02,SETTLED,B20260906-9
S904450,T983114,2026-09-06 15:00:00,13185.89,SETTLED,B20260906-9
S904451,T960883,2026-09-06 11:00:00,11171.97,SETTLED,B20260906-9
S904452,T951915,2026-09-06 13:00:00,12687.10,SETTLED,B20260906-9
S904453,T104672,2026-09-07 20:04:38,2995.64,SETTLED,B20260907-4
S904454,T104673,2026-09-07 22:46:00,1309.46,SETTLED,B20260907-4
S904455,T104674,2026-09-07 08:40:31,6774.97,SETTLED,B20260907-4
S904456,T104675,2026-09-07 22:50:38,209814.06,SETTLED,B20260907-2
S904457,T104676,2026-09-07 10:29:11,17880.50,SETTLED,B20260907-5
S904458,T104676,2026-09-07 10:39:11,4470.13,SETTLED,B20260907-2
S904459,T104677,2026-09-07 11:09:57,2871.00,SETTLED,B20260907-1
S904460,T104678,2026-09-07 19:32:59,1431.07,SETTLED,B20260907-1
S904461,T104678,2026-09-07 19:37:59,357.77,SETTLED,B20260907-3
S904462,T104679,2026-09-07 15:32:11,31125.71,SETTLED,B20260907-5
S904463,T104682,2026-09-07 12:13:49,1629.99,PENDING,B20260907-6
S904464,T104682,2026-09-07 12:14:49,407.50,SETTLED,B20260907-6
S904465,T104683,2026-09-07 09:59:15,-1620.71,SETTLED,B20260907-3
S904466,T104684,2026-09-07 20:16:26,70070.02,SETTLED,B20260907-2
S904467,T104685,2026-09-07 21:26:17,377.70,SETTLED,B20260907-4
S904468,T104686,2026-09-07 16:07:14,3362.78,SETTLED,B20260907-2
S904469,T104687,2026-09-07 08:40:44,50628.80,SETTLED,B20260907-1
S904470,T104688,2026-09-07 13:45:56,3132.78,SETTLED,B20260907-6
S904471,T104689,2026-09-07 17:32:36,164232.71,SETTLED,B20260907-5
S904472,T104690,2026-09-07 09:53:23,1489.50,SETTLED,B20260907-2
S904473,T104691,2026-09-07 09:09:22,403.64,PENDING,B20260907-3
S904474,T104692,2026-09-07 21:45:37,48060.07,PENDING,B20260907-6
S904475,T104693,2026-09-07 20:04:37,3552.67,SETTLED,B20260907-6
S904476,T104694,2026-09-07 21:29:15,33371.28,SETTLED,B20260907-2
S904477,T104695,2026-09-07 21:52:49,10093.96,PENDING,B20260907-5
S904478,T104696,2026-09-08 08:40:47,391742.60,SETTLED,B20260908-1
S904479,T104697,2026-09-07 21:22:56,35299.83,SETTLED,B20260907-6
S904480,T104698,2026-09-07 07:19:49,385.80,SETTLED,B20260907-6
S904481,T104699,2026-09-07 20:03:09,236187.61,SETTLED,B20260907-2
S904482,T104700,2026-09-07 09:26:28,309880.94,SETTLED,B20260907-4
S904483,T104701,2026-09-07 15:14:52,3512.91,SETTLED,B20260907-2
S904484,T104703,2026-09-07 19:23:54,1594.68,SETTLED,B20260907-5
S904485,T104704,2026-09-07 06:33:22,22430.82,SETTLED,B20260907-5
S904486,T104704,2026-09-07 06:35:22,5607.71,SETTLED,B20260907-1
S904487,T104705,2026-09-07 15:05:09,370.25,SETTLED,B20260907-1
S904488,T104707,2026-09-07 23:12:16,24176.05,SETTLED,B20260907-2
S904489,T104708,2026-09-07 06:31:38,2968.43,SETTLED,B20260907-1
S904490,T104709,2026-09-07 20:19:05,95473.25,SETTLED,B20260907-4
S904491,T104710,2026-09-07 16:55:51,3135.38,SETTLED,B20260907-5
S904492,T104711,2026-09-07 15:13:59,320245.44,SETTLED,B20260907-5
S904493,T104712,2026-09-08 07:51:17,45810.37,PENDING,B20260908-5
S904494,T104712,2026-09-08 08:00:17,11452.59,SETTLED,B20260908-6
S904495,T104713,2026-09-07 07:28:55,238450.06,SETTLED,B20260907-3
S904496,T104714,2026-09-07 19:15:35,389.38,SETTLED,B20260907-6
S904497,T104715,2026-09-07 11:16:32,2485.25,SETTLED,B20260907-6
S904498,T104716,2026-09-07 12:26:50,660.63,SETTLED,B20260907-4
S904499,T104716,2026-09-07 12:35:50,165.16,SETTLED,B20260907-2
S904500,T104717,2026-09-07 13:33:47,66068.90,SETTLED,B20260907-6
S904501,T104718,2026-09-07 15:05:35,75110.80,SETTLED,B20260907-2
S904502,T104719,2026-09-07 16:06:52,40292.19,SETTLED,B20260907-5
S904503,T104720,2026-09-07 11:48:48,184.37,SETTLED,B20260907-1
S904504,T104721,2026-09-07 12:36:09,390953.61,SETTLED,B20260907-5
S904505,T104722,2026-09-07 19:43:01,2616.99,SETTLED,B20260907-6
S904506,T104723,2026-09-07 07:38:23,2332.51,SETTLED,B20260907-2
S904507,T104724,2026-09-07 13:01:26,88622.12,SETTLED,B20260907-5
S904508,T104725,2026-09-07 10:32:14,150933.32,PENDING,B20260907-4
S904509,T104726,2026-09-07 23:15:01,99074.37,SETTLED,B20260907-5
S904510,T104726,2026-09-07 23:27:01,24768.59,SETTLED,B20260907-4
S904511,T104727,2026-09-07 15:23:31,102175.19,SETTLED,B20260907-4
S904512,T104728,2026-09-07 19:38:24,285843.56,SETTLED,B20260907-5
S904513,T104729,2026-09-07 19:56:19,350.69,SETTLED,B20260907-5
S904514,T104730,2026-09-07 07:31:04,42055.95,SETTLED,B20260907-4
S904515,T104730,2026-09-07 07:41:04,10513.99,SETTLED,B20260907-5
S904516,T104731,2026-09-07 20:57:40,214937.48,SETTLED,B20260907-4
S904517,T104732,2026-09-07 13:31:29,355624.21,SETTLED,B20260907-4
S904518,T104733,2026-09-07 20:13:57,-39355.79,SETTLED,B20260907-4
S904519,T104734,2026-09-07 21:20:21,10943.51,SETTLED,B20260907-2
S904520,T104736,2026-09-07 19:01:33,2453.76,SETTLED,B20260907-1
S904521,T104737,2026-09-07 22:55:55,173140.19,SETTLED,B20260907-5
S904522,T104738,2026-09-07 17:53:05,144110.86,SETTLED,B20260907-6
S904523,T104739,2026-09-07 15:27:56,279198.82,SETTLED,B20260907-2
S904524,T104740,2026-09-07 13:44:51,12824.25,SETTLED,B20260907-4
S904525,T104743,2026-09-07 12:25:04,2166.04,SETTLED,B20260907-3
S904526,T104744,2026-09-07 20:20:03,248821.12,SETTLED,B20260907-2
S904527,T104746,2026-09-07 20:18:27,46899.29,SETTLED,B20260907-1
S904528,T104747,2026-09-07 13:19:08,1036.68,SETTLED,B20260907-3
S904529,T104748,2026-09-07 12:01:57,200.74,SETTLED,B20260907-6
S904530,T104748,2026-09-07 12:07:57,50.18,SETTLED,B20260907-2
S904531,T104750,2026-09-07 15:59:48,357488.56,SETTLED,B20260907-3
S904532,T104751,2026-09-07 17:57:26,1794.66,SETTLED,B20260907-5
S904533,T104752,2026-09-07 06:15:40,2874.86,SETTLED,B20260907-5
S904534,T104753,2026-09-07 18:04:57,417.28,SETTLED,B20260907-5
S904535,T104755,2026-09-07 20:29:33,46648.56,SETTLED,B20260907-5
S904536,T104757,2026-09-07 08:22:39,302713.89,SETTLED,B20260907-1
S904537,T104758,2026-09-07 17:37:44,63031.11,SETTLED,B20260907-2
S904538,T104759,2026-09-07 21:55:05,2740.19,SETTLED,B20260907-3
S904539,T104760,2026-09-07 21:44:35,23702.20,SETTLED,B20260907-6
S904540,T104761,2026-09-07 18:55:03,3677.27,SETTLED,B20260907-6
S904541,T104762,2026-09-07 07:13:52,3694.17,SETTLED,B20260907-5
S904542,T104763,2026-09-07 13:20:17,3773.85,SETTLED,B20260907-3
S904543,T104764,2026-09-07 10:34:38,1239.48,SETTLED,B20260907-5
S904544,T104766,2026-09-07 09:39:01,83469.97,SETTLED,B20260907-6
S904545,T104767,2026-09-07 19:30:32,362698.37,SETTLED,B20260907-2
S904546,T104768,2026-09-07 08:47:02,270714.56,SETTLED,B20260907-4
S904547,T104768,2026-09-07 08:56:02,67678.64,SETTLED,B20260907-4
S904548,T104769,2026-09-07 22:56:43,27690.93,SETTLED,B20260907-2
S904549,T104771,2026-09-07 08:36:16,365557.20,SETTLED,B20260907-6
S904550,T104772,2026-09-07 16:12:21,209.58,SETTLED,B20260907-5
S904551,T104773,2026-09-07 21:24:49,234341.81,SETTLED,B20260907-5
S904552,T104774,2026-09-07 18:40:21,2095.04,SETTLED,B20260907-2
S904553,T104775,2026-09-07 20:59:52,242271.18,SETTLED,B20260907-2
S904554,T104776,2026-09-07 12:11:59,615.59,PENDING,B20260907-6
S904555,T104777,2026-09-07 22:28:20,125092.70,SETTLED,B20260907-2
S904556,T104778,2026-09-07 21:08:03,150930.21,SETTLED,B20260907-5
S904557,T104779,2026-09-07 18:10:07,3981.26,SETTLED,B20260907-6
S904558,T104780,2026-09-07 08:04:49,91438.05,SETTLED,B20260907-1
S904559,T104781,2026-09-07 10:45:28,3595.88,SETTLED,B20260907-1
S904560,T104782,2026-09-07 21:11:45,117039.94,SETTLED,B20260907-3
S904561,T104782,2026-09-07 21:20:45,29259.99,SETTLED,B20260907-5
S904562,T104783,2026-09-07 12:31:18,43712.89,SETTLED,B20260907-4
S904563,T104784,2026-09-07 13:22:42,3935.72,SETTLED,B20260907-3
S904564,T104786,2026-09-07 18:59:54,3620.28,SETTLED,B20260907-5
S904565,T104787,2026-09-07 16:39:05,1505.62,SETTLED,B20260907-4
S904566,T104792,2026-09-07 20:26:53,164543.12,SETTLED,B20260907-3
S904567,T104793,2026-09-07 11:32:07,3217.66,SETTLED,B20260907-5
S904568,T104794,2026-09-07 18:21:35,118210.68,SETTLED,B20260907-4
S904569,T104795,2026-09-07 08:59:49,54748.78,SETTLED,B20260907-3
S904570,T104796,2026-09-07 11:51:41,40690.14,SETTLED,B20260907-1
S904571,T104797,2026-09-07 06:50:39,1790.20,SETTLED,B20260907-4
S904572,T104798,2026-09-07 13:48:50,14843.13,SETTLED,B20260907-5
S904573,T104799,2026-09-07 09:57:13,325835.53,SETTLED,B20260907-4
S904574,T104800,2026-09-07 19:41:50,2625.86,SETTLED,B20260907-6
S904575,T104801,2026-09-07 20:06:10,170184.52,SETTLED,B20260907-4
S904576,T104802,2026-09-07 12:32:41,424.13,SETTLED,B20260907-6
S904577,T104803,2026-09-07 17:30:22,165505.72,SETTLED,B20260907-6
S904578,T104804,2026-09-07 07:11:02,196055.51,SETTLED,B20260907-3
S904579,T104805,2026-09-07 16:26:13,1377.93,SETTLED,B20260907-6
S904580,T104806,2026-09-07 11:35:00,14053.64,SETTLED,B20260907-4
S904581,T104807,2026-09-07 19:41:56,3097.70,SETTLED,B20260907-1
S904582,T104808,2026-09-07 21:30:08,54624.96,SETTLED,B20260907-4
S904583,T104809,2026-09-07 16:34:27,9727.52,SETTLED,B20260907-4
S904584,T104810,2026-09-07 20:51:55,47964.24,SETTLED,B20260907-5
S904585,T104811,2026-09-07 13:37:16,2033.68,SETTLED,B20260907-4
S904586,T104812,2026-09-07 12:00:24,99520.11,SETTLED,B20260907-5
S904587,T104813,2026-09-07 17:13:46,153711.50,SETTLED,B20260907-6
S904588,T104813,2026-09-07 17:16:46,38427.87,SETTLED,B20260907-3
S904589,T104814,2026-09-07 18:07:11,6641.85,SETTLED,B20260907-3
S904590,T104815,2026-09-07 09:20:29,217239.33,SETTLED,B20260907-3
S904591,T104817,2026-09-07 07:11:14,11275.46,SETTLED,B20260907-3
S904592,T104817,2026-09-07 07:14:14,2818.86,SETTLED,B20260907-2
S904593,T104818,2026-09-07 08:23:21,310762.12,SETTLED,B20260907-5
S904594,T104819,2026-09-07 10:02:42,15849.51,SETTLED,B20260907-6
S904595,T104820,2026-09-07 11:58:55,1511.28,SETTLED,B20260907-2
S904596,T104824,2026-09-07 12:22:55,3575.20,SETTLED,B20260907-3
S904597,T104825,2026-09-07 12:33:14,2638.29,SETTLED,B20260907-2
S904598,T104825,2026-09-07 12:41:14,659.57,FAILED,B20260907-1
S904599,T104826,2026-09-07 21:42:15,46081.25,SETTLED,B20260907-4
S904600,T104827,2026-09-07 18:26:15,136595.27,SETTLED,B20260907-4
S904601,T104828,2026-09-07 20:54:53,42378.47,SETTLED,B20260907-4
S904602,T104828,2026-09-07 21:02:53,10594.62,SETTLED,B20260907-2
S904603,T104829,2026-09-07 12:31:51,334990.55,SETTLED,B20260907-2
S904604,T104830,2026-09-07 21:41:34,262490.20,SETTLED,B20260907-2
S904605,T104831,2026-09-07 09:25:04,13817.21,SETTLED,B20260907-4
S904606,T104832,2026-09-07 15:40:44,183073.40,SETTLED,B20260907-5
S904607,T104833,2026-09-07 22:43:44,31388.67,SETTLED,B20260907-1
S904608,T104834,2026-09-07 10:52:13,44393.01,SETTLED,B20260907-6
S904609,T104835,2026-09-07 13:41:20,24086.59,SETTLED,B20260907-2
S904610,T104836,2026-09-07 13:23:33,8332.99,SETTLED,B20260907-1
S904611,T104837,2026-09-07 08:36:04,46954.82,SETTLED,B20260907-5
S904612,T104838,2026-09-07 13:15:11,295205.89,SETTLED,B20260907-3
S904613,T104839,2026-09-07 09:00:45,917.90,SETTLED,B20260907-5
S904614,T104840,2026-09-07 13:18:42,41488.94,SETTLED,B20260907-6
S904615,T104841,2026-09-07 11:15:11,1426.17,SETTLED,B20260907-3
S904616,T104842,2026-09-07 21:47:15,127260.27,SETTLED,B20260907-6
S904617,T104844,2026-09-07 11:31:05,1121.06,PENDING,B20260907-6
S904618,T104845,2026-09-07 09:52:51,42179.04,SETTLED,B20260907-4
S904619,T104846,2026-09-07 07:40:21,773.49,SETTLED,B20260907-2
S904620,T104847,2026-09-07 23:18:53,155267.81,SETTLED,B20260907-1
S904621,T104848,2026-09-07 14:32:19,337167.30,SETTLED,B20260907-1
S904622,T104849,2026-09-07 19:14:15,36899.23,SETTLED,B20260907-1
S904623,T104850,2026-09-07 11:45:07,966.27,SETTLED,B20260907-1
S904624,T104851,2026-09-07 14:36:44,36524.46,PENDING,B20260907-5
S904625,T104852,2026-09-07 14:31:21,1303.81,SETTLED,B20260907-1
S904626,T104853,2026-09-08 00:47:32,172619.20,SETTLED,B20260908-3
S904627,T104854,2026-09-07 21:21:44,304141.77,SETTLED,B20260907-6
S904628,T104855,2026-09-07 17:59:48,3094.00,SETTLED,B20260907-4
S904629,T104856,2026-09-08 00:26:23,2662.40,SETTLED,B20260908-4
S904630,T104857,2026-09-07 07:24:25,188856.75,SETTLED,B20260907-1
S904631,T104859,2026-09-07 14:48:29,20107.32,SETTLED,B20260907-6
S904632,T104859,2026-09-07 14:51:29,5026.83,SETTLED,B20260907-2
S904633,T104860,2026-09-07 09:46:50,1350.36,SETTLED,B20260907-3
S904634,T104861,2026-09-07 18:45:19,11259.68,SETTLED,B20260907-1
S904635,T104862,2026-09-07 12:46:41,3668.15,SETTLED,B20260907-3
S904636,T104863,2026-09-07 09:01:52,97402.54,SETTLED,B20260907-3
S904637,T104864,2026-09-07 12:59:13,16921.75,SETTLED,B20260907-5
S904638,T104865,2026-09-07 12:13:23,58554.77,SETTLED,B20260907-1
S904639,T104866,2026-09-07 17:07:56,222671.04,SETTLED,B20260907-3
S904640,T104867,2026-09-07 08:59:38,304159.78,SETTLED,B20260907-3
S904641,T104868,2026-09-07 20:49:26,3445.67,SETTLED,B20260907-6
S904642,T104869,2026-09-07 17:46:41,1998.06,SETTLED,B20260907-2
S904643,T104870,2026-09-07 21:56:15,22762.91,SETTLED,B20260907-6
S904644,T104871,2026-09-07 19:52:49,139787.42,SETTLED,B20260907-1
S904645,T104872,2026-09-07 23:07:05,9822.42,SETTLED,B20260907-6
S904646,T104874,2026-09-07 13:45:26,43070.77,SETTLED,B20260907-6
S904647,T104875,2026-09-07 19:08:20,364907.66,SETTLED,B20260907-5
S904648,T104876,2026-09-07 19:56:01,1814.96,SETTLED,B20260907-3
S904649,T104877,2026-09-08 12:41:42,9822.46,SETTLED,B20260908-6
S904650,T104878,2026-09-07 13:45:35,13619.91,SETTLED,B20260907-5
S904651,T104879,2026-09-07 14:28:33,2099.51,SETTLED,B20260907-4
S904652,T104880,2026-09-07 19:47:13,995.95,SETTLED,B20260907-6
S904653,T104881,2026-09-07 10:00:56,28860.34,SETTLED,B20260907-1
S904654,T104882,2026-09-07 18:27:10,1498.80,SETTLED,B20260907-2
S904655,T104883,2026-09-07 13:42:19,567.88,PENDING,B20260907-6
S904656,T104884,2026-09-07 14:31:35,764.07,SETTLED,B20260907-3
S904657,T104885,2026-09-07 19:27:40,328.16,SETTLED,B20260907-1
S904658,T104886,2026-09-07 18:11:02,395278.79,SETTLED,B20260907-5
S904659,T104887,2026-09-07 18:17:20,2062.47,SETTLED,B20260907-5
S904660,T104888,2026-09-07 17:33:02,3565.73,SETTLED,B20260907-3
S904661,T104889,2026-09-07 12:38:23,1363.12,SETTLED,B20260907-2
S904662,T104891,2026-09-07 10:35:46,27230.12,SETTLED,B20260907-6
S904663,T104893,2026-09-07 22:08:29,47875.44,SETTLED,B20260907-1
S904664,T104894,2026-09-07 19:58:21,388685.73,SETTLED,B20260907-2
S904665,T104895,2026-09-07 08:46:12,15543.96,SETTLED,B20260907-4
S904666,T104896,2026-09-07 13:50:48,288461.01,SETTLED,B20260907-3
S904667,T104897,2026-09-07 22:44:34,327235.04,SETTLED,B20260907-5
S904668,T104899,2026-09-07 17:08:00,6570.60,SETTLED,B20260907-3
S904669,T104900,2026-09-07 18:17:00,56766.49,SETTLED,B20260907-6
S904670,T104901,2026-09-07 16:53:45,3927.24,SETTLED,B20260907-1
S904671,T104902,2026-09-07 07:23:57,29403.37,SETTLED,B20260907-4
S904672,T104903,2026-09-07 22:03:08,356743.78,SETTLED,B20260907-2
S904673,T104904,2026-09-07 17:00:12,6228.56,SETTLED,B20260907-1
S904674,T104905,2026-09-07 13:23:47,3655.09,SETTLED,B20260907-4
S904675,T104907,2026-09-07 11:29:14,23968.54,SETTLED,B20260907-5
S904676,T104908,2026-09-07 11:15:13,223987.42,SETTLED,B20260907-6
S904677,T104910,2026-09-07 11:39:19,163744.29,SETTLED,B20260907-5
S904678,T104911,2026-09-07 15:00:30,2583.61,PENDING,B20260907-5
S904679,T104912,2026-09-07 15:44:02,236251.27,SETTLED,B20260907-4
S904680,T104913,2026-09-07 18:30:34,126478.82,SETTLED,B20260907-5
S904681,T104914,2026-09-07 07:12:06,305.55,SETTLED,B20260907-5
S904682,T104916,2026-09-07 16:54:48,69136.06,SETTLED,B20260907-3
S904683,T104917,2026-09-07 07:16:09,147585.40,SETTLED,B20260907-5
S904684,T104919,2026-09-07 18:13:58,1379.88,SETTLED,B20260907-2
S904685,T104920,2026-09-07 16:24:52,199681.34,SETTLED,B20260907-1
S904686,T104921,2026-09-07 09:08:09,30574.71,SETTLED,B20260907-2
S904687,T104922,2026-09-07 15:36:44,11097.18,SETTLED,B20260907-1
S904688,T104922,2026-09-07 15:44:44,2774.30,SETTLED,B20260907-2
S904689,T104923,2026-09-07 06:21:26,2763.47,SETTLED,B20260907-1
S904690,T104924,2026-09-07 13:57:47,239261.58,SETTLED,B20260907-6
S904691,T104925,2026-09-07 22:19:12,8863.33,SETTLED,B20260907-5
S904692,T104926,2026-09-07 20:17:27,163054.26,SETTLED,B20260907-4
S904693,T104928,2026-09-07 11:26:17,313544.84,SETTLED,B20260907-6
S904694,T104929,2026-09-07 07:41:33,250.16,SETTLED,B20260907-2
S904695,T104930,2026-09-07 08:22:21,53931.35,SETTLED,B20260907-1
S904696,T104931,2026-09-07 12:12:05,8239.56,SETTLED,B20260907-5
S904697,T104932,2026-09-07 09:10:39,374147.91,SETTLED,B20260907-6
S904698,T104933,2026-09-07 15:41:40,3788.60,SETTLED,B20260907-5
S904699,T104934,2026-09-07 10:02:08,284051.56,SETTLED,B20260907-4
S904700,T104935,2026-09-07 15:00:47,346590.85,SETTLED,B20260907-2
S904701,T104937,2026-09-07 19:04:45,1296.81,SETTLED,B20260907-2
S904702,T104938,2026-09-07 20:18:45,132604.25,SETTLED,B20260907-1
S904703,T104939,2026-09-07 19:04:38,89115.07,SETTLED,B20260907-4
S904704,T104940,2026-09-07 18:37:32,22593.78,SETTLED,B20260907-1
S904705,T104940,2026-09-07 18:37:32,5648.45,FAILED,B20260907-2
S904706,T104941,2026-09-07 19:01:52,4445.46,SETTLED,B20260907-6
S904707,T104942,2026-09-07 08:28:29,446.12,SETTLED,B20260907-6
S904708,T104944,2026-09-07 08:33:02,408.89,SETTLED,B20260907-1
S904709,T104945,2026-09-07 12:36:54,194734.83,SETTLED,B20260907-2
S904710,T104946,2026-09-07 11:00:55,1055.30,PENDING,B20260907-5
S904711,T104948,2026-09-07 14:00:30,324499.68,SETTLED,B20260907-2
S904712,T104949,2026-09-07 13:30:22,183107.84,SETTLED,B20260907-1
S904713,T104950,2026-09-07 11:52:51,199278.62,SETTLED,B20260907-4
S904714,T104951,2026-09-07 10:21:50,148911.46,SETTLED,B20260907-5
S904715,T104951,2026-09-07 10:27:50,37227.87,SETTLED,B20260907-2
S904716,T104952,2026-09-07 10:05:02,299.44,SETTLED,B20260907-5
S904717,T104954,2026-09-07 11:28:18,272.38,SETTLED,B20260907-3
S904718,T104955,2026-09-08 00:26:03,34933.66,SETTLED,B20260908-1
S904719,T104956,2026-09-07 13:40:40,40590.02,SETTLED,B20260907-5
S904720,T104957,2026-09-07 17:28:06,374501.58,SETTLED,B20260907-5
S904721,T104959,2026-09-07 15:46:33,2837.77,SETTLED,B20260907-2
S904722,T104960,2026-09-07 19:50:49,94996.72,SETTLED,B20260907-3
S904723,T104962,2026-09-07 10:50:40,52689.34,SETTLED,B20260907-4
S904724,T104963,2026-09-07 07:29:37,32693.84,SETTLED,B20260907-2
S904725,T104963,2026-09-07 07:32:37,8173.46,SETTLED,B20260907-4
S904726,T104964,2026-09-07 23:04:44,3407.11,SETTLED,B20260907-1
S904727,T104965,2026-09-07 12:35:37,9485.97,SETTLED,B20260907-6
S904728,T104966,2026-09-07 15:29:55,265044.42,SETTLED,B20260907-6
S904729,T104967,2026-09-07 14:28:47,20754.54,SETTLED,B20260907-6
S904730,T104968,2026-09-08 13:00:55,3093.67,PENDING,B20260908-4
S904731,T104970,2026-09-07 09:49:48,1370.01,SETTLED,B20260907-3
S904732,T104971,2026-09-07 19:12:54,44594.96,SETTLED,B20260907-6
S904733,T104972,2026-09-07 16:45:28,1674.82,SETTLED,B20260907-6
S904734,T104974,2026-09-07 13:13:16,309644.60,SETTLED,B20260907-1
S904735,T104974,2026-09-07 13:13:16,77411.15,SETTLED,B20260907-1
S904736,T104975,2026-09-07 13:39:41,2114.32,SETTLED,B20260907-6
S904737,T104976,2026-09-07 10:55:43,311662.83,SETTLED,B20260907-3
S904738,T104978,2026-09-07 14:09:26,220746.80,SETTLED,B20260907-3
S904739,T104978,2026-09-07 14:17:26,55186.70,SETTLED,B20260907-3
S904740,T104979,2026-09-07 10:10:28,313713.42,SETTLED,B20260907-5
S904741,T104980,2026-09-07 17:21:26,31578.49,SETTLED,B20260907-2
S904742,T104981,2026-09-07 17:11:28,55831.52,SETTLED,B20260907-4
S904743,T104982,2026-09-07 13:01:14,527.43,SETTLED,B20260907-6
S904744,T104983,2026-09-07 09:43:30,53516.33,SETTLED,B20260907-2
S904745,T104985,2026-09-07 19:09:56,31960.03,SETTLED,B20260907-1
S904746,T104986,2026-09-07 10:08:18,811.90,SETTLED,B20260907-1
S904747,T104988,2026-09-07 15:47:19,2339.48,SETTLED,B20260907-5
S904748,T104992,2026-09-07 21:07:46,2168.27,SETTLED,B20260907-4
S904749,T104993,2026-09-07 22:47:40,327.44,SETTLED,B20260907-3
S904750,T104994,2026-09-08 14:25:43,765.62,FAILED,B20260908-1
S904751,T104995,2026-09-07 07:43:11,2173.95,SETTLED,B20260907-2
S904752,T104996,2026-09-07 20:36:39,2143.53,SETTLED,B20260907-6
S904753,T104997,2026-09-07 17:56:59,2432.76,SETTLED,B20260907-2
S904754,T104998,2026-09-07 09:41:24,59841.38,SETTLED,B20260907-4
S904755,T104999,2026-09-07 08:43:25,197114.98,SETTLED,B20260907-4
S904756,T105000,2026-09-07 06:18:27,57689.89,SETTLED,B20260907-2
S904757,T105001,2026-09-07 18:47:49,27369.06,SETTLED,B20260907-3
S904758,T105002,2026-09-07 12:14:48,1119.02,SETTLED,B20260907-2
S904759,T105004,2026-09-07 14:44:55,232672.18,SETTLED,B20260907-2
S904760,T105005,2026-09-07 22:34:17,231964.36,SETTLED,B20260907-3
S904761,T105006,2026-09-07 13:25:59,3846.32,SETTLED,B20260907-2
S904762,T105008,2026-09-07 23:18:55,1251.60,SETTLED,B20260907-3
S904763,T105009,2026-09-07 14:53:28,6223.25,SETTLED,B20260907-5
S904764,T105010,2026-09-07 17:05:41,17562.84,SETTLED,B20260907-6
S904765,T105011,2026-09-07 20:37:02,20160.87,SETTLED,B20260907-5
S904766,T105012,2026-09-07 21:53:28,2490.06,SETTLED,B20260907-6
S904767,T105013,2026-09-07 18:11:03,380500.23,SETTLED,B20260907-2
S904768,T105014,2026-09-07 20:13:48,15476.27,SETTLED,B20260907-3
S904769,T105015,2026-09-07 10:48:48,55743.23,SETTLED,B20260907-2
S904770,T105016,2026-09-07 14:19:28,2357.22,SETTLED,B20260907-2
S904771,T105017,2026-09-07 19:32:04,2782.60,SETTLED,B20260907-2
S904772,T105018,2026-09-07 13:38:31,252289.49,SETTLED,B20260907-3
S904773,T105019,2026-09-07 10:23:01,1686.61,SETTLED,B20260907-4
S904774,T105020,2026-09-07 22:48:31,155574.25,SETTLED,B20260907-4
S904775,T105021,2026-09-07 12:22:19,238199.32,SETTLED,B20260907-3
S904776,T105021,2026-09-07 12:25:19,59549.83,SETTLED,B20260907-4
S904777,T105022,2026-09-07 11:13:45,13339.37,SETTLED,B20260907-4
S904778,T105023,2026-09-07 06:48:28,300054.49,SETTLED,B20260907-2
S904779,T105024,2026-09-07 17:00:19,2518.62,SETTLED,B20260907-4
S904780,T105025,2026-09-07 09:05:28,315849.28,SETTLED,B20260907-3
S904781,T105026,2026-09-07 10:37:34,67298.55,SETTLED,B20260907-2
S904782,T105027,2026-09-07 10:30:27,36756.18,SETTLED,B20260907-3
S904783,T105030,2026-09-07 17:40:13,44719.50,SETTLED,B20260907-2
S904784,T105031,2026-09-07 18:39:50,2233.52,SETTLED,B20260907-5
S904785,T105032,2026-09-07 12:30:29,3027.46,SETTLED,B20260907-4
S904786,T105032,2026-09-07 12:33:29,756.86,SETTLED,B20260907-3
S904787,T105033,2026-09-07 16:12:31,311502.73,SETTLED,B20260907-2
S904788,T105034,2026-09-07 19:32:23,34318.64,SETTLED,B20260907-3
S904789,T105035,2026-09-07 13:16:28,1965.46,SETTLED,B20260907-5
S904790,T105036,2026-09-07 13:48:24,487.40,SETTLED,B20260907-4
S904791,T105037,2026-09-07 23:03:35,106570.85,SETTLED,B20260907-5
S904792,T105038,2026-09-07 16:53:34,71717.19,SETTLED,B20260907-3
S904793,T105039,2026-09-07 11:14:58,344071.46,SETTLED,B20260907-6
S904794,T105040,2026-09-07 17:54:59,32488.73,SETTLED,B20260907-3
S904795,T105041,2026-09-07 22:27:08,14764.53,FAILED,B20260907-5
S904796,T105042,2026-09-08 13:17:22,3691.76,SETTLED,B20260908-1
S904797,T105043,2026-09-07 11:49:11,325793.08,SETTLED,B20260907-4
S904798,T105044,2026-09-07 17:38:53,70737.96,SETTLED,B20260907-3
S904799,T105045,2026-09-07 09:02:48,29800.39,PENDING,B20260907-5
S904800,T105046,2026-09-07 11:28:40,290783.21,SETTLED,B20260907-2
S904801,T105047,2026-09-07 13:01:15,11651.67,SETTLED,B20260907-2
S904802,T105048,2026-09-07 15:07:43,282.51,SETTLED,B20260907-3
S904803,T105048,2026-09-07 15:14:43,70.63,SETTLED,B20260907-6
S904804,T105050,2026-09-07 22:24:44,34754.27,SETTLED,B20260907-3
S904805,T105051,2026-09-07 22:51:40,171015.85,SETTLED,B20260907-5
S904806,T105052,2026-09-07 11:38:42,112313.42,SETTLED,B20260907-5
S904807,T105053,2026-09-07 14:40:08,129925.68,FAILED,B20260907-1
S904808,T105054,2026-09-07 19:05:26,2364.76,SETTLED,B20260907-1
S904809,T105055,2026-09-07 14:41:17,10023.70,SETTLED,B20260907-3
S904810,T105056,2026-09-07 06:41:15,69693.07,SETTLED,B20260907-3
S904811,T105057,2026-09-07 22:24:56,39357.31,SETTLED,B20260907-1
S904812,T105058,2026-09-07 17:22:03,35896.02,SETTLED,B20260907-6
S904813,T105059,2026-09-07 17:32:45,2320.60,SETTLED,B20260907-5
S904814,T105061,2026-09-07 20:57:39,343528.54,SETTLED,B20260907-5
S904815,T105063,2026-09-07 23:07:34,24351.50,SETTLED,B20260907-2
S904816,T105064,2026-09-07 16:50:21,18752.06,SETTLED,B20260907-2
S904817,T105065,2026-09-07 21:50:03,2172.27,SETTLED,B20260907-4
S904818,T105066,2026-09-07 17:53:32,11642.11,SETTLED,B20260907-2
S904819,T105067,2026-09-07 11:28:41,40013.39,SETTLED,B20260907-1
S904820,T105068,2026-09-07 09:38:48,343757.77,SETTLED,B20260907-3
S904821,T105069,2026-09-07 21:44:47,57878.74,SETTLED,B20260907-6
S904822,T105070,2026-09-07 09:18:21,284179.55,SETTLED,B20260907-3
S904823,T105071,2026-09-07 09:17:30,187.28,SETTLED,B20260907-4
S904824,T105072,2026-09-07 10:48:01,1786.04,SETTLED,B20260907-6
S904825,T105073,2026-09-07 10:15:17,3811.43,FAILED,B20260907-5
S904826,T105074,2026-09-07 14:04:42,2210.74,SETTLED,B20260907-6
S904827,T105075,2026-09-07 12:21:25,50685.13,SETTLED,B20260907-1
S904828,T105076,2026-09-07 07:06:14,52028.41,SETTLED,B20260907-1
S904829,T105076,2026-09-07 07:16:14,13007.10,SETTLED,B20260907-5
S904830,T105077,2026-09-07 22:00:27,1511.02,SETTLED,B20260907-4
S904831,T105078,2026-09-07 18:09:45,1127.04,SETTLED,B20260907-6
S904832,T105079,2026-09-07 15:51:01,286907.30,SETTLED,B20260907-3
S904833,T105080,2026-09-07 12:58:10,47751.62,SETTLED,B20260907-6
S904834,T105082,2026-09-07 17:02:13,103389.32,SETTLED,B20260907-2
S904835,T105083,2026-09-07 09:35:29,194355.12,SETTLED,B20260907-4
S904836,T105084,2026-09-07 08:42:16,20412.98,SETTLED,B20260907-1
S904837,T105084,2026-09-07 08:53:16,5103.24,SETTLED,B20260907-1
S904838,T105085,2026-09-07 19:53:04,482.50,SETTLED,B20260907-1
S904839,T105087,2026-09-07 22:42:37,335052.98,SETTLED,B20260907-1
S904840,T105088,2026-09-07 18:50:20,44041.71,SETTLED,B20260907-2
S904841,T105089,2026-09-07 23:04:09,59380.24,SETTLED,B20260907-1
S904842,T105091,2026-09-07 22:51:36,1260.47,SETTLED,B20260907-5
S904843,T105093,2026-09-07 06:22:05,1380.87,SETTLED,B20260907-5
S904844,T105094,2026-09-07 11:53:12,151095.59,SETTLED,B20260907-1
S904845,T105095,2026-09-07 22:51:12,41388.56,SETTLED,B20260907-6
S904846,T105097,2026-09-07 06:53:50,23130.15,SETTLED,B20260907-6
S904847,T105098,2026-09-07 10:46:14,116876.48,SETTLED,B20260907-2
S904848,T105100,2026-09-07 21:55:13,1144.71,SETTLED,B20260907-1
S904849,T105101,2026-09-07 20:19:35,59929.88,SETTLED,B20260907-5
S904850,T105102,2026-09-07 06:48:14,-313330.80,SETTLED,B20260907-3
S904851,T105103,2026-09-07 21:26:03,311005.51,SETTLED,B20260907-4
S904852,T105104,2026-09-07 19:03:50,8723.27,SETTLED,B20260907-5
S904853,T105105,2026-09-07 12:23:19,114910.00,SETTLED,B20260907-3
S904854,T105106,2026-09-07 13:01:24,383430.71,SETTLED,B20260907-5
S904855,T105107,2026-09-07 20:51:28,219985.30,SETTLED,B20260907-3
S904856,T105108,2026-09-07 21:23:55,120336.82,SETTLED,B20260907-4
S904857,T105109,2026-09-07 20:17:46,318883.22,SETTLED,B20260907-3
S904858,T105112,2026-09-07 12:39:55,83900.99,SETTLED,B20260907-5
S904859,T105113,2026-09-07 19:02:49,231893.88,SETTLED,B20260907-2
S904860,T105115,2026-09-07 15:55:09,51990.18,SETTLED,B20260907-4
S904861,T105116,2026-09-07 12:38:46,537.08,SETTLED,B20260907-5
S904862,T105117,2026-09-07 15:30:45,27973.92,SETTLED,B20260907-5
S904863,T105118,2026-09-07 14:45:07,22965.65,SETTLED,B20260907-1
S904864,T105119,2026-09-07 17:51:44,16680.65,SETTLED,B20260907-3
S904865,T105120,2026-09-07 21:34:13,157192.53,SETTLED,B20260907-3
S904866,T105121,2026-09-07 12:51:27,2544.62,SETTLED,B20260907-6
S904867,T105122,2026-09-07 15:50:35,3496.51,SETTLED,B20260907-1
S904868,T105123,2026-09-07 09:39:10,1718.06,SETTLED,B20260907-1
S904869,T105124,2026-09-07 16:11:20,1620.55,SETTLED,B20260907-3
S904870,T105125,2026-09-07 10:49:36,335986.80,SETTLED,B20260907-3
S904871,T105126,2026-09-08 12:46:01,44223.54,SETTLED,B20260908-1
S904872,T105128,2026-09-07 12:03:11,683.62,SETTLED,B20260907-1
S904873,T105129,2026-09-07 09:23:45,38423.47,SETTLED,B20260907-3
S904874,T105130,2026-09-07 13:27:07,2286.53,SETTLED,B20260907-1
S904875,T105131,2026-09-07 15:08:38,1776.85,SETTLED,B20260907-2
S904876,T105132,2026-09-07 18:26:53,14320.83,SETTLED,B20260907-4
S904877,T105133,2026-09-07 22:27:51,3971.22,SETTLED,B20260907-3
S904878,T105134,2026-09-07 12:51:40,623.60,SETTLED,B20260907-3
S904879,T105135,2026-09-07 11:43:20,152671.84,SETTLED,B20260907-1
S904880,T105136,2026-09-07 17:22:21,354963.18,SETTLED,B20260907-2
S904881,T105137,2026-09-07 06:55:57,3014.33,SETTLED,B20260907-4
S904882,T105138,2026-09-07 10:04:54,3775.58,SETTLED,B20260907-1
S904883,T105139,2026-09-07 11:16:17,36203.51,SETTLED,B20260907-5
S904884,T105142,2026-09-07 16:39:43,184094.62,SETTLED,B20260907-5
S904885,T105143,2026-09-07 06:59:58,201336.87,SETTLED,B20260907-2
S904886,T105144,2026-09-07 17:12:45,12084.06,SETTLED,B20260907-3
S904887,T105145,2026-09-07 21:48:20,14880.81,SETTLED,B20260907-6
S904888,T105146,2026-09-07 17:59:17,26848.77,SETTLED,B20260907-5
S904889,T105147,2026-09-07 13:05:17,1381.46,SETTLED,B20260907-6
S904890,T105149,2026-09-07 22:58:05,627.84,SETTLED,B20260907-5
S904891,T105150,2026-09-07 14:15:21,1708.62,SETTLED,B20260907-1
S904892,T105151,2026-09-07 17:01:46,40584.48,SETTLED,B20260907-3
S904893,T105152,2026-09-07 16:28:41,45892.99,SETTLED,B20260907-4
S904894,T105152,2026-09-07 16:34:41,11473.25,SETTLED,B20260907-1
S904895,T105153,2026-09-07 11:12:42,84659.97,FAILED,B20260907-1
S904896,T105154,2026-09-07 17:04:17,7780.35,SETTLED,B20260907-3
S904897,T105155,2026-09-07 12:33:59,254983.70,SETTLED,B20260907-5
S904898,T105155,2026-09-07 12:45:59,63745.92,SETTLED,B20260907-1
S904899,T105157,2026-09-07 21:00:18,355026.99,SETTLED,B20260907-2
S904900,T105159,2026-09-07 16:38:55,308695.49,SETTLED,B20260907-6
S904901,T105160,2026-09-07 17:18:32,1101.78,SETTLED,B20260907-2
S904902,T105161,2026-09-07 07:18:48,52400.54,SETTLED,B20260907-1
S904903,T105162,2026-09-07 06:44:40,3879.28,SETTLED,B20260907-1
S904904,T105163,2026-09-07 21:57:52,375999.38,SETTLED,B20260907-1
S904905,T105164,2026-09-07 21:19:51,43008.22,SETTLED,B20260907-4
S904906,T105165,2026-09-07 15:36:43,16477.44,SETTLED,B20260907-5
S904907,T105165,2026-09-07 15:48:43,4119.36,SETTLED,B20260907-6
S904908,T105166,2026-09-07 18:57:26,27872.65,SETTLED,B20260907-6
S904909,T105167,2026-09-07 19:25:05,372662.10,SETTLED,B20260907-2
S904910,T105168,2026-09-07 20:36:40,291727.87,SETTLED,B20260907-5
S904911,T105169,2026-09-07 07:14:40,421.13,SETTLED,B20260907-4
S904912,T105171,2026-09-07 07:10:15,3302.73,PENDING,B20260907-3
S904913,T105172,2026-09-07 18:26:29,48445.91,SETTLED,B20260907-5
S904914,T105173,2026-09-07 19:50:20,6983.31,SETTLED,B20260907-5
S904915,T105174,2026-09-07 22:50:35,12835.93,SETTLED,B20260907-2
S904916,T105175,2026-09-07 08:32:33,95823.54,SETTLED,B20260907-5
S904917,T105175,2026-09-07 08:40:33,23955.89,SETTLED,B20260907-5
S904918,T105177,2026-09-08 12:36:14,301154.42,SETTLED,B20260908-4
S904919,T105178,2026-09-07 09:57:52,16391.47,FAILED,B20260907-3
S904920,T105179,2026-09-07 19:12:17,3511.62,SETTLED,B20260907-6
S904921,T105180,2026-09-07 09:57:00,350980.32,SETTLED,B20260907-1
S904922,T105181,2026-09-07 13:00:30,2577.81,SETTLED,B20260907-1
S904923,T105182,2026-09-07 15:09:33,247817.60,SETTLED,B20260907-3
S904924,T105182,2026-09-07 15:16:33,61954.40,SETTLED,B20260907-2
S904925,T105183,2026-09-07 16:09:42,21866.88,SETTLED,B20260907-1
S904926,T105184,2026-09-07 21:51:58,2131.59,SETTLED,B20260907-4
S904927,T105185,2026-09-07 10:18:18,167250.40,SETTLED,B20260907-5
S904928,T105187,2026-09-07 17:43:22,271970.49,SETTLED,B20260907-3
S904929,T105188,2026-09-07 21:14:41,196658.32,SETTLED,B20260907-4
S904930,T105189,2026-09-07 07:09:36,117990.01,SETTLED,B20260907-2
S904931,T105189,2026-09-07 07:18:36,29497.50,SETTLED,B20260907-1
S904932,T105190,2026-09-07 22:00:54,2270.81,SETTLED,B20260907-5
S904933,T105192,2026-09-07 18:15:17,52001.52,SETTLED,B20260907-6
S904934,T105195,2026-09-07 19:57:52,2285.30,SETTLED,B20260907-6
S904935,T105196,2026-09-07 22:43:53,3273.79,SETTLED,B20260907-6
S904936,T105197,2026-09-07 08:09:44,289751.69,SETTLED,B20260907-5
S904937,T105198,2026-09-07 08:00:00,1400.28,SETTLED,B20260907-3
S904938,T105199,2026-09-07 08:52:32,45193.91,SETTLED,B20260907-2
S904939,T105200,2026-09-07 16:32:26,3383.44,SETTLED,B20260907-1
S904940,T105201,2026-09-07 09:12:45,2543.62,SETTLED,B20260907-4
S904941,T105202,2026-09-07 16:33:27,152163.40,SETTLED,B20260907-2
S904942,T105203,2026-09-07 22:34:55,20185.03,SETTLED,B20260907-5
S904943,T105204,2026-09-07 16:50:06,259744.00,SETTLED,B20260907-4
S904944,T105205,2026-09-07 21:48:36,305188.26,SETTLED,B20260907-3
S904945,T105206,2026-09-07 19:43:15,5125.95,SETTLED,B20260907-5
S904946,T105207,2026-09-07 22:08:47,42749.31,SETTLED,B20260907-5
S904947,T105209,2026-09-07 13:55:55,19416.74,SETTLED,B20260907-4
S904948,T105211,2026-09-07 11:53:04,1674.41,SETTLED,B20260907-6
S904949,T105212,2026-09-07 19:48:28,92302.56,SETTLED,B20260907-5
S904950,T105212,2026-09-07 19:58:28,23075.64,SETTLED,B20260907-6
S904951,T105213,2026-09-07 16:39:04,2489.58,SETTLED,B20260907-3
S904952,T105214,2026-09-07 18:28:22,187402.54,SETTLED,B20260907-1
S904953,T105215,2026-09-07 13:30:32,2684.76,SETTLED,B20260907-3
S904954,T105216,2026-09-07 22:38:27,2750.75,SETTLED,B20260907-3
S904955,T105217,2026-09-07 19:41:13,46705.89,SETTLED,B20260907-3
S904956,T105218,2026-09-07 21:36:57,163855.37,SETTLED,B20260907-2
S904957,T105219,2026-09-07 16:49:21,12654.66,SETTLED,B20260907-1
S904958,T105219,2026-09-07 16:59:21,3163.67,SETTLED,B20260907-1
S904959,T105220,2026-09-07 14:36:52,1550.81,SETTLED,B20260907-5
S904960,T105221,2026-09-07 21:06:32,329895.01,SETTLED,B20260907-5
S904961,T105223,2026-09-07 22:08:20,36524.44,SETTLED,B20260907-6
S904962,T105224,2026-09-07 21:35:56,877.61,SETTLED,B20260907-6
S904963,T105225,2026-09-07 16:23:40,2967.50,SETTLED,B20260907-1
S904964,T105226,2026-09-07 17:32:27,46693.77,SETTLED,B20260907-4
S904965,T105227,2026-09-07 11:48:14,3779.04,SETTLED,B20260907-2
S904966,T105228,2026-09-07 18:46:41,35306.45,SETTLED,B20260907-4
S904967,T105229,2026-09-07 09:26:31,6663.01,SETTLED,B20260907-2
S904968,T105230,2026-09-07 11:24:26,14974.77,SETTLED,B20260907-3
S904969,T105231,2026-09-07 21:14:44,41386.92,PENDING,B20260907-6
S904970,T105232,2026-09-07 21:44:35,39151.33,SETTLED,B20260907-5
S904971,T105233,2026-09-07 19:44:00,3666.31,SETTLED,B20260907-3
S904972,T105234,2026-09-07 22:12:35,398244.86,SETTLED,B20260907-4
S904973,T105235,2026-09-07 18:15:12,287712.72,SETTLED,B20260907-1
S904974,T105236,2026-09-07 16:25:06,2109.71,SETTLED,B20260907-6
S904975,T105238,2026-09-07 13:25:52,12457.41,SETTLED,B20260907-5
S904976,T105238,2026-09-07 13:37:52,3114.35,SETTLED,B20260907-5
S904977,T105239,2026-09-07 22:30:40,2544.81,SETTLED,B20260907-1
S904978,T105240,2026-09-07 15:54:51,826.30,SETTLED,B20260907-6
S904979,T105241,2026-09-07 12:14:30,282513.90,SETTLED,B20260907-5
S904980,T105241,2026-09-07 12:21:30,70628.48,SETTLED,B20260907-1
S904981,T105242,2026-09-07 20:57:15,50844.70,SETTLED,B20260907-6
S904982,T105243,2026-09-07 06:20:08,54668.41,SETTLED,B20260907-3
S904983,T105244,2026-09-07 12:57:10,275280.90,SETTLED,B20260907-4
S904984,T105244,2026-09-07 13:03:10,68820.23,SETTLED,B20260907-6
S904985,T105245,2026-09-07 16:49:18,3358.34,SETTLED,B20260907-1
S904986,T105246,2026-09-07 07:21:42,37744.54,SETTLED,B20260907-2
S904987,T105246,2026-09-07 07:31:42,9436.13,SETTLED,B20260907-2
S904988,T105247,2026-09-07 23:37:54,739.59,SETTLED,B20260907-1
S904989,T105249,2026-09-07 17:03:24,439.00,PENDING,B20260907-4
S904990,T105250,2026-09-07 20:43:22,108851.68,SETTLED,B20260907-1
S904991,T105251,2026-09-07 21:04:43,404.83,SETTLED,B20260907-3
S904992,T105252,2026-09-07 21:24:25,3162.67,SETTLED,B20260907-6
S904993,T105253,2026-09-07 12:05:15,399932.55,SETTLED,B20260907-5
S904994,T105254,2026-09-07 17:34:46,271616.78,SETTLED,B20260907-3
S904995,T105255,2026-09-07 10:41:12,3963.56,FAILED,B20260907-4
S904996,T105256,2026-09-07 13:01:23,186508.25,SETTLED,B20260907-1
S904997,T105257,2026-09-07 13:21:00,25028.64,SETTLED,B20260907-4
S904998,T105257,2026-09-07 13:21:00,6257.16,SETTLED,B20260907-4
S904999,T105258,2026-09-07 12:15:51,55854.94,SETTLED,B20260907-6
S905000,T105259,2026-09-08 00:06:10,3711.44,SETTLED,B20260908-5
S905001,T105260,2026-09-07 09:09:47,713.86,SETTLED,B20260907-2
S905002,T105260,2026-09-07 09:12:47,178.47,SETTLED,B20260907-3
S905003,T105261,2026-09-07 19:44:32,215873.21,SETTLED,B20260907-3
S905004,T105262,2026-09-07 21:54:01,160970.59,SETTLED,B20260907-6
S905005,T105263,2026-09-07 14:44:34,51023.36,SETTLED,B20260907-2
S905006,T105264,2026-09-07 19:14:16,2033.68,SETTLED,B20260907-4
S905007,T105265,2026-09-07 12:03:48,60655.73,SETTLED,B20260907-4
S905008,T105266,2026-09-07 10:25:49,86452.77,SETTLED,B20260907-5
S905009,T105267,2026-09-07 07:25:58,60905.02,SETTLED,B20260907-2
S905010,T105267,2026-09-07 07:36:58,15226.26,SETTLED,B20260907-2
S905011,T105268,2026-09-07 09:01:49,89604.85,SETTLED,B20260907-1
S905012,T105270,2026-09-07 09:45:52,310435.85,SETTLED,B20260907-3
S905013,T105271,2026-09-07 17:26:20,1603.05,SETTLED,B20260907-5
S905014,T105272,2026-09-07 10:40:18,2742.56,SETTLED,B20260907-2
S905015,T105273,2026-09-07 22:55:29,245355.47,SETTLED,B20260907-3
S905016,T105274,2026-09-07 11:03:43,1462.71,SETTLED,B20260907-4
S905017,T105274,2026-09-07 11:10:43,365.68,SETTLED,B20260907-6
S905018,T105275,2026-09-07 08:57:42,851.32,SETTLED,B20260907-3
S905019,T105276,2026-09-07 16:05:55,533.17,SETTLED,B20260907-5
S905020,T105277,2026-09-07 18:45:20,13957.72,SETTLED,B20260907-1
S905021,T105278,2026-09-07 07:32:40,1800.34,SETTLED,B20260907-2
S905022,T105278,2026-09-07 07:41:40,450.08,SETTLED,B20260907-6
S905023,T105279,2026-09-07 07:04:35,72532.50,SETTLED,B20260907-4
S905024,T105280,2026-09-07 13:53:32,9104.00,SETTLED,B20260907-5
S905025,T105282,2026-09-07 15:47:40,161346.50,SETTLED,B20260907-6
S905026,T105284,2026-09-07 16:50:36,168441.36,SETTLED,B20260907-2
S905027,T105285,2026-09-07 14:18:53,231769.31,SETTLED,B20260907-3
S905028,T105285,2026-09-07 14:25:53,57942.33,SETTLED,B20260907-3
S905029,T105287,2026-09-07 11:45:56,317796.21,SETTLED,B20260907-5
S905030,T105288,2026-09-07 11:25:59,2206.24,SETTLED,B20260907-4
S905031,T105288,2026-09-07 11:36:59,551.56,SETTLED,B20260907-2
S905032,T105289,2026-09-07 21:30:27,77655.32,SETTLED,B20260907-4
S905033,T105291,2026-09-07 22:55:29,349.56,SETTLED,B20260907-3
S905034,T105292,2026-09-07 14:03:21,1567.56,SETTLED,B20260907-5
S905035,T105293,2026-09-07 16:34:08,2038.72,SETTLED,B20260907-1
S905036,T105294,2026-09-07 14:53:38,3123.10,SETTLED,B20260907-3
S905037,T105295,2026-09-07 14:04:23,45438.46,SETTLED,B20260907-6
S905038,T105296,2026-09-08 00:34:52,39618.89,PENDING,B20260908-1
S905039,T105297,2026-09-07 08:13:12,70201.96,SETTLED,B20260907-5
S905040,T105298,2026-09-07 21:01:26,23274.87,SETTLED,B20260907-5
S905041,T105299,2026-09-07 09:21:49,357246.01,SETTLED,B20260907-4
S905042,T105300,2026-09-07 07:27:10,237235.23,SETTLED,B20260907-4
S905043,T105301,2026-09-07 06:51:57,265692.91,SETTLED,B20260907-1
S905044,T105302,2026-09-07 14:53:25,34325.21,SETTLED,B20260907-4
S905045,T105303,2026-09-07 13:50:58,3581.44,SETTLED,B20260907-4
S905046,T105304,2026-09-07 14:46:50,9236.59,SETTLED,B20260907-2
S905047,T105306,2026-09-07 16:19:09,8725.76,SETTLED,B20260907-6
S905048,T105307,2026-09-07 13:45:08,27670.45,SETTLED,B20260907-1
S905049,T105308,2026-09-08 00:17:12,44606.58,SETTLED,B20260908-1
S905050,T105309,2026-09-07 08:08:35,15896.81,SETTLED,B20260907-1
S905051,T105310,2026-09-07 06:37:54,-209089.11,SETTLED,B20260907-4
S905052,T105311,2026-09-07 14:56:42,384012.40,SETTLED,B20260907-1
S905053,T105312,2026-09-07 20:15:21,15647.14,SETTLED,B20260907-4
S905054,T105313,2026-09-07 10:57:31,15369.19,SETTLED,B20260907-1
S905055,T105314,2026-09-07 10:01:29,1674.85,SETTLED,B20260907-1
S905056,T105315,2026-09-07 20:28:11,3879.70,PENDING,B20260907-3
S905057,T105316,2026-09-07 22:05:09,242281.86,SETTLED,B20260907-4
S905058,T105317,2026-09-07 15:24:21,34679.71,SETTLED,B20260907-5
S905059,T105318,2026-09-07 20:32:00,333500.74,SETTLED,B20260907-6
S905060,T105319,2026-09-07 16:50:45,133974.53,SETTLED,B20260907-4
S905061,T105320,2026-09-07 15:45:22,24549.85,SETTLED,B20260907-6
S905062,T105321,2026-09-07 18:36:26,39884.88,SETTLED,B20260907-2
S905063,T105322,2026-09-07 21:28:30,190346.72,SETTLED,B20260907-5
S905064,T105323,2026-09-07 09:20:30,1576.74,SETTLED,B20260907-5
S905065,T105323,2026-09-07 09:25:30,394.18,SETTLED,B20260907-5
S905066,T105324,2026-09-07 10:14:19,215398.45,SETTLED,B20260907-3
S905067,T105325,2026-09-07 09:54:29,706.45,SETTLED,B20260907-6
S905068,T105326,2026-09-07 17:35:13,30503.87,SETTLED,B20260907-2
S905069,T105327,2026-09-07 23:28:48,3196.11,SETTLED,B20260907-5
S905070,T105327,2026-09-07 23:40:48,799.03,SETTLED,B20260907-2
S905071,T105328,2026-09-07 06:08:23,1193.20,SETTLED,B20260907-1
S905072,T105329,2026-09-07 16:41:01,22252.17,SETTLED,B20260907-3
S905073,T105331,2026-09-07 16:35:58,24108.99,SETTLED,B20260907-6
S905074,T105333,2026-09-07 15:24:45,205220.74,SETTLED,B20260907-5
S905075,T105335,2026-09-07 22:25:39,144379.62,SETTLED,B20260907-5
S905076,T105337,2026-09-07 14:34:29,6666.40,SETTLED,B20260907-5
S905077,T105338,2026-09-07 14:35:58,142868.65,SETTLED,B20260907-1
S905078,T105339,2026-09-07 20:43:10,285115.44,SETTLED,B20260907-6
S905079,T105341,2026-09-07 14:35:59,3193.88,SETTLED,B20260907-5
S905080,T105343,2026-09-07 21:39:57,37139.65,SETTLED,B20260907-6
S905081,T105344,2026-09-07 15:52:50,1266.09,SETTLED,B20260907-3
S905082,T105345,2026-09-07 17:20:19,12526.00,SETTLED,B20260907-1
S905083,T105346,2026-09-07 22:28:25,12434.81,SETTLED,B20260907-2
S905084,T105347,2026-09-07 13:28:17,185406.00,SETTLED,B20260907-1
S905085,T105348,2026-09-07 16:45:39,184708.37,SETTLED,B20260907-1
S905086,T105349,2026-09-07 17:32:25,268125.87,SETTLED,B20260907-5
S905087,T105350,2026-09-07 17:59:44,215577.76,SETTLED,B20260907-2
S905088,T105352,2026-09-07 15:07:21,813.02,SETTLED,B20260907-2
S905089,T105352,2026-09-07 15:12:21,203.26,SETTLED,B20260907-5
S905090,T105353,2026-09-08 05:35:23,2522.19,SETTLED,B20260908-2
S905091,T105354,2026-09-07 17:39:49,366.80,SETTLED,B20260907-6
S905092,T105355,2026-09-07 13:49:25,1649.12,SETTLED,B20260907-3
S905093,T105356,2026-09-07 23:06:05,43331.97,PENDING,B20260907-5
S905094,T105357,2026-09-07 19:57:35,1865.48,SETTLED,B20260907-3
S905095,T105358,2026-09-07 16:39:52,3884.48,SETTLED,B20260907-5
S905096,T105359,2026-09-07 15:03:50,34657.09,SETTLED,B20260907-2
S905097,T105359,2026-09-07 15:14:50,8664.27,SETTLED,B20260907-1
S905098,T105360,2026-09-07 21:36:30,20249.93,SETTLED,B20260907-1
S905099,T105361,2026-09-07 10:36:14,259667.54,SETTLED,B20260907-2
S905100,T105362,2026-09-07 15:28:59,43042.21,SETTLED,B20260907-5
S905101,T105363,2026-09-07 07:43:08,2445.92,SETTLED,B20260907-5
S905102,T105364,2026-09-07 17:31:37,2390.59,SETTLED,B20260907-3
S905103,T105365,2026-09-07 17:51:21,227161.49,SETTLED,B20260907-1
S905104,T105366,2026-09-07 14:30:51,3699.53,SETTLED,B20260907-4
S905105,T105367,2026-09-07 21:48:15,21497.57,SETTLED,B20260907-4
S905106,T105368,2026-09-07 17:45:15,50583.52,SETTLED,B20260907-3
S905107,T105369,2026-09-07 13:00:47,303749.15,SETTLED,B20260907-4
S905108,T105370,2026-09-07 07:16:49,18359.97,SETTLED,B20260907-3
S905109,T105370,2026-09-07 07:18:49,4589.99,SETTLED,B20260907-3
S905110,T105371,2026-09-07 11:28:34,2321.66,SETTLED,B20260907-6
S905111,T105372,2026-09-07 21:42:26,20505.02,SETTLED,B20260907-1
S905112,T105373,2026-09-07 18:49:18,636.79,SETTLED,B20260907-2
S905113,T105374,2026-09-07 21:20:00,315233.34,SETTLED,B20260907-6
S905114,T105374,2026-09-07 21:26:00,78808.33,SETTLED,B20260907-6
S905115,T105375,2026-09-07 10:43:21,8119.66,SETTLED,B20260907-6
S905116,T105376,2026-09-07 13:30:49,12227.77,SETTLED,B20260907-4
S905117,T105377,2026-09-07 16:11:46,978.48,SETTLED,B20260907-5
S905118,T105378,2026-09-07 08:27:08,247925.09,SETTLED,B20260907-2
S905119,T105379,2026-09-07 16:49:17,4471.23,SETTLED,B20260907-1
S905120,T105380,2026-09-07 11:24:19,7541.25,SETTLED,B20260907-2
S905121,T105380,2026-09-07 11:33:19,1885.31,SETTLED,B20260907-6
S905122,T105381,2026-09-07 09:16:06,344053.08,SETTLED,B20260907-3
S905123,T105383,2026-09-07 16:31:29,1484.05,SETTLED,B20260907-3
S905124,T105384,2026-09-07 14:29:30,6789.98,SETTLED,B20260907-5
S905125,T959978,2026-09-07 14:00:00,554.65,SETTLED,B20260907-9
S905126,T931857,2026-09-07 10:00:00,14461.84,SETTLED,B20260907-9
S905127,T976066,2026-09-07 11:00:00,8199.69,SETTLED,B20260907-9
S905128,T926114,2026-09-07 13:00:00,15017.42,SETTLED,B20260907-9
