transaction_id,merchant_id,customer_id,transaction_ts,amount,currency,status,payment_channel
T100001,M1019,C54772,2026-09-01 09:32:47,661.53,INR,SUCCESS,QR
T100002,M1012,C65533,2026-09-01 19:27:56,227691.27,INR,SUCCESS,ONLINE
T100003,M1005,C68404,2026-09-01 06:08:40,36061.60,INR,SUCCESS,ONLINE
T100004,M1006,C96257,2026-09-01 08:58:34,599.62,INR,SUCCESS,ONLINE
T100005,M1003,C95787,2026-09-01 19:55:08,31971.19,INR,SUCCESS,QR
T100006,M1025,C79566,2026-09-01 21:05:14,1860.31,INR,SUCCESS,POS
T100007,M1010,C96783,2026-09-01 07:09:24,275953.09,INR,SUCCESS,QR
T100008,M1010,C68861,2026-09-01 12:10:13,3845.18,INR,SUCCESS,ONLINE
T100009,M1028,C89242,2026-09-01 06:44:05,43472.26,INR,SUCCESS,POS
T100010,M1000,C63457,2026-09-01 16:32:08,306792.18,INR,SUCCESS,ONLINE
T100011,M1026,C81028,2026-09-01 19:42:19,3087.18,INR,SUCCESS,POS
T100012,M1013,C74757,2026-09-01 15:36:11,665.77,INR,SUCCESS,POS
T100013,M1021,C88652,2026-09-01 21:18:48,65333.32,INR,SUCCESS,QR
T100014,M1025,C51432,2026-09-01 20:45:47,334014.35,INR,SUCCESS,ONLINE
T100015,M1003,C92277,2026-09-01 13:39:14,19148.77,INR,SUCCESS,ONLINE
T100016,M1029,C62814,2026-09-01 17:07:24,299682.82,INR,SUCCESS,POS
T100017,M1019,C72738,2026-09-01 10:21:28,37084.20,INR,FAILED,ONLINE
T100018,M1003,C74600,2026-09-01 22:44:54,9791.85,INR,SUCCESS,QR
T100019,M1025,C59921,2026-09-01 20:45:56,11726.29,INR,SUCCESS,POS
T100020,M1022,C66718,2026-09-01 10:17:51,117464.10,INR,SUCCESS,ONLINE
T100021,M1012,C78448,2026-09-01 20:44:43,3100.68,INR,SUCCESS,ONLINE
T100022,M1015,C94275,2026-09-01 15:38:24,44294.92,INR,SUCCESS,POS
T100023,M1023,C79935,2026-09-01 19:18:20,94493.43,INR,SUCCESS,QR
T100024,M1015,C65931,2026-09-01 18:33:07,339983.16,INR,SUCCESS,QR
T100025,M1007,C63448,2026-09-01 09:27:23,1650.57,INR,SUCCESS,POS
T100026,M1023,C81801,2026-09-01 10:38:42,288121.76,INR,SUCCESS,POS
T100027,M1026,C93885,2026-09-01 22:27:47,27616.95,INR,SUCCESS,ONLINE
T100028,M1009,C86574,2026-09-01 12:00:18,11254.41,INR,SUCCESS,POS
T100029,M1028,C72898,2026-09-01 10:37:25,960.75,INR,SUCCESS,QR
T100030,M1027,C56291,2026-09-01 10:37:53,165700.64,INR,SUCCESS,POS
T100031,M1018,C61645,2026-09-01 18:28:23,53526.50,INR,SUCCESS,POS
T100032,M1020,C76913,2026-09-01 06:18:24,349827.92,INR,SUCCESS,POS
T100033,M1022,C93165,2026-09-01 09:19:54,2912.16,INR,SUCCESS,QR
T100034,M1000,C75685,2026-09-01 20:46:07,2342.02,INR,SUCCESS,QR
T100035,M1008,C60912,2026-09-01 11:20:28,112249.15,INR,SUCCESS,QR
T100036,M1021,C81686,2026-09-01 21:21:31,2885.22,INR,SUCCESS,ONLINE
T100037,M1016,C63214,2026-09-01 10:40:11,3241.46,INR,SUCCESS,QR
T100038,M1001,C79800,2026-09-01 16:04:00,51387.57,INR,FAILED,QR
T100039,M1027,C50602,2026-09-01 22:20:54,207634.70,INR,SUCCESS,QR
T100040,M1012,C52743,2026-09-01 20:21:20,126035.11,INR,SUCCESS,QR
T100041,M1027,C52820,2026-09-01 07:21:04,392047.71,INR,SUCCESS,POS
T100042,M1004,C97027,2026-09-01 15:44:58,3007.20,INR,FAILED,QR
T100043,M1015,C53897,2026-09-01 12:09:15,32190.57,INR,REVERSED,ONLINE
T100044,M1007,C91690,2026-09-01 15:15:17,380778.56,INR,SUCCESS,POS
T100045,M1019,C97602,2026-09-01 08:57:20,915.65,INR,SUCCESS,QR
T100046,M1018,C59865,2026-09-01 07:00:45,168637.93,INR,SUCCESS,QR
T100047,M1005,C52856,2026-09-01 06:15:51,368705.67,INR,SUCCESS,POS
T100048,M1026,C90140,2026-09-01 07:56:44,3448.65,INR,FAILED,POS
T100049,M1029,C56622,2026-09-01 18:27:07,29830.28,INR,SUCCESS,ONLINE
T100050,M1015,C97231,2026-09-01 11:31:41,3552.59,INR,REVERSED,QR
T100051,M1025,C52305,2026-09-01 14:33:21,236.24,INR,SUCCESS,QR
T100052,M1010,C66924,2026-09-01 11:24:32,2306.07,INR,SUCCESS,POS
T100053,M1021,C76811,2026-09-01 14:52:22,3206.65,INR,SUCCESS,POS
T100054,M1028,C98433,2026-09-01 18:23:59,14867.05,INR,SUCCESS,ONLINE
T100055,M1020,C54354,2026-09-01 18:58:15,35593.26,INR,SUCCESS,QR
T100056,M1018,C72634,2026-09-01 20:46:33,20602.68,INR,SUCCESS,ONLINE
T100057,M1009,C76817,2026-09-01 13:12:01,335277.09,INR,SUCCESS,QR
T100058,M1024,C57602,2026-09-01 17:08:06,2138.56,INR,SUCCESS,QR
T100059,M1015,C96257,2026-09-01 19:49:38,833.61,INR,FAILED,ONLINE
T100060,M1004,C68568,2026-09-01 22:08:19,116801.72,INR,SUCCESS,ONLINE
T100061,M1029,C55677,2026-09-01 18:37:53,1339.84,INR,SUCCESS,ONLINE
T100062,M1017,C71999,2026-09-01 17:56:40,2773.93,INR,SUCCESS,ONLINE
T100063,M1029,C52072,2026-09-01 22:44:43,12292.14,INR,SUCCESS,QR
T100064,M1028,C57588,2026-09-01 21:23:36,67428.90,INR,SUCCESS,ONLINE
T100065,M1022,C96772,2026-09-01 19:40:01,167650.00,INR,SUCCESS,ONLINE
T100066,M1008,C80748,2026-09-01 06:15:33,27615.59,INR,SUCCESS,POS
T100067,M1025,C67144,2026-09-01 07:58:46,10824.64,INR,SUCCESS,POS
T100068,M1005,C54722,2026-09-01 15:59:47,3297.02,INR,SUCCESS,QR
T100069,M1022,C61491,2026-09-01 06:20:55,579.82,INR,SUCCESS,ONLINE
T100070,M1021,C77146,2026-09-01 18:24:51,175939.11,INR,SUCCESS,POS
T100071,M1027,C55159,2026-09-01 06:24:36,212720.54,INR,SUCCESS,ONLINE
T100072,M1014,C75786,2026-09-01 12:05:50,220238.39,INR,SUCCESS,POS
T100073,M1011,C95614,2026-09-01 06:28:41,88087.03,INR,SUCCESS,ONLINE
T100074,M1004,C96850,2026-09-01 10:45:28,383851.16,INR,SUCCESS,QR
T100075,M1014,C76015,2026-09-01 13:58:34,27357.08,INR,SUCCESS,QR
T100076,M1017,C86761,2026-09-01 13:58:12,14020.91,INR,SUCCESS,ONLINE
T100077,,C67808,2026-09-01 21:19:05,3772.39,INR,SUCCESS,QR
T100078,M1014,C64032,2026-09-01 19:00:58,120977.41,INR,SUCCESS,ONLINE
T100079,M1011,C74707,2026-09-01 16:18:43,17188.99,INR,SUCCESS,ONLINE
T100080,M1018,C50785,2026-09-01 20:05:27,33615.81,INR,SUCCESS,POS
T100081,M1027,C91287,2026-09-01 21:57:20,6128.81,INR,SUCCESS,POS
T100082,M1017,C64952,2026-09-01 20:13:05,1477.14,INR,SUCCESS,POS
T100083,M1028,C92523,2026-09-01 16:40:28,22747.86,INR,SUCCESS,QR
T100084,M1024,C76816,2026-09-01 08:10:18,269442.73,INR,SUCCESS,ONLINE
T100085,M1024,C55572,2026-09-01 15:29:43,306054.99,INR,SUCCESS,ONLINE
T100086,M1021,C77356,2026-09-01 17:30:45,9228.06,INR,SUCCESS,ONLINE
T100087,M1005,C54240,2026-09-01 07:16:44,21121.80,INR,SUCCESS,ONLINE
T100088,M1017,C57473,2026-09-01 13:33:24,3592.67,INR,SUCCESS,ONLINE
T100089,M1000,C57962,2026-09-01 16:17:39,55389.69,INR,SUCCESS,QR
T100090,M1020,C54619,2026-09-01 21:58:04,962.42,INR,REVERSED,POS
T100091,M1017,C95687,2026-09-01 06:05:05,24639.58,INR,SUCCESS,QR
T100092,M1021,C92339,2026-09-01 14:29:51,25744.32,INR,SUCCESS,ONLINE
T100093,M1016,C54997,2026-09-01 15:09:42,324.27,INR,SUCCESS,ONLINE
T100094,M1025,C99931,2026-09-01 11:04:15,60313.00,INR,REVERSED,QR
T100095,M1023,C52938,2026-09-01 08:08:00,2833.62,INR,SUCCESS,POS
T100096,M1028,C96827,2026-09-01 07:24:23,357574.22,INR,SUCCESS,QR
T100097,M1013,C50835,2026-09-01 13:11:48,2138.07,INR,FAILED,POS
T100098,M1002,C50003,2026-09-01 22:05:09,311966.73,INR,SUCCESS,ONLINE
T100099,M1000,C56885,2026-09-01 19:25:34,41057.48,INR,SUCCESS,ONLINE
T100100,M1024,C86056,2026-09-01 21:52:59,3349.68,INR,SUCCESS,POS
T100101,M1018,C84732,2026-09-01 21:08:15,2018.44,INR,SUCCESS,QR
T100102,M1012,C90250,2026-09-01 09:35:40,254178.53,INR,SUCCESS,POS
T100103,M1027,C57585,2026-09-01 17:41:57,522.27,INR,SUCCESS,QR
T100104,M1010,C83172,2026-09-01 15:14:42,278445.82,INR,SUCCESS,POS
T100105,M1000,C74310,2026-09-01 09:43:13,242733.31,INR,SUCCESS,POS
T100106,M1000,C88446,2026-09-01 11:04:17,3570.36,INR,SUCCESS,POS
T100107,M1026,C54451,2026-09-01 12:52:53,13414.90,INR,SUCCESS,ONLINE
T100108,M1012,C85961,2026-09-01 21:32:20,13060.03,INR,SUCCESS,POS
T100109,M1016,C88830,2026-09-01 18:55:20,284780.77,INR,SUCCESS,ONLINE
T100110,M1005,C88020,2026-09-01 14:42:26,746.99,INR,SUCCESS,ONLINE
T100111,M1029,C51469,2026-09-01 09:52:33,12420.01,INR,SUCCESS,POS
T100112,M1014,C61287,2026-09-01 14:06:39,20139.88,INR,FAILED,QR
T100113,M1027,C61037,2026-09-01 11:31:03,20841.44,INR,FAILED,QR
T100114,M1008,C57908,2026-09-01 17:18:15,277361.44,INR,SUCCESS,QR
T100115,M1010,C79335,2026-09-01 09:11:56,46206.92,INR,SUCCESS,ONLINE
T100116,M1025,C75013,2026-09-01 08:56:11,7368.59,INR,SUCCESS,QR
T100117,M1000,C60015,2026-09-01 16:13:31,11455.08,INR,SUCCESS,ONLINE
T100118,M1009,C58655,2026-09-01 07:09:02,251662.78,INR,SUCCESS,ONLINE
T100119,M1011,C85631,2026-09-01 18:20:03,3056.20,INR,SUCCESS,ONLINE
T100120,M1025,C80232,2026-09-01 13:40:14,2111.42,INR,SUCCESS,POS
T100121,M1007,C73097,2026-09-01 06:12:31,10960.99,INR,FAILED,POS
T100122,M1028,C85395,2026-09-01 09:34:55,41710.72,INR,SUCCESS,POS
T100123,M1021,C54462,2026-09-01 21:37:56,2883.62,INR,SUCCESS,ONLINE
T100124,M1011,C74066,2026-09-01 12:23:29,388985.39,INR,SUCCESS,ONLINE
T100125,M1022,C58730,2026-09-01 21:33:49,946.46,INR,SUCCESS,ONLINE
T100126,M1017,C74471,2026-09-01 06:26:58,6104.30,INR,SUCCESS,POS
T100127,M1004,C69777,2026-09-01 20:41:41,283669.49,INR,SUCCESS,ONLINE
T100128,M1006,C64453,2026-09-01 21:30:23,3355.01,INR,SUCCESS,ONLINE
T100129,M1013,C91290,2026-09-01 16:58:00,236749.51,INR,SUCCESS,ONLINE
T100130,M1026,C51490,2026-09-01 17:22:43,543.47,INR,SUCCESS,QR
T100131,M1009,C53492,2026-09-01 11:18:28,290721.93,INR,SUCCESS,POS
T100132,M1021,C54964,2026-09-01 17:11:32,2717.06,INR,SUCCESS,ONLINE
T100133,M1003,C90577,2026-09-01 17:00:32,123257.85,INR,SUCCESS,ONLINE
T100134,M1022,C88720,2026-09-01 18:17:14,221484.98,INR,SUCCESS,QR
T100135,M1025,C82387,2026-09-01 10:59:36,1845.93,INR,SUCCESS,QR
T100136,M1024,C76601,2026-09-01 19:30:46,394310.10,INR,SUCCESS,POS
T100137,M1019,C64396,2026-09-01 11:23:18,54362.50,INR,SUCCESS,POS
T100138,M1028,C60637,2026-09-01 09:38:00,23690.18,INR,FAILED,ONLINE
T100139,M1020,C72797,2026-09-01 16:46:48,3351.70,INR,SUCCESS,QR
T100140,M1012,C80298,2026-09-01 21:00:55,281348.60,INR,SUCCESS,POS
T100141,M1001,C50139,2026-09-01 12:39:29,227506.73,INR,SUCCESS,POS
T100142,M1004,C88116,2026-09-01 08:47:15,3165.86,INR,REVERSED,QR
T100143,M1000,C75733,2026-09-01 14:01:24,3256.70,INR,SUCCESS,ONLINE
T100144,M1009,C95323,2026-09-01 21:12:40,344078.32,INR,SUCCESS,POS
T100145,M1003,C82709,2026-09-01 20:24:12,10464.97,INR,SUCCESS,ONLINE
T100146,M1028,C85703,2026-09-01 10:50:19,1452.72,INR,SUCCESS,QR
T100147,M1028,C56871,2026-09-01 19:54:05,34537.77,INR,SUCCESS,ONLINE
T100148,M1028,C68008,2026-09-01 19:21:06,251431.14,INR,SUCCESS,ONLINE
T100149,M1004,C64215,2026-09-01 09:45:12,382652.22,INR,SUCCESS,QR
T100150,M1003,C79539,2026-09-01 19:55:48,103498.94,INR,SUCCESS,POS
T100151,M1002,C83077,2026-09-01 15:43:39,382.13,INR,SUCCESS,POS
T100152,M1024,C98403,2026-09-01 08:13:43,3344.88,INR,SUCCESS,POS
T100153,M1029,C79337,2026-09-01 18:11:19,230161.91,INR,SUCCESS,POS
T100154,M1007,C73471,2026-09-01 07:09:28,207815.43,INR,SUCCESS,QR
T100155,M8888,C50186,2026-09-01 19:02:52,386389.55,INR,SUCCESS,ONLINE
T100156,M1025,C77293,2026-09-01 07:49:45,19226.87,INR,FAILED,ONLINE
T100157,M1007,C60494,2026-09-01 08:26:30,1628.94,INR,SUCCESS,POS
T100158,M1011,C79124,2026-09-01 13:20:49,3721.60,INR,SUCCESS,QR
T100159,M1023,C75925,2026-09-01 08:02:33,1764.53,INR,SUCCESS,POS
T100160,M1016,C87140,2026-09-01 17:36:57,55835.32,INR,SUCCESS,ONLINE
T100161,M1005,C82196,2026-09-01 16:50:52,33353.08,INR,SUCCESS,QR
T100162,M1025,C93053,2026-09-01 11:39:07,24315.46,INR,SUCCESS,POS
T100163,M1003,C95434,2026-09-01 07:16:42,308712.47,INR,SUCCESS,ONLINE
T100164,M1015,C77764,2026-09-01 09:09:54,61608.00,INR,SUCCESS,ONLINE
T100165,M1029,C65350,2026-09-01 06:35:49,26143.50,INR,SUCCESS,POS
T100166,M1011,C83055,2026-09-01 15:59:50,18182.58,INR,SUCCESS,QR
T100167,M1020,C81052,2026-09-01 15:38:48,26282.57,INR,SUCCESS,QR
T100168,M1028,C83384,2026-09-01 16:02:31,58941.20,INR,SUCCESS,QR
T100169,M1028,C54448,2026-09-01 06:47:27,39044.25,INR,SUCCESS,QR
T100170,M1009,C67272,2026-09-01 21:41:11,76700.86,INR,SUCCESS,POS
T100171,M1002,C63522,2026-09-01 14:04:05,47077.54,INR,SUCCESS,QR
T100172,M1009,C62549,2026-09-01 18:29:31,293289.34,INR,SUCCESS,POS
T100173,M1002,C59548,2026-09-01 13:17:39,227394.73,INR,FAILED,QR
T100174,M1005,C61122,2026-09-01 18:45:13,153777.59,INR,SUCCESS,QR
T100175,M1004,C51551,2026-09-01 10:15:42,99810.47,INR,SUCCESS,QR
T100176,M1000,C86004,2026-09-01 17:42:12,2028.10,INR,SUCCESS,QR
T100177,M1014,C60041,2026-09-01 17:29:29,41450.74,INR,SUCCESS,ONLINE
T100178,M1028,C68549,2026-09-01 08:56:13,28648.46,INR,SUCCESS,POS
T100179,M1028,C81001,2026-09-01 17:19:28,200140.83,INR,SUCCESS,ONLINE
T100180,M1012,C77830,2026-09-01 11:44:03,327611.55,INR,FAILED,QR
T100181,M1017,C61153,2026-09-01 08:14:34,35212.11,INR,SUCCESS,POS
T100182,M1005,C92758,2026-09-01 22:29:38,29392.06,INR,SUCCESS,POS
T100183,M1026,C61875,2026-09-01 08:23:43,83263.46,INR,SUCCESS,POS
T100184,M1018,C75157,2026-09-01 07:40:23,104703.62,INR,SUCCESS,QR
T100185,M1024,C95489,2026-09-01 10:05:26,112160.46,INR,SUCCESS,ONLINE
T100186,M1016,C76819,2026-09-01 11:09:43,2417.73,INR,SUCCESS,QR
T100187,M1004,C51970,2026-09-01 21:51:54,1820.87,INR,SUCCESS,POS
T100188,M1012,C64038,2026-09-01 07:23:18,11697.26,INR,REVERSED,POS
T100189,M1017,C64692,2026-09-01 12:24:38,425.35,INR,SUCCESS,POS
T100190,M1013,C98104,2026-09-01 12:43:51,1182.17,INR,SUCCESS,ONLINE
T100191,M1029,C56358,2026-09-01 20:04:31,3532.42,INR,SUCCESS,ONLINE
T100192,M1019,C63317,2026-09-01 19:20:31,104544.92,INR,SUCCESS,POS
T100193,M1004,C63261,2026-09-01 08:07:00,33910.66,INR,SUCCESS,POS
T100194,M1018,C93479,2026-09-01 15:45:06,330604.22,INR,SUCCESS,POS
T100195,M1013,C69206,2026-09-01 17:23:08,289537.09,INR,SUCCESS,POS
T100196,M1016,C65298,2026-09-01 11:24:21,345753.36,INR,SUCCESS,ONLINE
T100197,M1018,C95814,2026-09-01 15:59:57,3147.78,INR,SUCCESS,POS
T100198,M1009,C66300,2026-09-01 13:54:53,57478.29,INR,SUCCESS,QR
T100199,M1008,C83641,2026-09-01 15:10:42,308031.20,INR,SUCCESS,POS
T100200,M1006,C85064,2026-09-01 06:12:24,22560.80,INR,FAILED,ONLINE
T100201,M1019,C53224,2026-09-01 13:50:12,25435.21,INR,SUCCESS,ONLINE
T100202,M1000,C89072,2026-09-01 09:47:14,17655.84,INR,SUCCESS,QR
T100203,M1001,C67257,2026-09-01 14:49:56,27152.13,INR,SUCCESS,QR
T100204,M1023,C76625,2026-09-01 07:29:37,385973.91,INR,SUCCESS,ONLINE
T100205,,C90087,2026-09-01 19:47:30,49229.35,INR,SUCCESS,ONLINE
T100206,M1016,C91770,2026-09-01 21:09:31,11810.15,INR,SUCCESS,QR
T100207,M1014,C81031,2026-09-01 10:26:48,2494.53,INR,FAILED,ONLINE
T100208,M1002,C98247,2026-09-01 21:35:25,33281.35,INR,SUCCESS,ONLINE
T100209,M1019,C92375,2026-09-01 15:50:34,9013.20,INR,SUCCESS,POS
T100210,M1003,C94148,2026-09-01 12:40:55,285448.14,INR,SUCCESS,ONLINE
T100211,M1028,C91095,2026-09-01 11:58:32,3633.33,INR,SUCCESS,POS
T100212,M1012,C79383,2026-09-01 20:24:10,1399.16,INR,SUCCESS,ONLINE
T100213,M1025,C81128,2026-09-01 21:52:54,928.10,INR,SUCCESS,ONLINE
T100214,M1021,C95051,2026-09-01 12:51:51,1651.77,INR,SUCCESS,QR
T100215,M1007,C96079,2026-09-01 08:34:54,3911.63,INR,SUCCESS,QR
T100216,M1008,C95050,2026-09-01 14:26:16,131249.95,INR,FAILED,POS
T100217,M1029,C73100,2026-09-01 07:13:49,276143.72,INR,SUCCESS,QR
T100218,M1018,C96109,2026-09-01 19:43:21,80462.07,INR,FAILED,QR
T100219,M1022,C56252,2026-09-01 15:42:46,2448.64,INR,SUCCESS,QR
T100220,M1026,C52469,2026-09-01 18:58:51,485.94,INR,SUCCESS,QR
T100221,M1024,C94746,2026-09-01 10:23:10,477.26,INR,SUCCESS,POS
T100222,M1020,C81382,2026-09-01 16:12:39,3318.37,INR,SUCCESS,QR
T100223,M1024,C81792,2026-09-01 20:40:06,235554.37,INR,SUCCESS,ONLINE
T100224,M1009,C93660,2026-09-01 07:37:17,1361.26,INR,SUCCESS,ONLINE
T100225,M1005,C58797,2026-09-01 21:49:48,12261.25,INR,SUCCESS,ONLINE
T100226,M1022,C84736,2026-09-01 13:18:36,3981.92,INR,SUCCESS,POS
T100227,M1005,C64188,2026-09-01 07:52:04,14471.88,INR,SUCCESS,QR
T100228,M1015,C87835,2026-09-01 06:26:14,47375.20,INR,SUCCESS,ONLINE
T100229,M1004,C98490,2026-09-01 13:12:22,40007.13,INR,REVERSED,POS
T100230,M1026,C83668,2026-09-01 12:27:04,13113.35,INR,SUCCESS,QR
T100231,M1004,C72371,2026-09-01 10:57:05,60174.15,INR,SUCCESS,ONLINE
T100232,M1017,C74111,2026-09-01 15:06:30,124051.69,INR,SUCCESS,POS
T100233,M1017,C82603,2026-09-01 20:22:53,268078.81,INR,SUCCESS,QR
T100234,M1021,C71102,2026-09-01 07:06:35,1124.43,INR,SUCCESS,QR
T100235,M1012,C71905,2026-09-01 11:18:35,33365.68,INR,SUCCESS,POS
T100236,M1021,C59660,2026-09-01 21:25:13,356.78,INR,SUCCESS,ONLINE
T100237,M1013,C55451,2026-09-01 15:37:33,15668.58,INR,SUCCESS,ONLINE
T100238,M1009,C53541,2026-09-01 09:16:58,35239.21,INR,SUCCESS,ONLINE
T100239,M1002,C88531,2026-09-01 10:57:53,3363.60,INR,SUCCESS,POS
T100240,M1007,C97579,2026-09-01 21:37:09,44962.81,INR,SUCCESS,POS
T100241,M1007,C79781,2026-09-01 06:54:15,14700.34,INR,SUCCESS,POS
T100242,M1010,C80761,2026-09-01 17:10:05,528.36,INR,SUCCESS,POS
T100243,M1021,C56496,2026-09-01 14:51:37,178394.11,INR,SUCCESS,ONLINE
T100244,M1017,C73853,2026-09-01 12:25:42,399515.27,INR,SUCCESS,ONLINE
T100245,M1008,C95628,2026-09-01 19:00:30,127053.14,INR,SUCCESS,QR
T100246,M1008,C69887,2026-09-01 16:15:30,1832.27,INR,SUCCESS,POS
T100247,M1024,C93821,2026-09-01 13:52:58,7638.43,INR,SUCCESS,ONLINE
T100248,M1006,C63192,2026-09-01 14:42:57,3341.53,INR,SUCCESS,ONLINE
T100249,M1004,C58438,2026-09-01 16:23:31,26905.19,INR,SUCCESS,QR
T100250,M1003,C68596,2026-09-01 15:50:30,98907.77,INR,FAILED,POS
T100251,M1003,C81594,2026-09-01 07:36:41,26606.04,INR,SUCCESS,ONLINE
T100252,M1014,C79945,2026-09-01 17:57:25,323477.58,INR,SUCCESS,POS
T100253,M1029,C57972,2026-09-01 15:29:10,96648.91,INR,SUCCESS,QR
T100254,M1011,C67865,2026-09-01 13:46:36,517.43,INR,SUCCESS,ONLINE
T100255,M1019,C59221,2026-09-01 13:27:30,354750.39,INR,SUCCESS,POS
T100256,M1019,C96013,2026-09-01 17:24:18,3319.91,INR,SUCCESS,QR
T100257,M1029,C70727,2026-09-01 13:36:45,978.75,INR,SUCCESS,ONLINE
T100258,M1022,C80237,2026-09-01 06:02:01,395875.96,INR,SUCCESS,ONLINE
T100259,M1024,C80000,2026-09-01 09:56:16,382357.97,INR,SUCCESS,QR
T100260,M1017,C65366,2026-09-01 10:09:50,262328.00,INR,SUCCESS,ONLINE
T100261,M1017,C96050,2026-09-01 08:06:01,1037.38,INR,SUCCESS,QR
T100262,M1000,C94321,2026-09-01 14:00:37,2709.62,INR,SUCCESS,POS
T100263,M1015,C59790,2026-09-01 22:49:00,169949.79,INR,SUCCESS,POS
T100264,M1026,C94023,2026-09-01 16:00:17,367407.08,INR,REVERSED,QR
T100265,M1016,C79242,2026-09-01 10:17:31,56628.41,INR,SUCCESS,POS
T100266,M1007,C68569,2026-09-01 11:39:57,42298.70,INR,SUCCESS,ONLINE
T100267,M1024,C67548,2026-09-01 13:44:40,359440.29,INR,SUCCESS,QR
T100268,M1000,C69752,2026-09-01 11:31:22,51247.69,INR,SUCCESS,POS
T100269,M1016,C97021,2026-09-01 18:22:18,513.97,INR,SUCCESS,ONLINE
T100270,M1013,C58940,2026-09-01 22:04:36,239775.18,INR,SUCCESS,POS
T100271,M1024,C88223,2026-09-01 09:28:36,10844.33,INR,SUCCESS,QR
T100272,M1000,C88828,2026-09-01 08:50:08,99513.63,INR,SUCCESS,QR
T100273,M1022,C99803,2026-09-01 18:47:47,148944.24,INR,SUCCESS,POS
T100274,M1029,C66992,2026-09-01 21:41:16,709.41,INR,SUCCESS,POS
T100275,M1021,C70979,2026-09-01 11:59:45,239317.46,INR,SUCCESS,POS
T100276,M1025,C81969,2026-09-01 18:08:43,295306.42,INR,SUCCESS,ONLINE
T100277,M1007,C93539,2026-09-01 08:25:27,2942.84,INR,SUCCESS,ONLINE
T100278,M1008,C71305,2026-09-01 12:12:36,3311.77,INR,SUCCESS,ONLINE
T100279,M1023,C78269,2026-09-01 15:18:08,57333.51,INR,SUCCESS,ONLINE
T100280,M1017,C62926,2026-09-01 14:17:51,778.68,INR,SUCCESS,POS
T100281,M1028,C70535,2026-09-01 12:15:10,142086.44,INR,SUCCESS,QR
T100282,M1027,C67703,2026-09-01 20:32:29,2242.42,INR,SUCCESS,QR
T100283,M1021,C80626,2026-09-01 06:04:18,286001.74,INR,FAILED,POS
T100284,M1022,C64400,2026-09-01 13:42:41,105515.86,INR,SUCCESS,QR
T100285,M1026,C83618,2026-09-01 16:56:04,1365.85,INR,SUCCESS,QR
T100286,M1017,C91414,2026-09-01 20:51:39,530.68,INR,SUCCESS,ONLINE
T100287,M1027,C95275,2026-09-01 10:26:06,330355.52,INR,SUCCESS,ONLINE
T100288,M1006,C65570,2026-09-01 17:21:17,189041.86,INR,SUCCESS,QR
T100289,M1018,C81489,2026-09-01 19:47:04,36470.43,INR,SUCCESS,POS
T100290,M1026,C79712,2026-09-01 21:54:50,2681.02,INR,SUCCESS,ONLINE
T100291,M1027,C75916,2026-09-01 07:47:07,26482.96,INR,SUCCESS,POS
T100292,M1019,C87387,2026-09-01 11:14:42,946.66,INR,SUCCESS,POS
T100293,M1013,C73792,2026-09-01 15:14:58,56958.07,INR,SUCCESS,QR
T100294,M1001,C63729,2026-09-01 12:34:39,59685.23,INR,SUCCESS,QR
T100295,M1016,C73725,2026-09-01 08:32:57,33447.43,INR,SUCCESS,QR
T100296,M1007,C77718,2026-09-01 18:53:55,1804.93,INR,SUCCESS,ONLINE
T100297,M1006,C92419,2026-09-01 22:11:22,8033.53,INR,SUCCESS,QR
T100298,M1022,C92464,2026-09-01 13:33:47,45316.74,INR,SUCCESS,ONLINE
T100299,M1023,C86294,2026-09-01 20:55:17,1855.67,INR,SUCCESS,ONLINE
T100300,M1027,C92686,2026-09-01 15:03:42,3802.79,INR,SUCCESS,POS
T100301,M1015,C53540,2026-09-01 06:29:51,47702.66,INR,SUCCESS,POS
T100302,M1017,C98052,2026-09-01 06:38:58,25777.73,INR,SUCCESS,ONLINE
T100303,M1019,C84805,2026-09-01 14:40:25,926.14,INR,SUCCESS,QR
T100304,M1017,C99805,2026-09-01 14:04:18,613.83,INR,FAILED,QR
T100305,M1014,C53176,2026-09-01 08:46:34,1603.66,INR,SUCCESS,ONLINE
T100306,M1023,C70602,2026-09-01 14:14:31,3967.14,INR,FAILED,ONLINE
T100307,M1019,C99593,2026-09-01 21:20:05,178028.03,INR,SUCCESS,QR
T100308,M1026,C58572,2026-09-01 08:00:21,2427.18,INR,SUCCESS,ONLINE
T100309,M1022,C50234,2026-09-01 21:16:32,3360.28,INR,SUCCESS,POS
T100310,M1013,C89698,2026-09-01 22:08:27,213858.78,INR,SUCCESS,QR
T100311,M1015,C75891,2026-09-01 12:44:00,30431.37,INR,FAILED,QR
T100312,M1008,C64988,2026-09-01 12:12:29,3723.08,INR,SUCCESS,POS
T100313,M1024,C85139,2026-09-01 11:57:18,40319.89,INR,REVERSED,QR
T100314,M1017,C77720,2026-09-01 14:30:26,3520.21,INR,SUCCESS,ONLINE
T100315,M1013,C90577,2026-09-01 15:25:25,2318.75,INR,SUCCESS,QR
T100316,M1025,C65110,2026-09-01 17:34:05,44510.31,INR,SUCCESS,POS
T100317,M1010,C59967,2026-09-01 10:37:47,279597.53,INR,SUCCESS,POS
T100318,M1018,C61667,2026-09-01 21:50:33,2649.90,INR,SUCCESS,ONLINE
T100319,M1017,C81054,2026-09-01 08:08:24,208995.40,INR,SUCCESS,QR
T100320,M1006,C92304,2026-09-01 07:09:24,408.89,INR,SUCCESS,POS
T100321,M1001,C78065,2026-09-01 19:23:52,44741.53,INR,REVERSED,POS
T100322,M1010,C83646,2026-09-01 22:33:40,536.21,INR,SUCCESS,QR
T100323,M1024,C71553,2026-09-01 15:00:45,446.75,INR,SUCCESS,ONLINE
T100324,M1010,C88933,2026-09-01 07:48:59,7001.30,INR,SUCCESS,QR
T100325,M1007,C90052,2026-09-01 09:34:13,155188.40,INR,FAILED,QR
T100326,M1008,C59275,2026-09-01 12:36:37,201312.85,INR,SUCCESS,QR
T100327,M1000,C73779,2026-09-01 08:08:47,238497.48,INR,SUCCESS,POS
T100328,M1000,C67142,2026-09-01 08:23:25,210735.71,INR,SUCCESS,ONLINE
T100329,M1019,C50751,2026-09-01 11:57:59,1718.43,INR,SUCCESS,ONLINE
T100330,M1024,C79697,2026-09-01 12:23:22,168550.89,INR,SUCCESS,POS
T100331,M1014,C55821,2026-09-01 11:09:28,98062.67,INR,SUCCESS,POS
T100332,M1010,C77852,2026-09-01 06:29:41,957.59,INR,SUCCESS,ONLINE
T100333,M1001,C50163,2026-09-01 21:40:06,2418.09,INR,SUCCESS,POS
T100334,M1002,C84811,2026-09-01 14:20:09,786.96,INR,SUCCESS,POS
T100335,M1013,C62827,2026-09-01 18:08:58,45466.32,INR,SUCCESS,QR
T100336,M1004,C58447,2026-09-01 21:27:44,3187.01,INR,SUCCESS,ONLINE
T100337,M1010,C60226,2026-09-01 11:32:38,38802.87,INR,SUCCESS,QR
T100338,M1027,C50373,2026-09-01 19:49:42,3707.90,INR,SUCCESS,ONLINE
T100339,M1011,C80188,2026-09-01 06:40:04,39732.70,INR,SUCCESS,ONLINE
T100340,M1020,C56739,2026-09-01 08:50:41,23558.72,INR,SUCCESS,ONLINE
T100341,M1025,C59279,2026-09-01 10:24:00,179785.97,INR,SUCCESS,QR
T100342,M1011,C94401,2026-09-01 19:21:17,279621.51,INR,SUCCESS,ONLINE
T100343,M1019,C79956,2026-09-01 07:10:09,2476.58,INR,SUCCESS,QR
T100344,M1002,C65029,2026-09-01 07:38:04,166.49,INR,SUCCESS,QR
T100345,M1015,C57407,2026-09-01 07:35:28,24869.38,INR,SUCCESS,QR
T100346,M1008,C98626,2026-09-01 22:12:26,188915.21,INR,SUCCESS,POS
T100347,M1028,C56959,2026-09-01 13:08:05,1243.10,INR,SUCCESS,QR
T100348,M1028,C84294,2026-09-01 15:41:37,30305.69,INR,SUCCESS,ONLINE
T100349,M1014,C77361,2026-09-01 11:23:10,1082.50,INR,SUCCESS,QR
T100350,M1002,C59780,2026-09-01 15:46:03,7403.30,INR,SUCCESS,POS
T100351,M1024,C53590,2026-09-01 14:07:27,3586.38,INR,SUCCESS,ONLINE
T100352,M1012,C83624,2026-09-01 22:37:20,2882.45,INR,SUCCESS,ONLINE
T100353,M1001,C67841,2026-09-01 18:19:07,70736.53,INR,SUCCESS,ONLINE
T100354,M1026,C50328,2026-09-01 08:55:35,18355.44,INR,SUCCESS,QR
T100355,M1005,C57801,2026-09-01 15:00:10,172658.03,INR,SUCCESS,ONLINE
T100356,M1010,C70334,2026-09-01 07:43:02,232624.35,INR,SUCCESS,ONLINE
T100357,M1006,C71342,2026-09-01 07:14:54,511.20,INR,REVERSED,POS
T100358,M1024,C50843,2026-09-01 20:18:01,393575.90,INR,SUCCESS,QR
T100359,M1022,C53367,2026-09-01 08:29:17,189717.25,INR,SUCCESS,ONLINE
T100360,M1002,C70303,2026-09-01 14:43:53,2014.97,INR,SUCCESS,QR
T100361,M1003,C56621,2026-09-01 18:20:58,267284.92,INR,SUCCESS,ONLINE
T100362,M1028,C73130,2026-09-01 12:15:34,44743.00,INR,FAILED,POS
T100363,M1003,C73264,2026-09-01 14:18:56,241574.04,INR,SUCCESS,ONLINE
T100364,M1000,C92986,2026-09-01 14:49:45,1408.14,INR,SUCCESS,ONLINE
T100365,M1000,C56660,2026-09-01 12:28:28,50568.26,INR,SUCCESS,POS
T100366,M1007,C55320,2026-09-01 19:13:18,291525.09,INR,SUCCESS,ONLINE
T100367,M1017,C64464,2026-09-01 22:29:10,283664.34,INR,SUCCESS,POS
T100368,M1022,C80977,2026-09-01 21:08:16,1700.82,INR,FAILED,QR
T100369,M1013,C68341,2026-09-01 15:10:34,183211.45,INR,SUCCESS,ONLINE
T100370,M1020,C75360,2026-09-01 17:14:51,141682.17,INR,SUCCESS,ONLINE
T100371,M1019,C88016,2026-09-01 09:10:46,50129.49,INR,FAILED,QR
T100372,M1007,C86079,2026-09-01 21:40:47,72604.47,INR,SUCCESS,ONLINE
T100373,M1018,C97683,2026-09-01 15:27:34,134680.24,INR,SUCCESS,ONLINE
T100374,M1015,C88573,2026-09-01 19:56:24,365771.68,INR,SUCCESS,ONLINE
T100375,M1020,C87325,2026-09-01 14:30:23,3237.30,INR,SUCCESS,POS
T100376,M1009,C73024,2026-09-01 17:18:26,3674.65,INR,SUCCESS,QR
T100377,M1019,C90606,2026-09-01 22:04:40,326586.67,INR,SUCCESS,QR
T100378,M1002,C65634,2026-09-01 06:07:09,3271.86,INR,SUCCESS,QR
T100379,M1019,C76099,2026-09-01 09:29:09,44121.40,INR,SUCCESS,ONLINE
T100380,M1014,C89059,2026-09-01 13:40:50,333960.87,INR,SUCCESS,QR
T100381,M1008,C94611,2026-09-01 06:30:53,192731.40,INR,SUCCESS,ONLINE
T100382,M1000,C63724,2026-09-01 20:57:33,381013.86,INR,FAILED,POS
T100383,M1012,C54631,2026-09-01 07:55:35,195502.80,INR,SUCCESS,POS
T100384,M1018,C93995,2026-09-01 11:29:57,329298.29,INR,SUCCESS,QR
T100385,M1015,C66327,2026-09-01 22:23:02,1563.24,INR,SUCCESS,POS
T100386,M1028,C53603,2026-09-01 19:45:25,56534.44,INR,REVERSED,QR
T100387,M1004,C86492,2026-09-01 14:07:16,258570.48,INR,SUCCESS,QR
T100388,M1029,C50976,2026-09-01 10:06:57,329105.82,INR,SUCCESS,ONLINE
T100389,M1003,C76543,2026-09-01 12:34:00,40504.16,INR,SUCCESS,ONLINE
T100390,M1023,C89769,2026-09-01 14:42:12,25997.77,INR,SUCCESS,QR
T100391,M1012,C94240,2026-09-01 11:22:55,23771.25,INR,SUCCESS,ONLINE
T100392,M1009,C73396,2026-09-01 19:00:17,27819.11,INR,REVERSED,ONLINE
T100393,M1027,C71375,2026-09-01 10:22:23,49014.35,INR,SUCCESS,ONLINE
T100394,M1028,C64335,2026-09-01 13:17:55,378792.72,INR,SUCCESS,ONLINE
T100395,M1014,C81091,2026-09-01 17:44:48,1329.48,INR,SUCCESS,QR
T100396,M1029,C63016,2026-09-01 07:49:42,2490.49,INR,SUCCESS,QR
T100397,M1018,C92925,2026-09-01 15:49:08,788.08,INR,SUCCESS,POS
T100398,M1001,C97721,2026-09-01 14:26:42,130258.87,INR,SUCCESS,POS
T100399,M1014,C98251,2026-09-01 08:58:15,524.66,INR,SUCCESS,QR
T100400,M1027,C78524,2026-09-01 18:57:01,390.08,INR,SUCCESS,ONLINE
T100401,M1022,C96349,2026-09-01 11:09:12,2463.15,INR,SUCCESS,QR
T100402,M1001,C58403,2026-09-01 10:54:14,310947.15,INR,REVERSED,QR
T100403,M1002,C62867,2026-09-01 17:58:46,320.09,INR,SUCCESS,QR
T100404,M1019,C81840,2026-09-01 19:25:08,1532.06,INR,SUCCESS,POS
T100405,M1017,C51687,2026-09-01 20:01:04,492.46,INR,SUCCESS,ONLINE
T100406,M1010,C64793,2026-09-01 10:03:57,19029.08,INR,FAILED,QR
T100407,M1015,C74644,2026-09-01 16:54:03,1646.91,INR,SUCCESS,POS
T100408,M1006,C57522,2026-09-01 07:48:48,3363.50,INR,SUCCESS,QR
T100409,M1025,C83698,2026-09-01 17:36:14,161385.73,INR,SUCCESS,QR
T100410,M1028,C71491,2026-09-01 11:08:11,293980.01,INR,SUCCESS,QR
T100411,M1002,C67561,2026-09-01 13:37:17,100700.16,INR,SUCCESS,ONLINE
T100412,M1022,C71541,2026-09-01 19:12:59,36332.96,INR,SUCCESS,POS
T100413,M1027,C50342,2026-09-01 22:01:20,3533.03,INR,SUCCESS,ONLINE
T100414,M1029,C69437,2026-09-01 09:30:59,2208.41,INR,SUCCESS,POS
T100415,M1020,C78588,2026-09-01 20:27:08,322755.06,INR,SUCCESS,QR
T100416,M8888,C96651,2026-09-01 13:47:19,21045.25,INR,SUCCESS,POS
T100417,M1005,C73948,2026-09-01 21:27:40,641.22,INR,SUCCESS,POS
T100418,M1025,C55127,2026-09-01 22:39:37,95361.95,INR,SUCCESS,POS
T100419,M1004,C75636,2026-09-01 18:32:38,11564.74,INR,SUCCESS,QR
T100420,M1018,C91275,2026-09-01 19:25:49,20682.83,INR,SUCCESS,POS
T100421,M1029,C77528,2026-09-01 12:19:52,76544.95,INR,SUCCESS,POS
T100422,M1000,C95624,2026-09-01 21:14:12,217805.40,INR,SUCCESS,QR
T100423,M1028,C96613,2026-09-01 18:37:25,1770.87,INR,SUCCESS,ONLINE
T100424,M1020,C76819,2026-09-01 16:35:45,269326.28,INR,SUCCESS,POS
T100425,M1012,C63804,2026-09-01 07:13:21,1633.63,INR,SUCCESS,POS
T100426,M1004,C77728,2026-09-01 13:04:53,245473.29,INR,SUCCESS,ONLINE
T100427,M1026,C96017,2026-09-01 17:51:43,2262.40,INR,SUCCESS,QR
T100428,M1011,C57382,2026-09-01 14:05:18,365924.25,INR,SUCCESS,ONLINE
T100429,M1003,C63445,2026-09-01 09:31:11,356907.71,INR,SUCCESS,QR
T100430,M1001,C92108,2026-09-01 18:02:55,27728.13,INR,SUCCESS,POS
T100431,M1020,C76689,2026-09-01 10:48:04,1612.65,INR,SUCCESS,POS
T100432,M1029,C77585,2026-09-01 10:53:15,435.60,INR,SUCCESS,ONLINE
T100433,M1022,C80637,2026-09-01 06:49:47,373381.96,INR,SUCCESS,POS
T100434,,C55978,2026-09-01 18:09:34,13572.20,INR,SUCCESS,QR
T100435,M1007,C54111,2026-09-01 21:54:14,21357.07,INR,SUCCESS,POS
T100436,M1011,C78253,2026-09-01 22:10:37,130890.06,INR,SUCCESS,POS
T100437,M1020,C70439,2026-09-01 20:18:48,333736.50,INR,SUCCESS,ONLINE
T100438,M1028,C78901,2026-09-01 15:56:58,2713.77,INR,SUCCESS,ONLINE
T100439,M1023,C51014,2026-09-01 17:03:58,3058.40,INR,SUCCESS,QR
T100440,M1005,C60683,2026-09-01 21:48:25,4549.03,INR,SUCCESS,QR
T100441,M1005,C59143,2026-09-01 10:58:19,3578.21,INR,SUCCESS,QR
T100442,M1029,C97799,2026-09-01 10:58:41,21917.12,INR,FAILED,POS
T100443,M1002,C92730,2026-09-01 15:51:05,2121.36,INR,SUCCESS,POS
T100444,M1021,C98522,2026-09-01 08:37:04,25448.67,INR,SUCCESS,QR
T100445,M1012,C82723,2026-09-01 21:18:24,357762.04,INR,SUCCESS,QR
T100446,M1002,C54039,2026-09-01 11:47:46,54233.62,INR,SUCCESS,QR
T100447,M1000,C94955,2026-09-01 19:14:13,345854.52,INR,SUCCESS,QR
T100448,M1006,C55598,2026-09-01 21:10:04,399067.94,INR,SUCCESS,POS
T100449,M1029,C73453,2026-09-01 18:47:22,1659.20,INR,FAILED,ONLINE
T100450,M1029,C86746,2026-09-01 06:37:06,193277.40,INR,SUCCESS,QR
T100451,M1009,C60668,2026-09-01 09:19:53,2852.90,INR,SUCCESS,POS
T100452,M1027,C66030,2026-09-01 12:01:49,57828.94,INR,SUCCESS,QR
T100453,M1029,C54627,2026-09-01 19:44:36,15916.22,INR,SUCCESS,ONLINE
T100454,M1024,C61826,2026-09-01 08:20:32,3014.01,INR,SUCCESS,ONLINE
T100455,M1007,C66804,2026-09-01 09:36:10,3070.67,INR,FAILED,ONLINE
T100456,M1005,C56914,2026-09-01 20:34:26,1697.56,INR,SUCCESS,ONLINE
T100457,M1019,C75816,2026-09-01 13:20:39,371131.59,INR,SUCCESS,ONLINE
T100458,M1007,C80610,2026-09-01 17:49:34,279719.97,INR,SUCCESS,ONLINE
T100459,M1015,C94824,2026-09-01 12:27:18,9479.62,INR,SUCCESS,ONLINE
T100460,M1007,C75900,2026-09-01 06:57:00,27839.34,INR,SUCCESS,POS
T100461,M1012,C78794,2026-09-01 11:06:04,58792.57,INR,SUCCESS,QR
T100462,M1004,C66512,2026-09-01 08:20:54,215151.85,INR,SUCCESS,ONLINE
T100463,M1025,C84800,2026-09-01 21:25:56,1129.86,INR,SUCCESS,QR
T100464,M1015,C50725,2026-09-01 08:17:32,29353.39,INR,SUCCESS,ONLINE
T100465,M1019,C95837,2026-09-01 21:01:27,807.67,INR,SUCCESS,QR
T100466,M1018,C95780,2026-09-01 12:09:20,378253.89,INR,SUCCESS,QR
T100467,M1000,C69676,2026-09-01 20:19:59,272434.84,INR,SUCCESS,POS
T100468,M1004,C57629,2026-09-01 14:45:01,3419.82,INR,SUCCESS,ONLINE
T100469,M1007,C85498,2026-09-01 15:43:18,268037.69,INR,SUCCESS,QR
T100470,M1010,C84534,2026-09-01 22:04:30,236746.05,INR,SUCCESS,POS
T100471,M1026,C84057,2026-09-01 14:45:58,1992.86,INR,SUCCESS,POS
T100472,M1006,C69915,2026-09-01 09:25:08,32450.68,INR,SUCCESS,ONLINE
T100473,M1022,C50062,2026-09-01 07:14:20,2184.93,INR,SUCCESS,ONLINE
T100474,M1020,C59532,2026-09-01 07:24:15,98740.23,INR,SUCCESS,POS
T100475,M1014,C88979,2026-09-01 20:31:13,210677.78,INR,SUCCESS,POS
T100476,M1020,C65997,2026-09-01 13:13:22,44158.93,INR,REVERSED,ONLINE
T100477,M1000,C76479,2026-09-01 15:19:27,386855.91,INR,SUCCESS,QR
T100478,M1005,C99250,2026-09-01 22:47:54,33352.08,INR,SUCCESS,QR
T100479,M1013,C92155,2026-09-01 13:04:23,1082.46,INR,SUCCESS,POS
T100480,M1020,C88995,2026-09-01 09:17:53,23687.35,INR,SUCCESS,QR
T100481,M1024,C62682,2026-09-01 07:46:51,112328.00,INR,SUCCESS,ONLINE
T100482,M1009,C56246,2026-09-01 18:01:00,2514.94,INR,SUCCESS,POS
T100483,M1013,C56497,2026-09-01 10:19:09,50212.09,INR,SUCCESS,QR
T100484,M1011,C76446,2026-09-01 12:46:41,51537.63,INR,SUCCESS,ONLINE
T100485,M1010,C81937,2026-09-01 17:32:19,15064.65,INR,SUCCESS,POS
T100486,M1027,C64805,2026-09-01 14:54:31,235514.51,INR,FAILED,POS
T100487,M1022,C93183,2026-09-01 17:55:20,298560.65,INR,SUCCESS,POS
T100488,M1015,C81378,2026-09-01 22:45:29,51538.59,INR,REVERSED,POS
T100489,M1004,C71040,2026-09-01 15:03:16,54802.91,INR,SUCCESS,QR
T100490,M1006,C78026,2026-09-01 16:27:49,9892.58,INR,SUCCESS,ONLINE
T100491,M1025,C56360,2026-09-01 18:59:11,321989.30,INR,SUCCESS,ONLINE
T100492,M1004,C54686,2026-09-01 19:10:39,323426.15,INR,SUCCESS,POS
T100493,M1009,C75149,2026-09-01 19:08:34,11093.82,INR,SUCCESS,POS
T100494,M1018,C68956,2026-09-01 17:01:49,48527.02,INR,SUCCESS,ONLINE
T100495,M1006,C50349,2026-09-01 21:20:49,118192.10,INR,SUCCESS,QR
T100496,M1017,C72184,2026-09-01 07:03:43,134188.76,INR,REVERSED,POS
T100497,M1012,C63992,2026-09-01 22:39:17,12423.14,INR,SUCCESS,ONLINE
T100498,M1010,C51136,2026-09-01 11:11:44,396169.44,INR,SUCCESS,POS
T100499,M1022,C83611,2026-09-01 06:00:27,4857.95,INR,SUCCESS,POS
T100500,M1025,C82256,2026-09-01 13:27:17,14115.34,INR,SUCCESS,QR
T100501,M1020,C83072,2026-09-01 06:46:53,960.88,INR,SUCCESS,POS
T100502,M1027,C94587,2026-09-01 09:03:59,4928.88,INR,SUCCESS,ONLINE
T100503,M1016,C77417,2026-09-01 17:41:08,19300.57,INR,SUCCESS,ONLINE
T100504,M1011,C77063,2026-09-01 13:38:55,1629.81,INR,SUCCESS,ONLINE
T100505,M1025,C86004,2026-09-01 21:15:53,361969.80,INR,SUCCESS,QR
T100506,M1017,C64037,2026-09-01 16:36:23,87696.80,INR,FAILED,QR
T100507,M1002,C66344,2026-09-01 07:02:38,1538.74,INR,SUCCESS,POS
T100508,M1002,C94792,2026-09-01 12:32:51,993.90,INR,SUCCESS,POS
T100509,M1016,C65836,2026-09-01 08:33:18,3344.67,INR,SUCCESS,QR
T100510,M1017,C69102,2026-09-01 22:46:48,379722.57,INR,SUCCESS,QR
T100511,M1007,C66082,2026-09-01 20:10:32,3143.59,INR,SUCCESS,QR
T100512,M1010,C86810,2026-09-01 11:56:06,57467.24,INR,SUCCESS,QR
T100513,M1021,C92078,2026-09-01 07:47:02,19251.32,INR,SUCCESS,ONLINE
T100514,M1028,C66496,2026-09-01 15:24:47,2959.16,INR,SUCCESS,QR
T100515,M1004,C95774,2026-09-01 21:52:05,2981.64,INR,SUCCESS,POS
T100516,M1002,C91626,2026-09-01 14:20:49,8835.81,INR,SUCCESS,POS
T100517,M1004,C65470,2026-09-01 08:41:42,57533.87,INR,SUCCESS,ONLINE
T100518,M1023,C53053,2026-09-01 20:22:00,56194.09,INR,SUCCESS,ONLINE
T100519,M1016,C89643,2026-09-01 16:08:49,3889.06,INR,SUCCESS,ONLINE
T100520,M8888,C92189,2026-09-01 14:23:44,11909.10,INR,SUCCESS,QR
T100521,M1022,C65432,2026-09-01 17:52:48,629.28,INR,SUCCESS,ONLINE
T100522,M1015,C95200,2026-09-01 08:23:50,33751.97,INR,SUCCESS,QR
T100523,M1011,C62904,2026-09-01 08:23:21,37977.67,INR,SUCCESS,ONLINE
T100524,M1010,C92999,2026-09-01 09:12:35,40137.12,INR,SUCCESS,QR
T100525,M1015,C85051,2026-09-01 17:33:36,128830.62,INR,SUCCESS,QR
T100526,M1002,C56324,2026-09-01 20:36:16,359.82,INR,SUCCESS,QR
T100527,M1028,C75385,2026-09-01 12:13:35,52240.78,INR,SUCCESS,POS
T100528,M1003,C76428,2026-09-01 13:47:38,17781.16,INR,SUCCESS,ONLINE
T100529,M1006,C79387,2026-09-01 15:42:48,219992.51,INR,SUCCESS,QR
T100530,M1000,C80907,2026-09-01 14:50:52,2611.34,INR,SUCCESS,QR
T100531,M1007,C98273,2026-09-01 21:58:31,385645.93,INR,SUCCESS,QR
T100532,M1012,C73507,2026-09-01 07:06:39,56982.44,INR,SUCCESS,ONLINE
T100533,M1025,C73371,2026-09-01 10:57:40,8376.17,INR,SUCCESS,ONLINE
T100534,M1019,C57357,2026-09-01 20:39:28,2377.54,INR,SUCCESS,POS
T100535,M1016,C74822,2026-09-01 10:05:35,3151.12,INR,SUCCESS,QR
T100536,M1007,C63905,2026-09-01 15:42:23,124304.58,INR,FAILED,POS
T100537,M1025,C73228,2026-09-01 19:29:21,33633.54,INR,SUCCESS,QR
T100538,M1004,C96869,2026-09-01 20:29:00,131113.38,INR,SUCCESS,POS
T100539,M1029,C86336,2026-09-01 12:55:12,36740.41,INR,SUCCESS,QR
T100540,M1020,C87143,2026-09-01 20:21:14,56372.69,INR,SUCCESS,ONLINE
T100541,M1000,C51992,2026-09-01 16:05:49,383783.67,INR,FAILED,QR
T100542,M1025,C86903,2026-09-01 22:57:08,351716.93,INR,SUCCESS,ONLINE
T100543,M1003,C83098,2026-09-01 08:04:15,40859.81,INR,SUCCESS,QR
T100544,M1007,C58006,2026-09-01 21:18:01,143432.59,INR,SUCCESS,POS
T100545,M1028,C68921,2026-09-01 10:31:48,1152.06,INR,SUCCESS,ONLINE
T100546,M1003,C96056,2026-09-01 21:51:20,813.81,INR,SUCCESS,QR
T100547,M1023,C97612,2026-09-01 17:47:49,7910.97,INR,SUCCESS,POS
T100548,M1004,C52088,2026-09-01 20:05:31,222780.49,INR,FAILED,QR
T100549,M1001,C86890,2026-09-01 08:53:19,52271.75,INR,SUCCESS,QR
T100550,M1000,C65806,2026-09-01 09:16:31,107981.09,INR,REVERSED,ONLINE
T100551,M1013,C93502,2026-09-01 15:55:24,26494.67,INR,SUCCESS,POS
T100552,M1021,C97446,2026-09-01 09:52:03,1222.68,INR,REVERSED,POS
T100553,M1004,C69835,2026-09-01 16:45:48,49016.89,INR,SUCCESS,POS
T100554,M1027,C86971,2026-09-01 09:41:34,358118.95,INR,SUCCESS,QR
T100555,M1013,C59214,2026-09-01 10:32:56,2364.49,INR,SUCCESS,ONLINE
T100556,M1003,C93362,2026-09-01 19:33:26,156.56,INR,SUCCESS,QR
T100557,M1016,C62330,2026-09-01 10:57:04,2834.82,INR,SUCCESS,POS
T100558,M1012,C97911,2026-09-01 16:59:40,939.26,INR,SUCCESS,POS
T100559,M1010,C60678,2026-09-01 21:48:51,1421.90,INR,SUCCESS,ONLINE
T100560,M1011,C96633,2026-09-01 13:03:02,1936.17,INR,REVERSED,ONLINE
T100561,M1024,C89732,2026-09-01 06:03:54,350549.25,INR,SUCCESS,ONLINE
T100562,M1029,C92519,2026-09-01 09:31:17,12779.83,INR,REVERSED,ONLINE
T100563,M1023,C99161,2026-09-01 22:59:45,53330.30,INR,SUCCESS,POS
T100564,M1027,C51131,2026-09-01 08:23:27,48022.67,INR,SUCCESS,ONLINE
T100565,M1004,C89315,2026-09-01 14:28:13,246754.96,INR,SUCCESS,QR
T100566,M1020,C80366,2026-09-01 18:23:12,2181.30,INR,SUCCESS,ONLINE
T100567,M1000,C89241,2026-09-01 09:44:49,38674.87,INR,SUCCESS,POS
T100568,M1008,C90842,2026-09-01 17:26:48,92583.71,INR,SUCCESS,QR
T100569,M1006,C85924,2026-09-01 13:54:19,117615.46,INR,SUCCESS,ONLINE
T100570,M1006,C86030,2026-09-01 20:26:44,3009.08,INR,SUCCESS,QR
T100571,M1002,C64150,2026-09-01 19:37:54,34814.93,INR,SUCCESS,QR
T100572,M1011,C99239,2026-09-01 16:11:35,140892.47,INR,SUCCESS,QR
T100573,M1019,C66076,2026-09-01 16:46:15,250053.77,INR,SUCCESS,ONLINE
T100574,M1013,C76688,2026-09-01 11:53:31,50535.44,INR,SUCCESS,ONLINE
T100575,M1026,C64988,2026-09-01 13:48:03,45714.50,INR,SUCCESS,POS
T100576,M1000,C71190,2026-09-01 22:09:06,362129.04,INR,SUCCESS,QR
T100577,M1011,C72532,2026-09-01 16:34:19,29273.28,INR,SUCCESS,QR
T100578,M1005,C51407,2026-09-01 09:38:47,3917.33,INR,SUCCESS,ONLINE
T100579,M1004,C98297,2026-09-01 12:34:18,924.78,INR,SUCCESS,ONLINE
T100580,M1019,C94736,2026-09-01 07:29:11,52843.80,INR,SUCCESS,ONLINE
T100581,M1022,C83290,2026-09-01 06:34:44,23744.38,INR,SUCCESS,QR
T100582,M1009,C60533,2026-09-01 10:16:52,20901.40,INR,SUCCESS,ONLINE
T100583,M1010,C85104,2026-09-01 18:29:21,2682.85,INR,SUCCESS,ONLINE
T100584,M1025,C83409,2026-09-01 21:50:01,106222.63,INR,REVERSED,POS
T100585,,C56382,2026-09-01 09:56:10,52974.34,INR,SUCCESS,QR
T100586,M1017,C95979,2026-09-01 06:53:55,54378.74,INR,SUCCESS,QR
T100587,M1003,C97807,2026-09-01 13:20:33,35335.63,INR,SUCCESS,POS
T100588,M1001,C97950,2026-09-01 21:54:29,1370.81,INR,SUCCESS,QR
T100589,M1019,C97820,2026-09-01 13:25:34,1238.98,INR,SUCCESS,QR
T100590,M1014,C53129,2026-09-01 06:18:32,3362.26,INR,SUCCESS,POS
T100591,M1016,C85618,2026-09-01 12:04:26,3470.80,INR,SUCCESS,QR
T100592,M1012,C76847,2026-09-01 17:34:35,117675.22,INR,SUCCESS,QR
T100593,M1002,C97434,2026-09-01 11:35:16,3503.44,INR,SUCCESS,QR
T100594,M1019,C67563,2026-09-01 19:44:27,481.03,INR,SUCCESS,ONLINE
T100595,M1026,C72027,2026-09-01 17:47:30,90215.80,INR,FAILED,ONLINE
T100596,M1022,C97070,2026-09-01 06:18:57,55861.32,INR,SUCCESS,ONLINE
T100597,M1021,C87925,2026-09-01 10:03:06,139165.33,INR,SUCCESS,POS
T100598,M1008,C84507,2026-09-01 06:57:01,42475.44,INR,SUCCESS,POS
T100599,M1013,C72497,2026-09-01 15:02:07,1296.91,INR,SUCCESS,QR
T100600,M1000,C87844,2026-09-01 12:02:02,29907.96,INR,SUCCESS,ONLINE
T100601,M1002,C50318,2026-09-01 11:20:54,2620.99,INR,SUCCESS,QR
T100602,M1000,C90704,2026-09-01 15:44:10,2795.93,INR,SUCCESS,POS
T100603,M1008,C82015,2026-09-01 20:50:08,1588.26,INR,SUCCESS,POS
T100604,M1000,C93424,2026-09-01 13:45:50,20456.58,INR,SUCCESS,POS
T100605,M1005,C66475,2026-09-01 10:08:39,2093.17,INR,SUCCESS,POS
T100606,M1020,C71218,2026-09-01 16:36:07,894.51,INR,SUCCESS,POS
T100607,M1027,C99903,2026-09-01 16:36:12,3310.65,INR,SUCCESS,ONLINE
T100608,M1007,C99116,2026-09-01 18:41:50,2660.57,INR,SUCCESS,POS
T100609,M1006,C95028,2026-09-01 14:40:14,1077.50,INR,SUCCESS,QR
T100610,M1004,C98606,2026-09-01 10:57:17,2991.56,INR,SUCCESS,QR
T100611,M1019,C99268,2026-09-01 12:59:08,42913.69,INR,SUCCESS,POS
T100612,M1021,C63748,2026-09-01 06:23:02,184874.82,INR,SUCCESS,POS
T100613,M1003,C69359,2026-09-01 20:02:25,31309.72,INR,SUCCESS,ONLINE
T100614,M1024,C77560,2026-09-01 16:55:28,43306.18,INR,SUCCESS,ONLINE
T100615,M1009,C99632,2026-09-01 16:50:22,213969.48,INR,SUCCESS,POS
T100616,M1025,C73239,2026-09-01 10:18:20,2496.61,INR,SUCCESS,ONLINE
T100617,M1001,C85756,2026-09-01 10:06:24,3342.03,INR,SUCCESS,QR
T100618,M1009,C66870,2026-09-01 18:08:35,58921.30,INR,SUCCESS,POS
T100619,M1011,C90861,2026-09-01 21:32:13,218339.32,INR,SUCCESS,ONLINE
T100620,M1025,C92527,2026-09-01 09:35:11,15382.83,INR,REVERSED,ONLINE
T100621,M1005,C81909,2026-09-01 11:27:00,3260.13,INR,FAILED,QR
T100622,M1015,C64048,2026-09-01 22:31:11,19624.33,INR,SUCCESS,QR
T100623,M1018,C53151,2026-09-01 14:17:55,1603.58,INR,SUCCESS,ONLINE
T100624,M1010,C50807,2026-09-01 06:43:09,18867.71,INR,SUCCESS,POS
T100625,M1014,C76205,2026-09-01 13:03:21,385779.35,INR,SUCCESS,QR
T100626,M1022,C60211,2026-09-01 20:51:34,1116.10,INR,SUCCESS,ONLINE
T100627,M1006,C98211,2026-09-01 18:32:32,30217.41,INR,SUCCESS,ONLINE
T100628,M1026,C99334,2026-09-01 10:11:44,19357.17,INR,FAILED,ONLINE
T100629,M1003,C84592,2026-09-01 06:47:49,189425.99,INR,SUCCESS,POS
T100630,M1005,C96416,2026-09-01 16:02:34,1197.92,INR,SUCCESS,QR
T100631,M1017,C71117,2026-09-01 13:07:10,102592.49,INR,SUCCESS,QR
T100632,M1021,C94590,2026-09-01 19:07:28,190272.71,INR,SUCCESS,ONLINE
T100633,M1016,C50607,2026-09-01 17:18:59,21229.92,INR,FAILED,POS
T100634,M1022,C69915,2026-09-01 20:23:36,331778.20,INR,SUCCESS,POS
T100635,M1016,C87457,2026-09-01 15:16:54,3233.44,INR,SUCCESS,POS
T100636,M1001,C60152,2026-09-01 13:43:11,370222.76,INR,SUCCESS,POS
T100637,M1019,C99110,2026-09-01 20:56:22,229359.00,INR,SUCCESS,QR
T100638,M1003,C99174,2026-09-01 18:33:11,3642.22,INR,SUCCESS,POS
T100639,M1000,C74472,2026-09-01 11:08:20,237034.86,INR,FAILED,QR
T100640,M1024,C88368,2026-09-01 11:47:47,11850.72,INR,SUCCESS,QR
T100641,M1015,C76349,2026-09-01 20:41:01,1824.56,INR,SUCCESS,ONLINE
T100642,M1028,C54857,2026-09-01 12:12:14,115014.73,INR,SUCCESS,ONLINE
T100643,M1000,C60752,2026-09-01 18:06:29,47697.06,INR,SUCCESS,ONLINE
T100644,M1025,C85266,2026-09-01 16:18:21,636.78,INR,REVERSED,QR
T100645,M1011,C70743,2026-09-01 21:51:30,134993.29,INR,SUCCESS,QR
T100646,M1029,C76102,2026-09-01 14:41:52,47972.56,INR,SUCCESS,POS
T100647,M1020,C94670,2026-09-01 07:35:02,33072.65,INR,SUCCESS,QR
T100648,M1008,C68743,2026-09-01 11:01:52,27111.65,INR,SUCCESS,QR
T100649,M1025,C55599,2026-09-01 20:03:58,1201.20,INR,SUCCESS,POS
T100650,M1006,C77925,2026-09-01 08:20:55,1893.26,INR,SUCCESS,QR
T100651,M1013,C78232,2026-09-01 09:24:18,268283.94,INR,FAILED,POS
T100652,M1009,C57443,2026-09-01 13:36:07,383.66,INR,SUCCESS,QR
T100653,M1012,C80468,2026-09-01 16:50:20,236452.44,INR,REVERSED,ONLINE
T100654,M1029,C82728,2026-09-01 06:19:15,308510.95,INR,SUCCESS,POS
T100655,M1005,C58668,2026-09-01 21:12:21,96770.24,INR,SUCCESS,QR
T100656,M1026,C64702,2026-09-01 20:53:18,206432.43,INR,SUCCESS,QR
T100657,M1026,C68105,2026-09-01 18:14:33,21703.86,INR,SUCCESS,QR
T100658,M1012,C52481,2026-09-01 15:51:41,125386.64,INR,SUCCESS,ONLINE
T100659,M1012,C70008,2026-09-01 12:15:43,1723.72,INR,SUCCESS,POS
T100660,M1004,C72666,2026-09-01 16:45:54,926.39,INR,SUCCESS,QR
T100661,M1015,C56114,2026-09-01 06:18:17,2775.69,INR,SUCCESS,POS
T100662,M1026,C82304,2026-09-01 09:49:05,3884.32,INR,SUCCESS,ONLINE
T100663,M1015,C66578,2026-09-01 10:38:06,37385.78,INR,SUCCESS,QR
T100664,M1013,C78344,2026-09-01 06:53:46,1647.15,INR,SUCCESS,QR
T100665,M1010,C51045,2026-09-01 10:25:34,1570.46,INR,SUCCESS,POS
T100666,M1009,C51959,2026-09-01 13:13:41,3450.47,INR,SUCCESS,ONLINE
T100667,M1014,C68978,2026-09-01 14:29:14,59178.78,INR,SUCCESS,POS
T100668,M1019,C56728,2026-09-01 09:49:34,19352.34,INR,SUCCESS,POS
T100669,M1020,C91291,2026-09-01 08:55:55,611.61,INR,SUCCESS,QR
T100670,M1016,C51084,2026-09-01 17:47:30,49284.10,INR,SUCCESS,QR
T100671,M1013,C85728,2026-09-01 17:03:20,239824.76,INR,SUCCESS,POS
T100672,M1014,C56268,2026-09-01 07:59:08,392055.93,INR,SUCCESS,ONLINE
T100673,M1007,C61267,2026-09-01 18:22:11,191690.42,INR,SUCCESS,QR
T100674,M1018,C84728,2026-09-01 14:59:18,922.01,INR,SUCCESS,ONLINE
T100675,M1028,C97591,2026-09-01 18:13:30,2256.59,INR,SUCCESS,POS
T100676,M1014,C85019,2026-09-01 07:29:44,389807.76,INR,SUCCESS,ONLINE
T100677,M1012,C69488,2026-09-01 21:35:10,25946.62,INR,SUCCESS,ONLINE
T100678,M1020,C92239,2026-09-01 21:31:44,207249.64,INR,SUCCESS,QR
T100679,M1023,C63672,2026-09-01 22:47:06,1906.46,INR,SUCCESS,POS
T100680,M1022,C71364,2026-09-01 08:23:52,68744.43,INR,SUCCESS,ONLINE
T100681,M1005,C98537,2026-09-01 21:04:47,20477.43,INR,SUCCESS,ONLINE
T100682,M1024,C82945,2026-09-01 11:12:30,1944.96,INR,SUCCESS,POS
T100683,M1018,C99318,2026-09-01 08:41:46,197623.89,INR,SUCCESS,POS
T100684,M1018,C82983,2026-09-01 09:10:58,53775.40,INR,SUCCESS,POS
T100685,M1001,C65403,2026-09-01 07:29:47,397644.22,INR,SUCCESS,QR
T100686,M1004,C93180,2026-09-01 19:57:39,54871.97,INR,SUCCESS,ONLINE
T100687,M1014,C52206,2026-09-01 20:12:44,3471.41,INR,SUCCESS,ONLINE
T100688,M1021,C69303,2026-09-01 10:57:11,104505.58,INR,FAILED,POS
T100689,M1007,C87719,2026-09-01 22:03:33,54224.88,INR,SUCCESS,POS
T100690,M1026,C77109,2026-09-01 13:04:35,278764.35,INR,SUCCESS,QR
T100691,M1027,C90641,2026-09-01 15:50:58,193793.56,INR,SUCCESS,ONLINE
T100692,M1001,C59425,2026-09-01 08:28:20,22291.04,INR,SUCCESS,POS
T100693,M1024,C62279,2026-09-01 22:01:50,26270.20,INR,SUCCESS,ONLINE
T100694,M1024,C54835,2026-09-01 22:04:09,375103.94,INR,SUCCESS,POS
T100695,M1023,C73059,2026-09-01 22:37:07,3475.29,INR,SUCCESS,ONLINE
T100696,M1017,C80104,2026-09-01 15:18:23,176100.29,INR,SUCCESS,ONLINE
T100697,M1008,C65156,2026-09-01 10:15:32,56945.02,INR,SUCCESS,ONLINE
T100698,M1019,C57059,2026-09-01 12:00:20,49089.14,INR,SUCCESS,POS
T100699,M1004,C66160,2026-09-01 16:47:13,307096.32,INR,SUCCESS,POS
T100700,M1026,C76688,2026-09-01 10:31:16,55495.29,INR,SUCCESS,ONLINE
T100701,M1026,C75113,2026-09-01 20:03:24,54313.53,INR,SUCCESS,POS
T100702,M1017,C55194,2026-09-01 16:51:15,230793.98,INR,SUCCESS,QR
T100703,M1029,C98520,2026-09-01 08:12:25,167231.40,INR,FAILED,ONLINE
T100704,M1020,C52473,2026-09-01 13:02:06,2361.25,INR,SUCCESS,POS
T100705,M1016,C78723,2026-09-01 13:01:21,77213.20,INR,SUCCESS,POS
T100706,M1029,C89529,2026-09-01 22:51:02,21052.25,INR,SUCCESS,QR
T100707,M1024,C63457,2026-09-01 09:35:27,2457.29,INR,SUCCESS,POS
T100708,M1013,C89511,2026-09-01 13:32:22,3721.34,INR,SUCCESS,ONLINE
T100709,M1029,C58613,2026-09-01 22:38:57,28153.11,INR,SUCCESS,POS
T100710,M1027,C50784,2026-09-01 12:34:37,1399.51,INR,SUCCESS,ONLINE
T100711,M1019,C85040,2026-09-01 09:14:58,245500.50,INR,SUCCESS,QR
T100712,M1022,C75651,2026-09-01 18:00:44,189964.70,INR,SUCCESS,ONLINE
T100713,M1004,C61617,2026-09-01 14:05:52,54309.32,INR,SUCCESS,ONLINE
T100714,M1018,C78207,2026-09-01 21:20:33,1186.43,INR,SUCCESS,POS
T100715,M1020,C51157,2026-09-01 16:54:38,273524.71,,SUCCESS,POS
T100716,M1014,C57166,2026-09-01 20:15:31,16560.42,INR,SUCCESS,POS
T100717,M1000,C60401,2026-09-01 22:46:40,810.51,INR,SUCCESS,ONLINE
T100718,M1010,C83523,2026-09-01 08:10:34,363293.87,INR,SUCCESS,ONLINE
T100719,M1000,C73552,2026-09-01 13:10:44,38742.68,INR,SUCCESS,QR
T100720,M1013,C97350,2026-09-01 16:06:28,30116.25,INR,SUCCESS,POS
T100721,M1008,C64660,2026-09-01 07:12:22,390.33,INR,SUCCESS,QR
T100722,M1002,C76454,2026-09-01 17:44:48,172932.64,INR,SUCCESS,POS
T100723,M1015,C98851,2026-09-01 13:56:00,224230.57,INR,SUCCESS,POS
T100724,M1005,C96660,2026-09-01 09:18:21,38474.75,INR,SUCCESS,QR
T100725,M1005,C63151,2026-09-01 08:49:06,37175.35,INR,SUCCESS,QR
T100726,M1012,C97146,2026-09-01 22:41:52,2307.25,INR,SUCCESS,QR
T100727,M1016,C87970,2026-09-01 11:51:24,353515.36,INR,SUCCESS,QR
T100728,M1000,C74443,2026-09-01 11:08:10,9975.14,INR,SUCCESS,POS
T100729,M1019,C52063,2026-09-01 10:18:32,62347.89,INR,SUCCESS,QR
T100730,M1021,C89065,2026-09-01 15:09:11,2181.59,INR,SUCCESS,POS
T100731,M1029,C99864,2026-09-01 20:16:58,182100.08,INR,SUCCESS,QR
T100732,M1007,C83177,2026-09-01 10:23:20,283.25,INR,SUCCESS,POS
T100733,M1011,C51315,2026-09-01 13:23:08,375893.13,INR,SUCCESS,QR
T100734,M1002,C74144,2026-09-01 15:24:05,25248.49,INR,SUCCESS,ONLINE
T100735,M1012,C87265,2026-09-01 10:11:54,1915.79,INR,SUCCESS,QR
T100736,M1001,C75312,2026-09-01 10:08:36,190.96,INR,SUCCESS,POS
T100737,M1018,C62736,2026-09-01 15:09:47,386874.12,INR,SUCCESS,POS
T100738,M1004,C62326,2026-09-01 12:14:50,27311.34,INR,REVERSED,ONLINE
T100739,M1011,C83620,2026-09-01 14:58:44,4037.82,INR,SUCCESS,POS
T100740,M1005,C50018,2026-09-01 11:36:34,42355.53,INR,SUCCESS,POS
T100741,M1010,C79754,2026-09-01 19:40:51,53754.37,INR,SUCCESS,ONLINE
T100742,M1003,C55874,2026-09-01 12:43:41,22498.76,INR,SUCCESS,POS
T100743,M1025,C60891,2026-09-01 16:25:04,809.91,INR,SUCCESS,ONLINE
T100744,M1029,C65380,2026-09-01 22:41:18,136315.18,INR,SUCCESS,ONLINE
T100745,M1013,C98822,2026-09-01 09:42:25,232081.53,INR,SUCCESS,ONLINE
T100746,M1025,C80746,2026-09-01 07:12:43,19648.29,INR,SUCCESS,POS
T100747,M1014,C52456,2026-09-01 15:13:02,2967.39,INR,SUCCESS,POS
T100748,M1013,C85058,2026-09-01 15:41:25,2937.26,INR,SUCCESS,POS
T100749,M1001,C78189,2026-09-01 09:10:54,6560.59,INR,REVERSED,ONLINE
T100750,M1009,C90086,2026-09-01 16:02:16,37361.88,INR,SUCCESS,POS
T100751,M1026,C67904,2026-09-01 14:52:28,35345.24,INR,SUCCESS,ONLINE
T100752,M1009,C89319,2026-09-01 22:19:14,46292.08,INR,FAILED,ONLINE
T100753,M1009,C85870,2026-09-01 19:37:02,353883.00,INR,SUCCESS,QR
T100754,M1020,C56271,2026-09-01 18:09:25,1444.28,INR,SUCCESS,ONLINE
T100755,M1015,C82173,2026-09-01 16:21:12,274.79,INR,SUCCESS,QR
T100756,M1026,C80784,2026-09-01 09:35:58,271918.16,INR,SUCCESS,QR
T100757,M1019,C92523,2026-09-01 10:22:28,176576.88,INR,SUCCESS,POS
T100758,,C68264,2026-09-01 09:44:52,3718.04,INR,FAILED,POS
T100759,M1013,C75057,2026-09-01 13:31:19,4376.67,INR,FAILED,ONLINE
T100760,,C79213,2026-09-01 12:45:38,338344.78,INR,SUCCESS,POS
T100761,M1008,C98489,2026-09-01 11:56:31,306641.20,INR,FAILED,QR
T100762,M1006,C81411,2026-09-01 22:56:06,395.87,INR,SUCCESS,POS
T100763,M1004,C99189,2026-09-01 12:03:55,4282.51,INR,SUCCESS,QR
T100764,M1020,C76429,2026-09-01 09:31:23,48834.60,INR,SUCCESS,POS
T100765,M1002,C71296,2026-09-01 07:08:36,161587.27,INR,SUCCESS,QR
T100766,M1003,C69502,2026-09-01 08:53:57,2923.63,INR,SUCCESS,ONLINE
T100767,M1012,C87897,2026-09-01 10:19:42,345675.68,INR,SUCCESS,POS
T100768,M1013,C89533,2026-09-01 13:19:31,16930.73,INR,SUCCESS,POS
T100769,M1027,C74300,2026-09-01 20:47:56,29537.16,INR,SUCCESS,ONLINE
T100770,M1009,C81192,2026-09-01 16:52:38,26567.03,INR,SUCCESS,QR
T100771,M1019,C83888,2026-09-01 19:18:32,69811.85,INR,SUCCESS,QR
T100772,M1016,C67570,2026-09-01 10:55:19,262429.65,INR,SUCCESS,QR
T100773,M1004,C70055,2026-09-01 11:54:18,264495.18,INR,SUCCESS,ONLINE
T100774,M1007,C66210,2026-09-01 12:30:02,53804.60,INR,SUCCESS,QR
T100775,M1026,C94876,2026-09-02 20:19:33,34703.67,INR,SUCCESS,POS
T100776,M1011,C51211,2026-09-02 19:30:38,51231.85,INR,SUCCESS,ONLINE
T100777,M1022,C98472,2026-09-02 12:31:24,2990.42,INR,SUCCESS,ONLINE
T100778,M1021,C60662,2026-09-02 06:42:52,3751.74,INR,FAILED,ONLINE
T100779,M1017,C75543,2026-09-02 16:34:33,1946.45,INR,SUCCESS,ONLINE
T100780,M1007,C79355,2026-09-02 21:56:14,3199.57,INR,SUCCESS,ONLINE
T100781,M1008,C74460,2026-09-02 17:38:17,1591.95,INR,SUCCESS,ONLINE
T100782,M1012,C75582,2026-09-02 19:24:52,47500.93,INR,SUCCESS,ONLINE
T100783,M1018,C72772,2026-09-02 20:22:44,2117.33,INR,SUCCESS,QR
T100784,M1008,C87043,2026-09-02 18:27:49,1550.52,INR,SUCCESS,POS
T100785,M1016,C71381,2026-09-02 11:35:18,9878.38,INR,SUCCESS,POS
T100786,M1010,C58069,2026-09-02 06:50:48,240.07,INR,SUCCESS,QR
T100787,M1028,C93383,2026-09-02 07:33:28,2820.29,INR,SUCCESS,ONLINE
T100788,M1001,C98524,2026-09-02 16:44:23,53526.50,INR,SUCCESS,ONLINE
T100789,M1013,C90121,2026-09-02 17:19:41,310889.39,INR,SUCCESS,POS
T100790,M1005,C70218,2026-09-02 18:44:02,105548.56,INR,SUCCESS,ONLINE
T100791,M1025,C87214,2026-09-02 09:31:17,1089.27,INR,SUCCESS,QR
T100792,M1011,C74768,2026-09-02 18:03:59,1300.54,,SUCCESS,QR
T100793,M1025,C54537,2026-09-02 16:16:28,116556.88,INR,SUCCESS,POS
T100794,M1014,C86859,2026-09-02 15:15:43,387.06,INR,SUCCESS,POS
T100795,M1013,C84649,2026-09-02 19:16:17,3027.06,INR,SUCCESS,POS
T100796,M1000,C59426,2026-09-02 18:03:40,1922.55,INR,SUCCESS,POS
T100797,M1027,C98731,2026-09-02 14:19:36,247837.26,INR,FAILED,POS
T100798,M1017,C62895,2026-09-02 08:36:27,46150.58,INR,SUCCESS,ONLINE
T100799,M1018,C65293,2026-09-02 22:47:43,186929.18,INR,SUCCESS,POS
T100800,M1005,C79234,2026-09-02 22:45:48,154707.60,INR,SUCCESS,ONLINE
T100801,M1012,C93203,2026-09-02 14:34:15,37980.66,INR,SUCCESS,POS
T100802,M1021,C77805,2026-09-02 22:07:24,2857.70,INR,SUCCESS,QR
T100803,M1028,C60145,2026-09-02 15:51:39,165238.79,INR,SUCCESS,POS
T100804,M1012,C55922,2026-09-02 06:03:40,1528.73,INR,REVERSED,POS
T100805,M1021,C91346,2026-09-02 21:21:37,6574.01,INR,SUCCESS,ONLINE
T100806,M1014,C83756,2026-09-02 09:47:52,53757.59,INR,SUCCESS,QR
T100807,M1006,C86289,2026-09-02 18:56:39,250263.76,INR,SUCCESS,ONLINE
T100808,M1022,C92732,2026-09-02 15:24:32,2494.97,INR,SUCCESS,QR
T100809,M1021,C86533,2026-09-02 22:37:55,281971.97,INR,SUCCESS,POS
T100810,M1023,C80612,2026-09-02 17:36:19,394854.29,INR,SUCCESS,ONLINE
T100811,M1002,C66235,2026-09-02 17:50:37,3624.35,INR,SUCCESS,ONLINE
T100812,M1014,C67508,2026-09-02 20:15:05,32227.19,INR,SUCCESS,ONLINE
T100813,M1029,C71396,2026-09-02 21:38:48,14251.23,INR,FAILED,ONLINE
T100814,M1010,C85137,2026-09-02 14:37:15,38357.64,INR,SUCCESS,POS
T100815,M1012,C80598,2026-09-02 21:07:00,366.90,INR,SUCCESS,ONLINE
T100816,M1018,C92719,2026-09-02 13:49:17,252447.54,INR,SUCCESS,QR
T100817,M1012,C78096,2026-09-02 13:47:00,3195.07,INR,SUCCESS,POS
T100818,M1014,C60290,2026-09-02 20:55:26,2098.97,INR,SUCCESS,QR
T100819,M1014,C57346,2026-09-02 14:36:58,3840.86,INR,SUCCESS,POS
T100820,M1026,C65694,2026-09-02 06:36:57,54913.01,INR,SUCCESS,ONLINE
T100821,M1029,C68961,2026-09-02 19:35:29,20991.87,INR,SUCCESS,POS
T100822,M1009,C98419,2026-09-02 22:00:59,319668.73,INR,SUCCESS,QR
T100823,M1017,C98905,2026-09-02 17:14:13,14172.75,INR,SUCCESS,ONLINE
T100824,M1021,C94360,2026-09-02 11:24:54,72368.70,INR,SUCCESS,POS
T100825,M1000,C68708,2026-09-02 19:30:08,36402.69,INR,SUCCESS,POS
T100826,M1008,C51210,2026-09-02 17:32:02,1033.84,INR,SUCCESS,QR
T100827,M1026,C96154,2026-09-02 15:54:33,6791.72,INR,FAILED,QR
T100828,M1019,C63581,2026-09-02 08:01:55,2936.79,INR,SUCCESS,POS
T100829,M1002,C71987,2026-09-02 16:25:33,214166.85,INR,SUCCESS,POS
T100830,M1000,C60047,2026-09-02 14:28:58,3720.25,INR,SUCCESS,ONLINE
T100831,M1011,C75328,2026-09-02 06:04:48,48026.67,INR,SUCCESS,POS
T100832,M1010,C70256,2026-09-02 18:10:45,280.46,INR,SUCCESS,ONLINE
T100833,M1019,C51326,2026-09-02 15:35:49,34293.21,INR,SUCCESS,POS
T100834,M1004,C57397,2026-09-02 17:16:35,355923.26,INR,SUCCESS,POS
T100835,M1021,C57213,2026-09-02 13:55:39,56411.63,INR,SUCCESS,ONLINE
T100836,M1002,C76705,2026-09-02 06:47:26,26202.70,INR,SUCCESS,QR
T100837,M1028,C63452,2026-09-02 15:20:55,7884.98,INR,SUCCESS,POS
T100838,M1014,C91564,2026-09-02 14:44:48,2488.03,INR,SUCCESS,QR
T100839,M1017,C57166,2026-09-02 11:10:10,292283.74,INR,SUCCESS,QR
T100840,M1004,C61315,2026-09-02 18:35:41,20410.50,INR,SUCCESS,ONLINE
T100841,M1016,C80291,2026-09-02 15:58:23,618.18,INR,SUCCESS,POS
T100842,M1013,C96429,2026-09-02 07:38:30,2426.57,INR,SUCCESS,ONLINE
T100843,M1024,C91558,2026-09-02 17:37:07,50123.72,INR,FAILED,ONLINE
T100844,M1013,C63789,2026-09-02 15:38:49,152835.00,INR,SUCCESS,POS
T100845,M1001,C73232,2026-09-02 11:31:27,3085.81,INR,SUCCESS,ONLINE
T100846,M1006,C69742,2026-09-02 20:22:01,207865.69,INR,SUCCESS,POS
T100847,M1025,C50152,2026-09-02 19:20:42,1019.80,INR,SUCCESS,QR
T100848,M1027,C83240,2026-09-02 19:34:07,46359.73,INR,SUCCESS,POS
T100849,M1020,C74530,2026-09-02 08:34:17,1382.46,INR,SUCCESS,ONLINE
T100850,M1025,C71299,2026-09-02 18:54:32,19816.28,INR,SUCCESS,POS
T100851,M1006,C50691,2026-09-02 12:40:04,2648.18,INR,SUCCESS,ONLINE
T100852,M1025,C70008,2026-09-02 11:54:43,2721.37,INR,SUCCESS,ONLINE
T100853,M1025,C89496,2026-09-02 15:24:32,446.58,INR,SUCCESS,QR
T100854,M1004,C86512,2026-09-02 06:03:56,33598.21,INR,SUCCESS,POS
T100855,M1028,C50467,2026-09-02 09:52:53,3350.55,INR,SUCCESS,POS
T100856,M1000,C52731,2026-09-02 17:56:37,486.11,INR,SUCCESS,POS
T100857,M1017,C92279,2026-09-02 10:52:21,31482.00,INR,SUCCESS,QR
T100858,M1003,C95722,2026-09-02 18:17:54,25872.71,INR,SUCCESS,QR
T100859,M1014,C72424,2026-09-02 19:09:53,173962.71,INR,SUCCESS,QR
T100860,M1007,C55464,2026-09-02 16:40:51,254.23,INR,SUCCESS,POS
T100861,M1017,C78497,2026-09-02 22:13:25,158697.40,INR,SUCCESS,QR
T100862,M1025,C50276,2026-09-02 21:10:05,1306.70,INR,SUCCESS,ONLINE
T100863,M1013,C88937,2026-09-02 10:20:28,51355.33,INR,SUCCESS,QR
T100864,M1009,C68108,2026-09-02 16:18:36,2313.59,INR,FAILED,QR
T100865,M1000,C86618,2026-09-02 09:04:04,48918.20,INR,SUCCESS,ONLINE
T100866,M1018,C72390,2026-09-02 11:49:48,27943.41,INR,SUCCESS,QR
T100867,M1010,C82484,2026-09-02 15:10:42,46499.10,INR,SUCCESS,QR
T100868,M1019,C85911,2026-09-02 07:13:41,9233.33,INR,SUCCESS,QR
T100869,M1007,C57968,2026-09-02 06:35:04,2551.86,INR,SUCCESS,POS
T100870,M1007,C73827,2026-09-02 10:41:17,8603.31,INR,SUCCESS,POS
T100871,M1019,C65470,2026-09-02 20:57:24,29378.18,INR,SUCCESS,ONLINE
T100872,M1000,C55815,2026-09-02 14:52:51,22349.89,INR,SUCCESS,ONLINE
T100873,M1015,C66402,2026-09-02 21:03:01,965.27,INR,SUCCESS,QR
T100874,M1002,C56433,2026-09-02 06:00:08,97844.11,INR,SUCCESS,ONLINE
T100875,M1014,C81586,2026-09-02 14:38:31,38128.19,INR,SUCCESS,ONLINE
T100876,M1005,C51514,2026-09-02 18:04:29,2982.06,INR,SUCCESS,POS
T100877,M1008,C86022,2026-09-02 22:51:24,664.85,INR,SUCCESS,QR
T100878,M1024,C91223,2026-09-02 07:08:55,2147.99,INR,SUCCESS,QR
T100879,M1029,C83936,2026-09-02 17:30:49,52187.80,INR,SUCCESS,ONLINE
T100880,M1010,C96760,2026-09-02 12:30:08,65520.08,INR,SUCCESS,ONLINE
T100881,M1000,C86665,2026-09-02 14:01:17,1110.57,INR,SUCCESS,ONLINE
T100882,M1000,C62593,2026-09-02 18:47:45,239955.93,INR,SUCCESS,QR
T100883,M1011,C51684,2026-09-02 21:16:06,22458.20,INR,SUCCESS,QR
T100884,M1008,C82012,2026-09-02 18:38:57,348124.94,INR,SUCCESS,QR
T100885,M1012,C98297,2026-09-02 10:05:49,38960.08,INR,SUCCESS,ONLINE
T100886,M1000,C95883,2026-09-02 08:21:43,378758.98,INR,SUCCESS,QR
T100887,M1019,C95628,2026-09-02 09:26:20,129547.05,INR,SUCCESS,ONLINE
T100888,M1016,C61669,2026-09-02 14:11:15,31839.40,INR,REVERSED,POS
T100889,M1018,C88601,2026-09-02 12:17:16,579.84,INR,SUCCESS,POS
T100890,M1024,C93694,2026-09-02 17:30:51,334065.37,INR,SUCCESS,POS
T100891,M1019,C59519,2026-09-02 17:29:24,1101.15,INR,SUCCESS,ONLINE
T100892,M1026,C79480,2026-09-02 08:41:53,81199.05,INR,SUCCESS,POS
T100893,M1014,C95829,2026-09-02 20:57:59,3349.57,INR,FAILED,ONLINE
T100894,M1012,C55332,2026-09-02 09:48:32,311926.09,INR,SUCCESS,POS
T100895,M1025,C65133,2026-09-02 22:38:36,2114.28,INR,REVERSED,QR
T100896,M1015,C66873,2026-09-02 15:47:03,3975.03,INR,SUCCESS,QR
T100897,M1025,C57221,2026-09-02 12:20:05,27710.14,INR,SUCCESS,POS
T100898,M1009,C53784,2026-09-02 21:11:17,340.94,INR,SUCCESS,POS
T100899,M1016,C78321,2026-09-02 17:50:51,162808.65,INR,SUCCESS,ONLINE
T100900,M1007,C85799,2026-09-02 06:10:10,2644.82,INR,SUCCESS,QR
T100901,M1005,C73354,2026-09-02 12:24:57,2424.62,INR,SUCCESS,POS
T100902,M1015,C60987,2026-09-02 10:53:36,366922.22,INR,SUCCESS,ONLINE
T100903,M1025,C80422,2026-09-02 14:33:50,853.29,INR,SUCCESS,ONLINE
T100904,M1005,C70767,2026-09-02 12:33:51,1252.15,INR,SUCCESS,QR
T100905,M1029,C61059,2026-09-02 09:36:54,3945.52,INR,FAILED,ONLINE
T100906,M1028,C56650,2026-09-02 11:05:19,78433.39,INR,SUCCESS,ONLINE
T100907,M1009,C69111,2026-09-02 11:43:29,1359.42,INR,SUCCESS,POS
T100908,M1029,C78070,2026-09-02 15:58:25,1701.28,INR,FAILED,POS
T100909,M1000,C95573,2026-09-02 06:20:51,54221.46,INR,SUCCESS,QR
T100910,M1028,C72712,2026-09-02 07:50:31,215239.74,INR,SUCCESS,ONLINE
T100911,M1006,C91922,2026-09-02 21:10:12,287433.59,INR,SUCCESS,POS
T100912,M1018,C51782,2026-09-02 08:30:24,3783.64,INR,SUCCESS,POS
T100913,M1008,C53285,2026-09-02 08:22:45,49865.26,INR,SUCCESS,QR
T100914,M1006,C81895,2026-09-02 08:33:52,40595.43,INR,SUCCESS,QR
T100915,M1002,C67218,2026-09-02 09:21:41,72585.24,INR,SUCCESS,ONLINE
T100916,M1002,C95205,2026-09-02 06:05:24,3719.20,INR,SUCCESS,QR
T100917,M1015,C66314,2026-09-02 20:55:49,310318.78,INR,SUCCESS,ONLINE
T100918,M1019,C88850,2026-09-02 12:36:14,49653.47,INR,SUCCESS,POS
T100919,M1013,C60802,2026-09-02 22:50:07,46628.51,INR,SUCCESS,ONLINE
T100920,M1010,C81771,2026-09-02 09:40:22,3448.16,INR,SUCCESS,QR
T100921,M1015,C81545,2026-09-02 19:05:22,386.64,INR,SUCCESS,ONLINE
T100922,M1025,C88310,2026-09-02 06:55:41,1628.64,INR,SUCCESS,POS
T100923,M1019,C65362,2026-09-02 21:15:47,153457.53,INR,SUCCESS,ONLINE
T100924,M1019,C92328,2026-09-02 18:32:16,7874.93,INR,SUCCESS,POS
T100925,M1026,C96058,2026-09-02 06:48:42,2885.81,INR,SUCCESS,QR
T100926,M1029,C69568,2026-09-02 07:17:37,3707.42,INR,SUCCESS,ONLINE
T100927,M1004,C59453,2026-09-02 12:33:00,27210.12,INR,SUCCESS,QR
T100928,M1016,C51277,2026-09-02 16:06:59,19644.98,INR,SUCCESS,POS
T100929,M1005,C83035,2026-09-02 08:20:32,171620.77,INR,SUCCESS,QR
T100930,M1027,C96553,2026-09-02 16:55:22,1286.84,INR,SUCCESS,POS
T100931,M1009,C71428,2026-09-02 18:48:50,319.27,INR,SUCCESS,ONLINE
T100932,M1019,C82625,2026-09-02 18:56:01,161560.12,INR,SUCCESS,ONLINE
T100933,M1014,C51871,2026-09-02 16:39:15,20339.28,INR,SUCCESS,ONLINE
T100934,M1018,C86834,2026-09-02 16:45:35,2643.37,INR,SUCCESS,QR
T100935,M1005,C80622,2026-09-02 17:11:02,174992.68,INR,SUCCESS,POS
T100936,M1011,C53106,2026-09-02 13:30:20,249016.67,INR,SUCCESS,POS
T100937,M1009,C68864,2026-09-02 09:42:05,25182.05,INR,SUCCESS,POS
T100938,M1017,C97325,2026-09-02 13:47:37,1644.28,INR,SUCCESS,POS
T100939,M1024,C75373,2026-09-02 12:34:53,259919.81,INR,SUCCESS,ONLINE
T100940,M1018,C62309,2026-09-02 20:06:50,22505.21,INR,FAILED,POS
T100941,M1010,C95275,2026-09-02 12:15:02,261246.57,INR,SUCCESS,POS
T100942,M1008,C55702,2026-09-02 08:49:16,9996.24,INR,FAILED,QR
T100943,M1004,C69483,2026-09-02 06:30:29,20202.76,INR,SUCCESS,POS
T100944,M1024,C56778,2026-09-02 08:50:42,1004.32,INR,SUCCESS,ONLINE
T100945,M1001,C62205,2026-09-02 07:01:03,366.10,INR,SUCCESS,QR
T100946,M1018,C93391,2026-09-02 13:34:33,3980.89,INR,SUCCESS,ONLINE
T100947,M1012,C76836,2026-09-02 09:35:44,321853.67,INR,SUCCESS,POS
T100948,M1006,C98389,2026-09-02 22:48:08,957.10,INR,SUCCESS,ONLINE
T100949,M1009,C59842,2026-09-02 17:27:08,417.07,INR,SUCCESS,ONLINE
T100950,M1016,C82455,2026-09-02 22:58:54,17840.12,INR,SUCCESS,POS
T100951,M1011,C71322,2026-09-02 10:26:43,2700.24,INR,SUCCESS,QR
T100952,M1000,C92158,2026-09-02 16:17:35,2443.68,INR,SUCCESS,POS
T100953,M1012,C65474,2026-09-02 08:02:44,15635.22,INR,SUCCESS,POS
T100954,M1025,C84436,2026-09-02 13:31:20,280354.07,INR,SUCCESS,ONLINE
T100955,M1026,C89360,2026-09-02 08:21:10,2325.08,INR,SUCCESS,ONLINE
T100956,M1005,C75245,2026-09-02 16:45:34,316.32,INR,SUCCESS,QR
T100957,M1006,C93159,2026-09-02 15:05:23,369736.40,INR,SUCCESS,POS
T100958,M1000,C74406,2026-09-02 07:14:57,1872.57,INR,FAILED,POS
T100959,M1022,C69664,2026-09-02 21:18:52,53574.42,INR,SUCCESS,POS
T100960,M1021,C54282,2026-09-02 17:52:37,65497.02,INR,SUCCESS,POS
T100961,M1022,C58357,2026-09-02 07:18:09,294878.16,INR,SUCCESS,POS
T100962,M1001,C89892,2026-09-02 21:33:45,207.31,INR,SUCCESS,ONLINE
T100963,M1000,C56850,2026-09-02 11:34:09,1926.05,INR,SUCCESS,ONLINE
T100964,M1005,C98728,2026-09-02 17:39:21,978.58,INR,SUCCESS,ONLINE
T100965,M1010,C61196,2026-09-02 16:01:54,2275.40,INR,SUCCESS,ONLINE
T100966,M1023,C99502,2026-09-02 10:24:53,104215.66,INR,SUCCESS,POS
T100967,M1022,C95357,2026-09-02 14:24:22,2153.15,INR,SUCCESS,POS
T100968,M1014,C93035,2026-09-02 08:39:15,57552.75,INR,FAILED,POS
T100969,M1025,C93193,2026-09-02 19:10:11,70256.48,INR,SUCCESS,POS
T100970,M1022,C74207,2026-09-02 22:57:50,2724.51,INR,SUCCESS,ONLINE
T100971,M1022,C57546,2026-09-02 10:50:03,1242.90,INR,SUCCESS,QR
T100972,M1019,C60970,2026-09-02 21:34:12,1961.42,INR,SUCCESS,ONLINE
T100973,M1013,C60284,2026-09-02 11:01:44,340923.18,INR,SUCCESS,POS
T100974,M1028,C69641,2026-09-02 07:50:03,47393.75,INR,SUCCESS,ONLINE
T100975,M1020,C77180,2026-09-02 21:50:35,308913.74,INR,SUCCESS,ONLINE
T100976,M1012,C69784,2026-09-02 08:06:53,1077.57,INR,SUCCESS,ONLINE
T100977,M1012,C88869,2026-09-02 21:29:46,53435.01,INR,SUCCESS,POS
T100978,M1018,C58296,2026-09-02 08:04:53,394793.04,INR,SUCCESS,QR
T100979,M1015,C97054,2026-09-02 18:00:34,4222.65,INR,SUCCESS,POS
T100980,M1027,C59217,2026-09-02 10:10:42,36112.68,INR,SUCCESS,POS
T100981,M1017,C63545,2026-09-02 21:44:02,1811.84,INR,SUCCESS,POS
T100982,M1029,C94267,2026-09-02 09:32:21,394947.36,INR,SUCCESS,ONLINE
T100983,M1018,C71936,2026-09-02 07:20:02,13526.87,INR,REVERSED,POS
T100984,M1009,C70105,2026-09-02 08:26:42,36551.45,INR,SUCCESS,QR
T100985,M1015,C69747,2026-09-02 11:14:28,55269.59,INR,SUCCESS,ONLINE
T100986,M1020,C70360,2026-09-02 13:40:56,1410.76,INR,SUCCESS,QR
T100987,M1024,C77792,2026-09-02 14:37:58,292482.79,INR,SUCCESS,POS
T100988,M1000,C83436,2026-09-02 07:42:45,49280.84,INR,SUCCESS,POS
T100989,M1000,C52233,2026-09-02 10:34:25,2784.44,INR,SUCCESS,POS
T100990,M1029,C69977,2026-09-02 22:42:43,1834.97,INR,SUCCESS,ONLINE
T100991,M1008,C71245,2026-09-02 08:43:18,58099.47,INR,SUCCESS,QR
T100992,M1007,C77571,2026-09-02 09:18:58,6110.27,INR,SUCCESS,QR
T100993,M1013,C59065,2026-09-02 07:58:47,201172.97,INR,SUCCESS,QR
T100994,M1015,C63000,2026-09-02 11:25:45,157782.70,INR,SUCCESS,QR
T100995,M1001,C99742,2026-09-02 12:32:27,61150.04,INR,SUCCESS,POS
T100996,M1020,C69128,2026-09-02 18:46:34,12973.02,INR,SUCCESS,POS
T100997,M1021,C69013,2026-09-02 21:46:08,503.51,INR,SUCCESS,POS
T100998,M1014,C56846,2026-09-02 17:59:10,7893.56,INR,SUCCESS,POS
T100999,M1021,C76413,2026-09-02 11:56:10,1081.80,INR,SUCCESS,POS
T101000,M1020,C87278,2026-09-02 17:52:40,2873.41,INR,SUCCESS,POS
T101001,M1015,C74728,2026-09-02 13:58:40,375693.90,INR,SUCCESS,ONLINE
T101002,M1000,C89016,2026-09-02 21:58:11,389479.87,INR,FAILED,QR
T101003,M1000,C52081,2026-09-02 18:36:01,48858.94,INR,SUCCESS,ONLINE
T101004,M1009,C92553,2026-09-02 08:45:09,150803.34,INR,FAILED,POS
T101005,M1014,C97031,2026-09-02 07:57:14,6787.27,INR,SUCCESS,ONLINE
T101006,M1026,C97274,2026-09-02 14:45:10,457.80,INR,FAILED,QR
T101007,M1026,C62368,2026-09-02 06:46:10,1595.19,INR,SUCCESS,POS
T101008,M1022,C97642,2026-09-02 13:54:28,181275.68,INR,SUCCESS,POS
T101009,M1008,C94135,2026-09-02 11:37:47,389283.54,INR,SUCCESS,QR
T101010,M1002,C68749,2026-09-02 19:56:03,43927.55,INR,SUCCESS,ONLINE
T101011,M1011,C87624,2026-09-02 16:35:37,110809.52,INR,SUCCESS,ONLINE
T101012,M1003,C64047,2026-09-02 10:05:09,799.47,INR,SUCCESS,QR
T101013,M1017,C65173,2026-09-02 13:47:25,1087.53,INR,SUCCESS,POS
T101014,M1028,C85099,2026-09-02 09:08:13,45071.63,INR,SUCCESS,QR
T101015,M1004,C63185,2026-09-02 07:49:53,181235.73,INR,SUCCESS,ONLINE
T101016,M1012,C76741,2026-09-02 19:35:28,2068.63,INR,SUCCESS,POS
T101017,M1000,C65391,2026-09-02 07:57:07,2161.72,INR,SUCCESS,QR
T101018,M1005,C74841,2026-09-02 07:07:50,25425.13,INR,SUCCESS,POS
T101019,,C53611,2026-09-02 07:19:01,26942.82,INR,SUCCESS,POS
T101020,M1026,C58711,2026-09-02 21:26:57,341.91,INR,SUCCESS,ONLINE
T101021,M1016,C51465,2026-09-02 10:02:36,3348.81,INR,SUCCESS,ONLINE
T101022,M1012,C97268,2026-09-02 09:00:25,294507.81,,FAILED,ONLINE
T101023,M1015,C64767,2026-09-02 16:28:42,32902.29,INR,SUCCESS,POS
T101024,M1020,C70551,2026-09-02 22:21:49,75446.10,INR,SUCCESS,ONLINE
T101025,M1012,C97746,2026-09-02 18:48:06,245.36,INR,SUCCESS,POS
T101026,M1023,C55188,2026-09-02 13:26:04,1548.41,INR,SUCCESS,POS
T101027,M1000,C68104,2026-09-02 18:19:03,251830.78,INR,SUCCESS,ONLINE
T101028,M1003,C98219,2026-09-02 20:53:16,1858.26,INR,SUCCESS,POS
T101029,M1024,C81241,2026-09-02 15:03:41,3623.32,INR,SUCCESS,POS
T101030,M1027,C85801,2026-09-02 19:47:21,2636.08,INR,REVERSED,ONLINE
T101031,M1002,C78913,2026-09-02 14:13:08,1794.17,INR,SUCCESS,ONLINE
T101032,M1027,C83686,2026-09-02 13:07:49,58480.26,INR,SUCCESS,QR
T101033,M1006,C87703,2026-09-02 22:53:41,1935.37,INR,SUCCESS,POS
T101034,M1003,C97833,2026-09-02 08:11:00,351389.48,INR,SUCCESS,ONLINE
T101035,M1015,C96937,2026-09-02 10:13:34,3158.64,INR,SUCCESS,ONLINE
T101036,M1010,C75936,2026-09-02 09:03:16,10010.36,INR,SUCCESS,POS
T101037,M1006,C70474,2026-09-02 20:27:44,259606.84,INR,SUCCESS,ONLINE
T101038,M1028,C84801,2026-09-02 18:57:07,201561.68,INR,SUCCESS,POS
T101039,M1022,C71235,2026-09-02 22:28:41,319.39,INR,SUCCESS,ONLINE
T101040,M1022,C84551,2026-09-02 17:22:07,1161.25,INR,SUCCESS,QR
T101041,M1002,C66676,2026-09-02 12:41:38,36150.56,INR,SUCCESS,ONLINE
T101042,M1025,C75584,2026-09-02 20:58:42,356829.08,INR,SUCCESS,ONLINE
T101043,M1026,C58384,2026-09-02 15:54:11,598.80,INR,SUCCESS,POS
T101044,M1022,C98997,2026-09-02 13:56:20,3317.01,INR,SUCCESS,ONLINE
T101045,M1025,C72035,2026-09-02 19:12:19,50509.93,INR,SUCCESS,QR
T101046,M1002,C53275,2026-09-02 15:01:50,182053.66,INR,REVERSED,QR
T101047,M1016,C59022,2026-09-02 06:54:01,395830.58,INR,SUCCESS,POS
T101048,M1011,C52529,2026-09-02 14:00:11,49781.11,INR,SUCCESS,POS
T101049,M1008,C88771,2026-09-02 16:23:55,1570.66,INR,SUCCESS,QR
T101050,M1021,C55563,2026-09-02 17:51:39,4068.59,INR,SUCCESS,ONLINE
T101051,M1009,C54010,2026-09-02 15:56:42,24224.45,INR,SUCCESS,ONLINE
T101052,M1017,C68244,2026-09-02 20:43:00,160345.98,INR,SUCCESS,POS
T101053,M1001,C51866,2026-09-02 08:09:24,1851.70,INR,SUCCESS,POS
T101054,M1016,C92498,2026-09-02 19:06:06,254811.52,INR,SUCCESS,POS
T101055,M1011,C87164,2026-09-02 07:24:37,12051.33,INR,SUCCESS,POS
T101056,M1020,C71742,2026-09-02 07:23:46,398750.74,INR,SUCCESS,POS
T101057,M1016,C53531,2026-09-02 20:35:49,566.69,INR,SUCCESS,QR
T101058,M1007,C99704,2026-09-02 11:03:22,175604.83,INR,SUCCESS,QR
T101059,M1019,C57747,2026-09-02 21:48:36,73093.42,INR,SUCCESS,ONLINE
T101060,M1019,C98739,2026-09-02 17:18:40,2790.51,INR,FAILED,ONLINE
T101061,M1004,C60717,2026-09-02 07:56:08,208211.56,INR,SUCCESS,POS
T101062,M1022,C91648,2026-09-02 08:44:11,137258.34,INR,SUCCESS,ONLINE
T101063,M1012,C97098,2026-09-02 13:40:04,54936.61,INR,SUCCESS,POS
T101064,M1021,C88244,2026-09-02 21:11:09,23893.18,INR,SUCCESS,QR
T101065,M1008,C87216,2026-09-02 11:41:42,2355.81,INR,SUCCESS,POS
T101066,M1019,C67640,2026-09-02 15:11:10,288321.55,INR,SUCCESS,QR
T101067,M1010,C90265,2026-09-02 06:04:09,2711.38,INR,SUCCESS,ONLINE
T101068,M1026,C98924,2026-09-02 07:08:30,18912.27,INR,SUCCESS,POS
T101069,,C82013,2026-09-02 11:36:01,12315.18,INR,FAILED,POS
T101070,M1022,C86790,2026-09-02 22:08:08,187601.03,INR,SUCCESS,ONLINE
T101071,M1014,C86985,2026-09-02 21:26:27,287515.20,INR,SUCCESS,ONLINE
T101072,M1004,C81926,2026-09-02 10:38:56,231222.21,INR,SUCCESS,QR
T101073,M1003,C98161,2026-09-02 10:36:55,375064.81,INR,SUCCESS,QR
T101074,M1005,C98253,2026-09-02 15:27:22,229229.60,INR,SUCCESS,QR
T101075,M1018,C95321,2026-09-02 17:55:58,1569.93,INR,SUCCESS,POS
T101076,M1020,C57480,2026-09-02 06:49:53,149636.88,INR,FAILED,QR
T101077,M1010,C96706,2026-09-02 17:27:13,34281.26,INR,SUCCESS,ONLINE
T101078,M1004,C74193,2026-09-02 15:15:42,12523.20,INR,SUCCESS,ONLINE
T101079,M1009,C60222,2026-09-02 21:08:49,16589.37,INR,SUCCESS,QR
T101080,M1029,C81928,2026-09-02 08:05:42,50214.96,INR,SUCCESS,ONLINE
T101081,M1029,C58638,2026-09-02 17:06:55,324102.17,INR,SUCCESS,ONLINE
T101082,M1015,C72583,2026-09-02 10:34:47,538.61,INR,SUCCESS,POS
T101083,M1017,C96068,2026-09-02 18:12:43,1004.08,INR,SUCCESS,POS
T101084,M1002,C60133,2026-09-02 20:34:52,103190.70,INR,SUCCESS,POS
T101085,M1027,C86720,2026-09-02 10:02:12,58197.36,INR,FAILED,POS
T101086,M1025,C87893,2026-09-02 09:01:55,141821.49,INR,SUCCESS,POS
T101087,M1007,C90322,2026-09-02 19:40:52,1206.50,INR,SUCCESS,ONLINE
T101088,M1017,C86690,2026-09-02 17:38:09,32868.76,INR,SUCCESS,ONLINE
T101089,M1024,C97548,2026-09-02 09:25:29,63592.95,INR,SUCCESS,ONLINE
T101090,M1006,C89312,2026-09-02 16:03:21,42462.82,INR,SUCCESS,ONLINE
T101091,M1010,C60055,2026-09-02 13:34:59,1181.86,INR,SUCCESS,QR
T101092,M1001,C98241,2026-09-02 10:36:25,108565.73,INR,SUCCESS,ONLINE
T101093,M1003,C90158,2026-09-02 11:22:56,1446.14,INR,SUCCESS,QR
T101094,M1001,C96888,2026-09-02 15:24:50,335951.20,INR,SUCCESS,ONLINE
T101095,M1027,C63085,2026-09-02 11:14:53,56927.24,INR,SUCCESS,ONLINE
T101096,M1025,C54757,2026-09-02 07:51:09,321162.73,INR,SUCCESS,QR
T101097,M1021,C87384,2026-09-02 15:40:37,374357.88,INR,FAILED,POS
T101098,M1020,C86292,2026-09-02 21:25:14,1618.94,INR,SUCCESS,QR
T101099,M1024,C80997,2026-09-02 08:59:48,6530.96,INR,SUCCESS,ONLINE
T101100,M1019,C77675,2026-09-02 18:14:33,4564.35,INR,SUCCESS,ONLINE
T101101,M1003,C67935,2026-09-02 14:28:15,29519.96,INR,SUCCESS,POS
T101102,M1010,C81186,2026-09-02 14:53:46,3210.53,INR,SUCCESS,ONLINE
T101103,M1009,C53825,2026-09-02 15:45:19,3343.47,INR,SUCCESS,ONLINE
T101104,M1013,C92078,2026-09-02 13:28:09,51962.31,INR,SUCCESS,QR
T101105,M1024,C79403,2026-09-02 06:41:24,34453.26,INR,SUCCESS,POS
T101106,M1019,C54137,2026-09-02 07:20:20,395248.05,INR,SUCCESS,ONLINE
T101107,M1018,C69004,2026-09-02 17:50:09,4713.96,INR,SUCCESS,POS
T101108,M1000,C67516,2026-09-02 15:56:11,3249.02,INR,SUCCESS,ONLINE
T101109,M1015,C55857,2026-09-02 20:02:14,2397.00,INR,SUCCESS,POS
T101110,M8888,C52504,2026-09-02 21:25:47,44833.94,INR,SUCCESS,ONLINE
T101111,M1029,C67972,2026-09-02 08:59:05,8916.00,INR,SUCCESS,ONLINE
T101112,M1028,C52070,2026-09-02 08:41:37,97280.70,INR,SUCCESS,QR
T101113,M1029,C73644,2026-09-02 11:53:45,3887.29,INR,SUCCESS,QR
T101114,M1008,C70804,2026-09-02 22:57:41,322899.75,INR,SUCCESS,QR
T101115,M1022,C54366,2026-09-02 12:46:47,3651.26,INR,FAILED,QR
T101116,M1019,C79412,2026-09-02 11:44:31,1553.86,INR,SUCCESS,POS
T101117,M1024,C58332,2026-09-02 09:24:53,2147.95,INR,SUCCESS,POS
T101118,M1021,C79885,2026-09-02 08:11:45,155446.30,INR,SUCCESS,POS
T101119,M1026,C76668,2026-09-02 22:58:47,317626.15,INR,FAILED,ONLINE
T101120,M1019,C90615,2026-09-02 07:21:47,198.55,INR,SUCCESS,QR
T101121,M1016,C77223,2026-09-02 17:23:31,136100.29,INR,SUCCESS,ONLINE
T101122,M1001,C92099,2026-09-02 07:52:34,177219.05,INR,SUCCESS,ONLINE
T101123,M1013,C64126,2026-09-02 17:13:37,382315.66,INR,SUCCESS,POS
T101124,M1009,C56123,2026-09-02 20:50:34,323269.45,INR,REVERSED,QR
T101125,M1017,C85743,2026-09-02 22:46:29,1397.18,INR,SUCCESS,POS
T101126,M1005,C83296,2026-09-02 17:27:29,5146.64,INR,SUCCESS,ONLINE
T101127,M1008,C91636,2026-09-02 09:41:37,14741.77,INR,SUCCESS,ONLINE
T101128,M1026,C89104,2026-09-02 21:10:13,10600.60,INR,SUCCESS,QR
T101129,M1007,C79156,2026-09-02 06:51:38,1359.48,INR,SUCCESS,ONLINE
T101130,M1025,C60139,2026-09-02 12:34:39,122370.52,INR,SUCCESS,POS
T101131,M1018,C71040,2026-09-02 09:13:31,377498.28,INR,SUCCESS,POS
T101132,M1008,C78842,2026-09-02 08:17:49,97522.75,INR,SUCCESS,ONLINE
T101133,M1006,C75680,2026-09-02 15:32:29,51811.89,INR,SUCCESS,ONLINE
T101134,M1027,C61765,2026-09-02 12:46:28,3289.70,INR,SUCCESS,QR
T101135,M1010,C76171,2026-09-02 18:54:29,53733.81,INR,SUCCESS,POS
T101136,M1021,C89573,2026-09-02 06:16:53,1686.61,INR,SUCCESS,QR
T101137,M1004,C80777,2026-09-02 20:11:24,58388.93,INR,SUCCESS,QR
T101138,M1007,C66096,2026-09-02 09:06:20,16143.09,INR,SUCCESS,ONLINE
T101139,M1023,C90844,2026-09-02 20:38:14,3294.13,INR,SUCCESS,POS
T101140,M1028,C61369,2026-09-02 19:34:18,27627.91,INR,SUCCESS,ONLINE
T101141,M1013,C96430,2026-09-02 07:10:15,369937.29,INR,SUCCESS,POS
T101142,M1005,C66138,2026-09-02 06:41:21,52177.58,INR,SUCCESS,ONLINE
T101143,M1016,C74507,2026-09-02 21:12:09,259299.78,INR,SUCCESS,QR
T101144,M1029,C75811,2026-09-02 06:16:38,1904.81,INR,SUCCESS,POS
T101145,M1008,C84448,2026-09-02 21:37:06,245633.41,INR,SUCCESS,POS
T101146,M1004,C74572,2026-09-02 21:50:55,19496.84,INR,SUCCESS,ONLINE
T101147,M1020,C97916,2026-09-02 20:35:27,14751.12,INR,SUCCESS,ONLINE
T101148,M1019,C52463,2026-09-02 22:24:22,1054.75,INR,SUCCESS,POS
T101149,M1013,C76991,2026-09-02 12:26:24,349251.09,INR,SUCCESS,POS
T101150,M1004,C76518,2026-09-02 11:14:23,51416.76,INR,SUCCESS,ONLINE
T101151,M1015,C56193,2026-09-02 16:53:52,189093.73,INR,SUCCESS,QR
T101152,M1011,C89036,2026-09-02 22:11:08,373050.94,INR,SUCCESS,QR
T101153,M1005,C93873,2026-09-02 18:46:28,45919.81,INR,SUCCESS,ONLINE
T101154,M1007,C52889,2026-09-02 22:28:56,209444.63,INR,SUCCESS,ONLINE
T101155,M1029,C56349,2026-09-02 15:52:20,100394.93,INR,SUCCESS,QR
T101156,M1017,C56278,2026-09-02 10:58:00,3147.34,INR,SUCCESS,QR
T101157,M1029,C68464,2026-09-02 16:40:40,49954.35,INR,SUCCESS,ONLINE
T101158,M1011,C91967,2026-09-02 12:50:57,26304.82,INR,SUCCESS,QR
T101159,M1026,C68921,2026-09-02 22:06:20,301002.63,INR,SUCCESS,POS
T101160,M1007,C89383,2026-09-02 06:13:40,15263.99,INR,SUCCESS,ONLINE
T101161,M1006,C69629,2026-09-02 21:05:49,151345.85,INR,SUCCESS,ONLINE
T101162,M1020,C71497,2026-09-02 22:13:00,8967.36,INR,SUCCESS,POS
T101163,M1026,C92837,2026-09-02 17:59:23,57380.76,INR,SUCCESS,QR
T101164,M1026,C78333,2026-09-02 17:21:50,23653.98,INR,SUCCESS,POS
T101165,M1025,C86803,2026-09-02 10:35:53,31396.71,INR,SUCCESS,QR
T101166,M1005,C83529,2026-09-02 08:59:03,37732.90,INR,SUCCESS,POS
T101167,M1013,C97285,2026-09-02 19:52:12,454.76,INR,SUCCESS,ONLINE
T101168,M1009,C67697,2026-09-02 08:25:37,2315.51,INR,SUCCESS,POS
T101169,M1022,C78831,2026-09-02 12:46:25,112629.55,INR,SUCCESS,QR
T101170,M1010,C93972,2026-09-02 19:54:18,341015.30,INR,SUCCESS,ONLINE
T101171,M1013,C96757,2026-09-02 17:15:50,333916.59,INR,SUCCESS,POS
T101172,M1013,C51711,2026-09-02 16:08:11,19368.46,INR,SUCCESS,QR
T101173,M1017,C99087,2026-09-02 08:31:02,274113.43,INR,SUCCESS,POS
T101174,M1011,C91017,2026-09-02 12:27:33,528.33,INR,SUCCESS,QR
T101175,M1014,C51667,2026-09-02 19:13:13,188954.60,INR,SUCCESS,QR
T101176,M1014,C97597,2026-09-02 07:10:01,178170.24,INR,SUCCESS,ONLINE
T101177,M1000,C88796,2026-09-02 12:39:37,2018.04,INR,SUCCESS,ONLINE
T101178,M1012,C94260,2026-09-02 09:18:45,171150.56,INR,SUCCESS,POS
T101179,M1010,C67717,2026-09-02 18:46:16,2217.00,INR,SUCCESS,QR
T101180,M1018,C62434,2026-09-02 09:46:56,49134.21,INR,SUCCESS,ONLINE
T101181,M1024,C85941,2026-09-02 22:56:05,1054.29,INR,SUCCESS,ONLINE
T101182,M1014,C74262,2026-09-02 06:07:18,349199.77,INR,FAILED,QR
T101183,M1016,C88701,2026-09-02 15:42:25,2512.54,INR,FAILED,POS
T101184,M1004,C86125,2026-09-02 21:32:24,1487.15,INR,FAILED,QR
T101185,M1023,C57059,2026-09-02 08:02:10,211583.96,INR,SUCCESS,POS
T101186,M1017,C67829,2026-09-02 06:50:48,2229.98,INR,SUCCESS,ONLINE
T101187,M1000,C58429,2026-09-02 13:44:30,1205.98,INR,SUCCESS,QR
T101188,M1007,C77984,2026-09-02 15:37:07,51693.22,INR,SUCCESS,ONLINE
T101189,M1017,C68969,2026-09-02 15:58:25,17577.37,INR,SUCCESS,ONLINE
T101190,M1002,C98804,2026-09-02 15:23:25,2615.75,INR,SUCCESS,ONLINE
T101191,M1002,C62652,2026-09-02 15:21:37,222025.98,INR,SUCCESS,QR
T101192,M1021,C58461,2026-09-02 09:52:14,263407.62,INR,SUCCESS,ONLINE
T101193,M1023,C75102,2026-09-02 12:25:19,5648.78,INR,SUCCESS,POS
T101194,M1023,C68895,2026-09-02 19:39:57,3617.06,INR,SUCCESS,ONLINE
T101195,M1029,C54829,2026-09-02 21:33:55,12454.69,INR,SUCCESS,QR
T101196,M1019,C50321,2026-09-02 21:42:14,2313.33,INR,SUCCESS,QR
T101197,M1018,C97241,2026-09-02 22:51:21,810.93,INR,FAILED,ONLINE
T101198,M1005,C53266,2026-09-02 17:59:37,8131.74,INR,FAILED,QR
T101199,M1017,C50849,2026-09-02 12:38:30,52530.66,INR,SUCCESS,POS
T101200,M1019,C91157,2026-09-02 14:15:48,13554.40,INR,SUCCESS,QR
T101201,M1018,C70533,2026-09-02 07:16:41,27550.84,INR,SUCCESS,POS
T101202,M1002,C95882,2026-09-02 16:11:06,49064.86,INR,SUCCESS,QR
T101203,M1008,C57357,2026-09-02 13:15:06,3837.43,INR,SUCCESS,POS
T101204,M1016,C61222,2026-09-02 13:50:32,137037.55,INR,SUCCESS,QR
T101205,M1022,C68237,2026-09-02 13:18:52,10057.59,INR,SUCCESS,ONLINE
T101206,M1013,C97833,2026-09-02 21:36:57,30254.98,INR,FAILED,QR
T101207,M1025,C79925,2026-09-02 13:46:44,273435.93,INR,SUCCESS,ONLINE
T101208,M1009,C55587,2026-09-02 14:32:46,211937.75,INR,SUCCESS,ONLINE
T101209,M1023,C66510,2026-09-02 09:09:31,80933.05,INR,SUCCESS,POS
T101210,M1028,C83203,2026-09-02 07:38:48,51594.47,INR,SUCCESS,QR
T101211,M1012,C62153,2026-09-02 22:39:32,84142.82,INR,SUCCESS,QR
T101212,M1018,C70223,2026-09-02 17:46:20,112196.36,INR,SUCCESS,QR
T101213,M1027,C85375,2026-09-02 15:53:41,50115.26,INR,SUCCESS,POS
T101214,M1011,C83386,2026-09-02 17:05:30,286542.75,INR,FAILED,QR
T101215,M1021,C55636,2026-09-02 09:38:15,106850.82,INR,SUCCESS,POS
T101216,M1001,C64755,2026-09-02 18:49:39,290369.74,INR,SUCCESS,QR
T101217,M1007,C78442,2026-09-02 14:31:55,311594.01,INR,SUCCESS,ONLINE
T101218,M1009,C95544,2026-09-02 15:39:09,231959.67,INR,SUCCESS,POS
T101219,M1018,C58785,2026-09-02 10:46:33,90211.20,INR,SUCCESS,QR
T101220,M1006,C74540,2026-09-02 22:18:29,143128.89,INR,SUCCESS,ONLINE
T101221,,C84909,2026-09-02 20:02:28,841.08,INR,SUCCESS,POS
T101222,M1007,C72170,2026-09-02 22:21:59,54818.05,INR,SUCCESS,ONLINE
T101223,M1004,C91503,2026-09-02 07:25:25,349206.16,INR,SUCCESS,QR
T101224,M1008,C62591,2026-09-02 07:39:33,1035.63,INR,SUCCESS,QR
T101225,M1010,C83971,2026-09-02 20:20:20,20436.03,INR,SUCCESS,QR
T101226,M1005,C50100,2026-09-02 22:06:01,773.99,INR,SUCCESS,QR
T101227,M1014,C58086,2026-09-02 10:25:40,3545.36,INR,SUCCESS,ONLINE
T101228,M1008,C58511,2026-09-02 16:56:10,37483.55,INR,SUCCESS,ONLINE
T101229,M1008,C96793,2026-09-02 09:02:25,1914.64,INR,SUCCESS,QR
T101230,M1027,C58796,2026-09-02 13:01:37,279622.75,INR,SUCCESS,POS
T101231,M1020,C97316,2026-09-02 12:53:36,125267.84,INR,SUCCESS,POS
T101232,M1012,C80782,2026-09-02 15:10:59,218.97,INR,REVERSED,ONLINE
T101233,M1005,C90278,2026-09-02 14:08:59,165084.93,INR,FAILED,POS
T101234,M1006,C52640,2026-09-02 09:23:20,1699.47,INR,FAILED,ONLINE
T101235,M1018,C51203,2026-09-02 22:24:07,149875.63,INR,SUCCESS,POS
T101236,M1016,C99315,2026-09-02 14:29:02,364006.98,INR,SUCCESS,POS
T101237,M1012,C89233,2026-09-02 06:05:44,56055.16,INR,REVERSED,ONLINE
T101238,M1022,C51363,2026-09-02 21:37:13,2564.62,INR,SUCCESS,POS
T101239,M1019,C87923,2026-09-02 22:52:47,238805.89,INR,SUCCESS,QR
T101240,M1015,C88868,2026-09-02 12:22:24,12700.01,INR,SUCCESS,POS
T101241,M1000,C55755,2026-09-02 17:46:36,18570.59,INR,SUCCESS,ONLINE
T101242,M1004,C82068,2026-09-02 18:32:27,264809.31,INR,SUCCESS,QR
T101243,M1022,C52101,2026-09-02 17:34:54,3061.18,INR,SUCCESS,QR
T101244,M1017,C60814,2026-09-02 10:32:41,44722.13,INR,SUCCESS,QR
T101245,M1019,C55346,2026-09-02 16:22:12,22985.28,INR,SUCCESS,QR
T101246,M1006,C99342,2026-09-02 18:13:53,52159.26,INR,SUCCESS,QR
T101247,M1029,C84952,2026-09-02 06:56:59,12951.37,INR,SUCCESS,POS
T101248,M1023,C77215,2026-09-02 20:27:22,2875.79,INR,SUCCESS,QR
T101249,M1012,C91894,2026-09-02 15:44:41,258039.59,INR,SUCCESS,QR
T101250,M1012,C99668,2026-09-02 18:17:11,197584.45,INR,SUCCESS,ONLINE
T101251,M1012,C63427,2026-09-02 22:54:29,2768.17,INR,SUCCESS,ONLINE
T101252,M1011,C50027,2026-09-02 21:15:20,34587.86,INR,SUCCESS,QR
T101253,M1025,C60488,2026-09-02 15:44:36,31392.07,INR,SUCCESS,POS
T101254,M1017,C82969,2026-09-02 08:13:42,10861.05,INR,SUCCESS,POS
T101255,M1010,C60358,2026-09-02 09:08:48,353190.29,INR,SUCCESS,POS
T101256,M1018,C71053,2026-09-02 06:40:47,2118.05,INR,FAILED,QR
T101257,M1028,C56283,2026-09-02 18:15:33,153058.64,INR,SUCCESS,POS
T101258,M1014,C62831,2026-09-02 22:26:51,3061.66,INR,SUCCESS,POS
T101259,M1005,C63989,2026-09-02 20:00:30,3479.70,INR,SUCCESS,QR
T101260,M1008,C59175,2026-09-02 08:11:16,29381.09,INR,SUCCESS,QR
T101261,M1019,C83051,2026-09-02 21:25:33,14092.57,INR,SUCCESS,QR
T101262,M1002,C85642,2026-09-02 12:46:54,1920.56,INR,SUCCESS,POS
T101263,M1025,C91530,2026-09-02 10:47:09,303697.40,INR,FAILED,ONLINE
T101264,M1003,C66786,2026-09-02 17:24:02,1467.77,INR,SUCCESS,ONLINE
T101265,M1012,C55429,2026-09-02 10:53:04,1155.63,INR,SUCCESS,QR
T101266,M1014,C88796,2026-09-02 20:24:41,22727.46,INR,SUCCESS,ONLINE
T101267,M1006,C67142,2026-09-02 12:02:50,310083.12,INR,SUCCESS,POS
T101268,M1022,C83021,2026-09-02 13:11:41,43059.94,INR,SUCCESS,POS
T101269,M1026,C54560,2026-09-02 09:07:04,68774.92,INR,SUCCESS,ONLINE
T101270,M1003,C84936,2026-09-02 18:28:16,215639.08,INR,SUCCESS,ONLINE
T101271,M1010,C98419,2026-09-02 13:42:55,32675.12,INR,FAILED,ONLINE
T101272,M1025,C97659,2026-09-02 13:31:33,700.16,INR,SUCCESS,QR
T101273,M1005,C88349,2026-09-02 11:27:56,1891.24,INR,REVERSED,POS
T101274,M1001,C92088,2026-09-02 07:18:26,25699.25,INR,SUCCESS,POS
T101275,M1006,C92854,2026-09-02 18:13:00,195364.41,INR,SUCCESS,POS
T101276,M1012,C50894,2026-09-02 14:04:43,59745.24,INR,SUCCESS,POS
T101277,M1005,C56811,2026-09-02 11:23:32,6959.50,INR,SUCCESS,QR
T101278,M1023,C94257,2026-09-02 12:55:59,265697.24,INR,SUCCESS,ONLINE
T101279,M1008,C64086,2026-09-02 10:38:20,218067.49,INR,FAILED,QR
T101280,M1020,C55532,2026-09-02 22:56:38,399947.66,INR,SUCCESS,ONLINE
T101281,M1012,C81217,2026-09-02 14:13:23,1107.97,INR,SUCCESS,QR
T101282,M1002,C52623,2026-09-02 18:17:05,3102.98,INR,SUCCESS,QR
T101283,M1010,C99740,2026-09-02 14:50:23,254618.69,INR,FAILED,POS
T101284,M1026,C51744,2026-09-02 18:50:05,331363.26,INR,SUCCESS,POS
T101285,M1013,C68942,2026-09-02 07:18:57,2985.92,INR,SUCCESS,POS
T101286,M1010,C59042,2026-09-02 18:28:07,71834.72,INR,SUCCESS,QR
T101287,M1001,C59783,2026-09-02 19:28:09,155652.50,INR,FAILED,POS
T101288,M1001,C99911,2026-09-02 07:23:02,138206.70,INR,SUCCESS,QR
T101289,M1007,C75574,2026-09-02 09:14:21,257454.84,INR,FAILED,QR
T101290,M1012,C95800,2026-09-02 18:35:56,140388.71,INR,SUCCESS,POS
T101291,M1010,C66983,2026-09-02 13:07:47,231738.25,INR,FAILED,POS
T101292,M1006,C55322,2026-09-02 14:57:43,236352.21,INR,FAILED,QR
T101293,M1027,C56813,2026-09-02 11:54:13,2244.94,INR,REVERSED,ONLINE
T101294,,C65552,2026-09-02 18:21:37,56549.76,INR,SUCCESS,ONLINE
T101295,M1016,C76363,2026-09-02 16:19:53,25340.53,INR,SUCCESS,QR
T101296,M1011,C58729,2026-09-02 11:05:18,314.78,INR,SUCCESS,QR
T101297,M1025,C86604,2026-09-02 08:51:49,3762.30,INR,SUCCESS,ONLINE
T101298,M1001,C59871,2026-09-02 16:16:31,356370.57,INR,SUCCESS,ONLINE
T101299,M1027,C50526,2026-09-02 08:15:22,2161.29,INR,SUCCESS,ONLINE
T101300,M1010,C73593,2026-09-02 07:39:53,314.93,INR,SUCCESS,ONLINE
T101301,M1012,C66663,2026-09-02 22:30:03,125783.56,INR,SUCCESS,ONLINE
T101302,M1018,C88113,2026-09-02 14:18:41,10363.28,INR,SUCCESS,ONLINE
T101303,M1011,C96017,2026-09-02 09:05:08,3713.11,INR,SUCCESS,ONLINE
T101304,M1028,C81460,2026-09-02 11:03:13,1967.64,INR,SUCCESS,QR
T101305,M1029,C74521,2026-09-02 22:27:56,18940.42,INR,SUCCESS,QR
T101306,M1013,C64069,2026-09-02 12:19:26,287428.47,INR,SUCCESS,POS
T101307,M1020,C60855,2026-09-02 22:02:30,1358.81,INR,SUCCESS,QR
T101308,M1012,C98831,2026-09-02 07:57:42,400.32,INR,SUCCESS,QR
T101309,M1022,C78692,2026-09-02 20:34:58,287185.09,INR,SUCCESS,ONLINE
T101310,M1012,C68018,2026-09-02 13:47:40,2089.47,INR,SUCCESS,POS
T101311,M1026,C75404,2026-09-02 06:03:28,1874.40,INR,SUCCESS,POS
T101312,M1014,C79250,2026-09-02 06:20:53,122877.02,INR,SUCCESS,ONLINE
T101313,M1027,C99950,2026-09-02 14:53:02,42708.66,INR,SUCCESS,POS
T101314,M1026,C72310,2026-09-02 19:39:16,94902.10,INR,SUCCESS,POS
T101315,M1013,C71729,2026-09-02 10:49:09,3277.49,INR,SUCCESS,ONLINE
T101316,M1009,C54945,2026-09-02 07:57:23,290784.41,INR,SUCCESS,QR
T101317,M1012,C58906,2026-09-02 09:06:48,308243.85,INR,SUCCESS,QR
T101318,M1028,C97885,2026-09-02 08:05:38,3685.17,INR,SUCCESS,POS
T101319,M1018,C66092,2026-09-02 07:55:02,1525.86,INR,SUCCESS,ONLINE
T101320,M1026,C95028,2026-09-02 07:54:48,2447.22,INR,SUCCESS,ONLINE
T101321,M1021,C98552,2026-09-02 13:44:17,31864.66,INR,SUCCESS,ONLINE
T101322,M1005,C73758,2026-09-02 14:56:53,251944.92,INR,SUCCESS,POS
T101323,M1014,C55321,2026-09-02 12:28:04,201438.06,INR,FAILED,POS
T101324,M1013,C66423,2026-09-02 21:35:52,1379.21,INR,FAILED,ONLINE
T101325,M1002,C64611,2026-09-02 12:28:02,96777.32,INR,SUCCESS,ONLINE
T101326,M1020,C79282,2026-09-02 20:15:07,29951.38,INR,SUCCESS,QR
T101327,M1027,C56900,2026-09-02 08:08:29,17227.21,INR,SUCCESS,POS
T101328,M1014,C98975,2026-09-02 06:45:11,310922.57,INR,SUCCESS,QR
T101329,M1005,C55114,2026-09-02 13:51:56,1928.26,INR,SUCCESS,ONLINE
T101330,M1004,C51194,2026-09-02 08:48:21,3431.45,INR,SUCCESS,ONLINE
T101331,M1016,C78862,2026-09-02 20:35:18,309058.74,INR,SUCCESS,POS
T101332,M1013,C71835,2026-09-02 11:02:06,83400.03,INR,FAILED,POS
T101333,M1010,C70153,2026-09-02 18:24:31,3046.15,INR,SUCCESS,QR
T101334,M1019,C60107,2026-09-02 07:58:20,366127.46,INR,SUCCESS,POS
T101335,M1002,C74719,2026-09-02 06:56:18,228072.76,INR,SUCCESS,POS
T101336,M1001,C70923,2026-09-02 10:44:00,148164.61,INR,SUCCESS,POS
T101337,M1016,C64685,2026-09-02 17:43:27,45737.05,INR,SUCCESS,POS
T101338,M1029,C52757,2026-09-02 16:21:48,103834.72,INR,SUCCESS,POS
T101339,M1028,C84043,2026-09-02 14:38:15,359134.56,INR,REVERSED,POS
T101340,M1006,C82086,2026-09-02 07:14:32,388186.11,INR,SUCCESS,POS
T101341,M1019,C63311,2026-09-02 15:13:40,1686.94,INR,SUCCESS,ONLINE
T101342,M1024,C69765,2026-09-02 07:20:08,54239.63,INR,SUCCESS,POS
T101343,M1027,C86592,2026-09-02 22:41:14,6415.92,INR,SUCCESS,POS
T101344,M1015,C84142,2026-09-02 14:04:25,41804.01,INR,SUCCESS,POS
T101345,M1021,C61341,2026-09-02 08:40:12,834.64,INR,SUCCESS,QR
T101346,M1010,C54777,2026-09-02 11:03:23,26911.14,INR,SUCCESS,ONLINE
T101347,M1004,C53216,2026-09-02 11:21:52,201045.47,INR,SUCCESS,POS
T101348,M1029,C74415,2026-09-02 17:15:15,195780.91,INR,SUCCESS,POS
T101349,M1014,C54230,2026-09-02 07:03:26,1284.19,INR,SUCCESS,POS
T101350,M1013,C64322,2026-09-02 12:30:17,24674.79,INR,SUCCESS,POS
T101351,M1029,C72201,2026-09-02 17:37:53,3640.68,INR,SUCCESS,QR
T101352,M1021,C84614,2026-09-02 12:35:54,33624.23,INR,REVERSED,QR
T101353,M1018,C98519,2026-09-02 15:56:02,399350.14,INR,SUCCESS,ONLINE
T101354,M1007,C61825,2026-09-02 11:55:18,1837.36,INR,SUCCESS,QR
T101355,M1027,C71039,2026-09-02 09:33:17,30140.97,INR,SUCCESS,ONLINE
T101356,M1009,C62821,2026-09-02 09:17:32,56046.85,INR,SUCCESS,ONLINE
T101357,M1003,C75837,2026-09-02 14:03:27,2437.02,,SUCCESS,ONLINE
T101358,M1007,C70616,2026-09-02 15:06:14,9039.60,INR,SUCCESS,POS
T101359,M1013,C62215,2026-09-02 06:51:40,394829.65,INR,SUCCESS,ONLINE
T101360,M1003,C95744,2026-09-02 17:36:54,249382.88,INR,SUCCESS,POS
T101361,M1002,C80456,2026-09-02 10:49:13,4763.88,INR,SUCCESS,ONLINE
T101362,M1026,C53061,2026-09-02 10:09:09,373.98,INR,SUCCESS,POS
T101363,M1027,C70311,2026-09-02 11:05:40,61679.77,INR,SUCCESS,ONLINE
T101364,M1013,C87020,2026-09-02 10:41:53,138784.53,INR,SUCCESS,POS
T101365,M1008,C87008,2026-09-02 22:36:19,218412.96,INR,SUCCESS,ONLINE
T101366,M1001,C58834,2026-09-02 21:20:50,273200.63,INR,SUCCESS,QR
T101367,M1027,C98148,2026-09-02 18:21:36,45072.42,INR,SUCCESS,POS
T101368,M1004,C98168,2026-09-02 21:23:34,38801.17,INR,SUCCESS,POS
T101369,M1025,C96173,2026-09-02 21:36:30,2044.49,INR,FAILED,POS
T101370,M1015,C72535,2026-09-02 06:13:29,21401.30,INR,SUCCESS,QR
T101371,M1024,C64229,2026-09-02 18:30:23,48670.91,INR,SUCCESS,ONLINE
T101372,M1014,C87494,2026-09-02 22:05:09,657.50,INR,SUCCESS,ONLINE
T101373,M1029,C62803,2026-09-02 19:04:58,131017.24,INR,SUCCESS,QR
T101374,M1023,C70323,2026-09-02 08:02:30,1235.80,INR,SUCCESS,POS
T101375,M1019,C67144,2026-09-02 11:16:58,379916.26,INR,SUCCESS,POS
T101376,M1004,C77192,2026-09-02 07:07:27,314708.40,INR,FAILED,POS
T101377,M1014,C91589,2026-09-02 08:20:19,148221.76,INR,SUCCESS,QR
T101378,M1003,C87163,2026-09-02 22:14:00,374756.83,INR,SUCCESS,ONLINE
T101379,M1008,C70559,2026-09-02 20:13:31,1250.72,INR,SUCCESS,POS
T101380,M1008,C68958,2026-09-02 11:57:02,3435.41,INR,SUCCESS,ONLINE
T101381,M1009,C90054,2026-09-02 14:23:51,210.04,INR,FAILED,QR
T101382,M1012,C84731,2026-09-02 21:00:19,272848.19,INR,SUCCESS,POS
T101383,M1023,C83034,2026-09-02 15:28:42,58319.13,INR,SUCCESS,QR
T101384,M1013,C85955,2026-09-02 12:21:53,65193.06,INR,SUCCESS,QR
T101385,M1016,C93397,2026-09-02 09:59:51,210352.65,INR,SUCCESS,POS
T101386,M1013,C66368,2026-09-02 09:05:55,47473.08,INR,SUCCESS,QR
T101387,M1021,C78937,2026-09-02 18:18:00,3238.90,INR,SUCCESS,QR
T101388,M1008,C52239,2026-09-02 11:32:07,313315.75,INR,SUCCESS,QR
T101389,M1028,C64811,2026-09-02 07:22:19,3971.69,INR,SUCCESS,POS
T101390,M1003,C98112,2026-09-02 16:01:40,56416.73,INR,FAILED,QR
T101391,M1017,C69871,2026-09-02 21:02:45,8404.23,INR,SUCCESS,POS
T101392,M1000,C65705,2026-09-02 18:14:52,48074.77,INR,SUCCESS,POS
T101393,M1013,C91601,2026-09-02 08:48:23,765.28,INR,FAILED,POS
T101394,M1005,C76514,2026-09-02 11:09:55,3290.65,INR,REVERSED,QR
T101395,M1022,C78726,2026-09-02 14:29:38,2494.22,INR,SUCCESS,QR
T101396,M1020,C66783,2026-09-02 13:37:52,3933.58,INR,SUCCESS,QR
T101397,M1001,C68297,2026-09-02 08:04:42,82444.08,INR,SUCCESS,QR
T101398,M1017,C84149,2026-09-02 10:39:41,2509.30,INR,SUCCESS,QR
T101399,M1018,C91742,2026-09-02 15:56:01,3100.94,INR,SUCCESS,POS
T101400,M1023,C59293,2026-09-02 12:07:48,802.82,INR,SUCCESS,POS
T101401,M1022,C84652,2026-09-02 20:49:35,1376.05,INR,SUCCESS,POS
T101402,M1020,C88760,2026-09-02 12:00:52,2785.91,INR,SUCCESS,POS
T101403,M1008,C78155,2026-09-02 21:03:34,8225.36,INR,SUCCESS,ONLINE
T101404,M1015,C98433,2026-09-02 20:02:42,6612.95,INR,SUCCESS,POS
T101405,M1027,C82834,2026-09-02 16:16:58,19246.72,INR,SUCCESS,ONLINE
T101406,M1008,C79130,2026-09-02 22:50:38,3695.74,INR,SUCCESS,ONLINE
T101407,M1028,C91882,2026-09-02 22:12:57,27550.24,INR,SUCCESS,POS
T101408,M1010,C53383,2026-09-02 16:15:28,103373.95,INR,SUCCESS,QR
T101409,M1013,C90526,2026-09-02 10:16:57,308441.94,INR,SUCCESS,QR
T101410,M9999,C89971,2026-09-02 09:15:04,15727.95,INR,SUCCESS,ONLINE
T101411,M1006,C56817,2026-09-02 22:15:05,1535.10,INR,SUCCESS,QR
T101412,M1004,C54549,2026-09-02 09:46:54,1296.58,INR,SUCCESS,QR
T101413,M1024,C60997,2026-09-02 19:21:22,362447.21,INR,SUCCESS,POS
T101414,M1015,C86452,2026-09-02 08:49:40,35836.95,INR,SUCCESS,ONLINE
T101415,M1018,C93144,2026-09-02 15:07:43,17431.76,INR,SUCCESS,QR
T101416,M1004,C50492,2026-09-02 13:08:02,280231.82,INR,SUCCESS,ONLINE
T101417,M1002,C85942,2026-09-02 14:12:31,13533.38,INR,SUCCESS,QR
T101418,M1003,C54868,2026-09-02 20:16:22,2925.06,INR,FAILED,QR
T101419,M1019,C72622,2026-09-02 20:38:20,3789.97,INR,FAILED,POS
T101420,M1026,C95355,2026-09-02 19:38:58,16995.61,INR,SUCCESS,ONLINE
T101421,M1028,C99870,2026-09-02 20:26:25,42829.10,INR,SUCCESS,ONLINE
T101422,M1020,C64396,2026-09-02 10:41:52,337.78,INR,SUCCESS,ONLINE
T101423,M1019,C82427,2026-09-02 08:20:56,22880.02,INR,SUCCESS,ONLINE
T101424,M1013,C62836,2026-09-02 07:18:09,51229.01,INR,SUCCESS,QR
T101425,M1005,C80904,2026-09-02 16:40:49,302175.66,INR,SUCCESS,QR
T101426,M1011,C85237,2026-09-02 06:55:53,1271.63,INR,REVERSED,POS
T101427,M1013,C91717,2026-09-02 08:03:46,312983.52,INR,SUCCESS,POS
T101428,M1017,C61585,2026-09-02 15:30:48,3794.39,INR,REVERSED,QR
T101429,M1017,C56182,2026-09-02 11:19:45,39045.51,INR,SUCCESS,ONLINE
T101430,M1006,C87283,2026-09-02 17:08:28,1431.69,INR,SUCCESS,QR
T101431,M1011,C85900,2026-09-02 15:07:14,24919.10,INR,SUCCESS,POS
T101432,M1008,C52427,2026-09-02 22:48:12,134498.64,INR,SUCCESS,ONLINE
T101433,M1029,C76109,2026-09-02 12:46:23,79011.82,INR,FAILED,POS
T101434,M1009,C58999,2026-09-02 17:24:52,297134.05,INR,SUCCESS,POS
T101435,M1006,C67856,2026-09-02 13:50:40,289170.94,INR,SUCCESS,POS
T101436,M1011,C70953,2026-09-02 07:10:45,34383.65,INR,SUCCESS,QR
T101437,M1005,C71291,2026-09-02 21:52:29,8690.91,INR,SUCCESS,QR
T101438,M1024,C79501,2026-09-02 12:21:29,33866.82,INR,SUCCESS,ONLINE
T101439,M1011,C61646,2026-09-02 11:12:43,264133.90,INR,SUCCESS,ONLINE
T101440,M1009,C72108,2026-09-02 13:14:51,196348.12,INR,SUCCESS,ONLINE
T101441,M1016,C97649,2026-09-02 11:32:02,2750.67,INR,FAILED,POS
T101442,M1023,C89962,2026-09-02 22:37:25,37564.22,INR,SUCCESS,ONLINE
T101443,M1001,C89009,2026-09-02 22:36:28,6728.54,INR,SUCCESS,ONLINE
T101444,M1026,C53428,2026-09-02 11:14:43,675.71,INR,SUCCESS,QR
T101445,M1029,C76893,2026-09-02 22:45:13,53004.32,INR,SUCCESS,ONLINE
T101446,M1016,C65778,2026-09-02 20:22:28,37869.71,INR,SUCCESS,POS
T101447,M1023,C50936,2026-09-02 12:38:21,2825.42,INR,FAILED,QR
T101448,M1028,C76517,2026-09-02 18:55:32,12306.86,INR,SUCCESS,POS
T101449,M1013,C70828,2026-09-02 21:12:13,341486.43,INR,SUCCESS,POS
T101450,M1020,C73793,2026-09-02 07:36:29,3999.72,INR,SUCCESS,POS
T101451,M1016,C90855,2026-09-02 17:51:32,1599.26,INR,SUCCESS,QR
T101452,M1023,C54110,2026-09-02 21:42:53,13608.52,INR,SUCCESS,QR
T101453,M1020,C69932,2026-09-02 08:36:55,1574.73,INR,SUCCESS,QR
T101454,M1001,C93841,2026-09-02 11:01:27,275623.51,INR,SUCCESS,QR
T101455,M1027,C70717,2026-09-02 08:04:04,37655.22,INR,SUCCESS,POS
T101456,M1016,C59120,2026-09-02 16:18:40,53646.41,INR,SUCCESS,POS
T101457,M1004,C92499,2026-09-02 19:50:30,285506.16,INR,SUCCESS,QR
T101458,M1028,C80287,2026-09-02 21:24:32,198266.58,INR,SUCCESS,QR
T101459,M1003,C96575,2026-09-02 11:00:28,31837.57,INR,SUCCESS,POS
T101460,M1016,C53934,2026-09-02 18:43:21,39108.74,INR,SUCCESS,QR
T101461,M1010,C86505,2026-09-02 07:47:19,1265.27,INR,SUCCESS,ONLINE
T101462,M1016,C89526,2026-09-02 22:53:42,18366.74,INR,SUCCESS,ONLINE
T101463,M1019,C92723,2026-09-02 06:45:39,872.79,INR,SUCCESS,QR
T101464,M1028,C71241,2026-09-02 07:06:04,19279.23,INR,SUCCESS,POS
T101465,M1022,C75739,2026-09-02 08:06:40,33320.76,INR,REVERSED,POS
T101466,M1025,C77556,2026-09-02 08:07:05,1683.40,INR,SUCCESS,QR
T101467,M1011,C96051,2026-09-02 13:36:53,3427.85,INR,SUCCESS,ONLINE
T101468,M1027,C84736,2026-09-02 11:19:31,360153.49,INR,SUCCESS,QR
T101469,M1024,C87570,2026-09-02 06:26:00,209992.27,INR,SUCCESS,POS
T101470,M1022,C73742,2026-09-02 09:46:26,49237.09,INR,SUCCESS,POS
T101471,M1002,C56537,2026-09-02 09:38:22,478.73,INR,SUCCESS,POS
T101472,M1017,C77792,2026-09-02 07:46:19,109068.07,INR,SUCCESS,ONLINE
T101473,M1019,C66610,2026-09-02 20:45:19,326749.13,INR,SUCCESS,POS
T101474,M1014,C72407,2026-09-02 11:21:43,48136.28,INR,SUCCESS,QR
T101475,M1003,C56126,2026-09-02 22:04:39,59912.04,INR,SUCCESS,QR
T101476,M1019,C71088,2026-09-02 20:35:55,341991.45,INR,SUCCESS,ONLINE
T101477,M1013,C83316,2026-09-02 06:15:39,3144.36,INR,SUCCESS,QR
T101478,M1020,C74976,2026-09-02 17:51:29,177628.37,INR,SUCCESS,QR
T101479,M1001,C64168,2026-09-02 07:56:30,47872.75,INR,SUCCESS,ONLINE
T101480,M1013,C55548,2026-09-02 22:31:56,56186.62,INR,SUCCESS,POS
T101481,M1011,C89394,2026-09-02 08:29:28,33443.28,INR,SUCCESS,ONLINE
T101482,M1010,C53501,2026-09-02 19:14:21,61122.89,INR,SUCCESS,ONLINE
T101483,M1011,C78734,2026-09-02 08:56:55,1142.74,INR,SUCCESS,POS
T101484,M1009,C96811,2026-09-02 16:47:08,158.73,INR,REVERSED,QR
T101485,M1026,C80955,2026-09-02 13:29:04,152920.13,INR,SUCCESS,ONLINE
T101486,M1012,C85760,2026-09-02 15:27:08,10917.52,INR,SUCCESS,ONLINE
T101487,M1006,C99231,2026-09-02 21:16:12,3839.23,INR,SUCCESS,QR
T101488,M1013,C50761,2026-09-02 10:42:31,115661.29,INR,SUCCESS,QR
T101489,M1011,C62809,2026-09-02 21:18:55,106520.98,INR,SUCCESS,QR
T101490,M1014,C59283,2026-09-02 15:52:49,9332.63,INR,SUCCESS,QR
T101491,M1021,C81948,2026-09-02 06:00:44,3022.64,INR,SUCCESS,POS
T101492,M1013,C87221,2026-09-02 12:26:18,1491.49,INR,SUCCESS,QR
T101493,M1005,C98154,2026-09-02 14:28:55,46361.92,INR,SUCCESS,QR
T101494,M1026,C61852,2026-09-02 10:21:04,9492.66,INR,SUCCESS,POS
T101495,M1018,C96141,2026-09-02 15:04:36,56113.02,INR,SUCCESS,QR
T101496,M1004,C74578,2026-09-02 12:29:13,51791.82,INR,SUCCESS,POS
T101497,M1028,C66282,2026-09-02 17:46:25,50148.78,INR,SUCCESS,QR
T101498,M1012,C82319,2026-09-02 06:38:19,177614.16,INR,SUCCESS,POS
T101499,M1005,C78243,2026-09-02 21:12:11,56041.47,INR,SUCCESS,ONLINE
T101500,M1025,C82918,2026-09-02 21:14:07,27290.13,INR,REVERSED,POS
T101501,M1001,C82188,2026-09-02 22:54:09,273661.77,INR,SUCCESS,QR
T101502,M1001,C66866,2026-09-02 21:05:39,3689.88,INR,SUCCESS,ONLINE
T101503,M1028,C82437,2026-09-02 06:50:30,17790.37,INR,SUCCESS,POS
T101504,M1004,C55241,2026-09-02 14:07:50,5233.86,INR,SUCCESS,ONLINE
T101505,M1013,C56850,2026-09-02 17:00:35,30874.00,INR,SUCCESS,POS
T101506,M1009,C90217,2026-09-02 06:19:23,3253.24,INR,FAILED,QR
T101507,M1027,C54950,2026-09-02 12:09:09,321621.86,INR,SUCCESS,POS
T101508,M1027,C57189,2026-09-02 19:06:17,190313.96,INR,SUCCESS,ONLINE
T101509,M1008,C94702,2026-09-02 08:20:36,257773.78,INR,SUCCESS,QR
T101510,M1020,C62606,2026-09-02 21:58:07,2108.27,INR,FAILED,POS
T101511,M1024,C80001,2026-09-02 11:59:29,244309.67,INR,SUCCESS,QR
T101512,M1013,C51350,2026-09-02 13:40:14,2457.15,INR,SUCCESS,ONLINE
T101513,M1003,C91356,2026-09-02 22:23:00,190661.92,INR,SUCCESS,ONLINE
T101514,M1015,C79908,2026-09-02 06:11:35,21029.44,INR,SUCCESS,QR
T101515,M1010,C96234,2026-09-02 15:44:18,3103.23,INR,SUCCESS,ONLINE
T101516,M1027,C59826,2026-09-02 21:09:41,3326.69,INR,SUCCESS,POS
T101517,M1022,C71438,2026-09-02 10:04:01,225372.54,INR,SUCCESS,ONLINE
T101518,M1024,C75894,2026-09-02 21:30:53,141355.30,IN,SUCCESS,ONLINE
T101519,M1022,C52998,2026-09-02 12:14:00,202163.11,INR,SUCCESS,QR
T101520,M1010,C77027,2026-09-02 07:16:18,1666.57,INR,SUCCESS,POS
T101521,M1011,C82040,2026-09-02 21:52:56,289457.90,INR,SUCCESS,ONLINE
T101522,M1029,C76011,2026-09-02 17:37:40,299016.73,INR,SUCCESS,POS
T101523,M1012,C59731,2026-09-02 16:41:07,55913.23,INR,FAILED,ONLINE
T101524,M1021,C78940,2026-09-02 12:01:43,2570.27,INR,SUCCESS,ONLINE
T101525,M1002,C57529,2026-09-02 11:12:14,1321.31,INR,SUCCESS,POS
T101526,M1016,C67706,2026-09-02 18:51:57,3321.55,INR,SUCCESS,ONLINE
T101527,M1012,C92099,2026-09-02 11:30:08,51585.04,INR,SUCCESS,ONLINE
T101528,M1028,C53805,2026-09-02 11:10:43,36892.40,INR,SUCCESS,POS
T101529,M1014,C61945,2026-09-02 17:42:47,15226.92,INR,SUCCESS,QR
T101530,M1026,C71131,2026-09-02 19:58:32,876.17,INR,SUCCESS,POS
T101531,M1012,C51756,2026-09-02 15:30:16,630.24,INR,SUCCESS,QR
T101532,M1022,C93215,2026-09-02 12:16:06,1591.19,INR,SUCCESS,QR
T101533,M1029,C97180,2026-09-02 09:28:28,1212.96,INR,SUCCESS,QR
T101534,M1006,C86938,2026-09-02 09:41:00,27719.61,INR,SUCCESS,POS
T101535,M1012,C83255,2026-09-02 15:54:56,725.75,INR,SUCCESS,ONLINE
T101536,M1009,C69151,2026-09-02 16:50:18,326777.80,INR,SUCCESS,ONLINE
T101537,M1003,C54837,2026-09-02 06:37:53,249259.86,INR,SUCCESS,ONLINE
T101538,M1007,C56977,2026-09-02 13:57:24,344.46,INR,SUCCESS,QR
T101539,M1003,C97251,2026-09-02 19:28:05,23142.19,INR,SUCCESS,POS
T101540,M1016,C90134,2026-09-02 08:14:15,143677.79,INR,SUCCESS,ONLINE
T101541,M1008,C89058,2026-09-02 17:47:46,159327.51,INR,SUCCESS,QR
T101542,M1029,C93048,2026-09-02 10:22:18,4863.55,INR,SUCCESS,POS
T101543,M1015,C83698,2026-09-02 19:24:27,135100.77,INR,FAILED,POS
T101544,M1004,C51374,2026-09-02 21:07:30,72920.25,INR,SUCCESS,ONLINE
T101545,M1000,C85711,2026-09-02 12:54:23,12666.00,INR,SUCCESS,POS
T101546,M1012,C94265,2026-09-02 21:40:19,560.36,INR,SUCCESS,ONLINE
T101547,M1003,C73656,2026-09-02 12:04:02,6101.14,INR,SUCCESS,QR
T101548,M1028,C86529,2026-09-02 12:24:11,280563.21,INR,SUCCESS,ONLINE
T101549,M1002,C92866,2026-09-02 09:28:02,177128.67,INR,SUCCESS,ONLINE
T101550,M1018,C81802,2026-09-02 18:27:25,2770.61,INR,SUCCESS,POS
T101551,M1009,C87961,2026-09-02 13:40:31,2128.97,INR,SUCCESS,ONLINE
T101552,M1004,C80263,2026-09-02 18:13:18,60337.68,INR,SUCCESS,POS
T101553,M1020,C96622,2026-09-02 07:03:34,1461.46,INR,SUCCESS,QR
T101554,M1009,C53843,2026-09-02 20:48:35,3411.14,INR,SUCCESS,ONLINE
T101555,M1024,C90164,2026-09-02 07:11:54,7467.78,INR,SUCCESS,ONLINE
T101556,M1007,C77144,2026-09-02 12:26:26,2296.15,INR,FAILED,POS
T101557,M1007,C79198,2026-09-02 18:53:33,8695.77,INR,SUCCESS,POS
T101558,M1028,C82409,2026-09-02 12:20:05,346438.93,INR,FAILED,ONLINE
T101559,M1002,C53251,2026-09-02 06:26:04,354929.52,INR,SUCCESS,ONLINE
T101560,M1020,C69330,2026-09-02 07:13:32,102777.59,INR,SUCCESS,QR
T101561,M1026,C72356,2026-09-02 21:20:24,191.32,INR,REVERSED,QR
T101562,M1002,C74738,2026-09-02 10:26:22,44376.95,INR,SUCCESS,ONLINE
T101563,M1024,C76034,2026-09-02 16:01:28,57767.98,INR,SUCCESS,POS
T101564,M1005,C94729,2026-09-02 17:02:14,183471.66,INR,SUCCESS,ONLINE
T101565,M1020,C52075,2026-09-02 19:26:23,40290.67,INR,SUCCESS,POS
T101566,M1018,C65355,2026-09-02 20:44:29,176118.31,INR,SUCCESS,POS
T101567,M1011,C61365,2026-09-02 08:20:52,118349.11,INR,SUCCESS,ONLINE
T101568,M1000,C87066,2026-09-02 21:50:07,226412.91,INR,SUCCESS,ONLINE
T101569,M1003,C89848,2026-09-02 19:09:20,1453.74,INR,SUCCESS,POS
T101570,,C57112,2026-09-02 13:49:31,201416.24,INR,SUCCESS,ONLINE
T101571,M1026,C65788,2026-09-02 12:19:02,187034.06,INR,SUCCESS,ONLINE
T101572,M1001,C70923,2026-09-02 07:36:09,1933.03,INR,SUCCESS,POS
T101573,M1020,C93859,2026-09-03 06:24:24,2325.83,INR,SUCCESS,ONLINE
T101574,M1016,C90426,2026-09-03 20:58:28,16483.30,INR,SUCCESS,ONLINE
T101575,M1008,C59454,2026-09-03 08:36:09,1453.91,INR,SUCCESS,ONLINE
T101576,M1000,C91780,2026-09-03 14:20:26,3992.77,INR,SUCCESS,ONLINE
T101577,M1009,C59819,2026-09-03 10:47:37,398764.05,INR,REVERSED,QR
T101578,M1007,C81363,2026-09-03 10:07:43,58761.78,INR,SUCCESS,ONLINE
T101579,M1024,C69470,2026-09-03 19:01:05,191252.69,INR,SUCCESS,QR
T101580,M1017,C69494,2026-09-03 18:49:10,51680.39,INR,SUCCESS,POS
T101581,M1028,C80809,2026-09-03 22:35:40,1076.75,INR,SUCCESS,POS
T101582,M1024,C98191,2026-09-03 21:06:28,3526.33,INR,SUCCESS,ONLINE
T101583,M1000,C82407,2026-09-03 11:36:45,30227.82,INR,SUCCESS,POS
T101584,M1025,C56156,2026-09-03 09:14:28,197818.33,INR,SUCCESS,POS
T101585,M1004,C86127,2026-09-03 06:02:37,166448.02,INR,SUCCESS,QR
T101586,M1021,C80718,2026-09-03 20:08:16,3093.41,INR,SUCCESS,POS
T101587,M1015,C95428,2026-09-03 19:40:24,388135.40,INR,SUCCESS,ONLINE
T101588,M1007,C98810,2026-09-03 15:16:44,361321.41,INR,SUCCESS,ONLINE
T101589,M1010,C62207,2026-09-03 22:25:35,1161.01,INR,SUCCESS,POS
T101590,M1012,C53318,2026-09-03 19:27:38,354751.06,INR,SUCCESS,POS
T101591,M1000,C64563,2026-09-03 13:51:38,33185.64,INR,SUCCESS,QR
T101592,M1024,C57302,2026-09-03 11:11:00,340566.76,INR,SUCCESS,QR
T101593,M1029,C99283,2026-09-03 15:52:40,220253.78,INR,FAILED,QR
T101594,M1003,C51944,2026-09-03 17:05:16,952.76,INR,SUCCESS,POS
T101595,M1020,C88411,2026-09-03 20:14:30,60641.26,INR,SUCCESS,POS
T101596,M1009,C64978,2026-09-03 10:48:43,41108.34,INR,SUCCESS,POS
T101597,M1001,C67452,2026-09-03 22:35:30,2901.00,INR,SUCCESS,POS
T101598,M1025,C71371,2026-09-03 22:36:19,319416.38,INR,SUCCESS,ONLINE
T101599,M1003,C98028,2026-09-03 10:39:25,19203.75,INR,SUCCESS,POS
T101600,M1026,C86424,2026-09-03 19:07:48,16167.09,INR,SUCCESS,QR
T101601,M1028,C93463,2026-09-03 15:18:51,188474.90,INR,SUCCESS,QR
T101602,M1025,C86009,2026-09-03 10:35:49,41402.64,INR,SUCCESS,POS
T101603,M1000,C99185,2026-09-03 20:31:16,2930.84,INR,SUCCESS,QR
T101604,M1017,C83690,2026-09-03 16:41:24,240841.30,INR,SUCCESS,QR
T101605,M1019,C56877,2026-09-03 08:11:33,7658.29,INR,SUCCESS,ONLINE
T101606,M1006,C90219,2026-09-03 19:50:16,215878.59,INR,FAILED,QR
T101607,M1015,C73369,2026-09-03 08:41:48,2763.96,INR,SUCCESS,ONLINE
T101608,M1011,C74041,2026-09-03 13:41:41,2537.79,INR,SUCCESS,POS
T101609,M1012,C58070,2026-09-03 06:45:08,100147.00,INR,SUCCESS,ONLINE
T101610,M1014,C77695,2026-09-03 14:39:51,218016.37,INR,SUCCESS,ONLINE
T101611,M1008,C57937,2026-09-03 18:15:10,57172.32,INR,FAILED,QR
T101612,M1005,C52614,2026-09-03 11:43:23,6418.06,INR,SUCCESS,QR
T101613,M1013,C71395,2026-09-03 21:24:04,2534.63,INR,SUCCESS,ONLINE
T101614,M1024,C70958,2026-09-03 19:26:52,1819.48,INR,SUCCESS,POS
T101615,M1015,C98013,2026-09-03 10:58:24,3388.60,INR,SUCCESS,ONLINE
T101616,M1023,C87804,2026-09-03 06:07:12,327.39,INR,SUCCESS,POS
T101617,M1003,C84634,2026-09-03 11:34:35,46292.71,INR,SUCCESS,POS
T101618,M1005,C84602,2026-09-03 20:43:45,1339.59,INR,SUCCESS,POS
T101619,M1006,C91526,2026-09-03 11:30:36,1301.49,INR,SUCCESS,QR
T101620,M1028,C95939,2026-09-03 08:57:22,3462.73,INR,SUCCESS,QR
T101621,M1016,C96166,2026-09-03 22:55:30,384.15,INR,SUCCESS,QR
T101622,M1027,C87955,2026-09-03 10:10:19,363200.02,INR,SUCCESS,ONLINE
T101623,M1005,C59846,2026-09-03 08:12:02,85902.74,INR,SUCCESS,POS
T101624,M1008,C60339,2026-09-03 22:25:54,12040.18,INR,SUCCESS,POS
T101625,M1005,C76424,2026-09-03 22:03:34,3253.68,INR,SUCCESS,ONLINE
T101626,M1016,C70930,2026-09-03 07:24:44,122062.57,INR,SUCCESS,ONLINE
T101627,M1024,C81136,2026-09-03 07:14:52,2603.07,INR,SUCCESS,QR
T101628,M1015,C55174,2026-09-03 11:34:01,135181.96,INR,SUCCESS,QR
T101629,M1027,C74332,2026-09-03 11:52:23,1988.47,INR,SUCCESS,QR
T101630,M1017,C85269,2026-09-03 20:16:40,34534.52,INR,FAILED,QR
T101631,M1001,C88088,2026-09-03 20:53:22,107077.72,INR,SUCCESS,ONLINE
T101632,M1024,C75739,2026-09-03 12:22:11,18041.08,INR,SUCCESS,ONLINE
T101633,M1006,C58995,2026-09-03 11:42:36,1585.05,INR,SUCCESS,POS
T101634,M1022,C86837,2026-09-03 16:06:59,2563.48,INR,SUCCESS,POS
T101635,M1021,C70990,2026-09-03 14:21:46,168.91,INR,SUCCESS,QR
T101636,M1000,C91518,2026-09-03 09:46:04,270508.30,INR,SUCCESS,ONLINE
T101637,M1024,C90463,2026-09-03 08:31:19,17319.19,INR,SUCCESS,POS
T101638,M1024,C73841,2026-09-03 06:42:34,2923.43,INR,FAILED,QR
T101639,M1027,C53306,2026-09-03 18:38:56,8727.31,INR,REVERSED,POS
T101640,M1025,C68385,2026-09-03 17:22:34,379660.75,INR,SUCCESS,QR
T101641,M1024,C74708,2026-09-03 15:16:58,865.23,INR,SUCCESS,ONLINE
T101642,M1028,C62878,2026-09-03 11:37:23,2027.58,INR,SUCCESS,QR
T101643,M1024,C77214,2026-09-03 11:14:47,235.88,INR,SUCCESS,POS
T101644,M1028,C76209,2026-09-03 15:45:49,31436.08,INR,SUCCESS,POS
T101645,M1028,C52748,2026-09-03 19:24:30,299.02,INR,SUCCESS,QR
T101646,M1018,C93765,2026-09-03 12:12:00,2555.14,INR,SUCCESS,POS
T101647,M1029,C68179,2026-09-03 09:17:18,3484.50,INR,REVERSED,QR
T101648,M1025,C55528,2026-09-03 11:38:07,622.27,INR,SUCCESS,QR
T101649,M1023,C70240,2026-09-03 08:34:11,1723.43,INR,SUCCESS,QR
T101650,M1003,C94187,2026-09-03 17:18:25,2351.49,INR,SUCCESS,QR
T101651,M1023,C69719,2026-09-03 11:39:45,1415.57,INR,SUCCESS,POS
T101652,M1025,C80509,2026-09-03 12:36:25,44268.17,INR,SUCCESS,ONLINE
T101653,M1001,C54354,2026-09-03 18:20:08,30894.34,INR,SUCCESS,POS
T101654,M1006,C62946,2026-09-03 16:52:12,5857.89,INR,SUCCESS,QR
T101655,M1006,C95074,2026-09-03 18:48:02,2805.35,INR,SUCCESS,ONLINE
T101656,M1005,C93019,2026-09-03 22:50:40,359845.89,INR,SUCCESS,POS
T101657,M1004,C86822,2026-09-03 20:35:29,688.19,INR,SUCCESS,POS
T101658,M1007,C57555,2026-09-03 14:38:44,26045.61,INR,SUCCESS,QR
T101659,M1019,C98910,2026-09-03 10:43:28,21558.83,INR,SUCCESS,QR
T101660,M1029,C66501,2026-09-03 13:38:28,3990.47,INR,SUCCESS,ONLINE
T101661,M1006,C88335,2026-09-03 09:55:48,375192.37,INR,SUCCESS,QR
T101662,M1029,C93539,2026-09-03 16:55:04,840.01,INR,SUCCESS,POS
T101663,M1020,C91126,2026-09-03 09:10:48,1543.64,INR,FAILED,POS
T101664,M1019,C77378,2026-09-03 10:07:18,233931.75,INR,SUCCESS,POS
T101665,M1006,C76024,2026-09-03 17:40:32,331915.42,INR,FAILED,ONLINE
T101666,M1028,C69897,2026-09-03 17:17:53,3725.67,INR,FAILED,ONLINE
T101667,M1012,C65601,2026-09-03 13:03:32,325339.03,INR,SUCCESS,ONLINE
T101668,M1027,C56290,2026-09-03 07:18:05,300118.49,INR,SUCCESS,ONLINE
T101669,M1025,C85018,2026-09-03 08:11:46,360164.94,INR,SUCCESS,QR
T101670,M1022,C69148,2026-09-03 12:02:33,346072.47,INR,SUCCESS,POS
T101671,M1011,C87822,2026-09-03 09:47:59,290843.09,INR,SUCCESS,QR
T101672,M1025,C71875,2026-09-03 14:43:42,339938.21,INR,SUCCESS,QR
T101673,M1003,C54447,2026-09-03 08:22:46,19444.32,INR,SUCCESS,QR
T101674,M1025,C92937,2026-09-03 18:10:02,344342.56,INR,SUCCESS,QR
T101675,M1006,C99564,2026-09-03 21:06:35,316104.72,INR,SUCCESS,ONLINE
T101676,M1006,C61342,2026-09-03 09:20:38,164251.58,INR,SUCCESS,POS
T101677,M1011,C78242,2026-09-03 09:05:19,45318.79,INR,SUCCESS,QR
T101678,M1009,C88817,2026-09-03 21:17:44,353.48,INR,SUCCESS,QR
T101679,M1021,C91388,2026-09-03 19:23:24,325301.85,INR,SUCCESS,QR
T101680,M1015,C87170,2026-09-03 17:24:06,162550.05,INR,SUCCESS,POS
T101681,M1001,C87410,2026-09-03 09:37:12,132266.34,INR,SUCCESS,ONLINE
T101682,M1011,C92848,2026-09-03 07:48:34,76671.39,INR,FAILED,QR
T101683,M1020,C56619,2026-09-03 06:06:36,30340.14,INR,SUCCESS,ONLINE
T101684,M1002,C90263,2026-09-03 16:35:14,13951.54,INR,SUCCESS,QR
T101685,M1009,C51781,2026-09-03 08:08:48,274096.61,INR,SUCCESS,ONLINE
T101686,M1003,C54055,2026-09-03 07:33:26,1764.49,INR,SUCCESS,QR
T101687,M1022,C67877,2026-09-03 15:43:05,106105.53,INR,SUCCESS,POS
T101688,M1007,C98454,2026-09-03 11:12:20,1639.75,INR,SUCCESS,POS
T101689,M1021,C52943,2026-09-03 12:59:01,159952.54,INR,SUCCESS,ONLINE
T101690,M1020,C75727,2026-09-03 21:46:48,2134.16,INR,SUCCESS,ONLINE
T101691,M1015,C85827,2026-09-03 20:43:33,243058.99,INR,SUCCESS,POS
T101692,M1011,C79746,2026-09-03 09:22:00,479.70,INR,SUCCESS,POS
T101693,M1012,C79278,2026-09-03 19:24:41,23563.68,INR,SUCCESS,ONLINE
T101694,M1013,C77546,2026-09-03 08:58:21,10292.82,INR,FAILED,QR
T101695,M1010,C81229,2026-09-03 20:32:31,229376.74,INR,SUCCESS,ONLINE
T101696,M1000,C51689,2026-09-03 15:23:28,83602.06,INR,SUCCESS,POS
T101697,M1011,C86870,2026-09-03 22:33:12,117858.77,INR,SUCCESS,ONLINE
T101698,M1026,C91886,2026-09-03 22:10:55,319391.56,INR,SUCCESS,QR
T101699,M1006,C72205,2026-09-03 13:17:06,714.89,INR,SUCCESS,POS
T101700,M1010,C92247,2026-09-03 09:48:49,135165.27,INR,SUCCESS,QR
T101701,M1011,C66084,2026-09-03 13:13:02,307042.96,INR,SUCCESS,QR
T101702,M1027,C83522,2026-09-03 12:49:01,20089.82,INR,SUCCESS,QR
T101703,M1003,C72162,2026-09-03 20:17:05,24404.60,INR,SUCCESS,QR
T101704,,C91775,2026-09-03 21:05:47,17811.59,INR,SUCCESS,POS
T101705,M1029,C77857,2026-09-03 07:04:24,33894.25,INR,SUCCESS,POS
T101706,M1029,C59829,2026-09-03 17:29:35,43300.20,INR,SUCCESS,QR
T101707,M1000,C54441,2026-09-03 21:20:01,13727.34,INR,SUCCESS,ONLINE
T101708,M1003,C76723,2026-09-03 08:20:50,58998.36,INR,SUCCESS,ONLINE
T101709,M1018,C81089,2026-09-03 16:24:48,41268.85,INR,SUCCESS,ONLINE
T101710,M1003,C69724,2026-09-03 18:10:11,23750.28,INR,SUCCESS,QR
T101711,M1018,C84148,2026-09-03 17:34:59,671.28,INR,SUCCESS,POS
T101712,M1029,C58880,2026-09-03 11:33:30,2721.60,INR,SUCCESS,POS
T101713,M1002,C80595,2026-09-03 21:36:04,380171.14,IN,FAILED,QR
T101714,M1015,C85709,2026-09-03 06:34:31,131786.13,INR,SUCCESS,ONLINE
T101715,M1006,C50263,2026-09-03 06:27:54,162136.43,INR,SUCCESS,QR
T101716,M1008,C60165,2026-09-03 21:41:35,2344.62,INR,SUCCESS,POS
T101717,M1015,C76736,2026-09-03 21:50:55,27165.96,INR,SUCCESS,POS
T101718,M1025,C82086,2026-09-03 15:15:05,339866.19,INR,SUCCESS,POS
T101719,M1007,C53710,2026-09-03 20:00:59,1922.54,INR,FAILED,QR
T101720,M1012,C90186,2026-09-03 11:22:31,186827.15,INR,SUCCESS,ONLINE
T101721,M1003,C55161,2026-09-03 11:46:14,25694.42,INR,SUCCESS,ONLINE
T101722,M1010,C89069,2026-09-03 21:45:44,164652.67,INR,SUCCESS,POS
T101723,M1010,C58754,2026-09-03 09:14:24,345555.47,INR,SUCCESS,ONLINE
T101724,M1022,C96802,2026-09-03 14:29:00,51723.88,INR,SUCCESS,ONLINE
T101725,M1024,C65047,2026-09-03 13:12:11,3822.89,INR,SUCCESS,POS
T101726,M1001,C86352,2026-09-03 12:51:26,44727.06,INR,SUCCESS,POS
T101727,M1025,C60334,2026-09-03 09:32:08,1853.38,INR,SUCCESS,ONLINE
T101728,M1011,C62421,2026-09-03 12:00:13,3218.99,INR,SUCCESS,POS
T101729,M1013,C67667,2026-09-03 07:51:31,269816.48,INR,SUCCESS,ONLINE
T101730,M1014,C82000,2026-09-03 20:29:28,1853.93,INR,SUCCESS,ONLINE
T101731,M1029,C58722,2026-09-03 12:18:21,26175.76,INR,SUCCESS,QR
T101732,M1017,C87982,2026-09-03 08:56:31,37944.97,INR,SUCCESS,POS
T101733,M1020,C79776,2026-09-03 21:52:46,3888.31,INR,SUCCESS,QR
T101734,M1007,C61816,2026-09-03 12:04:17,370444.32,INR,SUCCESS,ONLINE
T101735,M1006,C91294,2026-09-03 22:29:47,47198.60,INR,SUCCESS,QR
T101736,M1023,C59229,2026-09-03 20:55:39,48464.69,INR,FAILED,POS
T101737,M1000,C60184,2026-09-03 15:46:50,151568.28,INR,SUCCESS,QR
T101738,M1013,C73019,2026-09-03 20:30:48,3602.59,INR,SUCCESS,QR
T101739,M1013,C53912,2026-09-03 07:37:07,266505.96,INR,SUCCESS,ONLINE
T101740,M1010,C63383,2026-09-03 10:57:15,1244.38,INR,SUCCESS,POS
T101741,M1024,C62409,2026-09-03 17:19:07,2174.44,INR,SUCCESS,POS
T101742,M1007,C99976,2026-09-03 16:41:57,3420.32,INR,SUCCESS,QR
T101743,M1002,C88802,2026-09-03 10:49:00,3260.09,INR,SUCCESS,POS
T101744,M1018,C51665,2026-09-03 14:54:01,250560.55,INR,SUCCESS,ONLINE
T101745,M1027,C87199,2026-09-03 21:52:12,383225.99,INR,SUCCESS,POS
T101746,M1005,C72662,2026-09-03 18:41:40,378065.50,INR,SUCCESS,QR
T101747,M1001,C82992,2026-09-03 06:26:18,30319.90,INR,SUCCESS,QR
T101748,M1021,C78475,2026-09-03 13:24:07,202600.22,INR,SUCCESS,ONLINE
T101749,M1028,C92501,2026-09-03 16:54:35,43510.21,INR,SUCCESS,ONLINE
T101750,M1016,C56994,2026-09-03 17:11:41,869.93,INR,SUCCESS,QR
T101751,M1018,C74834,2026-09-03 10:46:58,3164.97,INR,SUCCESS,QR
T101752,M1029,C57909,2026-09-03 15:47:58,241533.31,INR,SUCCESS,QR
T101753,M1000,C73060,2026-09-03 21:10:05,304885.50,INR,SUCCESS,ONLINE
T101754,M1001,C91325,2026-09-03 14:33:11,87331.77,INR,SUCCESS,ONLINE
T101755,M1022,C91864,2026-09-03 18:20:36,693.17,INR,SUCCESS,QR
T101756,M1027,C66031,2026-09-03 13:44:17,34667.66,INR,SUCCESS,QR
T101757,M1011,C51923,2026-09-03 12:19:57,1641.89,INR,REVERSED,POS
T101758,M1002,C54638,2026-09-03 20:44:22,768.32,INR,FAILED,QR
T101759,M1007,C98558,2026-09-03 18:28:52,429.62,INR,SUCCESS,POS
T101760,M1005,C55543,2026-09-03 16:37:48,241554.05,INR,SUCCESS,QR
T101761,M1028,C87968,2026-09-03 16:23:53,283552.16,INR,SUCCESS,ONLINE
T101762,M1004,C59980,2026-09-03 20:24:49,4395.66,INR,SUCCESS,QR
T101763,M1026,C94402,2026-09-03 22:37:16,6933.80,INR,SUCCESS,POS
T101764,M1025,C72145,2026-09-03 20:16:53,24944.05,INR,SUCCESS,POS
T101765,M1028,C57583,2026-09-03 08:18:45,30274.99,INR,SUCCESS,POS
T101766,M1025,C80322,2026-09-03 06:19:04,7725.46,INR,SUCCESS,ONLINE
T101767,M1026,C88937,2026-09-03 13:17:20,134797.50,INR,SUCCESS,POS
T101768,M1004,C68805,2026-09-03 10:03:03,16350.97,INR,SUCCESS,ONLINE
T101769,M1000,C70953,2026-09-03 21:33:54,3060.73,INR,SUCCESS,QR
T101770,M1007,C57652,2026-09-03 11:53:13,14469.70,INR,SUCCESS,POS
T101771,M1023,C66156,2026-09-03 16:32:48,527.27,INR,FAILED,QR
T101772,M1010,C53230,2026-09-03 08:41:21,269682.43,INR,SUCCESS,QR
T101773,M1017,C85480,2026-09-03 07:22:39,1915.00,INR,SUCCESS,ONLINE
T101774,M1022,C88634,2026-09-03 10:31:44,23989.94,INR,SUCCESS,POS
T101775,M1017,C62843,2026-09-03 18:05:01,2935.54,INR,SUCCESS,ONLINE
T101776,M1013,C65660,2026-09-03 16:06:32,2279.19,INR,SUCCESS,POS
T101777,M1024,C70683,2026-09-03 21:36:09,41776.98,INR,SUCCESS,QR
T101778,M1001,C63025,2026-09-03 08:41:38,152.10,INR,SUCCESS,QR
T101779,M1008,C55333,2026-09-03 09:04:40,7553.30,INR,SUCCESS,QR
T101780,M1012,C60053,2026-09-03 21:27:45,36970.58,INR,SUCCESS,POS
T101781,M1029,C53467,2026-09-03 06:23:50,112053.14,INR,SUCCESS,ONLINE
T101782,M1014,C59888,2026-09-03 18:59:03,39024.30,INR,SUCCESS,POS
T101783,M1016,C52021,2026-09-03 06:20:28,47475.70,INR,FAILED,ONLINE
T101784,M1008,C90426,2026-09-03 12:53:30,20852.65,INR,SUCCESS,ONLINE
T101785,M1006,C79424,2026-09-03 19:10:14,17128.74,INR,SUCCESS,ONLINE
T101786,M1009,C56433,2026-09-03 13:57:34,169040.67,INR,SUCCESS,ONLINE
T101787,M1021,C79859,2026-09-03 15:48:31,201453.52,INR,SUCCESS,POS
T101788,M1004,C76876,2026-09-03 21:00:46,344.94,INR,SUCCESS,POS
T101789,M1027,C93068,2026-09-03 18:37:37,307933.36,INR,SUCCESS,POS
T101790,M1018,C74623,2026-09-03 22:42:24,1524.44,INR,SUCCESS,ONLINE
T101791,M1003,C95611,2026-09-03 18:11:34,319725.77,INR,SUCCESS,ONLINE
T101792,M1023,C65192,2026-09-03 17:21:53,306658.80,INR,SUCCESS,ONLINE
T101793,M1013,C78881,2026-09-03 15:34:19,55435.20,INR,SUCCESS,QR
T101794,M1005,C82905,2026-09-03 17:58:44,1696.32,INR,SUCCESS,POS
T101795,M1006,C75813,2026-09-03 08:28:34,291874.60,INR,SUCCESS,ONLINE
T101796,M1014,C54677,2026-09-03 15:22:57,384815.34,INR,SUCCESS,ONLINE
T101797,M1005,C77290,2026-09-03 17:13:54,214927.83,INR,SUCCESS,POS
T101798,M1008,C97300,2026-09-03 17:53:16,532.98,INR,SUCCESS,POS
T101799,M1005,C99283,2026-09-03 06:44:08,1363.76,INR,FAILED,ONLINE
T101800,M1012,C57398,2026-09-03 09:29:28,20168.74,INR,SUCCESS,POS
T101801,M1024,C74403,2026-09-03 20:11:26,2491.01,INR,SUCCESS,POS
T101802,M1016,C54052,2026-09-03 07:19:50,59982.54,INR,SUCCESS,ONLINE
T101803,M1014,C84169,2026-09-03 07:50:16,53321.24,INR,SUCCESS,QR
T101804,M1028,C96582,2026-09-03 18:33:30,70765.22,INR,SUCCESS,QR
T101805,M1001,C63433,2026-09-03 14:46:29,707.72,INR,SUCCESS,QR
T101806,M1005,C55390,2026-09-03 21:54:19,281.07,INR,SUCCESS,ONLINE
T101807,M1017,C66149,2026-09-03 10:25:41,230685.21,INR,SUCCESS,ONLINE
T101808,M1015,C90691,2026-09-03 11:09:30,114591.79,INR,SUCCESS,QR
T101809,M1018,C97615,2026-09-03 08:51:36,316108.07,INR,SUCCESS,POS
T101810,M1020,C96347,2026-09-03 22:22:46,7793.87,INR,SUCCESS,POS
T101811,M1028,C69112,2026-09-03 07:30:30,232251.97,INR,SUCCESS,POS
T101812,M1026,C86158,2026-09-03 17:05:53,3373.20,INR,SUCCESS,POS
T101813,M1019,C67288,2026-09-03 22:29:32,44904.42,INR,SUCCESS,ONLINE
T101814,M1023,C52580,2026-09-03 12:41:35,6820.53,INR,SUCCESS,QR
T101815,M1021,C98877,2026-09-03 10:55:49,28795.30,INR,SUCCESS,ONLINE
T101816,M1013,C97765,2026-09-03 19:49:04,2239.56,INR,SUCCESS,POS
T101817,M1021,C97583,2026-09-03 22:54:14,35773.52,INR,SUCCESS,POS
T101818,M1024,C57502,2026-09-03 12:13:19,316856.49,INR,SUCCESS,POS
T101819,M1022,C53973,2026-09-03 15:17:22,293410.91,INR,SUCCESS,ONLINE
T101820,,C85625,2026-09-03 07:29:33,16652.86,INR,SUCCESS,ONLINE
T101821,M1025,C71281,2026-09-03 14:42:32,26931.36,INR,SUCCESS,ONLINE
T101822,M1000,C70758,2026-09-03 21:08:34,52493.78,INR,SUCCESS,QR
T101823,M1027,C89738,2026-09-03 08:19:03,1232.30,INR,SUCCESS,ONLINE
T101824,M1013,C80424,2026-09-03 19:29:55,74774.12,INR,SUCCESS,QR
T101825,M1017,C59841,2026-09-03 19:53:54,141965.98,INR,FAILED,POS
T101826,M1003,C76609,2026-09-03 10:55:28,96139.98,INR,SUCCESS,QR
T101827,M1018,C85844,2026-09-03 10:11:33,184079.56,INR,SUCCESS,POS
T101828,M1008,C61468,2026-09-03 06:16:33,255287.30,INR,SUCCESS,QR
T101829,M1000,C99270,2026-09-03 07:10:37,9970.74,INR,SUCCESS,QR
T101830,M1003,C51194,2026-09-03 13:14:39,3659.71,INR,SUCCESS,ONLINE
T101831,M1008,C64346,2026-09-03 21:30:46,385597.20,INR,SUCCESS,POS
T101832,M1020,C90571,2026-09-03 21:18:22,2802.35,INR,SUCCESS,ONLINE
T101833,M1027,C87819,2026-09-03 12:54:11,749.52,INR,SUCCESS,QR
T101834,M1001,C70010,2026-09-03 08:42:35,100525.64,INR,SUCCESS,QR
T101835,M1025,C62127,2026-09-03 12:44:53,316088.30,INR,SUCCESS,QR
T101836,M1023,C68539,2026-09-03 10:22:27,31163.34,INR,SUCCESS,ONLINE
T101837,M1022,C60560,2026-09-03 15:22:02,166957.40,INR,SUCCESS,QR
T101838,M1025,C70555,2026-09-03 16:19:17,330840.70,INR,SUCCESS,QR
T101839,M1026,C51650,2026-09-03 17:54:21,331.36,INR,SUCCESS,POS
T101840,M1008,C89097,2026-09-03 19:23:08,40471.93,INR,SUCCESS,QR
T101841,M1019,C65194,2026-09-03 14:51:44,60898.87,INR,SUCCESS,ONLINE
T101842,M1001,C72206,2026-09-03 19:11:50,121383.21,INR,SUCCESS,QR
T101843,M1027,C73253,2026-09-03 17:54:23,1267.03,INR,SUCCESS,ONLINE
T101844,M1001,C78110,2026-09-03 21:57:22,327298.39,INR,SUCCESS,ONLINE
T101845,M1022,C81611,2026-09-03 12:08:11,3564.37,INR,SUCCESS,ONLINE
T101846,M1019,C69305,2026-09-03 22:54:20,27119.29,INR,REVERSED,QR
T101847,M1022,C86793,2026-09-03 07:39:08,20817.12,INR,SUCCESS,QR
T101848,M1025,C76811,2026-09-03 09:17:38,37428.01,INR,SUCCESS,QR
T101849,M1000,C74113,2026-09-03 12:20:31,30402.98,INR,SUCCESS,QR
T101850,M1015,C51711,2026-09-03 10:18:57,222.69,INR,SUCCESS,QR
T101851,M1027,C66321,2026-09-03 13:28:57,1221.84,INR,SUCCESS,ONLINE
T101852,M1010,C83496,2026-09-03 21:43:58,7557.45,INR,SUCCESS,POS
T101853,M1026,C86970,2026-09-03 07:20:47,48500.66,INR,FAILED,POS
T101854,,C98184,2026-09-03 17:29:24,20777.66,INR,SUCCESS,POS
T101855,M1027,C52160,2026-09-03 08:23:53,14638.87,INR,SUCCESS,ONLINE
T101856,M1004,C77805,2026-09-03 19:16:07,274557.17,INR,REVERSED,POS
T101857,M1020,C67433,2026-09-03 08:56:09,1689.25,INR,SUCCESS,QR
T101858,M1004,C66962,2026-09-03 17:31:23,56511.58,INR,SUCCESS,POS
T101859,M1013,C55004,2026-09-03 16:31:43,2575.17,INR,SUCCESS,ONLINE
T101860,M1023,C89636,2026-09-03 06:35:31,363746.62,INR,SUCCESS,ONLINE
T101861,M1016,C67127,2026-09-03 07:42:09,176711.37,INR,SUCCESS,ONLINE
T101862,M1001,C69075,2026-09-03 14:29:00,2760.37,INR,SUCCESS,QR
T101863,M1021,C84887,2026-09-03 09:21:31,305230.72,INR,FAILED,ONLINE
T101864,M1025,C61245,2026-09-03 18:22:02,214241.97,INR,REVERSED,QR
T101865,M1013,C55295,2026-09-03 16:05:33,3148.22,INR,SUCCESS,ONLINE
T101866,M1006,C84265,2026-09-03 19:31:18,2134.91,INR,SUCCESS,QR
T101867,M1005,C70116,2026-09-03 08:44:49,37176.24,INR,SUCCESS,POS
T101868,M1025,C71829,2026-09-03 18:44:00,2991.83,INR,SUCCESS,POS
T101869,M1006,C67837,2026-09-03 17:33:28,51329.92,INR,SUCCESS,QR
T101870,M1002,C67017,2026-09-03 18:28:34,29263.70,INR,SUCCESS,QR
T101871,M1005,C68141,2026-09-03 13:57:06,15947.14,INR,SUCCESS,QR
T101872,M1025,C55011,2026-09-03 12:33:56,36323.27,INR,SUCCESS,ONLINE
T101873,M1023,C91836,2026-09-03 13:39:53,8013.26,INR,SUCCESS,POS
T101874,M1012,C84749,2026-09-03 19:31:33,58880.19,INR,SUCCESS,POS
T101875,M1000,C65716,2026-09-03 10:49:27,178018.03,INR,SUCCESS,ONLINE
T101876,M1017,C80473,2026-09-03 21:16:15,2828.59,INR,SUCCESS,ONLINE
T101877,M1029,C74616,2026-09-03 21:22:51,314402.94,INR,SUCCESS,QR
T101878,M1003,C95981,2026-09-03 10:23:15,2595.10,INR,SUCCESS,ONLINE
T101879,M1004,C92049,2026-09-03 08:57:41,3638.94,INR,SUCCESS,POS
T101880,M1026,C81983,2026-09-03 08:11:34,176321.15,INR,SUCCESS,QR
T101881,M1015,C78589,2026-09-03 16:31:24,13088.27,INR,SUCCESS,ONLINE
T101882,M1000,C97681,2026-09-03 06:08:34,814.75,INR,SUCCESS,POS
T101883,M1018,C53876,2026-09-03 10:53:28,22563.93,INR,SUCCESS,QR
T101884,M1018,C95125,2026-09-03 21:48:44,65660.96,INR,SUCCESS,QR
T101885,M1003,C70238,2026-09-03 11:10:52,677.08,INR,SUCCESS,ONLINE
T101886,M1018,C74015,2026-09-03 19:17:07,225336.14,INR,SUCCESS,QR
T101887,M1002,C67443,2026-09-03 21:50:24,1218.70,INR,SUCCESS,ONLINE
T101888,M1024,C76374,2026-09-03 11:36:03,35663.46,INR,SUCCESS,POS
T101889,M1018,C73418,2026-09-03 19:43:56,387873.58,INR,SUCCESS,ONLINE
T101890,M1003,C82697,2026-09-03 13:50:50,32165.85,INR,SUCCESS,POS
T101891,M1029,C94481,2026-09-03 14:41:55,212253.57,INR,SUCCESS,POS
T101892,M1023,C92116,2026-09-03 14:19:28,25375.12,INR,SUCCESS,POS
T101893,M1020,C62000,2026-09-03 08:56:07,2434.51,INR,SUCCESS,POS
T101894,M1019,C94906,2026-09-03 19:28:51,867.49,INR,SUCCESS,ONLINE
T101895,M1009,C70119,2026-09-03 15:17:46,54170.45,INR,SUCCESS,QR
T101896,M1018,C55589,2026-09-03 13:38:56,59527.78,INR,SUCCESS,POS
T101897,M1011,C57161,2026-09-03 13:55:31,266826.18,INR,SUCCESS,POS
T101898,M1019,C75176,2026-09-03 14:06:48,16203.31,INR,SUCCESS,POS
T101899,M1010,C85002,2026-09-03 11:58:42,36179.59,INR,SUCCESS,QR
T101900,M1000,C56052,2026-09-03 11:52:02,2241.74,INR,SUCCESS,ONLINE
T101901,M1022,C73121,2026-09-03 15:47:04,46600.56,INR,SUCCESS,ONLINE
T101902,M1029,C95433,2026-09-03 09:22:44,239279.44,INR,FAILED,POS
T101903,M1018,C64732,2026-09-03 07:41:36,263391.58,INR,SUCCESS,POS
T101904,M1026,C82450,2026-09-03 10:47:59,5888.27,INR,SUCCESS,POS
T101905,M1028,C69198,2026-09-03 10:21:07,43163.86,INR,FAILED,ONLINE
T101906,M1005,C86639,2026-09-03 17:33:47,792.52,INR,FAILED,POS
T101907,M1016,C91963,2026-09-03 20:01:17,64756.55,INR,SUCCESS,ONLINE
T101908,M1007,C93435,2026-09-03 11:58:28,100904.40,INR,SUCCESS,ONLINE
T101909,M1012,C89124,2026-09-03 19:05:51,16216.35,INR,SUCCESS,ONLINE
T101910,M1011,C94756,2026-09-03 16:36:13,281765.81,INR,SUCCESS,POS
T101911,M1022,C82660,2026-09-03 20:28:59,143717.20,INR,SUCCESS,QR
T101912,M1019,C62850,2026-09-03 21:05:23,97156.65,INR,SUCCESS,POS
T101913,M1006,C63857,2026-09-03 18:32:02,42945.13,INR,SUCCESS,POS
T101914,M1006,C63135,2026-09-03 21:55:04,24870.75,INR,SUCCESS,POS
T101915,M1014,C61842,2026-09-03 16:24:18,11110.67,INR,SUCCESS,QR
T101916,M1009,C96405,2026-09-03 09:39:48,8010.94,INR,SUCCESS,ONLINE
T101917,M1006,C89683,2026-09-03 09:29:25,217900.71,INR,SUCCESS,ONLINE
T101918,M1004,C73402,2026-09-03 17:35:58,264470.91,INR,SUCCESS,POS
T101919,M1006,C79849,2026-09-03 15:43:31,209736.12,INR,SUCCESS,ONLINE
T101920,M1018,C65849,2026-09-03 13:18:17,191174.77,INR,SUCCESS,QR
T101921,M1021,C54006,2026-09-03 18:46:29,10484.48,INR,SUCCESS,QR
T101922,M1010,C64237,2026-09-03 11:02:24,2637.21,INR,SUCCESS,ONLINE
T101923,M1016,C69626,2026-09-03 09:55:04,10191.92,INR,SUCCESS,QR
T101924,M1005,C94622,2026-09-03 11:12:22,389015.46,INR,SUCCESS,POS
T101925,M1004,C83836,2026-09-03 08:45:59,218670.86,INR,SUCCESS,POS
T101926,M1014,C72816,2026-09-03 11:32:40,2541.25,INR,SUCCESS,ONLINE
T101927,M1018,C80105,2026-09-03 14:45:27,320520.97,INR,SUCCESS,POS
T101928,M1026,C78755,2026-09-03 12:18:59,27227.94,INR,SUCCESS,ONLINE
T101929,M1017,C76910,2026-09-03 18:38:19,283965.41,INR,REVERSED,POS
T101930,M1029,C67463,2026-09-03 06:55:18,264708.34,INR,SUCCESS,ONLINE
T101931,M1025,C57665,2026-09-03 17:59:18,3533.74,INR,SUCCESS,ONLINE
T101932,M1010,C60432,2026-09-03 22:46:41,23769.74,INR,SUCCESS,QR
T101933,M1023,C75587,2026-09-03 22:39:38,399.12,INR,SUCCESS,POS
T101934,M1017,C66358,2026-09-03 18:16:21,20266.45,INR,SUCCESS,POS
T101935,M1013,C71964,2026-09-03 22:12:12,42497.39,INR,SUCCESS,QR
T101936,M1029,C63665,2026-09-03 17:32:35,49788.11,INR,SUCCESS,ONLINE
T101937,M1017,C71394,2026-09-03 11:26:16,56748.92,INR,SUCCESS,ONLINE
T101938,M1009,C95731,2026-09-03 09:11:20,251279.86,INR,SUCCESS,QR
T101939,M1027,C93948,2026-09-03 08:59:11,102725.73,INR,SUCCESS,ONLINE
T101940,M1029,C69583,2026-09-03 10:14:48,30703.88,INR,SUCCESS,POS
T101941,M1010,C54231,2026-09-03 08:05:08,2811.75,INR,SUCCESS,ONLINE
T101942,M1012,C85569,2026-09-03 16:25:14,253828.01,INR,SUCCESS,QR
T101943,M1010,C93620,2026-09-03 14:54:05,3532.02,INR,SUCCESS,QR
T101944,M1025,C55531,2026-09-03 21:01:33,3186.62,INR,SUCCESS,ONLINE
T101945,M1006,C96313,2026-09-03 20:26:45,43627.12,INR,SUCCESS,QR
T101946,M1014,C91299,2026-09-03 22:28:52,331295.54,INR,SUCCESS,POS
T101947,M1000,C68660,2026-09-03 10:23:07,318349.62,INR,FAILED,ONLINE
T101948,M1011,C83342,2026-09-03 16:19:39,3130.37,INR,SUCCESS,QR
T101949,M1004,C63212,2026-09-03 15:38:27,2845.54,INR,SUCCESS,ONLINE
T101950,M1007,C52471,2026-09-03 15:48:51,10825.33,INR,FAILED,ONLINE
T101951,M1005,C75900,2026-09-03 13:03:52,12923.97,INR,SUCCESS,ONLINE
T101952,M1029,C54735,2026-09-03 07:56:40,3266.80,INR,SUCCESS,ONLINE
T101953,M1021,C82521,2026-09-03 20:18:44,13897.62,INR,SUCCESS,POS
T101954,M1026,C52649,2026-09-03 08:10:29,17234.70,INR,SUCCESS,QR
T101955,M1013,C83707,2026-09-03 10:38:47,20699.03,INR,SUCCESS,POS
T101956,M1007,C51281,2026-09-03 14:40:56,12579.70,INR,SUCCESS,POS
T101957,M1029,C54329,2026-09-03 08:42:54,21931.42,INR,FAILED,POS
T101958,M1003,C81966,2026-09-03 09:02:43,199756.68,INR,SUCCESS,POS
T101959,M1006,C54054,2026-09-03 06:45:55,956.14,INR,SUCCESS,POS
T101960,M1016,C63740,2026-09-03 22:31:51,1994.10,INR,SUCCESS,QR
T101961,M1001,C83796,2026-09-03 22:55:46,1015.35,INR,SUCCESS,POS
T101962,M1007,C55372,2026-09-03 13:01:00,144972.10,INR,SUCCESS,POS
T101963,M1025,C53845,2026-09-03 21:55:22,340867.60,INR,SUCCESS,ONLINE
T101964,M1013,C94606,2026-09-03 12:26:44,358153.29,INR,SUCCESS,QR
T101965,M1003,C50929,2026-09-03 07:10:43,49281.70,INR,SUCCESS,POS
T101966,M1024,C65606,2026-09-03 08:45:07,30821.48,INR,REVERSED,QR
T101967,M1005,C89166,2026-09-03 13:48:01,361604.04,INR,SUCCESS,POS
T101968,M1012,C81898,2026-09-03 14:13:52,1074.33,INR,SUCCESS,POS
T101969,M1007,C94958,2026-09-03 18:00:10,2432.94,INR,SUCCESS,POS
T101970,M1011,C80515,2026-09-03 10:43:03,2873.44,INR,SUCCESS,ONLINE
T101971,M1016,C98747,2026-09-03 13:16:30,188882.91,INR,SUCCESS,QR
T101972,M1028,C55238,2026-09-03 18:08:44,241473.26,INR,SUCCESS,ONLINE
T101973,M1010,C85624,2026-09-03 20:42:56,415.89,INR,SUCCESS,QR
T101974,M1006,C74368,2026-09-03 11:47:45,27233.56,INR,SUCCESS,QR
T101975,M1016,C79841,2026-09-03 09:54:48,2888.32,INR,SUCCESS,POS
T101976,M1003,C96931,2026-09-03 06:48:38,25765.40,INR,SUCCESS,ONLINE
T101977,M1029,C52435,2026-09-03 06:22:18,105729.53,INR,SUCCESS,QR
T101978,M1009,C81598,2026-09-03 19:58:41,38356.41,,SUCCESS,POS
T101979,M1027,C84132,2026-09-03 18:40:12,330704.72,INR,FAILED,QR
T101980,M1004,C90295,2026-09-03 16:59:22,43052.63,INR,SUCCESS,QR
T101981,M1005,C95273,2026-09-03 20:34:48,53595.48,INR,FAILED,ONLINE
T101982,M1024,C64315,2026-09-03 19:35:29,2770.79,INR,SUCCESS,QR
T101983,M1013,C97120,2026-09-03 13:57:26,732.21,INR,SUCCESS,QR
T101984,M1003,C67232,2026-09-03 13:45:09,235180.17,INR,REVERSED,POS
T101985,M1023,C67890,2026-09-03 17:45:44,17632.07,INR,SUCCESS,ONLINE
T101986,M1025,C82257,2026-09-03 16:40:01,53321.58,INR,SUCCESS,ONLINE
T101987,M1019,C68556,2026-09-03 22:41:35,319356.58,INR,SUCCESS,POS
T101988,M1009,C53470,2026-09-03 17:32:01,265890.88,INR,SUCCESS,POS
T101989,M1029,C79530,2026-09-03 06:13:41,110302.90,INR,SUCCESS,ONLINE
T101990,M1014,C72875,2026-09-03 15:17:28,605.74,INR,SUCCESS,ONLINE
T101991,M1009,C69732,2026-09-03 19:57:34,20879.43,INR,SUCCESS,QR
T101992,M1024,C76861,2026-09-03 18:18:02,135751.34,INR,SUCCESS,QR
T101993,M1019,C71176,2026-09-03 13:57:56,199697.57,INR,SUCCESS,POS
T101994,M1022,C80287,2026-09-03 08:15:29,29612.73,INR,SUCCESS,ONLINE
T101995,M1000,C79367,2026-09-03 17:44:46,284267.24,INR,FAILED,QR
T101996,M1015,C86158,2026-09-03 14:17:59,24492.99,INR,SUCCESS,ONLINE
T101997,M1022,C69611,2026-09-03 17:51:50,16334.83,INR,SUCCESS,ONLINE
T101998,M1003,C68500,2026-09-03 10:16:55,177953.44,INR,SUCCESS,ONLINE
T101999,M1013,C60333,2026-09-03 09:38:16,244457.23,INR,SUCCESS,POS
T102000,M1025,C65374,2026-09-03 08:20:40,300921.22,INR,SUCCESS,QR
T102001,M1010,C56785,2026-09-03 14:37:32,15956.50,INR,SUCCESS,POS
T102002,M1006,C70214,2026-09-03 11:29:20,2463.36,INR,SUCCESS,ONLINE
T102003,M1013,C62996,2026-09-03 13:00:56,55458.67,INR,SUCCESS,POS
T102004,M1002,C75039,2026-09-03 14:38:44,3859.59,INR,SUCCESS,POS
T102005,M1005,C82665,2026-09-03 10:56:07,31188.04,INR,SUCCESS,POS
T102006,M1015,C86185,2026-09-03 11:29:57,5274.48,INR,SUCCESS,ONLINE
T102007,M1028,C53247,2026-09-03 08:02:17,42316.35,INR,SUCCESS,ONLINE
T102008,M1020,C77582,2026-09-03 13:04:26,138619.07,INR,SUCCESS,QR
T102009,M1029,C64039,2026-09-03 15:00:55,253506.38,INR,SUCCESS,POS
T102010,M1029,C81898,2026-09-03 18:58:47,56890.55,INR,SUCCESS,QR
T102011,M1002,C59009,2026-09-03 09:25:11,203748.06,INR,REVERSED,ONLINE
T102012,M1003,C66555,2026-09-03 21:34:26,38972.53,INR,SUCCESS,POS
T102013,M1024,C85826,2026-09-03 15:37:10,280375.78,INR,SUCCESS,ONLINE
T102014,M1022,C58046,2026-09-03 09:48:41,242823.35,INR,SUCCESS,ONLINE
T102015,M1026,C55823,2026-09-03 21:53:57,262653.48,INR,FAILED,QR
T102016,M1023,C78570,2026-09-03 08:07:55,2575.84,INR,SUCCESS,POS
T102017,M1021,C71908,2026-09-03 21:50:43,43820.06,INR,SUCCESS,QR
T102018,M1001,C67857,2026-09-03 20:26:07,310431.14,INR,SUCCESS,POS
T102019,M1015,C69025,2026-09-03 15:46:38,677.91,INR,SUCCESS,ONLINE
T102020,M1017,C56393,2026-09-03 08:29:57,22522.77,INR,SUCCESS,ONLINE
T102021,M1022,C92892,2026-09-03 13:32:55,1864.34,INR,SUCCESS,QR
T102022,M1009,C61780,2026-09-03 19:21:36,275113.69,INR,SUCCESS,POS
T102023,M1004,C73136,2026-09-03 16:12:47,83023.03,INR,SUCCESS,POS
T102024,M1029,C99505,2026-09-03 07:09:31,231969.18,INR,SUCCESS,POS
T102025,M1009,C70644,2026-09-03 20:33:22,398002.42,INR,SUCCESS,QR
T102026,M1009,C63149,2026-09-03 18:24:08,217920.98,INR,FAILED,POS
T102027,M1008,C88802,2026-09-03 14:17:41,52203.18,INR,SUCCESS,POS
T102028,M1026,C75233,2026-09-03 12:23:26,393480.17,INR,SUCCESS,ONLINE
T102029,M1014,C51660,2026-09-03 16:37:20,752.45,INR,SUCCESS,QR
T102030,M1018,C83765,2026-09-03 22:36:25,30330.28,INR,SUCCESS,QR
T102031,M1021,C77864,2026-09-03 11:51:01,96619.85,INR,SUCCESS,POS
T102032,M1000,C55461,2026-09-03 20:31:32,30834.95,INR,SUCCESS,QR
T102033,M1002,C95219,2026-09-03 06:48:02,343367.68,INR,SUCCESS,QR
T102034,M1007,C61400,2026-09-03 15:24:36,357568.14,INR,SUCCESS,ONLINE
T102035,M1014,C56162,2026-09-03 13:24:23,3877.95,INR,SUCCESS,POS
T102036,M1012,C76444,2026-09-03 06:55:48,1078.30,INR,SUCCESS,ONLINE
T102037,M1009,C63372,2026-09-03 17:17:40,341815.53,INR,SUCCESS,POS
T102038,M1011,C52478,2026-09-03 14:53:00,22183.41,INR,SUCCESS,QR
T102039,M1007,C72529,2026-09-03 22:37:03,161772.73,INR,SUCCESS,QR
T102040,M1024,C86321,2026-09-03 20:53:19,6655.17,INR,SUCCESS,POS
T102041,M1018,C83813,2026-09-03 16:07:36,265.71,INR,SUCCESS,ONLINE
T102042,M1014,C85987,2026-09-03 11:52:24,286202.12,INR,FAILED,POS
T102043,M1007,C70287,2026-09-03 22:22:38,1260.40,INR,SUCCESS,POS
T102044,M1006,C95688,2026-09-03 13:33:40,13534.82,INR,SUCCESS,QR
T102045,M1028,C59811,2026-09-03 22:04:54,42465.58,INR,SUCCESS,POS
T102046,M1009,C54993,2026-09-03 10:32:25,43262.80,INR,SUCCESS,ONLINE
T102047,M1001,C85180,2026-09-03 07:31:40,2953.94,INR,SUCCESS,ONLINE
T102048,M1011,C67740,2026-09-03 10:54:08,100015.52,INR,SUCCESS,ONLINE
T102049,M1018,C57591,2026-09-03 21:23:02,48185.65,INR,SUCCESS,QR
T102050,M1003,C71254,2026-09-03 21:57:33,54252.58,INR,SUCCESS,POS
T102051,M1028,C83250,2026-09-03 20:58:08,957.42,IN,FAILED,QR
T102052,M1018,C55107,2026-09-03 10:19:35,1849.48,INR,SUCCESS,ONLINE
T102053,M1001,C94235,2026-09-03 15:05:13,19307.27,INR,SUCCESS,ONLINE
T102054,M1026,C74764,2026-09-03 10:50:23,19674.22,INR,SUCCESS,POS
T102055,M1016,C85003,2026-09-03 17:06:08,170510.60,INR,SUCCESS,POS
T102056,M1009,C74156,2026-09-03 18:48:26,350275.56,INR,SUCCESS,QR
T102057,M1010,C88673,2026-09-03 20:06:12,6519.75,INR,SUCCESS,ONLINE
T102058,M1011,C80794,2026-09-03 22:08:34,3087.22,INR,SUCCESS,ONLINE
T102059,M1027,C72782,2026-09-03 09:30:28,37620.08,INR,REVERSED,QR
T102060,M1014,C55468,2026-09-03 09:20:47,418.67,INR,SUCCESS,ONLINE
T102061,M1002,C56371,2026-09-03 15:38:50,77735.26,INR,SUCCESS,QR
T102062,M1024,C92819,2026-09-03 12:54:07,16578.63,INR,SUCCESS,ONLINE
T102063,M1001,C92381,2026-09-03 22:37:07,2526.22,INR,SUCCESS,ONLINE
T102064,M1013,C64390,2026-09-03 13:29:23,3526.99,INR,SUCCESS,ONLINE
T102065,M1005,C83745,2026-09-03 07:49:51,3004.28,INR,SUCCESS,QR
T102066,M1004,C77827,2026-09-03 14:49:57,292.16,INR,SUCCESS,QR
T102067,M1012,C57854,2026-09-03 08:10:58,3547.24,INR,SUCCESS,ONLINE
T102068,M1008,C85961,2026-09-03 16:10:10,214740.34,INR,SUCCESS,POS
T102069,M1000,C54321,2026-09-03 09:37:54,790.86,INR,SUCCESS,ONLINE
T102070,M1012,C98384,2026-09-03 22:18:05,27998.42,INR,SUCCESS,ONLINE
T102071,M1003,C63771,2026-09-03 15:12:09,593.35,INR,SUCCESS,QR
T102072,M1013,C52472,2026-09-03 12:40:45,49810.51,INR,SUCCESS,QR
T102073,M1027,C54058,2026-09-03 06:40:13,8902.84,INR,SUCCESS,ONLINE
T102074,M1016,C57916,2026-09-03 08:14:20,252.76,INR,SUCCESS,POS
T102075,M1021,C77627,2026-09-03 18:56:32,7279.25,INR,SUCCESS,POS
T102076,M1028,C85718,2026-09-03 11:06:07,95937.88,INR,SUCCESS,QR
T102077,M1015,C97321,2026-09-03 07:10:25,383701.76,INR,SUCCESS,QR
T102078,M1029,C87295,2026-09-03 19:13:28,385422.39,INR,SUCCESS,QR
T102079,M1000,C96880,2026-09-03 21:42:50,43348.70,INR,SUCCESS,QR
T102080,M1024,C91677,2026-09-03 09:28:35,377305.36,INR,SUCCESS,QR
T102081,M1015,C64045,2026-09-03 16:20:24,1272.73,INR,SUCCESS,QR
T102082,M1025,C53187,2026-09-03 22:11:57,2714.24,INR,SUCCESS,ONLINE
T102083,M1007,C61184,2026-09-03 13:34:26,40912.91,INR,SUCCESS,ONLINE
T102084,M1000,C71878,2026-09-03 22:21:43,382217.37,INR,SUCCESS,ONLINE
T102085,M1024,C63119,2026-09-03 16:28:47,99166.73,INR,SUCCESS,ONLINE
T102086,M1028,C61899,2026-09-03 21:44:36,72359.28,INR,REVERSED,ONLINE
T102087,M1016,C87782,2026-09-03 19:37:39,185038.66,INR,SUCCESS,POS
T102088,M1001,C93934,2026-09-03 13:38:40,35326.87,INR,SUCCESS,POS
T102089,M1008,C70352,2026-09-03 06:46:43,12258.72,INR,SUCCESS,ONLINE
T102090,M1027,C57740,2026-09-03 12:12:51,44909.49,INR,SUCCESS,POS
T102091,M1009,C95216,2026-09-03 14:39:53,300800.86,INR,SUCCESS,QR
T102092,M1029,C90517,2026-09-03 10:15:59,197769.15,INR,SUCCESS,POS
T102093,M1022,C66207,2026-09-03 14:44:58,440.52,INR,SUCCESS,ONLINE
T102094,M1004,C88677,2026-09-03 07:02:06,1667.16,INR,SUCCESS,QR
T102095,M1021,C55600,2026-09-03 12:00:41,1780.18,INR,SUCCESS,QR
T102096,M1004,C97203,2026-09-03 06:57:02,33848.87,INR,FAILED,ONLINE
T102097,M1021,C51264,2026-09-03 08:30:59,222.56,INR,SUCCESS,ONLINE
T102098,M1006,C52668,2026-09-03 17:42:57,3575.55,INR,SUCCESS,ONLINE
T102099,M1015,C76631,2026-09-03 11:42:39,3474.86,INR,SUCCESS,ONLINE
T102100,M1018,C65603,2026-09-03 14:55:44,2845.42,INR,SUCCESS,QR
T102101,M1005,C78254,2026-09-03 12:52:54,23027.83,INR,FAILED,ONLINE
T102102,M1021,C89091,2026-09-03 13:16:26,199351.03,INR,SUCCESS,POS
T102103,M1013,C52514,2026-09-03 15:53:20,14040.92,INR,SUCCESS,ONLINE
T102104,M1028,C60887,2026-09-03 19:00:23,49168.21,INR,SUCCESS,POS
T102105,M1028,C88237,2026-09-03 10:51:37,1815.37,INR,SUCCESS,QR
T102106,M1004,C67471,2026-09-03 18:02:06,29417.46,INR,SUCCESS,ONLINE
T102107,M1005,C50317,2026-09-03 06:50:05,55152.07,INR,SUCCESS,ONLINE
T102108,M1017,C96571,2026-09-03 15:52:20,908.22,INR,SUCCESS,ONLINE
T102109,M1001,C99095,2026-09-03 06:05:17,1864.64,INR,SUCCESS,ONLINE
T102110,M1027,C59666,2026-09-03 13:16:47,121124.93,INR,SUCCESS,ONLINE
T102111,M1025,C92330,2026-09-03 19:10:33,567.72,INR,SUCCESS,ONLINE
T102112,M1007,C63715,2026-09-03 08:50:47,392131.77,INR,SUCCESS,QR
T102113,M1012,C75108,2026-09-03 12:51:41,237998.89,INR,SUCCESS,ONLINE
T102114,M1004,C83663,2026-09-03 07:26:06,300298.17,INR,SUCCESS,POS
T102115,M1006,C53330,2026-09-03 16:09:03,70566.46,INR,SUCCESS,POS
T102116,M1013,C67705,2026-09-03 20:53:54,9319.34,INR,SUCCESS,ONLINE
T102117,M1029,C56717,2026-09-03 09:31:37,2722.91,INR,SUCCESS,QR
T102118,M1005,C99649,2026-09-03 14:31:51,1806.88,INR,SUCCESS,ONLINE
T102119,M1010,C61321,2026-09-03 16:21:11,2909.38,INR,SUCCESS,QR
T102120,M1021,C96841,2026-09-03 19:07:47,255195.15,INR,SUCCESS,QR
T102121,M1028,C99648,2026-09-03 20:33:42,1688.27,INR,SUCCESS,POS
T102122,M1017,C90558,2026-09-03 20:40:33,5648.62,INR,SUCCESS,ONLINE
T102123,M1016,C55175,2026-09-03 22:50:46,1664.42,INR,SUCCESS,POS
T102124,M1010,C93191,2026-09-03 06:04:32,26570.60,INR,SUCCESS,ONLINE
T102125,M1002,C85425,2026-09-03 09:49:36,2695.28,INR,SUCCESS,QR
T102126,M1011,C83090,2026-09-03 17:47:15,17735.71,INR,SUCCESS,QR
T102127,M1008,C50968,2026-09-03 11:14:42,1753.64,INR,SUCCESS,QR
T102128,M1005,C57510,2026-09-03 08:09:19,3820.92,INR,SUCCESS,ONLINE
T102129,M1013,C75338,2026-09-03 06:04:54,297.03,INR,SUCCESS,POS
T102130,M1021,C84177,2026-09-03 14:04:20,40684.89,INR,SUCCESS,POS
T102131,M1002,C75361,2026-09-03 13:26:13,3503.19,INR,SUCCESS,QR
T102132,M1016,C91804,2026-09-03 17:29:18,224611.88,INR,SUCCESS,POS
T102133,M1028,C72304,2026-09-03 22:09:01,1580.56,INR,SUCCESS,QR
T102134,M1006,C91479,2026-09-03 18:34:58,281836.93,INR,SUCCESS,QR
T102135,M1012,C63291,2026-09-03 13:15:19,27624.33,INR,SUCCESS,QR
T102136,M1024,C56706,2026-09-03 10:02:38,378611.19,INR,SUCCESS,QR
T102137,M1029,C85447,2026-09-03 09:16:57,2833.17,INR,SUCCESS,ONLINE
T102138,M1015,C89345,2026-09-03 20:38:07,7071.48,INR,FAILED,QR
T102139,M1008,C91605,2026-09-03 16:02:00,1784.07,INR,SUCCESS,QR
T102140,M1022,C52543,2026-09-03 19:28:50,57043.12,INR,SUCCESS,POS
T102141,M1015,C94830,2026-09-03 15:37:04,3853.15,INR,SUCCESS,ONLINE
T102142,M1015,C93759,2026-09-03 18:41:17,36931.92,INR,REVERSED,POS
T102143,M1003,C71566,2026-09-03 18:14:14,319997.49,INR,SUCCESS,POS
T102144,M1011,C69277,2026-09-03 15:47:20,3378.66,INR,SUCCESS,QR
T102145,M1010,C88696,2026-09-03 07:57:03,72485.14,INR,SUCCESS,ONLINE
T102146,M1014,C55634,2026-09-03 21:50:58,894.93,INR,SUCCESS,ONLINE
T102147,M1004,C71311,2026-09-03 17:04:58,42808.34,INR,SUCCESS,POS
T102148,M1005,C93855,2026-09-03 11:11:46,55322.45,INR,SUCCESS,POS
T102149,M1018,C97537,2026-09-03 17:03:50,1763.34,INR,SUCCESS,QR
T102150,M1008,C89184,2026-09-03 11:48:57,2141.89,INR,SUCCESS,QR
T102151,M1006,C73471,2026-09-03 12:20:22,13719.06,INR,SUCCESS,QR
T102152,M1028,C72024,2026-09-03 15:16:30,311398.01,INR,SUCCESS,POS
T102153,M1008,C85976,2026-09-03 20:28:41,3415.89,INR,SUCCESS,ONLINE
T102154,M1014,C76008,2026-09-03 11:52:45,27991.45,INR,SUCCESS,QR
T102155,M1012,C70847,2026-09-03 15:04:16,639.81,INR,SUCCESS,QR
T102156,M1003,C96327,2026-09-03 08:17:45,272168.93,INR,SUCCESS,ONLINE
T102157,M1017,C62499,2026-09-03 09:05:06,40181.01,INR,SUCCESS,QR
T102158,M1025,C56140,2026-09-03 19:12:01,2048.60,INR,SUCCESS,POS
T102159,M1010,C99421,2026-09-03 06:56:51,2643.51,INR,SUCCESS,POS
T102160,M1017,C78486,2026-09-03 16:06:09,8591.01,INR,SUCCESS,ONLINE
T102161,M1004,C81208,2026-09-03 19:37:00,96986.23,INR,SUCCESS,ONLINE
T102162,M1010,C71185,2026-09-03 14:27:07,2402.26,INR,SUCCESS,POS
T102163,M1022,C84193,2026-09-03 11:42:42,2095.73,INR,SUCCESS,POS
T102164,M1005,C69054,2026-09-03 22:32:01,42562.41,INR,SUCCESS,ONLINE
T102165,M1010,C92382,2026-09-03 19:52:05,6637.12,INR,FAILED,ONLINE
T102166,M1009,C62192,2026-09-03 17:25:30,155220.97,INR,SUCCESS,ONLINE
T102167,M1019,C69853,2026-09-03 11:43:21,38020.01,INR,SUCCESS,POS
T102168,M1000,C60879,2026-09-03 22:46:05,1474.96,INR,SUCCESS,POS
T102169,M1020,C59187,2026-09-03 07:42:51,305331.31,INR,SUCCESS,POS
T102170,M1001,C60161,2026-09-03 17:34:41,298892.84,INR,SUCCESS,ONLINE
T102171,M1023,C76430,2026-09-03 18:24:29,355442.97,INR,FAILED,QR
T102172,M1004,C73169,2026-09-03 12:49:13,3856.60,INR,SUCCESS,POS
T102173,M1021,C98774,2026-09-03 10:26:41,335941.42,INR,SUCCESS,ONLINE
T102174,M1000,C63674,2026-09-03 13:38:09,36969.60,INR,SUCCESS,POS
T102175,M1013,C89198,2026-09-03 20:41:21,732.08,INR,SUCCESS,ONLINE
T102176,M1004,C74972,2026-09-03 17:06:10,229869.65,INR,SUCCESS,QR
T102177,M1014,C70171,2026-09-03 17:54:08,18560.31,INR,FAILED,POS
T102178,M1028,C58317,2026-09-03 11:27:26,344026.36,INR,SUCCESS,QR
T102179,M1023,C94489,2026-09-03 07:19:55,40161.04,INR,SUCCESS,QR
T102180,M1017,C59135,2026-09-03 10:30:41,337401.09,INR,SUCCESS,ONLINE
T102181,M1021,C58383,2026-09-03 21:06:49,645.33,INR,SUCCESS,ONLINE
T102182,M1001,C99942,2026-09-03 18:18:49,42237.62,INR,SUCCESS,QR
T102183,M1007,C63801,2026-09-03 17:31:11,2804.85,INR,FAILED,QR
T102184,M1013,C65678,2026-09-03 21:57:25,320510.29,INR,SUCCESS,POS
T102185,M1029,C77678,2026-09-03 19:42:34,38236.05,INR,SUCCESS,QR
T102186,M1023,C92241,2026-09-03 09:22:51,51806.79,INR,SUCCESS,ONLINE
T102187,M1002,C97611,2026-09-03 11:33:25,308.99,INR,SUCCESS,POS
T102188,M1010,C62496,2026-09-03 10:55:45,1214.03,INR,SUCCESS,QR
T102189,M1024,C87258,2026-09-03 12:24:17,44323.57,INR,SUCCESS,ONLINE
T102190,M1023,C79267,2026-09-03 17:34:17,4682.37,INR,SUCCESS,POS
T102191,M1005,C86491,2026-09-03 17:32:08,79097.08,INR,SUCCESS,QR
T102192,M1011,C83930,2026-09-03 10:32:27,39877.64,INR,SUCCESS,ONLINE
T102193,M1002,C52593,2026-09-03 20:07:18,2514.85,INR,SUCCESS,POS
T102194,M1004,C96949,2026-09-03 17:55:32,232879.22,INR,SUCCESS,POS
T102195,M1021,C83081,2026-09-03 07:11:30,1716.78,INR,SUCCESS,POS
T102196,M1015,C67553,2026-09-03 16:35:55,16818.07,INR,SUCCESS,QR
T102197,M1025,C88425,2026-09-03 14:05:44,311.49,INR,SUCCESS,POS
T102198,M1024,C56808,2026-09-03 18:10:53,133416.69,INR,FAILED,POS
T102199,M1027,C57050,2026-09-03 06:43:53,17274.00,INR,SUCCESS,QR
T102200,M1014,C79149,2026-09-03 08:13:54,218694.12,INR,SUCCESS,QR
T102201,M1015,C77569,2026-09-03 11:42:46,10623.19,INR,SUCCESS,QR
T102202,M1019,C64594,2026-09-03 21:34:55,90118.97,INR,REVERSED,QR
T102203,M1024,C71293,2026-09-03 11:02:22,40838.31,INR,SUCCESS,QR
T102204,M1006,C98388,2026-09-03 14:25:52,22247.59,INR,SUCCESS,ONLINE
T102205,M1018,C69172,2026-09-03 12:35:24,28967.77,INR,SUCCESS,QR
T102206,M1017,C55224,2026-09-03 15:19:11,3320.99,INR,SUCCESS,POS
T102207,M1013,C52173,2026-09-03 18:08:19,1186.12,INR,SUCCESS,ONLINE
T102208,M1011,C62695,2026-09-03 19:47:23,2531.87,INR,SUCCESS,POS
T102209,M1019,C69511,2026-09-03 07:23:38,2568.58,INR,SUCCESS,QR
T102210,M1018,C65721,2026-09-03 18:46:00,16476.00,INR,SUCCESS,QR
T102211,M1023,C86527,2026-09-03 07:46:02,239786.57,INR,SUCCESS,ONLINE
T102212,M1018,C95212,2026-09-03 17:31:49,177356.86,INR,FAILED,ONLINE
T102213,M1028,C52720,2026-09-03 22:02:51,113620.49,INR,SUCCESS,ONLINE
T102214,M1018,C61543,2026-09-03 11:39:39,2186.71,INR,SUCCESS,QR
T102215,M1021,C87103,2026-09-03 21:57:24,331238.44,INR,SUCCESS,POS
T102216,M1022,C56366,2026-09-03 12:10:58,1367.69,INR,REVERSED,POS
T102217,M1029,C79624,2026-09-03 15:07:16,179856.42,INR,SUCCESS,POS
T102218,M1016,C99266,2026-09-03 11:50:07,2760.39,INR,SUCCESS,POS
T102219,M1013,C86200,2026-09-03 17:15:54,325959.98,INR,SUCCESS,QR
T102220,M1028,C73647,2026-09-03 13:23:45,382.59,INR,SUCCESS,ONLINE
T102221,M1009,C67750,2026-09-03 09:25:01,27009.68,INR,REVERSED,QR
T102222,M1026,C71539,2026-09-03 15:40:50,322144.11,INR,SUCCESS,POS
T102223,M1027,C73935,2026-09-03 21:06:31,200933.33,INR,SUCCESS,QR
T102224,M1009,C72452,2026-09-03 21:06:29,50516.45,INR,SUCCESS,ONLINE
T102225,M1019,C85294,2026-09-03 22:48:29,25485.17,INR,SUCCESS,QR
T102226,M1028,C52728,2026-09-03 16:40:05,145804.66,INR,REVERSED,ONLINE
T102227,M1016,C91686,2026-09-03 12:55:49,60769.11,INR,SUCCESS,POS
T102228,M1000,C75965,2026-09-03 19:49:46,30729.28,INR,SUCCESS,QR
T102229,M1005,C68478,2026-09-03 10:55:07,27269.23,INR,SUCCESS,QR
T102230,M1006,C67460,2026-09-03 10:39:55,226319.85,INR,SUCCESS,ONLINE
T102231,M1012,C51935,2026-09-03 12:52:11,281610.71,INR,SUCCESS,POS
T102232,M1003,C83730,2026-09-03 14:14:56,3192.33,INR,SUCCESS,POS
T102233,M1015,C83569,2026-09-03 21:28:58,3755.86,INR,FAILED,POS
T102234,M1017,C75942,2026-09-03 18:56:25,201234.42,INR,SUCCESS,ONLINE
T102235,M1021,C80753,2026-09-03 07:02:22,229735.44,INR,SUCCESS,POS
T102236,M1023,C76905,2026-09-03 09:56:30,26955.63,INR,SUCCESS,QR
T102237,M1029,C80180,2026-09-03 17:06:29,390358.55,INR,SUCCESS,QR
T102238,M1029,C51996,2026-09-03 08:08:47,113181.39,INR,SUCCESS,QR
T102239,M1001,C91419,2026-09-03 14:50:02,124078.73,INR,SUCCESS,POS
T102240,M1007,C76788,2026-09-03 10:40:17,79898.53,INR,SUCCESS,POS
T102241,M1013,C60713,2026-09-03 18:23:55,172908.12,INR,FAILED,QR
T102242,M1029,C59665,2026-09-03 11:20:21,135573.06,INR,SUCCESS,ONLINE
T102243,M1008,C71184,2026-09-03 15:18:52,15415.99,INR,SUCCESS,POS
T102244,M1008,C86924,2026-09-03 15:36:55,1575.98,INR,FAILED,ONLINE
T102245,M1028,C76720,2026-09-03 16:24:30,54187.72,INR,SUCCESS,POS
T102246,M1015,C56594,2026-09-03 19:15:29,30532.69,INR,SUCCESS,POS
T102247,M1007,C51637,2026-09-03 20:50:51,3064.53,INR,SUCCESS,POS
T102248,M1007,C94094,2026-09-03 18:21:49,3058.37,INR,SUCCESS,ONLINE
T102249,M1010,C59874,2026-09-03 06:45:19,39565.42,INR,SUCCESS,ONLINE
T102250,M1027,C87455,2026-09-03 11:24:47,119785.07,INR,SUCCESS,ONLINE
T102251,,C94270,2026-09-03 14:29:52,176240.29,INR,FAILED,QR
T102252,M1005,C65434,2026-09-03 14:52:28,53336.39,INR,SUCCESS,QR
T102253,M1023,C95514,2026-09-03 21:51:52,2623.25,INR,SUCCESS,ONLINE
T102254,M1010,C84495,2026-09-03 18:05:59,25759.07,INR,SUCCESS,POS
T102255,M1012,C55540,2026-09-03 21:24:37,3696.22,INR,SUCCESS,ONLINE
T102256,M1001,C63904,2026-09-03 16:24:47,32664.02,INR,SUCCESS,POS
T102257,M1028,C67000,2026-09-03 21:57:08,99430.87,INR,SUCCESS,QR
T102258,M1013,C55237,2026-09-03 10:18:55,16665.46,INR,SUCCESS,QR
T102259,M1017,C66270,2026-09-03 21:49:11,50286.55,INR,SUCCESS,QR
T102260,M1010,C55302,2026-09-03 16:12:06,31505.65,INR,SUCCESS,ONLINE
T102261,M1024,C86741,2026-09-03 16:48:24,108937.51,INR,SUCCESS,POS
T102262,M1006,C76190,2026-09-03 11:59:55,32447.82,INR,SUCCESS,ONLINE
T102263,M1010,C74373,2026-09-03 08:22:13,29496.41,INR,SUCCESS,ONLINE
T102264,M1029,C92029,2026-09-03 14:59:36,2324.53,INR,SUCCESS,ONLINE
T102265,M1001,C81537,2026-09-03 07:14:50,248374.46,INR,SUCCESS,ONLINE
T102266,M1014,C66833,2026-09-03 13:02:42,25344.99,INR,SUCCESS,ONLINE
T102267,M1014,C97630,2026-09-03 22:58:25,994.73,INR,SUCCESS,POS
T102268,M1020,C66173,2026-09-03 11:37:29,533.11,INR,SUCCESS,QR
T102269,M1014,C84719,2026-09-03 10:36:45,61724.47,INR,SUCCESS,POS
T102270,M1021,C64972,2026-09-03 10:33:14,22494.44,INR,SUCCESS,QR
T102271,M1010,C68928,2026-09-03 17:37:31,398100.34,INR,SUCCESS,ONLINE
T102272,M1009,C94456,2026-09-03 07:20:14,284054.67,INR,SUCCESS,QR
T102273,M1028,C55200,2026-09-03 07:35:01,1784.51,INR,SUCCESS,ONLINE
T102274,M1014,C54132,2026-09-03 09:19:23,1216.31,INR,SUCCESS,QR
T102275,M1020,C72355,2026-09-03 17:45:13,42684.29,INR,SUCCESS,QR
T102276,M1027,C55904,2026-09-03 16:01:07,165829.87,INR,FAILED,ONLINE
T102277,M1024,C62723,2026-09-03 21:44:59,3956.71,INR,SUCCESS,POS
T102278,M1014,C50476,2026-09-03 07:47:09,13360.52,INR,FAILED,POS
T102279,M1010,C53529,2026-09-03 09:34:05,3841.68,INR,SUCCESS,POS
T102280,M1011,C87612,2026-09-03 20:11:00,1419.97,INR,FAILED,ONLINE
T102281,M1000,C82779,2026-09-03 08:27:52,2113.16,INR,SUCCESS,ONLINE
T102282,M1010,C78649,2026-09-03 11:11:13,57732.74,INR,SUCCESS,QR
T102283,M1005,C92059,2026-09-03 15:31:32,16427.16,INR,REVERSED,QR
T102284,M1026,C55590,2026-09-03 17:20:23,35660.82,INR,SUCCESS,ONLINE
T102285,M1028,C80477,2026-09-03 06:39:29,34336.79,INR,SUCCESS,QR
T102286,M1009,C87461,2026-09-03 19:20:39,45169.94,INR,FAILED,POS
T102287,M1026,C73076,2026-09-03 11:10:24,44230.43,INR,SUCCESS,ONLINE
T102288,M1008,C61121,2026-09-03 12:53:31,3622.50,INR,SUCCESS,QR
T102289,M1023,C69830,2026-09-03 16:02:42,56269.86,INR,FAILED,POS
T102290,M1019,C94512,2026-09-03 16:00:37,141285.52,INR,SUCCESS,QR
T102291,M1014,C78465,2026-09-03 06:05:44,246649.08,INR,SUCCESS,QR
T102292,M1013,C95680,2026-09-03 13:11:17,716.07,INR,SUCCESS,ONLINE
T102293,M1002,C86880,2026-09-03 17:43:30,12826.25,INR,SUCCESS,QR
T102294,M1010,C94916,2026-09-03 14:49:39,26771.50,INR,SUCCESS,POS
T102295,M1026,C97142,2026-09-03 07:15:29,2709.36,INR,SUCCESS,ONLINE
T102296,M1006,C98614,2026-09-03 22:24:11,30303.86,INR,SUCCESS,QR
T102297,M1008,C66858,2026-09-03 19:10:14,390371.90,INR,REVERSED,QR
T102298,M1029,C55332,2026-09-03 13:45:21,31878.62,INR,SUCCESS,ONLINE
T102299,M1028,C98672,2026-09-03 17:49:15,193950.18,INR,SUCCESS,POS
T102300,M1009,C68086,2026-09-03 16:20:38,381542.76,INR,SUCCESS,POS
T102301,M1013,C92896,2026-09-04 09:16:46,34905.47,INR,SUCCESS,ONLINE
T102302,M1006,C93343,2026-09-04 15:11:01,318624.41,INR,SUCCESS,ONLINE
T102303,M1017,C85752,2026-09-04 15:27:31,149057.30,INR,SUCCESS,POS
T102304,M1009,C63938,2026-09-04 11:12:34,2203.50,INR,SUCCESS,POS
T102305,M1019,C87778,2026-09-04 06:12:09,154292.41,INR,SUCCESS,QR
T102306,M1010,C81255,2026-09-04 22:37:08,254038.17,INR,SUCCESS,ONLINE
T102307,M1007,C66694,2026-09-04 18:52:49,221655.89,INR,SUCCESS,ONLINE
T102308,M1009,C78634,2026-09-04 09:11:21,3640.53,INR,FAILED,QR
T102309,M1019,C64806,2026-09-04 14:49:23,758.16,INR,SUCCESS,ONLINE
T102310,M1021,C54164,2026-09-04 10:25:58,12282.41,INR,SUCCESS,ONLINE
T102311,M1025,C70474,2026-09-04 13:11:42,219024.84,INR,SUCCESS,QR
T102312,M1016,C51569,2026-09-04 08:32:50,73353.41,INR,SUCCESS,ONLINE
T102313,M1022,C85772,2026-09-04 14:38:13,415.62,INR,SUCCESS,POS
T102314,M1010,C68302,2026-09-04 21:33:01,20086.45,INR,SUCCESS,POS
T102315,M1024,C54461,2026-09-04 13:30:27,25675.54,INR,REVERSED,POS
T102316,M1004,C75327,2026-09-04 11:02:25,51816.16,INR,SUCCESS,QR
T102317,M1009,C96254,2026-09-04 14:54:57,192495.25,INR,SUCCESS,QR
T102318,M1029,C87181,2026-09-04 09:45:03,369610.14,INR,SUCCESS,POS
T102319,M1024,C82231,2026-09-04 06:15:15,33669.60,INR,SUCCESS,QR
T102320,M1010,C96925,2026-09-04 15:25:47,245994.08,INR,SUCCESS,ONLINE
T102321,M1027,C89438,2026-09-04 20:09:28,2417.80,INR,SUCCESS,ONLINE
T102322,M1014,C92133,2026-09-04 17:23:24,39027.91,INR,SUCCESS,ONLINE
T102323,M1029,C97199,2026-09-04 22:13:20,3277.23,INR,SUCCESS,ONLINE
T102324,M1013,C93612,2026-09-04 12:50:47,318883.44,INR,SUCCESS,POS
T102325,M1023,C77287,2026-09-04 18:47:36,85143.67,INR,FAILED,POS
T102326,M1012,C55443,2026-09-04 08:04:29,370793.63,INR,SUCCESS,POS
T102327,M1010,C87444,2026-09-04 16:57:23,51517.73,INR,SUCCESS,ONLINE
T102328,M1010,C62200,2026-09-04 11:41:31,25146.68,INR,SUCCESS,POS
T102329,M1008,C58030,2026-09-04 14:58:14,248596.25,INR,SUCCESS,POS
T102330,M1017,C65039,2026-09-04 12:35:02,31671.28,INR,SUCCESS,POS
T102331,M1021,C76116,2026-09-04 12:27:04,92162.56,INR,SUCCESS,ONLINE
T102332,M1014,C62337,2026-09-04 18:03:27,9885.89,INR,SUCCESS,QR
T102333,M1004,C86361,2026-09-04 21:16:56,240300.77,INR,SUCCESS,POS
T102334,M1021,C65468,2026-09-04 18:32:00,385132.18,INR,SUCCESS,ONLINE
T102335,M1023,C78123,2026-09-04 14:16:28,1763.16,INR,SUCCESS,ONLINE
T102336,M1026,C61515,2026-09-04 10:48:38,251629.60,INR,SUCCESS,QR
T102337,M1002,C91104,2026-09-04 19:38:14,3429.13,INR,SUCCESS,QR
T102338,M1017,C83609,2026-09-04 21:02:25,126109.99,INR,SUCCESS,POS
T102339,M1004,C59894,2026-09-04 11:06:51,3842.32,INR,SUCCESS,ONLINE
T102340,M1010,C60158,2026-09-04 07:31:37,22420.61,INR,SUCCESS,POS
T102341,M1014,C53290,2026-09-04 13:55:05,32420.03,INR,SUCCESS,POS
T102342,M1018,C62712,2026-09-04 16:36:17,215898.45,INR,SUCCESS,QR
T102343,M1019,C69206,2026-09-04 11:34:42,36662.75,INR,SUCCESS,POS
T102344,M1019,C76826,2026-09-04 15:01:22,107662.60,INR,SUCCESS,QR
T102345,M1001,C53984,2026-09-04 16:03:41,37620.93,INR,SUCCESS,QR
T102346,M1009,C55755,2026-09-04 19:55:56,37427.45,INR,SUCCESS,QR
T102347,M1009,C85556,2026-09-04 09:36:24,2051.70,INR,SUCCESS,POS
T102348,M1007,C74999,2026-09-04 19:29:34,29696.85,INR,SUCCESS,QR
T102349,M1018,C72616,2026-09-04 13:28:19,378988.94,INR,SUCCESS,ONLINE
T102350,M1008,C91805,2026-09-04 19:03:32,189356.06,INR,SUCCESS,POS
T102351,M1026,C54875,2026-09-04 18:10:54,320094.92,INR,SUCCESS,ONLINE
T102352,M1000,C59967,2026-09-04 10:58:18,19977.46,INR,SUCCESS,POS
T102353,M1010,C62264,2026-09-04 11:55:05,21731.76,INR,SUCCESS,ONLINE
T102354,M1026,C88864,2026-09-04 15:54:05,107449.66,INR,SUCCESS,QR
T102355,M1021,C71165,2026-09-04 16:41:28,85447.07,INR,SUCCESS,POS
T102356,M1005,C58531,2026-09-04 15:05:21,182934.75,INR,SUCCESS,QR
T102357,M1012,C93861,2026-09-04 09:16:33,304618.72,INR,SUCCESS,ONLINE
T102358,M1010,C86393,2026-09-04 19:25:45,32737.01,INR,SUCCESS,POS
T102359,M1024,C84574,2026-09-04 15:52:27,65784.61,INR,SUCCESS,ONLINE
T102360,M1008,C81039,2026-09-04 09:51:01,43326.59,INR,SUCCESS,POS
T102361,M1000,C97168,2026-09-04 12:52:48,53371.79,INR,SUCCESS,POS
T102362,M1027,C53274,2026-09-04 21:35:32,4746.33,INR,SUCCESS,POS
T102363,M1004,C82525,2026-09-04 08:49:32,3191.20,INR,SUCCESS,ONLINE
T102364,M1027,C52749,2026-09-04 12:47:02,54228.20,INR,SUCCESS,ONLINE
T102365,M1026,C58455,2026-09-04 08:43:24,3338.76,INR,SUCCESS,POS
T102366,M1021,C50515,2026-09-04 14:48:39,3560.98,INR,SUCCESS,ONLINE
T102367,M1023,C53691,2026-09-04 10:39:03,3350.63,INR,SUCCESS,QR
T102368,M1008,C73113,2026-09-04 20:26:33,673.17,INR,SUCCESS,ONLINE
T102369,M1003,C96175,2026-09-04 16:46:30,392984.95,INR,SUCCESS,ONLINE
T102370,M1018,C93019,2026-09-04 07:31:31,5626.88,INR,SUCCESS,ONLINE
T102371,M1028,C64785,2026-09-04 21:45:20,199126.73,INR,SUCCESS,ONLINE
T102372,M1004,C68289,2026-09-04 10:16:56,372395.38,INR,SUCCESS,QR
T102373,M1010,C94917,2026-09-04 07:08:51,192830.16,INR,FAILED,POS
T102374,M1017,C87568,2026-09-04 15:38:28,203977.90,INR,SUCCESS,ONLINE
T102375,M1009,C61916,2026-09-04 19:55:40,3166.02,INR,SUCCESS,ONLINE
T102376,M1029,C97160,2026-09-04 12:18:54,2639.69,INR,SUCCESS,QR
T102377,M1002,C55215,2026-09-04 22:28:37,335448.22,INR,SUCCESS,POS
T102378,M1005,C81313,2026-09-04 15:57:50,7672.67,INR,SUCCESS,QR
T102379,M1002,C81500,2026-09-04 09:49:04,1685.05,INR,SUCCESS,POS
T102380,M1023,C60316,2026-09-04 20:26:50,27273.88,INR,SUCCESS,QR
T102381,M1017,C58074,2026-09-04 07:36:55,2400.89,INR,SUCCESS,QR
T102382,M1022,C76284,2026-09-04 11:13:20,37134.67,INR,SUCCESS,ONLINE
T102383,M1008,C73800,2026-09-04 14:36:22,198988.68,INR,SUCCESS,QR
T102384,M1018,C63713,2026-09-04 21:38:18,53542.75,INR,SUCCESS,ONLINE
T102385,M1010,C61584,2026-09-04 13:43:51,2151.50,INR,SUCCESS,POS
T102386,M1012,C93339,2026-09-04 19:23:57,20340.29,INR,SUCCESS,ONLINE
T102387,M1003,C91540,2026-09-04 18:39:12,3462.01,INR,SUCCESS,QR
T102388,M1029,C56507,2026-09-04 12:58:39,113406.99,INR,SUCCESS,ONLINE
T102389,M1029,C55657,2026-09-04 11:53:01,230506.37,INR,SUCCESS,ONLINE
T102390,M1020,C68518,2026-09-04 10:47:34,2410.50,INR,SUCCESS,QR
T102391,M1016,C58748,2026-09-04 18:02:26,7435.94,INR,SUCCESS,POS
T102392,M1014,C64152,2026-09-04 22:38:40,223566.01,INR,SUCCESS,ONLINE
T102393,M1023,C68505,2026-09-04 08:46:07,775.21,INR,SUCCESS,ONLINE
T102394,M1023,C76768,2026-09-04 21:01:34,2842.10,INR,SUCCESS,POS
T102395,M1020,C63117,2026-09-04 19:37:29,38141.26,INR,SUCCESS,POS
T102396,M1025,C52480,2026-09-04 07:13:08,164834.63,INR,SUCCESS,QR
T102397,M1028,C90162,2026-09-04 12:02:22,37255.56,INR,SUCCESS,QR
T102398,M1028,C80490,2026-09-04 22:20:29,321118.77,INR,SUCCESS,ONLINE
T102399,M1012,C77157,2026-09-04 10:41:21,273415.19,INR,SUCCESS,ONLINE
T102400,M1004,C75370,2026-09-04 16:17:48,328232.90,INR,SUCCESS,POS
T102401,M1002,C83112,2026-09-04 07:50:50,35853.19,INR,SUCCESS,ONLINE
T102402,M1008,C94959,2026-09-04 20:44:27,336945.50,INR,SUCCESS,ONLINE
T102403,M1004,C91739,2026-09-04 07:00:39,692.96,INR,SUCCESS,QR
T102404,M1021,C52053,2026-09-04 22:41:13,3675.16,INR,SUCCESS,POS
T102405,M1027,C58290,2026-09-04 13:04:58,375191.41,INR,SUCCESS,QR
T102406,M1026,C86552,2026-09-04 19:16:58,66321.13,INR,SUCCESS,POS
T102407,M1001,C72703,2026-09-04 19:33:10,271122.46,INR,SUCCESS,POS
T102408,M1002,C81374,2026-09-04 11:37:21,39283.75,INR,SUCCESS,POS
T102409,M1005,C68959,2026-09-04 06:34:43,18938.17,INR,SUCCESS,ONLINE
T102410,M1011,C78056,2026-09-04 10:52:24,3803.09,INR,SUCCESS,QR
T102411,M1021,C92542,2026-09-04 20:20:34,54069.35,INR,SUCCESS,POS
T102412,M1007,C56109,2026-09-04 09:33:58,35828.57,INR,SUCCESS,POS
T102413,M1019,C62324,2026-09-04 22:39:40,640.38,INR,SUCCESS,QR
T102414,M1006,C64754,2026-09-04 14:19:07,9282.64,INR,SUCCESS,ONLINE
T102415,M1016,C66485,2026-09-04 13:57:56,36327.67,INR,SUCCESS,POS
T102416,M1014,C93815,2026-09-04 16:51:48,503.11,INR,SUCCESS,POS
T102417,M1007,C50265,2026-09-04 10:06:35,987.68,INR,REVERSED,QR
T102418,M1002,C66160,2026-09-04 08:26:22,262149.78,INR,FAILED,ONLINE
T102419,M1014,C57463,2026-09-04 10:23:18,841.84,INR,SUCCESS,POS
T102420,M1029,C84222,2026-09-04 17:54:16,71541.83,INR,SUCCESS,POS
T102421,M1028,C82792,2026-09-04 13:47:38,2919.93,INR,SUCCESS,QR
T102422,M1000,C84117,2026-09-04 07:01:38,3975.77,INR,SUCCESS,POS
T102423,M1000,C77057,2026-09-04 11:35:55,45449.77,INR,SUCCESS,ONLINE
T102424,M1008,C88661,2026-09-04 13:44:05,6391.70,INR,SUCCESS,ONLINE
T102425,M1000,C81397,2026-09-04 12:09:40,37872.28,INR,SUCCESS,ONLINE
T102426,M1026,C74382,2026-09-04 09:24:30,380072.92,INR,SUCCESS,ONLINE
T102427,M1017,C61929,2026-09-04 19:58:16,69351.11,INR,SUCCESS,ONLINE
T102428,M1021,C65166,2026-09-04 11:50:47,9155.86,INR,SUCCESS,ONLINE
T102429,M1015,C52737,2026-09-04 08:14:44,1257.68,INR,SUCCESS,QR
T102430,M1000,C91582,2026-09-04 18:38:41,2949.42,INR,SUCCESS,ONLINE
T102431,M1029,C66044,2026-09-04 16:18:23,244300.99,INR,SUCCESS,POS
T102432,M1010,C54206,2026-09-04 15:48:43,362381.84,INR,SUCCESS,ONLINE
T102433,M1001,C79636,2026-09-04 08:49:51,7321.81,INR,SUCCESS,POS
T102434,M1021,C56437,2026-09-04 16:14:22,1435.90,INR,SUCCESS,ONLINE
T102435,M1019,C69454,2026-09-04 09:55:41,41547.10,INR,SUCCESS,ONLINE
T102436,M1010,C56779,2026-09-04 12:13:51,45821.60,INR,SUCCESS,ONLINE
T102437,M1017,C94990,2026-09-04 22:26:27,1146.83,INR,SUCCESS,QR
T102438,M1013,C58309,2026-09-04 07:16:37,303397.32,INR,SUCCESS,QR
T102439,M1001,C93209,2026-09-04 18:05:43,829.87,INR,FAILED,QR
T102440,M1027,C85646,2026-09-04 16:55:58,2320.55,INR,SUCCESS,ONLINE
T102441,M1007,C81156,2026-09-04 07:38:56,48869.30,INR,SUCCESS,POS
T102442,M1028,C92771,2026-09-04 18:31:13,140129.37,INR,SUCCESS,POS
T102443,M1029,C66576,2026-09-04 09:33:47,347844.72,INR,SUCCESS,ONLINE
T102444,M1024,C92808,2026-09-04 19:59:23,45546.49,INR,SUCCESS,QR
T102445,M1012,C51345,2026-09-04 12:56:24,3736.56,INR,SUCCESS,QR
T102446,M1000,C80550,2026-09-04 19:21:06,75071.83,INR,SUCCESS,QR
T102447,M1015,C67044,2026-09-04 21:59:00,330.52,INR,SUCCESS,QR
T102448,M1020,C71843,2026-09-04 06:20:29,2515.44,INR,SUCCESS,QR
T102449,M1013,C60991,2026-09-04 07:01:02,3360.05,INR,SUCCESS,POS
T102450,M1021,C90637,2026-09-04 13:25:51,5192.14,INR,FAILED,POS
T102451,M1024,C93884,2026-09-04 16:13:15,28068.21,INR,SUCCESS,POS
T102452,M1004,C61055,2026-09-04 12:16:06,360152.27,INR,SUCCESS,ONLINE
T102453,M1026,C56519,2026-09-04 13:31:50,45854.75,INR,SUCCESS,ONLINE
T102454,M1014,C79523,2026-09-04 11:47:36,55112.56,INR,SUCCESS,ONLINE
T102455,M1019,C68849,2026-09-04 17:51:23,165355.76,INR,SUCCESS,QR
T102456,M1016,C53010,2026-09-04 13:09:58,3575.39,INR,SUCCESS,QR
T102457,M1011,C72204,2026-09-04 16:49:29,39933.29,INR,SUCCESS,QR
T102458,M1006,C66571,2026-09-04 11:41:05,3179.90,INR,SUCCESS,POS
T102459,M1013,C63640,2026-09-04 22:18:03,183557.17,INR,SUCCESS,ONLINE
T102460,M1014,C86185,2026-09-04 07:45:50,29837.84,INR,SUCCESS,QR
T102461,M1011,C79163,2026-09-04 15:13:09,38290.88,INR,SUCCESS,POS
T102462,M1007,C60398,2026-09-04 12:52:24,1346.42,INR,SUCCESS,ONLINE
T102463,M1003,C89018,2026-09-04 10:25:44,48348.12,INR,SUCCESS,ONLINE
T102464,M1020,C52916,2026-09-04 15:11:14,89863.23,INR,SUCCESS,POS
T102465,M1017,C93526,2026-09-04 18:45:33,165.31,INR,SUCCESS,POS
T102466,M1003,C85055,2026-09-04 15:45:40,64077.37,INR,SUCCESS,QR
T102467,M1003,C94156,2026-09-04 21:09:41,136706.94,INR,SUCCESS,ONLINE
T102468,M1004,C54162,2026-09-04 12:32:44,3371.53,INR,SUCCESS,POS
T102469,M1015,C84002,2026-09-04 19:08:16,32035.42,INR,FAILED,QR
T102470,M1012,C64559,2026-09-04 20:15:23,3288.80,INR,SUCCESS,POS
T102471,M1020,C78368,2026-09-04 11:55:49,378.28,INR,SUCCESS,QR
T102472,M1022,C85286,2026-09-04 15:40:57,59673.82,INR,SUCCESS,ONLINE
T102473,M1027,C50158,2026-09-04 13:47:02,250316.91,INR,SUCCESS,QR
T102474,M1012,C73533,2026-09-04 18:51:27,29943.52,INR,SUCCESS,POS
T102475,M1028,C60211,2026-09-04 18:25:04,383077.65,INR,SUCCESS,POS
T102476,M1007,C75892,2026-09-04 14:15:34,310328.11,INR,SUCCESS,ONLINE
T102477,M1000,C63177,2026-09-04 09:21:04,121213.28,INR,SUCCESS,QR
T102478,M1026,C67872,2026-09-04 21:28:20,20033.18,INR,SUCCESS,POS
T102479,M1004,C79607,2026-09-04 14:36:06,3915.29,INR,SUCCESS,QR
T102480,M1021,C66856,2026-09-04 14:04:55,268818.01,INR,SUCCESS,QR
T102481,M1015,C97301,2026-09-04 20:04:20,169096.62,INR,SUCCESS,POS
T102482,M1003,C79326,2026-09-04 06:04:07,303241.68,INR,SUCCESS,ONLINE
T102483,M1018,C76370,2026-09-04 07:45:27,8992.07,INR,FAILED,ONLINE
T102484,M1019,C93165,2026-09-04 12:02:36,31686.19,INR,SUCCESS,POS
T102485,M1006,C98072,2026-09-04 12:22:49,43963.41,INR,SUCCESS,ONLINE
T102486,M1000,C52727,2026-09-04 15:56:23,14307.96,INR,SUCCESS,ONLINE
T102487,M1006,C69186,2026-09-04 12:20:00,2593.37,INR,SUCCESS,ONLINE
T102488,M1009,C79010,2026-09-04 21:19:09,521.79,INR,SUCCESS,POS
T102489,M1006,C88275,2026-09-04 13:01:00,304450.45,INR,SUCCESS,POS
T102490,M1029,C85912,2026-09-04 21:00:45,3109.22,INR,SUCCESS,ONLINE
T102491,M1011,C76132,2026-09-04 21:35:47,145360.38,INR,SUCCESS,POS
T102492,M1012,C58961,2026-09-04 10:14:22,23929.55,INR,SUCCESS,QR
T102493,M1017,C60252,2026-09-04 16:20:26,187316.90,INR,FAILED,QR
T102494,M1028,C92948,2026-09-04 10:48:48,59130.61,INR,SUCCESS,POS
T102495,M1023,C60378,2026-09-04 07:04:48,3645.41,INR,SUCCESS,POS
T102496,M1018,C83846,2026-09-04 09:33:20,2496.70,INR,SUCCESS,ONLINE
T102497,M1029,C77978,2026-09-04 13:38:55,339618.86,INR,SUCCESS,ONLINE
T102498,M1011,C76603,2026-09-04 21:18:42,67414.14,INR,SUCCESS,ONLINE
T102499,M1027,C79968,2026-09-04 14:30:50,117919.30,INR,SUCCESS,ONLINE
T102500,M1013,C68613,2026-09-04 15:37:34,28492.57,INR,SUCCESS,POS
T102501,M1006,C98315,2026-09-04 18:12:26,177470.87,INR,SUCCESS,ONLINE
T102502,M1024,C91564,2026-09-04 12:10:36,29808.25,INR,SUCCESS,POS
T102503,M1010,C92343,2026-09-04 21:23:34,224521.88,INR,SUCCESS,QR
T102504,M1017,C89203,2026-09-04 11:27:05,2383.95,INR,SUCCESS,ONLINE
T102505,M1012,C91962,2026-09-04 17:32:12,29556.65,INR,SUCCESS,POS
T102506,M8888,C89458,2026-09-04 08:56:43,34056.01,INR,SUCCESS,ONLINE
T102507,M1014,C57407,2026-09-04 18:22:49,468.86,INR,SUCCESS,ONLINE
T102508,M1028,C52249,2026-09-04 21:17:10,295490.75,INR,SUCCESS,ONLINE
T102509,M1027,C60742,2026-09-04 16:33:27,3972.17,INR,SUCCESS,ONLINE
T102510,M1007,C87628,2026-09-04 10:50:29,179334.23,INR,SUCCESS,ONLINE
T102511,M1013,C60431,2026-09-04 21:59:23,27878.26,INR,SUCCESS,POS
T102512,M1024,C56693,2026-09-04 18:04:53,3284.20,INR,SUCCESS,QR
T102513,M1005,C93888,2026-09-04 18:18:15,2586.36,INR,SUCCESS,QR
T102514,M1015,C73374,2026-09-04 16:07:51,12606.94,INR,FAILED,ONLINE
T102515,M1014,C61390,2026-09-04 12:59:43,3980.46,INR,SUCCESS,QR
T102516,M1023,C76411,2026-09-04 06:13:20,127639.74,INR,SUCCESS,QR
T102517,M1001,C64386,2026-09-04 22:31:15,77983.23,INR,SUCCESS,POS
T102518,M1015,C74570,2026-09-04 16:36:21,47515.49,INR,SUCCESS,POS
T102519,M1023,C96721,2026-09-04 18:11:09,6621.48,INR,SUCCESS,POS
T102520,M1008,C99474,2026-09-04 13:07:56,343911.66,INR,SUCCESS,ONLINE
T102521,M1021,C88088,2026-09-04 19:06:36,157452.27,INR,SUCCESS,QR
T102522,M1008,C54437,2026-09-04 20:40:58,43069.05,INR,REVERSED,QR
T102523,M1020,C55339,2026-09-04 10:39:42,3505.37,INR,SUCCESS,QR
T102524,M1023,C96106,2026-09-04 12:24:30,2276.42,INR,SUCCESS,ONLINE
T102525,M1002,C57156,2026-09-04 13:59:54,1326.99,INR,SUCCESS,QR
T102526,M1007,C89150,2026-09-04 15:51:15,37168.99,INR,SUCCESS,QR
T102527,M1015,C54612,2026-09-04 14:36:46,59402.55,INR,SUCCESS,POS
T102528,M1005,C71080,2026-09-04 07:36:14,1944.24,INR,SUCCESS,ONLINE
T102529,M1009,C82976,2026-09-04 19:43:27,224507.05,INR,SUCCESS,POS
T102530,M1024,C69230,2026-09-04 17:42:51,2228.91,INR,SUCCESS,QR
T102531,M1001,C89947,2026-09-04 10:25:14,3492.32,INR,SUCCESS,POS
T102532,M1015,C50171,2026-09-04 07:08:29,4615.70,INR,SUCCESS,QR
T102533,M1028,C88691,2026-09-04 17:16:47,301.34,INR,SUCCESS,QR
T102534,M1009,C50936,2026-09-04 22:50:55,334355.46,INR,SUCCESS,QR
T102535,M1023,C52538,2026-09-04 18:57:55,1348.96,INR,FAILED,POS
T102536,M1013,C69123,2026-09-04 12:15:02,1376.48,INR,SUCCESS,QR
T102537,M1017,C93201,2026-09-04 11:25:08,14108.10,INR,SUCCESS,POS
T102538,M1021,C63118,2026-09-04 12:51:56,331000.70,INR,SUCCESS,POS
T102539,M1025,C95768,2026-09-04 11:49:27,50431.34,INR,SUCCESS,POS
T102540,M1011,C65575,2026-09-04 10:32:48,3378.86,INR,SUCCESS,POS
T102541,M1021,C62262,2026-09-04 19:27:40,20953.45,INR,REVERSED,POS
T102542,M1025,C71647,2026-09-04 11:07:12,15789.99,INR,SUCCESS,QR
T102543,M1020,C73022,2026-09-04 06:56:55,30135.81,INR,FAILED,POS
T102544,M1003,C62895,2026-09-04 11:32:38,3444.97,INR,SUCCESS,POS
T102545,M1005,C65441,2026-09-04 10:24:24,3437.08,INR,SUCCESS,QR
T102546,M1015,C64183,2026-09-04 13:07:55,13083.80,INR,REVERSED,QR
T102547,M1010,C54967,2026-09-04 12:59:15,12196.63,INR,SUCCESS,QR
T102548,M1024,C53121,2026-09-04 11:56:20,268165.50,INR,SUCCESS,ONLINE
T102549,M1001,C88747,2026-09-04 06:59:36,381713.05,INR,SUCCESS,POS
T102550,M1005,C52618,2026-09-04 13:33:56,38626.88,INR,SUCCESS,ONLINE
T102551,M1025,C55302,2026-09-04 19:37:55,44830.71,INR,SUCCESS,POS
T102552,M1021,C85051,2026-09-04 12:11:29,50664.62,INR,SUCCESS,QR
T102553,M1029,C94853,2026-09-04 13:50:20,191529.54,INR,SUCCESS,POS
T102554,M1014,C90657,2026-09-04 11:11:21,3933.35,INR,SUCCESS,ONLINE
T102555,M1013,C93821,2026-09-04 22:49:44,373874.95,INR,SUCCESS,QR
T102556,M1014,C51921,2026-09-04 07:42:23,21419.58,INR,SUCCESS,POS
T102557,M1028,C59976,2026-09-04 14:53:22,1616.46,INR,SUCCESS,POS
T102558,M1011,C92374,2026-09-04 06:53:37,1116.97,INR,SUCCESS,POS
T102559,M1009,C62972,2026-09-04 22:49:25,94314.33,INR,SUCCESS,QR
T102560,M1025,C76436,2026-09-04 18:15:09,27606.01,INR,SUCCESS,ONLINE
T102561,M1012,C69346,2026-09-04 21:28:43,3102.39,INR,SUCCESS,POS
T102562,M1019,C83580,2026-09-04 06:30:02,7538.83,INR,SUCCESS,POS
T102563,M1003,C69392,2026-09-04 11:42:35,181275.50,INR,SUCCESS,ONLINE
T102564,M1026,C74363,2026-09-04 06:34:48,162786.70,INR,SUCCESS,POS
T102565,M1009,C91757,2026-09-04 07:30:50,532.98,INR,SUCCESS,POS
T102566,M1002,C63490,2026-09-04 16:45:46,802.19,INR,SUCCESS,QR
T102567,M1003,C92776,2026-09-04 16:26:05,301384.65,INR,SUCCESS,ONLINE
T102568,M1029,C62428,2026-09-04 07:28:09,234031.95,INR,FAILED,ONLINE
T102569,M1029,C59898,2026-09-04 20:44:39,1437.52,INR,SUCCESS,QR
T102570,M1027,C96899,2026-09-04 14:49:09,1061.74,INR,SUCCESS,ONLINE
T102571,M1019,C54273,2026-09-04 22:58:52,311132.19,INR,SUCCESS,POS
T102572,M1010,C95838,2026-09-04 13:50:10,3652.09,INR,SUCCESS,QR
T102573,M1011,C97373,2026-09-04 11:24:04,2564.55,INR,SUCCESS,ONLINE
T102574,M1009,C70547,2026-09-04 09:33:25,2995.63,INR,SUCCESS,POS
T102575,M8888,C99153,2026-09-04 08:18:06,215.76,INR,SUCCESS,QR
T102576,M1027,C87297,2026-09-04 22:22:07,3508.14,INR,FAILED,ONLINE
T102577,M1008,C80908,2026-09-04 19:13:38,6875.24,INR,SUCCESS,ONLINE
T102578,M1018,C56444,2026-09-04 07:40:30,1038.29,INR,SUCCESS,QR
T102579,M1019,C78748,2026-09-04 11:57:24,150139.66,INR,SUCCESS,POS
T102580,M1002,C81004,2026-09-04 11:25:05,371883.17,INR,SUCCESS,QR
T102581,M1002,C88164,2026-09-04 16:20:17,361683.17,INR,SUCCESS,POS
T102582,M1009,C68773,2026-09-04 22:53:07,250945.60,INR,SUCCESS,POS
T102583,M1014,C63947,2026-09-04 22:13:53,1224.76,INR,SUCCESS,QR
T102584,M1013,C91299,2026-09-04 06:45:10,14915.97,INR,REVERSED,QR
T102585,M1000,C65954,2026-09-04 12:34:53,21756.22,INR,SUCCESS,POS
T102586,M1021,C74094,2026-09-04 10:38:16,371992.04,INR,SUCCESS,ONLINE
T102587,M1009,C82782,2026-09-04 17:37:49,13013.77,INR,SUCCESS,QR
T102588,M1011,C72559,2026-09-04 12:57:36,2211.61,INR,SUCCESS,POS
T102589,M1015,C83335,2026-09-04 19:18:54,6875.96,INR,SUCCESS,ONLINE
T102590,M1003,C76583,2026-09-04 10:43:39,2961.59,INR,SUCCESS,QR
T102591,M1004,C97381,2026-09-04 08:56:45,271418.53,INR,SUCCESS,ONLINE
T102592,M1016,C81723,2026-09-04 06:31:50,388751.19,INR,REVERSED,POS
T102593,M1025,C82828,2026-09-04 22:53:36,3403.20,INR,SUCCESS,ONLINE
T102594,M1026,C91122,2026-09-04 16:18:33,182594.48,INR,SUCCESS,QR
T102595,M1018,C79773,2026-09-04 18:09:52,216197.09,INR,SUCCESS,QR
T102596,M1021,C61542,2026-09-04 14:37:58,36974.37,INR,SUCCESS,POS
T102597,M1004,C67231,2026-09-04 06:33:12,6245.61,INR,SUCCESS,QR
T102598,M1020,C93431,2026-09-04 17:17:56,34604.10,INR,SUCCESS,POS
T102599,M1007,C55758,2026-09-04 18:34:05,3729.69,INR,SUCCESS,ONLINE
T102600,M1003,C85965,2026-09-04 15:43:25,811.24,INR,SUCCESS,ONLINE
T102601,M1014,C50810,2026-09-04 11:15:12,25769.09,INR,SUCCESS,ONLINE
T102602,M1001,C66713,2026-09-04 20:13:44,51194.45,INR,SUCCESS,POS
T102603,M1009,C78558,2026-09-04 08:59:42,309596.99,INR,SUCCESS,ONLINE
T102604,M1014,C68218,2026-09-04 15:35:32,6538.52,INR,SUCCESS,POS
T102605,M1001,C68227,2026-09-04 16:57:22,205110.54,INR,FAILED,ONLINE
T102606,M1024,C83465,2026-09-04 21:40:36,54018.37,INR,SUCCESS,ONLINE
T102607,M1007,C63994,2026-09-04 06:59:04,386.12,INR,SUCCESS,QR
T102608,M1011,C50357,2026-09-04 09:25:19,198663.55,INR,SUCCESS,ONLINE
T102609,M1016,C70552,2026-09-04 19:43:05,23983.66,INR,SUCCESS,POS
T102610,M1012,C93581,2026-09-04 06:30:42,282420.44,INR,SUCCESS,ONLINE
T102611,M1027,C88452,2026-09-04 13:59:35,2947.53,INR,SUCCESS,QR
T102612,M1007,C67514,2026-09-04 10:24:36,383190.39,INR,SUCCESS,ONLINE
T102613,M1023,C73781,2026-09-04 07:01:22,341228.83,INR,SUCCESS,POS
T102614,M1008,C53847,2026-09-04 12:53:16,81900.65,INR,SUCCESS,ONLINE
T102615,M1003,C60015,2026-09-04 20:49:15,212.57,INR,SUCCESS,POS
T102616,M1017,C98875,2026-09-04 15:24:27,2109.00,INR,SUCCESS,ONLINE
T102617,M1000,C66017,2026-09-04 20:29:25,22393.98,INR,SUCCESS,POS
T102618,M1021,C78542,2026-09-04 17:15:47,42503.08,INR,SUCCESS,POS
T102619,M1009,C60311,2026-09-04 21:59:58,12548.27,INR,SUCCESS,QR
T102620,M1000,C77854,2026-09-04 17:39:47,726.72,INR,SUCCESS,QR
T102621,M1009,C94835,2026-09-04 11:23:14,1337.37,INR,SUCCESS,ONLINE
T102622,M8888,C55224,2026-09-04 18:09:47,11504.05,INR,SUCCESS,QR
T102623,M1003,C66132,2026-09-04 22:55:43,3654.94,INR,SUCCESS,ONLINE
T102624,M1011,C85490,2026-09-04 07:32:15,43239.18,INR,FAILED,QR
T102625,M1018,C93727,2026-09-04 09:10:01,775.50,INR,FAILED,QR
T102626,M1024,C78168,2026-09-04 11:10:11,683.12,INR,SUCCESS,POS
T102627,M1013,C78031,2026-09-04 06:00:48,32801.46,INR,SUCCESS,POS
T102628,M1028,C91652,2026-09-04 22:48:33,3086.97,INR,SUCCESS,QR
T102629,M1015,C55485,2026-09-04 07:40:15,97178.73,INR,SUCCESS,POS
T102630,M1028,C83290,2026-09-04 07:39:08,241219.29,INR,SUCCESS,POS
T102631,M1003,C78385,2026-09-04 16:33:11,31415.90,INR,FAILED,QR
T102632,M1015,C68493,2026-09-04 07:31:39,381974.74,INR,SUCCESS,ONLINE
T102633,M1019,C91240,2026-09-04 11:51:07,183.79,INR,SUCCESS,ONLINE
T102634,M1004,C63408,2026-09-04 14:02:23,338909.22,INR,SUCCESS,ONLINE
T102635,M1003,C97590,2026-09-04 16:39:47,43597.82,INR,SUCCESS,POS
T102636,M1005,C63931,2026-09-04 20:36:25,71913.03,INR,SUCCESS,POS
T102637,M1005,C97935,2026-09-04 22:29:57,700.29,INR,SUCCESS,QR
T102638,M1012,C59589,2026-09-04 13:38:06,2546.13,INR,SUCCESS,QR
T102639,M1022,C61894,2026-09-04 06:48:57,112960.05,INR,SUCCESS,QR
T102640,M1006,C55932,2026-09-04 06:55:31,66081.56,INR,SUCCESS,QR
T102641,M1001,C61394,2026-09-04 13:24:50,38200.14,INR,SUCCESS,POS
T102642,M1009,C67164,2026-09-04 20:10:00,359.82,INR,SUCCESS,POS
T102643,M1009,C66086,2026-09-04 11:35:57,2101.16,INR,SUCCESS,QR
T102644,M1024,C76301,2026-09-04 15:37:02,669.28,INR,SUCCESS,ONLINE
T102645,M1016,C68723,2026-09-04 22:22:20,16741.48,INR,SUCCESS,POS
T102646,M1010,C79531,2026-09-04 12:44:07,2758.99,INR,SUCCESS,POS
T102647,M1026,C69940,2026-09-04 07:18:52,2198.19,INR,SUCCESS,QR
T102648,M1005,C76826,2026-09-04 20:27:03,2644.10,INR,SUCCESS,ONLINE
T102649,M1011,C83194,2026-09-04 09:38:14,3490.24,INR,SUCCESS,POS
T102650,M1016,C65202,2026-09-04 12:40:25,3878.43,INR,SUCCESS,QR
T102651,M1009,C63662,2026-09-04 10:48:56,3834.63,INR,FAILED,POS
T102652,M1013,C65518,2026-09-04 12:10:47,304882.34,INR,SUCCESS,QR
T102653,M1001,C63667,2026-09-04 21:18:55,1327.48,INR,SUCCESS,ONLINE
T102654,M1005,C99728,2026-09-04 14:57:54,1523.01,INR,SUCCESS,POS
T102655,M1005,C53854,2026-09-04 13:27:46,154590.97,INR,SUCCESS,POS
T102656,M1019,C64961,2026-09-04 22:17:48,59281.96,INR,SUCCESS,QR
T102657,M1002,C59465,2026-09-04 15:25:46,54710.77,INR,SUCCESS,QR
T102658,M1029,C54120,2026-09-04 09:45:08,129031.54,INR,SUCCESS,QR
T102659,M1022,C69304,2026-09-04 10:23:08,172986.33,INR,SUCCESS,QR
T102660,M1025,C50913,2026-09-04 14:07:29,3906.92,INR,SUCCESS,QR
T102661,M1023,C59003,2026-09-04 06:19:55,59160.50,INR,SUCCESS,ONLINE
T102662,M1007,C86563,2026-09-04 18:50:38,130851.52,INR,SUCCESS,QR
T102663,M1002,C51420,2026-09-04 12:05:00,148151.17,INR,SUCCESS,POS
T102664,M1015,C75484,2026-09-04 07:05:33,835.36,INR,SUCCESS,QR
T102665,M1029,C67714,2026-09-04 22:37:25,59862.51,INR,REVERSED,ONLINE
T102666,M1017,C67045,2026-09-04 14:10:36,225.42,INR,SUCCESS,QR
T102667,M1022,C91520,2026-09-04 18:27:20,2514.86,INR,SUCCESS,POS
T102668,M1027,C63021,2026-09-04 10:46:52,217412.04,INR,SUCCESS,POS
T102669,M1009,C84872,2026-09-04 13:39:14,370240.12,INR,SUCCESS,QR
T102670,M1000,C56566,2026-09-04 09:43:55,354309.92,INR,SUCCESS,ONLINE
T102671,M1026,C91625,2026-09-04 15:14:31,25912.49,INR,SUCCESS,POS
T102672,M1007,C93404,2026-09-04 11:30:17,169786.22,INR,SUCCESS,QR
T102673,M1016,C85834,2026-09-04 19:42:18,11562.70,INR,SUCCESS,POS
T102674,M1003,C74194,2026-09-04 22:45:27,44964.69,INR,SUCCESS,ONLINE
T102675,M1016,C65642,2026-09-04 16:02:50,215.68,INR,SUCCESS,QR
T102676,M1025,C92462,2026-09-04 20:27:59,1143.06,INR,SUCCESS,POS
T102677,M1022,C90038,2026-09-04 18:45:52,2348.57,INR,SUCCESS,QR
T102678,M1002,C95114,2026-09-04 17:28:38,1462.15,INR,SUCCESS,ONLINE
T102679,M1011,C62497,2026-09-04 21:07:56,365906.16,INR,SUCCESS,ONLINE
T102680,M1020,C83328,2026-09-04 22:46:40,37757.86,INR,SUCCESS,QR
T102681,M1018,C58710,2026-09-04 21:00:39,564.83,INR,SUCCESS,POS
T102682,M1002,C98451,2026-09-04 11:31:19,1511.13,INR,SUCCESS,ONLINE
T102683,M1019,C99197,2026-09-04 10:27:35,30632.56,INR,SUCCESS,ONLINE
T102684,M1004,C63417,2026-09-04 19:04:52,43857.42,INR,FAILED,ONLINE
T102685,M1026,C98209,2026-09-04 22:22:55,244595.83,INR,SUCCESS,QR
T102686,M1018,C71505,2026-09-04 18:34:23,2365.91,INR,SUCCESS,QR
T102687,M1013,C74188,2026-09-04 06:14:31,46446.73,INR,SUCCESS,POS
T102688,M1027,C58686,2026-09-04 18:01:12,5543.24,INR,SUCCESS,POS
T102689,M1001,C99900,2026-09-04 18:41:16,338090.82,INR,SUCCESS,POS
T102690,M1006,C72049,2026-09-04 18:33:42,45492.96,INR,SUCCESS,QR
T102691,M1009,C95780,2026-09-04 08:40:20,276797.70,INR,SUCCESS,QR
T102692,M1024,C89406,2026-09-04 21:09:34,2827.12,INR,SUCCESS,QR
T102693,M1005,C50676,2026-09-04 10:25:01,72002.21,INR,SUCCESS,ONLINE
T102694,M1000,C73871,2026-09-04 15:29:30,217693.90,INR,SUCCESS,QR
T102695,M1024,C58656,2026-09-04 20:32:45,46021.27,INR,SUCCESS,POS
T102696,M1026,C68470,2026-09-04 06:07:35,51746.07,INR,SUCCESS,QR
T102697,M1014,C70171,2026-09-04 16:41:08,46899.94,INR,SUCCESS,QR
T102698,M1027,C69376,2026-09-04 16:55:16,41203.34,INR,SUCCESS,POS
T102699,M1000,C78103,2026-09-04 16:13:24,2286.90,INR,SUCCESS,POS
T102700,M1002,C93230,2026-09-04 08:19:41,320561.01,INR,SUCCESS,POS
T102701,M1006,C96975,2026-09-04 10:03:14,53217.35,INR,SUCCESS,ONLINE
T102702,M1006,C86892,2026-09-04 20:54:32,19583.98,INR,SUCCESS,POS
T102703,M1008,C55918,2026-09-04 16:33:15,332807.67,INR,SUCCESS,ONLINE
T102704,M1027,C83729,2026-09-04 12:07:19,382727.08,INR,SUCCESS,ONLINE
T102705,M1029,C96117,2026-09-04 13:35:41,2279.87,INR,SUCCESS,QR
T102706,M1014,C77574,2026-09-04 14:06:07,67979.54,INR,SUCCESS,QR
T102707,M1006,C63910,2026-09-04 07:01:15,3756.15,INR,SUCCESS,QR
T102708,M1015,C83991,2026-09-04 18:47:06,313244.18,INR,SUCCESS,ONLINE
T102709,M1025,C82818,2026-09-04 10:07:04,224209.46,INR,SUCCESS,POS
T102710,M1009,C53187,2026-09-04 20:46:31,235.35,INR,SUCCESS,POS
T102711,M1018,C52906,2026-09-04 09:13:13,382774.10,INR,FAILED,QR
T102712,M1004,C66360,2026-09-04 09:09:34,106842.39,INR,SUCCESS,POS
T102713,M1015,C66062,2026-09-04 07:46:32,46778.53,INR,FAILED,QR
T102714,M1017,C77805,2026-09-04 09:11:18,329559.95,INR,SUCCESS,ONLINE
T102715,M1015,C96662,2026-09-04 09:18:38,36694.00,INR,SUCCESS,POS
T102716,M1027,C82736,2026-09-04 10:17:14,399556.10,INR,SUCCESS,ONLINE
T102717,M1004,C91037,2026-09-04 14:58:44,190301.21,INR,SUCCESS,ONLINE
T102718,M1013,C86905,2026-09-04 22:46:49,2758.84,INR,SUCCESS,POS
T102719,M1006,C57039,2026-09-04 16:46:21,52784.61,INR,SUCCESS,QR
T102720,M1010,C80315,2026-09-04 19:46:19,2608.86,INR,SUCCESS,ONLINE
T102721,M1018,C64536,2026-09-04 22:04:57,201.97,INR,SUCCESS,ONLINE
T102722,M1015,C52981,2026-09-04 13:04:06,55526.71,INR,SUCCESS,ONLINE
T102723,M1016,C50327,2026-09-04 22:10:54,130698.15,INR,SUCCESS,QR
T102724,M1000,C94026,2026-09-04 20:59:08,155367.92,INR,SUCCESS,QR
T102725,M1020,C87807,2026-09-04 12:48:57,26176.95,INR,SUCCESS,ONLINE
T102726,M1003,C82882,2026-09-04 08:48:38,705.73,INR,SUCCESS,POS
T102727,M1026,C85425,2026-09-04 10:03:53,242033.03,INR,SUCCESS,POS
T102728,M1012,C55921,2026-09-04 20:48:15,40422.25,INR,SUCCESS,QR
T102729,M1005,C54820,2026-09-04 08:27:16,28612.13,INR,SUCCESS,POS
T102730,M1017,C56029,2026-09-04 14:29:21,39605.61,INR,REVERSED,POS
T102731,M1022,C72246,2026-09-04 15:41:19,1556.31,INR,SUCCESS,QR
T102732,M1028,C50402,2026-09-04 06:04:14,784.62,INR,SUCCESS,POS
T102733,M1013,C87951,2026-09-04 07:45:04,59727.34,INR,SUCCESS,QR
T102734,M1004,C77095,2026-09-04 22:22:21,3455.77,INR,SUCCESS,POS
T102735,M1016,C54358,2026-09-04 08:57:27,10253.27,INR,SUCCESS,POS
T102736,M1000,C63337,2026-09-04 18:41:49,41844.26,INR,SUCCESS,POS
T102737,M1026,C85919,2026-09-04 21:44:26,190254.46,INR,SUCCESS,QR
T102738,M1002,C71822,2026-09-04 10:29:52,3915.18,INR,SUCCESS,QR
T102739,M1027,C72034,2026-09-04 11:36:11,174697.53,INR,SUCCESS,ONLINE
T102740,M1026,C72807,2026-09-04 08:21:00,1429.46,INR,SUCCESS,ONLINE
T102741,M1015,C56602,2026-09-04 13:38:13,1607.90,INR,SUCCESS,ONLINE
T102742,M1004,C65197,2026-09-04 18:25:31,2535.69,INR,SUCCESS,POS
T102743,M1023,C92027,2026-09-04 10:03:02,656.93,INR,SUCCESS,POS
T102744,M1006,C69829,2026-09-04 09:35:35,127730.45,INR,SUCCESS,QR
T102745,M1000,C56178,2026-09-04 11:52:46,3777.19,INR,SUCCESS,ONLINE
T102746,M1029,C96727,2026-09-04 09:08:42,230740.15,INR,FAILED,QR
T102747,M1001,C56862,2026-09-04 13:33:54,127274.33,INR,SUCCESS,QR
T102748,M1017,C91280,2026-09-04 12:12:07,41468.64,INR,SUCCESS,QR
T102749,M1029,C62066,2026-09-04 18:13:47,12187.25,INR,SUCCESS,ONLINE
T102750,M1019,C53785,2026-09-04 17:58:11,9986.82,INR,SUCCESS,POS
T102751,M1004,C96484,2026-09-04 07:31:32,1048.26,INR,SUCCESS,QR
T102752,M1029,C88840,2026-09-04 11:48:57,3620.53,INR,SUCCESS,ONLINE
T102753,M1018,C60927,2026-09-04 19:33:09,3386.40,INR,FAILED,POS
T102754,M1025,C81220,2026-09-04 08:03:05,318850.59,INR,SUCCESS,QR
T102755,M1003,C60091,2026-09-04 20:11:34,50118.25,INR,SUCCESS,ONLINE
T102756,M1020,C90959,2026-09-04 14:08:56,291042.54,,SUCCESS,QR
T102757,M1017,C54806,2026-09-04 18:27:46,21352.24,INR,SUCCESS,QR
T102758,M1020,C78132,2026-09-04 09:58:48,41640.21,INR,SUCCESS,POS
T102759,M1024,C92550,2026-09-04 16:54:46,241283.19,INR,SUCCESS,ONLINE
T102760,M1015,C55954,2026-09-04 22:01:20,2850.45,INR,SUCCESS,POS
T102761,M1027,C76182,2026-09-04 10:28:51,134939.28,INR,FAILED,QR
T102762,M1020,C70351,2026-09-04 14:42:43,3229.01,INR,SUCCESS,ONLINE
T102763,M1006,C58782,2026-09-04 13:47:18,220552.55,INR,SUCCESS,QR
T102764,M1027,C64723,2026-09-04 20:52:16,40679.41,INR,SUCCESS,QR
T102765,M1028,C90104,2026-09-04 18:59:13,318316.56,INR,SUCCESS,POS
T102766,M1029,C91138,2026-09-04 14:49:12,203555.36,INR,FAILED,QR
T102767,M1011,C98942,2026-09-04 12:09:58,824.38,INR,SUCCESS,POS
T102768,M1009,C50515,2026-09-04 10:29:29,36138.98,INR,SUCCESS,POS
T102769,M1019,C76230,2026-09-04 06:47:05,10484.90,INR,SUCCESS,POS
T102770,M1011,C71601,2026-09-04 07:37:46,32735.27,INR,SUCCESS,QR
T102771,M1023,C74824,2026-09-04 10:56:07,26652.12,INR,SUCCESS,POS
T102772,M1009,C99063,2026-09-04 22:16:17,221208.34,INR,SUCCESS,POS
T102773,,C95087,2026-09-04 14:39:26,270853.34,INR,SUCCESS,ONLINE
T102774,M1009,C92306,2026-09-04 07:26:46,17768.35,INR,SUCCESS,QR
T102775,M1013,C91298,2026-09-04 13:34:08,20391.34,INR,SUCCESS,ONLINE
T102776,M1000,C91642,2026-09-04 18:56:27,3561.85,INR,SUCCESS,ONLINE
T102777,M1013,C52279,2026-09-04 20:59:47,339242.21,INR,SUCCESS,ONLINE
T102778,M1004,C65060,2026-09-04 14:34:36,14249.33,INR,REVERSED,POS
T102779,M1017,C71676,2026-09-04 15:42:12,332988.57,INR,SUCCESS,POS
T102780,M1015,C75505,2026-09-04 18:09:18,15479.92,INR,SUCCESS,POS
T102781,M1008,C73622,2026-09-04 16:30:34,7349.29,INR,SUCCESS,ONLINE
T102782,M1003,C80314,2026-09-04 17:58:05,1856.90,INR,SUCCESS,QR
T102783,M1013,C53072,2026-09-04 17:05:15,347105.07,INR,SUCCESS,ONLINE
T102784,M1003,C75455,2026-09-04 15:56:49,2885.38,INR,SUCCESS,ONLINE
T102785,M1026,C97087,2026-09-04 16:25:57,50560.49,INR,SUCCESS,ONLINE
T102786,M1019,C68502,2026-09-04 07:03:07,33205.24,INR,SUCCESS,POS
T102787,M1008,C77323,2026-09-04 17:37:32,26683.85,INR,SUCCESS,QR
T102788,M1021,C55828,2026-09-04 16:26:43,113731.62,INR,SUCCESS,POS
T102789,M1007,C73664,2026-09-04 13:32:23,20042.37,INR,SUCCESS,POS
T102790,M1022,C51058,2026-09-04 10:29:26,32371.89,INR,SUCCESS,QR
T102791,M1006,C61565,2026-09-04 16:59:06,385768.37,INR,SUCCESS,ONLINE
T102792,M1015,C98383,2026-09-04 07:08:47,153906.27,INR,SUCCESS,POS
T102793,M1012,C60626,2026-09-04 06:43:44,1711.53,INR,SUCCESS,POS
T102794,M1026,C71063,2026-09-04 06:07:14,43282.27,INR,SUCCESS,QR
T102795,M1010,C52573,2026-09-04 19:06:32,7336.16,INR,SUCCESS,QR
T102796,M1007,C93179,2026-09-04 06:26:55,219511.93,INR,SUCCESS,QR
T102797,M1021,C90450,2026-09-04 10:40:49,3610.84,INR,SUCCESS,ONLINE
T102798,M1004,C86344,2026-09-04 22:21:55,141921.30,INR,SUCCESS,ONLINE
T102799,M1023,C94248,2026-09-04 18:04:58,3936.93,INR,SUCCESS,QR
T102800,M1008,C89603,2026-09-04 06:01:54,79873.28,INR,SUCCESS,ONLINE
T102801,M1028,C53430,2026-09-04 06:43:22,3225.82,INR,SUCCESS,ONLINE
T102802,M1013,C80864,2026-09-04 17:26:11,38787.14,INR,SUCCESS,ONLINE
T102803,M1010,C67173,2026-09-04 21:20:09,11466.73,INR,SUCCESS,POS
T102804,M1024,C65156,2026-09-04 21:41:50,1560.13,INR,SUCCESS,ONLINE
T102805,M1020,C96516,2026-09-04 20:29:17,16589.13,INR,SUCCESS,QR
T102806,M1014,C72285,2026-09-04 12:54:44,1154.17,INR,SUCCESS,ONLINE
T102807,M1015,C56292,2026-09-04 10:34:49,3769.04,INR,SUCCESS,QR
T102808,M1018,C53646,2026-09-04 06:15:49,52156.21,INR,SUCCESS,QR
T102809,M1014,C77784,2026-09-04 20:56:20,3916.34,INR,SUCCESS,POS
T102810,M1000,C79924,2026-09-04 17:18:26,171962.53,INR,SUCCESS,ONLINE
T102811,M1017,C72096,2026-09-04 15:00:16,173.21,INR,SUCCESS,POS
T102812,M1029,C91834,2026-09-04 19:19:28,162.81,INR,SUCCESS,QR
T102813,M1011,C97025,2026-09-04 17:08:19,41662.13,INR,SUCCESS,POS
T102814,M1021,C54624,2026-09-04 14:10:34,219296.49,INR,SUCCESS,POS
T102815,M1019,C91445,2026-09-04 06:53:04,310085.31,INR,SUCCESS,QR
T102816,M1015,C66007,2026-09-04 08:53:07,3638.38,INR,SUCCESS,QR
T102817,M1014,C88208,2026-09-04 20:11:10,50419.36,INR,SUCCESS,POS
T102818,M1015,C59784,2026-09-04 10:04:33,251185.83,INR,SUCCESS,POS
T102819,M1013,C68262,2026-09-04 12:31:27,36321.61,INR,SUCCESS,QR
T102820,M1019,C72301,2026-09-04 11:59:48,58668.43,INR,SUCCESS,QR
T102821,M1021,C66134,2026-09-04 15:57:22,261930.64,INR,SUCCESS,POS
T102822,M1015,C82934,2026-09-04 19:56:28,2579.50,INR,SUCCESS,QR
T102823,M1014,C64244,2026-09-04 08:22:01,1292.04,INR,SUCCESS,ONLINE
T102824,M1016,C77789,2026-09-04 19:53:51,213003.47,INR,SUCCESS,ONLINE
T102825,M1003,C93776,2026-09-04 06:52:02,2665.48,INR,SUCCESS,ONLINE
T102826,M1028,C77558,2026-09-04 08:55:06,675.46,INR,SUCCESS,POS
T102827,M1014,C51846,2026-09-04 15:58:21,21218.67,INR,SUCCESS,POS
T102828,M1020,C80505,2026-09-04 12:24:21,1385.65,INR,SUCCESS,QR
T102829,M1026,C97636,2026-09-04 19:34:39,286977.53,INR,FAILED,ONLINE
T102830,M1005,C66625,2026-09-04 10:20:55,10116.22,INR,SUCCESS,POS
T102831,M1010,C59792,2026-09-04 10:42:19,40765.51,INR,SUCCESS,ONLINE
T102832,M1016,C69893,2026-09-04 06:21:45,3422.37,INR,SUCCESS,QR
T102833,M1015,C54928,2026-09-04 12:31:02,1840.84,INR,SUCCESS,POS
T102834,M1009,C56932,2026-09-04 15:34:08,16226.23,INR,SUCCESS,QR
T102835,M1011,C64983,2026-09-04 21:07:13,3363.68,INR,FAILED,POS
T102836,M1028,C72362,2026-09-04 09:58:47,53682.97,INR,SUCCESS,POS
T102837,M1027,C75819,2026-09-04 06:49:29,135885.03,INR,SUCCESS,POS
T102838,M1009,C70865,2026-09-04 06:39:43,399318.38,INR,SUCCESS,POS
T102839,M1000,C99404,2026-09-04 21:11:51,57964.73,INR,SUCCESS,ONLINE
T102840,M1028,C77445,2026-09-04 14:04:03,399035.13,INR,SUCCESS,QR
T102841,M1011,C88223,2026-09-04 18:11:03,43105.78,INR,SUCCESS,ONLINE
T102842,M1009,C90153,2026-09-04 20:22:33,39836.70,INR,SUCCESS,POS
T102843,M1026,C65128,2026-09-04 17:33:14,22714.25,INR,SUCCESS,POS
T102844,M1016,C98429,2026-09-04 11:31:44,33116.77,INR,SUCCESS,ONLINE
T102845,M1002,C76312,2026-09-04 21:26:25,213190.54,INR,SUCCESS,POS
T102846,M1003,C76097,2026-09-04 19:18:56,1762.70,INR,FAILED,ONLINE
T102847,M1005,C99354,2026-09-04 11:07:36,45012.50,INR,SUCCESS,QR
T102848,M1021,C57060,2026-09-04 10:06:43,2533.53,INR,REVERSED,QR
T102849,M1002,C83873,2026-09-04 20:54:39,343734.33,INR,SUCCESS,QR
T102850,M1001,C74064,2026-09-04 10:27:58,566.51,INR,SUCCESS,QR
T102851,M1015,C63938,2026-09-04 21:53:00,979.96,INR,FAILED,QR
T102852,M1025,C75025,2026-09-04 11:41:34,138611.23,INR,SUCCESS,POS
T102853,M1005,C99689,2026-09-04 17:36:14,2700.01,INR,SUCCESS,ONLINE
T102854,M1000,C93745,2026-09-04 06:37:46,782.37,INR,SUCCESS,ONLINE
T102855,M1004,C89049,2026-09-04 14:17:01,395415.86,INR,SUCCESS,QR
T102856,M1017,C58049,2026-09-04 10:33:09,210530.99,INR,SUCCESS,ONLINE
T102857,M1018,C98992,2026-09-04 11:25:15,225338.63,INR,SUCCESS,ONLINE
T102858,M1009,C81589,2026-09-04 09:11:58,310458.47,INR,SUCCESS,QR
T102859,M1005,C78804,2026-09-04 10:28:45,1069.71,INR,SUCCESS,POS
T102860,M1005,C72740,2026-09-04 13:50:09,75428.48,INR,SUCCESS,POS
T102861,M1025,C93448,2026-09-04 09:16:19,2357.19,INR,FAILED,POS
T102862,M1011,C84261,2026-09-04 13:04:21,54497.98,INR,SUCCESS,QR
T102863,M1001,C86777,2026-09-04 06:09:19,17106.88,INR,SUCCESS,POS
T102864,M1023,C92502,2026-09-04 07:36:59,4145.89,INR,FAILED,ONLINE
T102865,M1028,C79422,2026-09-04 08:47:39,111674.30,INR,SUCCESS,QR
T102866,M1016,C84849,2026-09-04 16:13:36,172849.46,INR,SUCCESS,QR
T102867,M1000,C51963,2026-09-04 06:22:03,42297.42,INR,SUCCESS,QR
T102868,M1012,C66611,2026-09-04 06:38:52,18087.66,INR,SUCCESS,QR
T102869,M1022,C52753,2026-09-04 18:28:27,209314.37,INR,SUCCESS,POS
T102870,M1025,C84523,2026-09-04 16:07:01,292425.77,INR,SUCCESS,QR
T102871,M1005,C63977,2026-09-04 07:17:35,3379.55,INR,SUCCESS,POS
T102872,M1020,C73170,2026-09-04 15:37:24,106136.14,INR,REVERSED,ONLINE
T102873,M1002,C83604,2026-09-04 13:45:18,3394.23,INR,SUCCESS,POS
T102874,M1026,C82684,2026-09-04 15:34:53,45093.89,INR,SUCCESS,QR
T102875,M1006,C66008,2026-09-04 11:04:01,89358.43,INR,SUCCESS,ONLINE
T102876,M1008,C57028,2026-09-04 08:27:17,1972.71,INR,SUCCESS,ONLINE
T102877,M1019,C80933,2026-09-04 22:25:46,3842.27,INR,SUCCESS,POS
T102878,M1011,C75406,2026-09-04 21:00:18,2419.58,INR,SUCCESS,ONLINE
T102879,M1005,C85080,2026-09-04 18:45:20,33384.99,INR,SUCCESS,ONLINE
T102880,M1004,C74393,2026-09-04 11:07:06,89481.48,INR,FAILED,POS
T102881,M1019,C60903,2026-09-04 18:34:19,10244.42,INR,SUCCESS,POS
T102882,M1028,C87699,2026-09-04 17:57:27,66933.34,INR,SUCCESS,ONLINE
T102883,M1016,C54582,2026-09-04 07:02:30,41287.03,INR,SUCCESS,POS
T102884,M1026,C86732,2026-09-04 08:06:40,87532.39,INR,SUCCESS,ONLINE
T102885,M1002,C92455,2026-09-04 06:33:17,2844.46,INR,SUCCESS,POS
T102886,M1020,C54873,2026-09-04 22:59:27,44815.08,INR,SUCCESS,POS
T102887,M1026,C60194,2026-09-04 07:44:37,3333.67,INR,SUCCESS,ONLINE
T102888,M1027,C78348,2026-09-04 21:03:39,28221.10,INR,SUCCESS,QR
T102889,M1007,C55205,2026-09-04 11:34:36,626.31,INR,SUCCESS,QR
T102890,M1028,C76544,2026-09-04 22:30:41,391.11,INR,SUCCESS,QR
T102891,M1009,C57023,2026-09-04 21:24:28,29484.51,INR,SUCCESS,POS
T102892,M1000,C64525,2026-09-04 09:18:53,2087.78,INR,REVERSED,QR
T102893,M1021,C53387,2026-09-04 13:38:57,339915.83,INR,SUCCESS,ONLINE
T102894,M1029,C74314,2026-09-04 09:01:16,230.96,INR,SUCCESS,ONLINE
T102895,M1012,C93197,2026-09-04 17:55:25,321912.83,INR,SUCCESS,QR
T102896,M1012,C89044,2026-09-04 13:18:51,28180.11,INR,SUCCESS,POS
T102897,M1007,C86642,2026-09-04 21:09:05,157269.28,INR,REVERSED,ONLINE
T102898,M1015,C93531,2026-09-04 19:58:34,103550.09,INR,SUCCESS,QR
T102899,M1021,C50725,2026-09-04 15:30:53,54322.28,INR,SUCCESS,ONLINE
T102900,M1010,C58776,2026-09-04 19:32:35,249873.21,INR,FAILED,POS
T102901,M1006,C61931,2026-09-04 20:56:35,249011.57,INR,SUCCESS,ONLINE
T102902,M1009,C66615,2026-09-04 19:10:16,52528.88,INR,FAILED,QR
T102903,M1017,C73882,2026-09-04 19:21:20,3510.55,INR,SUCCESS,POS
T102904,M1008,C62087,2026-09-04 19:00:52,46461.06,INR,SUCCESS,ONLINE
T102905,M1009,C82962,2026-09-04 07:52:17,57279.36,INR,FAILED,ONLINE
T102906,M1023,C89307,2026-09-04 13:09:41,21067.76,INR,SUCCESS,QR
T102907,M1012,C92715,2026-09-04 08:41:40,362322.33,INR,SUCCESS,POS
T102908,M1019,C54479,2026-09-04 09:09:33,332322.16,INR,SUCCESS,POS
T102909,M1020,C72974,2026-09-04 21:29:27,384562.08,INR,SUCCESS,POS
T102910,M1023,C90882,2026-09-04 15:22:10,1045.19,INR,SUCCESS,ONLINE
T102911,M1028,C67659,2026-09-04 15:40:02,2706.13,INR,SUCCESS,ONLINE
T102912,M1000,C95204,2026-09-04 22:29:16,31895.97,INR,SUCCESS,POS
T102913,M1006,C58163,2026-09-04 15:17:32,46345.35,INR,FAILED,ONLINE
T102914,M1020,C94169,2026-09-04 08:16:42,28124.39,INR,SUCCESS,QR
T102915,M1019,C87695,2026-09-04 20:06:17,1672.54,INR,SUCCESS,QR
T102916,M1006,C63320,2026-09-04 16:23:14,130369.61,INR,SUCCESS,ONLINE
T102917,M1027,C93770,2026-09-04 08:54:12,2611.86,INR,SUCCESS,QR
T102918,M1017,C94479,2026-09-04 13:00:10,5408.83,INR,SUCCESS,QR
T102919,M1002,C72397,2026-09-04 17:18:44,2402.96,INR,SUCCESS,QR
T102920,M1028,C80074,2026-09-04 07:34:26,311840.20,INR,SUCCESS,ONLINE
T102921,M1027,C92520,2026-09-04 18:57:00,75145.59,INR,SUCCESS,POS
T102922,M1022,C94655,2026-09-04 18:32:04,67244.56,INR,SUCCESS,ONLINE
T102923,M1009,C75154,2026-09-04 09:00:29,345334.59,INR,SUCCESS,QR
T102924,M1025,C60665,2026-09-04 13:34:35,42005.32,INR,SUCCESS,QR
T102925,M1027,C83091,2026-09-04 20:38:48,257549.42,INR,SUCCESS,QR
T102926,M1013,C98318,2026-09-04 20:00:27,47433.22,INR,SUCCESS,POS
T102927,M1023,C72849,2026-09-04 07:54:55,223855.63,INR,SUCCESS,POS
T102928,M1026,C53133,2026-09-04 12:56:56,351084.37,INR,FAILED,QR
T102929,M1013,C64238,2026-09-04 22:19:08,31200.98,INR,SUCCESS,POS
T102930,M1003,C65650,2026-09-04 19:23:42,93818.35,INR,SUCCESS,POS
T102931,M1011,C52686,2026-09-04 10:18:36,204153.44,INR,SUCCESS,POS
T102932,M1018,C88221,2026-09-04 14:11:22,13524.33,INR,SUCCESS,POS
T102933,M1005,C51626,2026-09-04 22:13:05,37767.63,INR,SUCCESS,POS
T102934,M1009,C72610,2026-09-04 12:52:33,25381.15,INR,SUCCESS,POS
T102935,M1009,C87840,2026-09-04 10:47:48,45285.13,INR,SUCCESS,QR
T102936,M1022,C79388,2026-09-04 17:26:13,138597.52,INR,SUCCESS,POS
T102937,M1021,C63345,2026-09-04 21:33:55,38354.60,INR,SUCCESS,POS
T102938,M1023,C63771,2026-09-04 15:14:02,19638.06,INR,SUCCESS,QR
T102939,M1024,C66102,2026-09-04 18:50:52,360826.13,INR,SUCCESS,ONLINE
T102940,M1011,C61987,2026-09-04 11:53:51,45739.95,USD,SUCCESS,POS
T102941,M1016,C64800,2026-09-04 17:36:26,2629.55,INR,SUCCESS,ONLINE
T102942,M1005,C79017,2026-09-04 11:06:37,3419.52,,SUCCESS,QR
T102943,M1001,C97970,2026-09-04 07:36:16,32848.97,INR,FAILED,ONLINE
T102944,M1003,C65200,2026-09-04 20:05:35,129274.37,INR,SUCCESS,ONLINE
T102945,M1029,C93476,2026-09-04 14:47:48,141061.04,INR,FAILED,ONLINE
T102946,M1010,C68972,2026-09-04 11:16:31,103052.34,INR,SUCCESS,ONLINE
T102947,M1008,C63315,2026-09-04 14:54:34,3891.09,INR,SUCCESS,ONLINE
T102948,M1018,C72863,2026-09-04 08:42:28,135123.23,INR,SUCCESS,POS
T102949,M1011,C73343,2026-09-04 08:49:50,3078.90,INR,SUCCESS,POS
T102950,M1021,C81401,2026-09-04 21:27:12,73148.98,INR,SUCCESS,POS
T102951,M1021,C74188,2026-09-04 17:41:36,133267.10,INR,SUCCESS,ONLINE
T102952,M1021,C55230,2026-09-04 21:25:53,117509.25,INR,SUCCESS,ONLINE
T102953,M1018,C71650,2026-09-04 14:30:51,2881.32,INR,REVERSED,POS
T102954,M1022,C58987,2026-09-04 16:10:04,29399.48,INR,SUCCESS,QR
T102955,M1010,C93521,2026-09-04 16:16:51,3307.64,INR,SUCCESS,ONLINE
T102956,M1018,C71905,2026-09-04 10:28:46,2324.34,INR,SUCCESS,ONLINE
T102957,M1015,C67184,2026-09-04 16:59:11,3883.82,INR,SUCCESS,POS
T102958,M1007,C90091,2026-09-04 15:28:38,25736.80,INR,SUCCESS,POS
T102959,M1022,C80308,2026-09-04 06:01:06,11783.57,INR,SUCCESS,POS
T102960,M1019,C57560,2026-09-04 11:19:38,204004.21,INR,SUCCESS,QR
T102961,M1004,C91445,2026-09-04 18:13:01,2723.78,INR,SUCCESS,POS
T102962,M1010,C61295,2026-09-04 19:41:12,279360.66,INR,SUCCESS,ONLINE
T102963,M1021,C61958,2026-09-04 12:30:57,150739.70,INR,SUCCESS,ONLINE
T102964,M1008,C75723,2026-09-04 07:56:11,51428.84,INR,SUCCESS,QR
T102965,M1012,C69395,2026-09-04 06:55:26,36410.77,INR,SUCCESS,POS
T102966,M1011,C81320,2026-09-04 17:33:09,2827.44,INR,SUCCESS,QR
T102967,M1004,C82997,2026-09-04 20:41:13,270673.30,INR,SUCCESS,ONLINE
T102968,M1024,C54223,2026-09-04 12:54:52,340162.78,INR,SUCCESS,QR
T102969,M1020,C65472,2026-09-04 18:35:41,1044.82,INR,SUCCESS,QR
T102970,M1013,C67585,2026-09-04 11:05:57,110021.46,INR,FAILED,POS
T102971,M1018,C52159,2026-09-04 08:43:28,125468.90,INR,REVERSED,QR
T102972,M1029,C87990,2026-09-04 15:51:10,15616.74,INR,SUCCESS,POS
T102973,M1012,C65068,2026-09-04 14:56:23,261941.06,INR,SUCCESS,ONLINE
T102974,M1026,C55156,2026-09-04 18:16:50,130725.99,INR,SUCCESS,ONLINE
T102975,M1002,C85263,2026-09-04 09:26:50,325.47,INR,SUCCESS,ONLINE
T102976,M1019,C72712,2026-09-04 16:49:48,234.75,INR,SUCCESS,QR
T102977,M1013,C91241,2026-09-04 12:22:42,57517.65,INR,SUCCESS,POS
T102978,M1000,C63523,2026-09-04 14:57:55,1411.54,INR,SUCCESS,ONLINE
T102979,M1018,C60553,2026-09-04 08:21:12,257473.44,INR,SUCCESS,POS
T102980,M1020,C82419,2026-09-04 19:18:51,59272.38,INR,SUCCESS,ONLINE
T102981,M1022,C77472,2026-09-04 20:24:50,187021.49,INR,SUCCESS,ONLINE
T102982,M1002,C65216,2026-09-04 09:13:24,51672.03,INR,SUCCESS,ONLINE
T102983,M1003,C77085,2026-09-04 19:24:39,1059.85,INR,SUCCESS,QR
T102984,M1027,C88161,2026-09-04 11:34:50,43322.87,INR,SUCCESS,POS
T102985,M1015,C64732,2026-09-04 18:56:45,744.51,INR,SUCCESS,QR
T102986,M1000,C70756,2026-09-04 09:01:01,818.10,INR,SUCCESS,ONLINE
T102987,M1017,C76663,2026-09-04 18:58:40,356925.73,INR,SUCCESS,QR
T102988,M1028,C98851,2026-09-04 21:13:07,10650.43,INR,SUCCESS,ONLINE
T102989,M1001,C92820,2026-09-04 17:39:35,340234.05,INR,SUCCESS,QR
T102990,M1004,C91922,2026-09-04 16:00:26,2362.00,INR,SUCCESS,ONLINE
T102991,M1016,C74114,2026-09-04 12:35:05,2862.97,INR,SUCCESS,ONLINE
T102992,M1029,C83587,2026-09-04 08:14:19,2342.92,INR,SUCCESS,QR
T102993,M1029,C89102,2026-09-04 18:50:36,513.14,INR,SUCCESS,ONLINE
T102994,M1026,C70459,2026-09-04 21:58:21,21090.39,INR,SUCCESS,POS
T102995,M1013,C87608,2026-09-04 20:04:14,60925.29,INR,SUCCESS,QR
T102996,M1010,C96411,2026-09-04 10:08:56,299013.23,INR,SUCCESS,ONLINE
T102997,M1004,C83889,2026-09-04 11:35:04,332.83,INR,SUCCESS,POS
T102998,M1020,C66779,2026-09-04 07:51:23,304775.84,INR,SUCCESS,POS
T102999,M1008,C55243,2026-09-04 12:57:25,24928.07,INR,FAILED,QR
T103000,M1000,C90973,2026-09-04 13:17:02,3196.00,INR,SUCCESS,ONLINE
T103001,M1018,C63882,2026-09-04 17:07:49,18948.00,INR,SUCCESS,POS
T103002,M1014,C77806,2026-09-04 17:41:49,334824.90,INR,SUCCESS,ONLINE
T103003,M1003,C80819,2026-09-04 08:33:56,296181.61,INR,SUCCESS,POS
T103004,M1011,C97365,2026-09-04 09:57:25,365005.79,INR,SUCCESS,POS
T103005,M1011,C59146,2026-09-04 09:09:12,211145.45,INR,SUCCESS,QR
T103006,M1010,C79450,2026-09-04 17:41:05,3966.81,INR,SUCCESS,POS
T103007,M1016,C66124,2026-09-04 13:21:18,360526.15,INR,SUCCESS,POS
T103008,M1020,C72817,2026-09-04 15:26:16,12339.30,INR,SUCCESS,ONLINE
T103009,M1001,C87347,2026-09-04 17:20:07,218501.52,INR,SUCCESS,QR
T103010,M1004,C99237,2026-09-04 08:51:42,249771.29,INR,SUCCESS,POS
T103011,M1024,C72203,2026-09-04 20:20:58,24684.46,INR,FAILED,ONLINE
T103012,M1025,C95106,2026-09-04 10:10:36,2491.27,INR,SUCCESS,POS
T103013,M1029,C54090,2026-09-04 13:26:55,3952.45,INR,REVERSED,QR
T103014,M1011,C86822,2026-09-04 10:19:24,485.55,INR,SUCCESS,ONLINE
T103015,M1019,C69981,2026-09-04 12:18:09,914.10,INR,SUCCESS,POS
T103016,M1009,C82156,2026-09-04 17:38:50,51272.88,INR,SUCCESS,QR
T103017,M1007,C75612,2026-09-04 15:51:43,44138.89,INR,SUCCESS,POS
T103018,M1017,C70185,2026-09-04 07:58:12,6295.10,INR,SUCCESS,QR
T103019,M1010,C65400,2026-09-04 20:51:40,57659.37,INR,SUCCESS,ONLINE
T103020,M1000,C54098,2026-09-04 17:43:49,1935.63,INR,SUCCESS,POS
T103021,M1026,C68992,2026-09-04 11:08:31,176879.45,INR,SUCCESS,POS
T103022,M1006,C54749,2026-09-04 16:29:55,227100.96,INR,SUCCESS,ONLINE
T103023,M1002,C62375,2026-09-04 22:01:58,6147.08,INR,SUCCESS,ONLINE
T103024,M1006,C85812,2026-09-04 11:52:48,53025.35,INR,SUCCESS,POS
T103025,M1015,C67102,2026-09-04 20:02:07,228788.21,INR,SUCCESS,POS
T103026,M1026,C79298,2026-09-04 19:34:17,196561.06,INR,REVERSED,QR
T103027,M1011,C99313,2026-09-04 15:23:58,31733.84,INR,SUCCESS,POS
T103028,M1029,C62112,2026-09-04 10:38:13,991.32,INR,SUCCESS,ONLINE
T103029,M1005,C97015,2026-09-04 12:26:15,58139.76,INR,SUCCESS,POS
T103030,M1003,C65637,2026-09-04 09:34:00,47314.00,INR,SUCCESS,ONLINE
T103031,M1016,C63841,2026-09-04 13:03:44,380712.29,INR,SUCCESS,POS
T103032,M1021,C89480,2026-09-04 16:59:41,386878.75,INR,SUCCESS,POS
T103033,M1017,C64240,2026-09-04 17:51:45,1328.88,INR,SUCCESS,ONLINE
T103034,M1007,C56435,2026-09-04 21:56:34,53798.84,INR,SUCCESS,POS
T103035,M1029,C90314,2026-09-04 19:03:41,338301.71,INR,SUCCESS,ONLINE
T103036,M1008,C97204,2026-09-04 15:46:58,367541.91,INR,SUCCESS,POS
T103037,M1005,C54394,2026-09-04 06:19:39,233614.79,INR,SUCCESS,QR
T103038,M1010,C51001,2026-09-04 06:05:13,282.29,INR,SUCCESS,ONLINE
T103039,M1019,C51792,2026-09-04 19:24:27,328712.66,INR,SUCCESS,ONLINE
T103040,M1024,C63475,2026-09-04 21:36:10,3121.81,INR,SUCCESS,QR
T103041,M1023,C87885,2026-09-04 08:52:33,3893.07,INR,SUCCESS,POS
T103042,M1002,C72299,2026-09-04 09:29:08,3393.86,INR,FAILED,POS
T103043,M1022,C77418,2026-09-04 22:39:40,365593.78,INR,SUCCESS,QR
T103044,M1015,C81961,2026-09-04 18:28:54,722.08,INR,SUCCESS,POS
T103045,M1026,C82537,2026-09-04 21:13:32,66355.01,INR,SUCCESS,POS
T103046,M1003,C76140,2026-09-04 14:43:51,293968.55,INR,SUCCESS,ONLINE
T103047,M1024,C84976,2026-09-04 21:20:41,14908.13,INR,SUCCESS,POS
T103048,M1029,C59813,2026-09-04 19:21:41,1614.24,INR,FAILED,QR
T103049,M1026,C87288,2026-09-04 19:56:45,829.23,INR,SUCCESS,QR
T103050,M1018,C75887,2026-09-04 13:43:03,3497.70,INR,SUCCESS,ONLINE
T103051,M1022,C52998,2026-09-04 07:11:36,332590.24,INR,SUCCESS,POS
T103052,M1021,C88602,2026-09-04 15:08:59,42174.48,INR,SUCCESS,QR
T103053,M1013,C72916,2026-09-04 20:00:14,17071.19,INR,SUCCESS,POS
T103054,M1010,C51278,2026-09-04 20:23:48,198086.03,INR,SUCCESS,ONLINE
T103055,M1014,C99868,2026-09-04 21:08:35,46463.43,INR,SUCCESS,POS
T103056,M1005,C79317,2026-09-04 07:27:37,272726.44,,SUCCESS,POS
T103057,M1013,C64628,2026-09-04 22:22:06,6266.49,INR,SUCCESS,QR
T103058,M1027,C59887,2026-09-04 20:57:09,303930.29,INR,SUCCESS,QR
T103059,M1026,C58039,2026-09-04 21:16:50,6806.82,INR,FAILED,POS
T103060,M1021,C92443,2026-09-04 20:40:43,3229.63,INR,SUCCESS,QR
T103061,M1014,C68823,2026-09-04 08:29:50,15346.55,INR,SUCCESS,POS
T103062,M1012,C75069,2026-09-04 15:57:04,388.78,INR,SUCCESS,POS
T103063,M1015,C99200,2026-09-04 10:26:02,266336.41,INR,SUCCESS,POS
T103064,M1009,C59032,2026-09-04 06:30:59,1150.07,INR,SUCCESS,ONLINE
T103065,M1021,C62089,2026-09-04 19:51:28,3883.94,INR,SUCCESS,QR
T103066,M1017,C66481,2026-09-04 20:00:49,1060.68,INR,FAILED,POS
T103067,M1021,C61945,2026-09-04 22:31:51,62213.83,INR,SUCCESS,ONLINE
T103068,M1028,C93128,2026-09-04 09:27:39,3637.61,INR,SUCCESS,POS
T103069,M1015,C85850,2026-09-04 06:31:26,3009.66,INR,SUCCESS,ONLINE
T103070,M1012,C65118,2026-09-04 13:57:54,56813.16,INR,FAILED,POS
T103071,M1025,C77225,2026-09-04 11:10:40,44818.62,INR,SUCCESS,QR
T103072,M1021,C74076,2026-09-04 21:49:17,379.32,INR,SUCCESS,ONLINE
T103073,M1006,C68656,2026-09-04 08:12:56,262.37,INR,SUCCESS,QR
T103074,M1011,C72265,2026-09-04 16:47:59,2499.08,INR,SUCCESS,POS
T103075,M1022,C62896,2026-09-04 18:41:32,48214.66,INR,SUCCESS,ONLINE
T103076,M1019,C88191,2026-09-04 12:59:00,8043.56,INR,SUCCESS,ONLINE
T103077,M1027,C50278,2026-09-04 08:57:55,47174.87,INR,SUCCESS,ONLINE
T103078,M1018,C63358,2026-09-04 11:23:58,3893.53,INR,SUCCESS,POS
T103079,M1000,C78386,2026-09-04 14:09:15,19730.22,INR,FAILED,POS
T103080,M1009,C65966,2026-09-04 19:22:05,3567.97,INR,SUCCESS,POS
T103081,M1022,C93235,2026-09-04 11:08:57,275985.72,INR,FAILED,QR
T103082,M1025,C93400,2026-09-04 18:53:17,19953.21,INR,SUCCESS,POS
T103083,M1028,C89432,2026-09-04 11:33:43,305860.00,INR,SUCCESS,POS
T103084,M1011,C88728,2026-09-04 16:33:24,75016.12,INR,FAILED,POS
T103085,M1015,C62444,2026-09-04 22:36:57,377718.37,INR,FAILED,ONLINE
T103086,M1001,C63587,2026-09-04 08:07:54,1243.07,INR,SUCCESS,ONLINE
T103087,M1024,C71998,2026-09-04 17:56:50,46318.51,INR,SUCCESS,QR
T103088,M1010,C79618,2026-09-04 15:53:42,2991.76,INR,SUCCESS,ONLINE
T103089,M1004,C67322,2026-09-04 10:31:58,220227.12,INR,SUCCESS,ONLINE
T103090,M1029,C80745,2026-09-04 13:46:14,48195.51,INR,SUCCESS,ONLINE
T103091,M1003,C86093,2026-09-04 20:10:06,3761.73,INR,FAILED,ONLINE
T103092,M1029,C77655,2026-09-04 11:11:17,3406.46,INR,SUCCESS,POS
T103093,M1004,C55935,2026-09-04 06:09:52,209726.11,INR,FAILED,QR
T103094,M1029,C96080,2026-09-04 21:47:05,1092.44,INR,SUCCESS,POS
T103095,M1024,C62673,2026-09-04 14:29:22,47600.83,INR,SUCCESS,POS
T103096,M1029,C75011,2026-09-04 13:41:26,1103.49,INR,SUCCESS,QR
T103097,M1020,C61345,2026-09-04 19:31:22,377.96,INR,SUCCESS,POS
T103098,M1005,C68993,2026-09-04 09:04:58,52697.72,INR,SUCCESS,QR
T103099,M1001,C70547,2026-09-04 08:44:49,1867.14,INR,SUCCESS,ONLINE
T103100,M1024,C51386,2026-09-04 06:15:45,2744.32,INR,SUCCESS,POS
T103101,M1008,C64933,2026-09-04 22:26:55,38393.85,INR,SUCCESS,QR
T103102,M1010,C94777,2026-09-04 10:10:21,3521.21,INR,SUCCESS,QR
T103103,M1013,C83078,2026-09-04 06:09:20,40215.69,INR,SUCCESS,QR
T103104,M1013,C83603,2026-09-04 19:33:02,3175.65,INR,SUCCESS,POS
T103105,M1013,C85632,2026-09-04 17:10:55,3174.91,INR,SUCCESS,ONLINE
T103106,M1010,C92646,2026-09-04 09:45:04,3883.57,INR,SUCCESS,ONLINE
T103107,M1027,C93295,2026-09-04 12:24:17,181725.05,INR,SUCCESS,POS
T103108,M1016,C64151,2026-09-04 15:08:58,17020.56,INR,SUCCESS,QR
T103109,M1028,C51525,2026-09-04 22:18:01,1069.75,INR,SUCCESS,ONLINE
T103110,M1012,C68992,2026-09-04 09:15:40,2025.53,INR,SUCCESS,ONLINE
T103111,M1029,C84931,2026-09-04 22:26:51,2230.92,INR,FAILED,ONLINE
T103112,M1016,C89320,2026-09-04 16:05:49,202228.02,INR,SUCCESS,POS
T103113,M1021,C79921,2026-09-04 15:42:25,3581.84,INR,SUCCESS,QR
T103114,M1018,C98373,2026-09-05 20:58:12,24979.02,INR,SUCCESS,ONLINE
T103115,M1022,C95846,2026-09-05 18:35:16,181598.68,INR,SUCCESS,POS
T103116,M1019,C98997,2026-09-05 17:48:50,311.75,INR,SUCCESS,ONLINE
T103117,M1009,C99151,2026-09-05 20:07:52,2232.52,INR,FAILED,QR
T103118,M1017,C65112,2026-09-05 21:18:22,3355.16,INR,SUCCESS,QR
T103119,M1029,C72484,2026-09-05 19:11:51,357562.17,INR,SUCCESS,POS
T103120,M1008,C65961,2026-09-05 07:52:24,3363.36,INR,SUCCESS,ONLINE
T103121,M1007,C93313,2026-09-05 12:19:54,42154.56,INR,SUCCESS,QR
T103122,M1014,C90463,2026-09-05 10:02:36,322588.48,INR,SUCCESS,QR
T103123,M1020,C80221,2026-09-05 07:47:01,25788.25,INR,SUCCESS,POS
T103124,M1006,C82454,2026-09-05 16:18:40,33306.16,INR,REVERSED,QR
T103125,M1022,C59225,2026-09-05 20:25:39,28288.58,INR,SUCCESS,QR
T103126,M1007,C53986,2026-09-05 10:51:17,330460.38,INR,SUCCESS,ONLINE
T103127,M1024,C90594,2026-09-05 12:39:14,3262.13,INR,SUCCESS,POS
T103128,M1013,C63917,2026-09-05 22:04:44,217680.64,INR,SUCCESS,QR
T103129,M1004,C93155,2026-09-05 10:10:15,3045.51,INR,SUCCESS,QR
T103130,M1017,C59152,2026-09-05 15:07:35,78116.26,INR,SUCCESS,POS
T103131,M1003,C56315,2026-09-05 10:16:21,3574.15,INR,SUCCESS,ONLINE
T103132,M1020,C89143,2026-09-05 09:25:42,45595.93,INR,SUCCESS,POS
T103133,M1013,C66049,2026-09-05 09:06:44,386.97,INR,SUCCESS,QR
T103134,M1010,C88193,2026-09-05 18:09:42,45163.54,INR,SUCCESS,POS
T103135,M1019,C78775,2026-09-05 07:27:55,269236.19,INR,SUCCESS,ONLINE
T103136,M1029,C53055,2026-09-05 14:28:15,13154.94,INR,SUCCESS,ONLINE
T103137,M1000,C87514,2026-09-05 13:11:42,2433.09,INR,SUCCESS,ONLINE
T103138,M1009,C90171,2026-09-05 07:29:11,988.61,INR,SUCCESS,POS
T103139,M1015,C55597,2026-09-05 14:35:01,47688.18,INR,FAILED,QR
T103140,M1013,C55899,2026-09-05 11:21:01,1752.33,INR,SUCCESS,ONLINE
T103141,M1020,C92132,2026-09-05 20:28:31,125420.03,INR,FAILED,POS
T103142,M1005,C60026,2026-09-05 13:14:38,2865.24,INR,SUCCESS,QR
T103143,M1013,C70489,2026-09-05 14:39:18,222219.07,INR,SUCCESS,ONLINE
T103144,M1026,C75552,2026-09-05 21:55:49,153053.44,INR,SUCCESS,POS
T103145,M1000,C80443,2026-09-05 11:15:28,229648.72,INR,SUCCESS,ONLINE
T103146,M1018,C63990,2026-09-05 16:49:17,24027.57,INR,SUCCESS,QR
T103147,M1007,C50917,2026-09-05 13:55:19,57126.92,INR,SUCCESS,QR
T103148,M1021,C95830,2026-09-05 22:31:03,21565.31,INR,SUCCESS,POS
T103149,M1018,C54323,2026-09-05 15:09:44,10494.31,INR,SUCCESS,POS
T103150,M1013,C72743,2026-09-05 12:40:25,63507.99,INR,SUCCESS,QR
T103151,M1025,C67566,2026-09-05 15:27:10,239899.00,INR,SUCCESS,POS
T103152,M1018,C53288,2026-09-05 13:01:41,171120.22,INR,SUCCESS,ONLINE
T103153,M1012,C75367,2026-09-05 21:26:01,396125.70,INR,SUCCESS,POS
T103154,M1012,C80020,2026-09-05 08:33:28,313143.71,INR,SUCCESS,QR
T103155,M1000,C87611,2026-09-05 18:14:15,323944.95,INR,SUCCESS,QR
T103156,M1004,C90764,2026-09-05 18:16:54,791.55,INR,SUCCESS,ONLINE
T103157,M1014,C84607,2026-09-05 15:44:05,51368.47,INR,FAILED,ONLINE
T103158,M1018,C65015,2026-09-05 19:03:06,71063.79,INR,SUCCESS,ONLINE
T103159,M1026,C65374,2026-09-05 16:38:57,1419.97,INR,SUCCESS,QR
T103160,M1008,C60249,2026-09-05 07:14:49,3972.89,INR,SUCCESS,QR
T103161,M1019,C86709,2026-09-05 06:56:54,391.33,INR,SUCCESS,ONLINE
T103162,M1024,C83363,2026-09-05 19:06:56,43013.47,INR,SUCCESS,ONLINE
T103163,M1009,C61996,2026-09-05 21:49:54,15558.75,INR,SUCCESS,POS
T103164,M1019,C60080,2026-09-05 10:12:55,22803.26,INR,SUCCESS,ONLINE
T103165,M1021,C92638,2026-09-05 09:16:55,2607.60,INR,SUCCESS,ONLINE
T103166,M1026,C71124,2026-09-05 12:32:14,45117.12,INR,SUCCESS,ONLINE
T103167,M1010,C81997,2026-09-05 19:45:20,59012.85,INR,SUCCESS,QR
T103168,M1022,C54112,2026-09-05 14:36:25,75132.34,INR,SUCCESS,ONLINE
T103169,M1002,C87494,2026-09-05 08:34:35,50062.48,INR,SUCCESS,QR
T103170,M1010,C83143,2026-09-05 07:25:37,386864.73,INR,SUCCESS,QR
T103171,M1029,C74315,2026-09-05 12:57:21,1008.38,INR,SUCCESS,POS
T103172,M1020,C73826,2026-09-05 22:50:04,44957.40,INR,SUCCESS,ONLINE
T103173,M1024,C52164,2026-09-05 17:24:30,41144.11,INR,SUCCESS,QR
T103174,M1015,C62753,2026-09-05 10:13:12,294535.44,INR,SUCCESS,ONLINE
T103175,M1012,C54693,2026-09-05 07:46:10,2702.92,INR,SUCCESS,QR
T103176,M1008,C65712,2026-09-05 06:30:01,3996.65,INR,SUCCESS,QR
T103177,M1015,C85034,2026-09-05 18:51:32,395291.19,INR,SUCCESS,POS
T103178,M1024,C81075,2026-09-05 22:20:39,20434.53,INR,SUCCESS,POS
T103179,M1029,C79897,2026-09-05 14:16:44,41951.13,INR,SUCCESS,POS
T103180,M1003,C72238,2026-09-05 22:11:50,83288.76,INR,SUCCESS,ONLINE
T103181,M1007,C57347,2026-09-05 10:47:41,244102.92,INR,SUCCESS,QR
T103182,M1011,C74182,2026-09-05 16:28:41,164.35,INR,SUCCESS,ONLINE
T103183,M1007,C61720,2026-09-05 17:01:17,185820.13,INR,SUCCESS,QR
T103184,M1011,C71856,2026-09-05 21:17:15,163050.63,INR,SUCCESS,ONLINE
T103185,M1003,C87038,2026-09-05 18:52:27,11068.01,INR,SUCCESS,QR
T103186,M1018,C60581,2026-09-05 17:21:14,49289.54,INR,SUCCESS,ONLINE
T103187,M1025,C59648,2026-09-05 12:30:48,3296.02,INR,SUCCESS,ONLINE
T103188,M1018,C69551,2026-09-05 15:26:38,44210.02,INR,SUCCESS,QR
T103189,M1027,C79094,2026-09-05 06:18:05,12979.38,INR,SUCCESS,POS
T103190,M1020,C99179,2026-09-05 07:21:50,14521.53,INR,SUCCESS,POS
T103191,M1014,C70606,2026-09-05 20:08:53,48547.28,INR,SUCCESS,QR
T103192,M1021,C64362,2026-09-05 17:06:53,285755.18,INR,SUCCESS,ONLINE
T103193,M1011,C58900,2026-09-05 12:53:54,339008.36,INR,SUCCESS,QR
T103194,M1013,C51390,2026-09-05 20:04:43,196444.86,INR,SUCCESS,ONLINE
T103195,M1009,C90093,2026-09-05 12:11:20,33967.15,INR,SUCCESS,POS
T103196,M1018,C92641,2026-09-05 10:08:37,232018.31,INR,SUCCESS,ONLINE
T103197,M1011,C67102,2026-09-05 22:43:23,44400.69,INR,SUCCESS,POS
T103198,M1000,C56157,2026-09-05 09:12:28,217690.52,INR,FAILED,ONLINE
T103199,M1005,C74835,2026-09-05 17:56:53,262576.04,INR,SUCCESS,POS
T103200,M1016,C73173,2026-09-05 16:58:42,3345.36,INR,SUCCESS,ONLINE
T103201,M1020,C88207,2026-09-05 06:47:18,11497.11,INR,SUCCESS,QR
T103202,M1015,C56446,2026-09-05 15:48:12,3704.05,INR,SUCCESS,ONLINE
T103203,M1023,C83325,2026-09-05 15:38:31,3271.44,INR,REVERSED,ONLINE
T103204,M1007,C85123,2026-09-05 17:37:39,109497.01,INR,SUCCESS,ONLINE
T103205,M1022,C62449,2026-09-05 17:19:34,141331.30,INR,SUCCESS,POS
T103206,M1017,C58823,2026-09-05 12:08:10,2663.31,INR,FAILED,POS
T103207,M1029,C51405,2026-09-05 20:55:27,381289.61,INR,SUCCESS,POS
T103208,M1019,C78389,2026-09-05 18:53:49,28556.62,INR,SUCCESS,ONLINE
T103209,M1008,C62523,2026-09-05 18:25:31,344739.89,INR,SUCCESS,QR
T103210,M1003,C71092,2026-09-05 10:50:42,907.94,INR,SUCCESS,ONLINE
T103211,M1009,C61639,2026-09-05 12:24:16,2922.34,INR,SUCCESS,QR
T103212,M1005,C54434,2026-09-05 21:27:47,281533.57,INR,SUCCESS,POS
T103213,M1012,C67749,2026-09-05 20:11:18,3958.38,INR,FAILED,QR
T103214,M1029,C60854,2026-09-05 20:37:46,3344.08,INR,SUCCESS,QR
T103215,M1008,C99857,2026-09-05 13:28:21,328904.36,INR,SUCCESS,ONLINE
T103216,M1002,C88957,2026-09-05 22:44:46,259134.95,INR,SUCCESS,QR
T103217,M1010,C65236,2026-09-05 18:40:41,309998.55,INR,REVERSED,ONLINE
T103218,M1013,C54186,2026-09-05 17:12:44,261.43,INR,SUCCESS,ONLINE
T103219,M1028,C82947,2026-09-05 09:22:20,2737.50,INR,SUCCESS,ONLINE
T103220,M1028,C57945,2026-09-05 11:58:25,3525.86,INR,SUCCESS,ONLINE
T103221,M1002,C73966,2026-09-05 06:54:32,16182.77,INR,SUCCESS,ONLINE
T103222,M1015,C54407,2026-09-05 09:48:23,369304.86,INR,SUCCESS,QR
T103223,M1017,C66774,2026-09-05 12:06:42,58383.95,INR,SUCCESS,ONLINE
T103224,M1002,C95297,2026-09-05 10:29:11,238.72,INR,SUCCESS,POS
T103225,M1013,C52476,2026-09-05 11:44:44,646.73,INR,SUCCESS,POS
T103226,M1027,C93805,2026-09-05 17:55:11,844.44,INR,SUCCESS,QR
T103227,M1015,C51307,2026-09-05 11:47:18,109273.66,INR,SUCCESS,ONLINE
T103228,M1017,C64599,2026-09-05 09:40:16,190646.36,INR,SUCCESS,ONLINE
T103229,M1019,C59261,2026-09-05 08:40:05,8864.44,INR,SUCCESS,ONLINE
T103230,M1019,C77905,2026-09-05 15:49:02,27499.34,INR,SUCCESS,QR
T103231,M1003,C80210,2026-09-05 18:19:09,5352.15,INR,SUCCESS,ONLINE
T103232,M1017,C76334,2026-09-05 17:04:41,55319.40,INR,SUCCESS,POS
T103233,M1021,C99711,2026-09-05 10:25:31,237916.10,INR,SUCCESS,QR
T103234,M1008,C84611,2026-09-05 07:52:17,247361.87,INR,SUCCESS,ONLINE
T103235,M1011,C58374,2026-09-05 19:51:46,8253.45,INR,SUCCESS,QR
T103236,M1001,C98661,2026-09-05 16:36:32,2069.69,INR,SUCCESS,POS
T103237,M1006,C80253,2026-09-05 12:37:27,39459.46,INR,SUCCESS,QR
T103238,M1025,C70048,2026-09-05 18:06:23,38460.85,INR,SUCCESS,ONLINE
T103239,M1010,C88513,2026-09-05 22:04:37,156679.27,INR,SUCCESS,POS
T103240,M1017,C93056,2026-09-05 14:49:27,183730.46,INR,SUCCESS,POS
T103241,M1015,C99930,2026-09-05 06:53:54,587.07,INR,SUCCESS,ONLINE
T103242,M1019,C83325,2026-09-05 15:31:41,294727.48,INR,SUCCESS,ONLINE
T103243,M1019,C72055,2026-09-05 19:03:26,2199.11,INR,SUCCESS,ONLINE
T103244,M1003,C66729,2026-09-05 22:02:20,70926.05,INR,SUCCESS,ONLINE
T103245,M1005,C89274,2026-09-05 12:47:51,758.11,INR,FAILED,ONLINE
T103246,M1028,C95029,2026-09-05 10:30:26,56345.16,INR,SUCCESS,QR
T103247,M1023,C76989,2026-09-05 20:46:25,320545.22,INR,SUCCESS,POS
T103248,M1003,C84780,2026-09-05 08:14:25,379709.33,INR,SUCCESS,QR
T103249,M1001,C85289,2026-09-05 15:01:20,40570.27,INR,SUCCESS,QR
T103250,M1021,C71317,2026-09-05 13:10:51,23784.80,INR,SUCCESS,ONLINE
T103251,M1005,C64465,2026-09-05 09:36:50,227126.66,INR,SUCCESS,POS
T103252,M1025,C86106,2026-09-05 11:44:04,809.61,INR,SUCCESS,QR
T103253,M1010,C74768,2026-09-05 20:32:12,57876.75,INR,SUCCESS,QR
T103254,M1015,C84811,2026-09-05 14:22:11,1130.97,INR,SUCCESS,ONLINE
T103255,M1018,C80946,2026-09-05 12:55:51,1052.25,INR,SUCCESS,POS
T103256,M1019,C62463,2026-09-05 13:25:32,238047.31,INR,SUCCESS,POS
T103257,M1003,C86070,2026-09-05 13:52:58,385628.98,INR,SUCCESS,QR
T103258,M1004,C70603,2026-09-05 20:43:51,3562.87,INR,SUCCESS,ONLINE
T103259,M1021,C74577,2026-09-05 12:44:29,20440.63,INR,SUCCESS,QR
T103260,M1012,C58476,2026-09-05 21:25:47,125139.33,INR,SUCCESS,ONLINE
T103261,M1008,C61690,2026-09-05 18:16:05,1932.11,INR,REVERSED,QR
T103262,M1022,C65384,2026-09-05 07:43:55,385095.21,INR,SUCCESS,QR
T103263,M1010,C96194,2026-09-05 14:11:48,255772.92,INR,SUCCESS,QR
T103264,M1004,C50810,2026-09-05 16:50:21,15359.17,INR,SUCCESS,POS
T103265,M1017,C52532,2026-09-05 19:05:03,43132.60,INR,SUCCESS,POS
T103266,M1004,C85857,2026-09-05 10:55:54,1051.18,INR,SUCCESS,QR
T103267,M1017,C55520,2026-09-05 11:59:50,7961.84,INR,REVERSED,POS
T103268,M1009,C76910,2026-09-05 14:45:29,2586.02,INR,SUCCESS,QR
T103269,M1003,C66578,2026-09-05 07:44:25,219568.36,INR,SUCCESS,ONLINE
T103270,M1019,C98681,2026-09-05 14:46:34,44876.19,INR,SUCCESS,QR
T103271,M1024,C83613,2026-09-05 10:45:22,229428.62,INR,SUCCESS,ONLINE
T103272,M1009,C76160,2026-09-05 08:03:05,2015.11,INR,SUCCESS,QR
T103273,M1011,C87289,2026-09-05 12:45:34,164203.11,INR,SUCCESS,POS
T103274,M1010,C86073,2026-09-05 11:44:24,31081.51,INR,SUCCESS,ONLINE
T103275,M1011,C89939,2026-09-05 15:53:10,56917.36,INR,SUCCESS,POS
T103276,M1009,C88819,2026-09-05 10:32:01,398953.61,INR,SUCCESS,QR
T103277,M1015,C84484,2026-09-05 20:30:30,349003.75,INR,SUCCESS,QR
T103278,M1017,C87059,2026-09-05 18:26:58,382464.34,INR,SUCCESS,ONLINE
T103279,M1020,C56901,2026-09-05 12:50:38,2949.60,INR,SUCCESS,ONLINE
T103280,M1000,C81582,2026-09-05 17:58:24,36781.08,INR,SUCCESS,ONLINE
T103281,M1012,C75535,2026-09-05 21:01:18,16715.41,INR,SUCCESS,ONLINE
T103282,M1016,C54418,2026-09-05 16:40:16,89768.37,INR,SUCCESS,QR
T103283,M1019,C82084,2026-09-05 07:28:08,230716.33,INR,SUCCESS,ONLINE
T103284,M1005,C51898,2026-09-05 18:23:06,95688.05,INR,SUCCESS,POS
T103285,M1028,C70791,2026-09-05 14:19:42,22906.50,INR,SUCCESS,POS
T103286,M1007,C70461,2026-09-05 08:23:00,864.04,INR,SUCCESS,ONLINE
T103287,M1011,C50187,2026-09-05 20:46:27,50192.72,INR,SUCCESS,POS
T103288,M1015,C78932,2026-09-05 07:31:26,230224.90,INR,SUCCESS,POS
T103289,M1005,C67923,2026-09-05 18:13:59,799.72,INR,SUCCESS,ONLINE
T103290,M1017,C88100,2026-09-05 22:00:07,103663.77,INR,SUCCESS,QR
T103291,M1004,C55145,2026-09-05 10:21:53,15041.23,INR,SUCCESS,QR
T103292,M1011,C51336,2026-09-05 12:17:33,196584.90,INR,SUCCESS,ONLINE
T103293,M1018,C77245,2026-09-05 16:28:03,95325.01,INR,SUCCESS,QR
T103294,M1027,C53012,2026-09-05 08:35:38,45349.26,INR,SUCCESS,POS
T103295,M1018,C60357,2026-09-05 07:29:08,27428.22,INR,SUCCESS,QR
T103296,M1007,C73605,2026-09-05 18:10:37,37737.43,INR,SUCCESS,POS
T103297,M1022,C95737,2026-09-05 12:21:20,1808.88,INR,SUCCESS,POS
T103298,M1004,C74269,2026-09-05 13:05:40,395.76,INR,SUCCESS,ONLINE
T103299,M1028,C54278,2026-09-05 20:05:44,841.19,INR,SUCCESS,POS
T103300,M1015,C91035,2026-09-05 16:56:44,2269.87,INR,SUCCESS,ONLINE
T103301,M1003,C84460,2026-09-05 16:33:10,250830.13,INR,SUCCESS,QR
T103302,M1017,C89410,2026-09-05 11:10:22,2590.86,INR,SUCCESS,ONLINE
T103303,M1029,C80452,2026-09-05 15:39:01,40981.29,INR,SUCCESS,POS
T103304,M1011,C63572,2026-09-05 14:16:14,29520.16,INR,SUCCESS,QR
T103305,M1020,C87764,2026-09-05 21:09:21,182303.95,INR,SUCCESS,QR
T103306,M1004,C82214,2026-09-05 18:47:10,3289.62,INR,SUCCESS,POS
T103307,M1009,C55055,2026-09-05 17:15:10,227686.29,INR,SUCCESS,POS
T103308,M1002,C58191,2026-09-05 07:46:12,38904.15,INR,SUCCESS,ONLINE
T103309,M1000,C86855,2026-09-05 16:00:45,61798.84,INR,SUCCESS,POS
T103310,M1021,C77356,2026-09-05 14:11:38,7766.55,INR,FAILED,ONLINE
T103311,M1006,C76375,2026-09-05 10:05:17,2624.92,INR,SUCCESS,QR
T103312,M1028,C77939,2026-09-05 21:28:52,25810.59,INR,SUCCESS,POS
T103313,M1029,C63331,2026-09-05 08:17:26,312074.70,INR,SUCCESS,POS
T103314,M1013,C88758,2026-09-05 13:31:53,159683.46,INR,SUCCESS,QR
T103315,M1015,C87982,2026-09-05 07:29:06,10371.53,INR,SUCCESS,POS
T103316,M1003,C58454,2026-09-05 11:08:07,1798.07,INR,SUCCESS,POS
T103317,M1015,C83298,2026-09-05 14:56:50,102129.74,INR,SUCCESS,QR
T103318,M1000,C74980,2026-09-05 16:01:32,46198.88,INR,SUCCESS,POS
T103319,M1009,C75477,2026-09-05 06:39:15,3634.81,INR,SUCCESS,POS
T103320,M1010,C61518,2026-09-05 07:45:46,3238.21,INR,FAILED,POS
T103321,M1012,C50959,2026-09-05 18:50:12,210094.60,INR,SUCCESS,ONLINE
T103322,M1013,C82750,2026-09-05 10:17:21,118220.76,INR,SUCCESS,POS
T103323,M1001,C50721,2026-09-05 11:52:31,4788.57,INR,SUCCESS,ONLINE
T103324,M1008,C63924,2026-09-05 19:35:18,1776.48,INR,SUCCESS,POS
T103325,M1002,C88792,2026-09-05 13:46:37,392.72,INR,SUCCESS,QR
T103326,M1017,C98522,2026-09-05 10:50:08,46879.53,INR,FAILED,QR
T103327,M1025,C99396,2026-09-05 16:04:37,754.14,INR,SUCCESS,QR
T103328,M1020,C58996,2026-09-05 13:57:37,217039.25,INR,SUCCESS,ONLINE
T103329,M1004,C98828,2026-09-05 15:41:08,35944.24,INR,SUCCESS,ONLINE
T103330,M1028,C58488,2026-09-05 13:22:52,57245.00,INR,SUCCESS,POS
T103331,M1008,C71046,2026-09-05 16:23:17,99682.81,INR,SUCCESS,ONLINE
T103332,M1006,C87546,2026-09-05 07:29:48,40549.18,INR,SUCCESS,POS
T103333,M1015,C87138,2026-09-05 18:38:57,239327.45,INR,SUCCESS,ONLINE
T103334,M1006,C82240,2026-09-05 21:43:27,13157.05,INR,SUCCESS,QR
T103335,M1027,C91096,2026-09-05 10:37:56,673.94,INR,SUCCESS,ONLINE
T103336,M1013,C94392,2026-09-05 16:04:51,23294.66,INR,SUCCESS,ONLINE
T103337,M1014,C74405,2026-09-05 11:37:34,182946.05,INR,SUCCESS,QR
T103338,M1005,C89632,2026-09-05 20:14:28,93524.12,INR,SUCCESS,POS
T103339,M1008,C83145,2026-09-05 06:15:46,142935.53,INR,SUCCESS,ONLINE
T103340,M1029,C63066,2026-09-05 11:20:18,135383.17,INR,SUCCESS,POS
T103341,M1016,C92575,2026-09-05 17:49:11,377346.78,INR,SUCCESS,POS
T103342,M1016,C58701,2026-09-05 10:29:46,22933.44,INR,SUCCESS,POS
T103343,M1025,C86044,2026-09-05 20:22:15,43093.96,INR,SUCCESS,POS
T103344,M1010,C54577,2026-09-05 13:13:18,48702.12,INR,SUCCESS,POS
T103345,M1011,C99020,2026-09-05 19:14:52,2556.29,INR,SUCCESS,QR
T103346,M1021,C92131,2026-09-05 11:45:55,10444.79,INR,SUCCESS,ONLINE
T103347,M1000,C55804,2026-09-05 11:17:17,9779.98,INR,SUCCESS,ONLINE
T103348,M1007,C65547,2026-09-05 20:34:15,42264.30,INR,SUCCESS,POS
T103349,M1020,C52990,2026-09-05 16:43:56,1979.34,INR,SUCCESS,POS
T103350,M1002,C97010,2026-09-05 08:25:02,55707.85,INR,SUCCESS,QR
T103351,M1016,C81299,2026-09-05 16:28:42,11987.10,INR,SUCCESS,POS
T103352,M1028,C86968,2026-09-05 17:59:00,317307.00,USD,FAILED,ONLINE
T103353,M1014,C74031,2026-09-05 16:27:21,50917.93,INR,SUCCESS,QR
T103354,M1001,C91521,2026-09-05 14:33:46,263866.24,INR,SUCCESS,POS
T103355,M1006,C79333,2026-09-05 19:00:16,135251.23,INR,SUCCESS,QR
T103356,M1028,C67221,2026-09-05 14:55:39,50366.76,INR,FAILED,POS
T103357,M1019,C62136,2026-09-05 18:56:53,56966.33,INR,SUCCESS,QR
T103358,M1021,C56612,2026-09-05 14:24:19,373960.15,INR,SUCCESS,ONLINE
T103359,M1011,C65769,2026-09-05 16:15:13,3274.46,INR,SUCCESS,ONLINE
T103360,M1008,C96292,2026-09-05 18:33:46,5320.93,INR,FAILED,POS
T103361,M1004,C77649,2026-09-05 08:31:33,3146.39,INR,SUCCESS,POS
T103362,M1028,C96610,2026-09-05 06:11:49,636.35,INR,SUCCESS,QR
T103363,M1011,C69169,2026-09-05 19:00:59,56003.13,INR,SUCCESS,ONLINE
T103364,M1017,C90705,2026-09-05 07:21:53,3121.44,INR,SUCCESS,QR
T103365,M1021,C57622,2026-09-05 15:56:02,199794.23,INR,SUCCESS,QR
T103366,M1026,C79013,2026-09-05 21:15:04,2507.82,INR,SUCCESS,POS
T103367,M1018,C51125,2026-09-05 17:25:13,1939.03,INR,SUCCESS,POS
T103368,M1017,C60556,2026-09-05 12:21:25,25642.56,INR,SUCCESS,QR
T103369,M1020,C88154,2026-09-05 21:54:37,3341.61,INR,SUCCESS,POS
T103370,M1000,C80271,2026-09-05 19:59:35,1431.91,INR,SUCCESS,ONLINE
T103371,M1019,C83925,2026-09-05 14:54:07,383196.35,INR,SUCCESS,ONLINE
T103372,M1017,C81786,2026-09-05 11:49:08,1474.05,INR,SUCCESS,ONLINE
T103373,M1011,C56317,2026-09-05 13:32:31,214712.47,INR,SUCCESS,ONLINE
T103374,M1028,C75181,2026-09-05 13:09:08,281335.51,INR,SUCCESS,QR
T103375,M1023,C50264,2026-09-05 19:56:49,14338.96,INR,REVERSED,QR
T103376,M1012,C72947,2026-09-05 12:45:25,20597.52,INR,SUCCESS,QR
T103377,M1026,C85506,2026-09-05 16:19:38,243825.76,INR,SUCCESS,QR
T103378,M1024,C71639,2026-09-05 22:38:52,3293.51,INR,SUCCESS,QR
T103379,M1018,C58950,2026-09-05 11:45:03,44977.16,INR,SUCCESS,QR
T103380,M1010,C81610,2026-09-05 07:37:36,227778.71,INR,SUCCESS,QR
T103381,M1008,C78325,2026-09-05 08:48:51,70954.00,INR,SUCCESS,ONLINE
T103382,M1014,C88262,2026-09-05 19:52:46,3129.53,INR,SUCCESS,QR
T103383,M1026,C58808,2026-09-05 13:03:24,31872.66,INR,SUCCESS,POS
T103384,M1009,C61649,2026-09-05 11:03:13,42983.11,INR,SUCCESS,ONLINE
T103385,M1021,C64454,2026-09-05 19:20:40,29611.44,INR,SUCCESS,POS
T103386,M1004,C68195,2026-09-05 16:42:32,1465.91,INR,SUCCESS,ONLINE
T103387,M1020,C79653,2026-09-05 11:21:14,54784.82,INR,SUCCESS,POS
T103388,M1023,C66592,2026-09-05 17:42:29,74545.12,INR,SUCCESS,QR
T103389,M1003,C89727,2026-09-05 16:27:53,80853.20,INR,SUCCESS,ONLINE
T103390,M1011,C69225,2026-09-05 16:37:57,266611.71,USD,SUCCESS,QR
T103391,M1013,C66323,2026-09-05 12:26:52,108431.56,INR,SUCCESS,POS
T103392,M1003,C69855,2026-09-05 10:13:35,273836.04,INR,SUCCESS,POS
T103393,M1013,C87862,2026-09-05 08:45:24,173872.64,INR,SUCCESS,ONLINE
T103394,M1016,C67144,2026-09-05 18:34:34,117210.62,INR,SUCCESS,QR
T103395,M1007,C80269,2026-09-05 20:28:26,3763.97,INR,SUCCESS,POS
T103396,M1022,C96429,2026-09-05 19:57:56,385411.07,INR,SUCCESS,POS
T103397,M1017,C70996,2026-09-05 16:29:35,1463.77,INR,SUCCESS,ONLINE
T103398,M1012,C73141,2026-09-05 20:13:55,22305.36,INR,SUCCESS,ONLINE
T103399,M1005,C82870,2026-09-05 18:58:12,64391.06,INR,SUCCESS,POS
T103400,M1003,C89849,2026-09-05 10:54:42,511.96,INR,SUCCESS,ONLINE
T103401,M1008,C67909,2026-09-05 12:53:09,38027.45,INR,SUCCESS,QR
T103402,M1022,C61263,2026-09-05 22:06:52,11981.94,INR,SUCCESS,ONLINE
T103403,M1002,C94729,2026-09-05 13:41:35,306676.50,INR,SUCCESS,POS
T103404,M1000,C63777,2026-09-05 20:37:42,853.46,INR,SUCCESS,POS
T103405,M1011,C94911,2026-09-05 08:41:28,786.18,INR,SUCCESS,QR
T103406,M1019,C70425,2026-09-05 17:53:34,7277.52,INR,SUCCESS,POS
T103407,M1024,C57119,2026-09-05 06:59:44,250372.28,INR,SUCCESS,ONLINE
T103408,M1022,C64946,2026-09-05 18:13:51,3570.90,INR,SUCCESS,POS
T103409,M1028,C76158,2026-09-05 08:02:35,52255.92,INR,FAILED,ONLINE
T103410,M1015,C84062,2026-09-05 10:18:00,368560.54,INR,SUCCESS,ONLINE
T103411,M1006,C79414,2026-09-05 11:37:31,3009.57,INR,REVERSED,QR
T103412,M1007,C80150,2026-09-05 18:42:43,3669.59,INR,SUCCESS,POS
T103413,M1010,C54024,2026-09-05 07:28:34,3223.64,INR,FAILED,ONLINE
T103414,M1016,C54191,2026-09-05 11:53:36,2683.25,INR,SUCCESS,QR
T103415,M1004,C51099,2026-09-05 06:10:07,686.02,INR,SUCCESS,ONLINE
T103416,M1024,C91532,2026-09-05 18:14:40,2672.43,INR,SUCCESS,POS
T103417,M1012,C53528,2026-09-05 08:22:12,43781.69,INR,SUCCESS,POS
T103418,M1000,C54763,2026-09-05 22:08:04,324614.03,INR,SUCCESS,ONLINE
T103419,M1015,C87249,2026-09-05 08:02:14,643.24,INR,SUCCESS,QR
T103420,M1024,C60694,2026-09-05 18:40:43,3256.43,INR,SUCCESS,ONLINE
T103421,M1004,C94173,2026-09-05 11:10:54,1809.50,INR,SUCCESS,ONLINE
T103422,M1026,C70461,2026-09-05 21:42:34,3195.49,INR,SUCCESS,POS
T103423,M1000,C90662,2026-09-05 19:46:35,25825.79,INR,SUCCESS,QR
T103424,M1028,C62519,2026-09-05 09:13:36,66811.24,INR,SUCCESS,ONLINE
T103425,M1018,C63625,2026-09-05 09:06:38,220924.11,INR,REVERSED,POS
T103426,M1011,C91613,2026-09-05 07:06:23,3331.08,INR,SUCCESS,QR
T103427,M1010,C90892,2026-09-05 16:45:53,1531.89,INR,SUCCESS,ONLINE
T103428,M1006,C84453,2026-09-05 18:49:17,49596.16,INR,SUCCESS,ONLINE
T103429,M1019,C93179,2026-09-05 21:42:47,977.27,INR,SUCCESS,ONLINE
T103430,M1014,C82957,2026-09-05 08:16:38,3595.87,INR,SUCCESS,ONLINE
T103431,M1026,C81105,2026-09-05 17:48:43,3171.79,INR,SUCCESS,POS
T103432,M1002,C85859,2026-09-05 09:42:14,38679.89,INR,SUCCESS,ONLINE
T103433,M1001,C68918,2026-09-05 11:01:56,34796.95,INR,SUCCESS,POS
T103434,M1024,C62279,2026-09-05 19:24:05,253236.88,INR,SUCCESS,POS
T103435,M1019,C73794,2026-09-05 10:53:31,3869.89,INR,SUCCESS,POS
T103436,M1015,C84835,2026-09-05 18:03:49,255148.41,INR,SUCCESS,QR
T103437,M1021,C92770,2026-09-05 10:04:09,238.05,USD,SUCCESS,QR
T103438,M1001,C99988,2026-09-05 11:06:02,2254.50,INR,SUCCESS,QR
T103439,M1021,C76233,2026-09-05 09:38:33,43328.03,INR,SUCCESS,QR
T103440,M1029,C73132,2026-09-05 16:49:16,2217.88,INR,SUCCESS,POS
T103441,M1009,C55603,2026-09-05 16:37:38,212584.85,INR,SUCCESS,ONLINE
T103442,M1001,C57985,2026-09-05 21:21:38,273924.23,INR,FAILED,POS
T103443,M1011,C70927,2026-09-05 09:32:52,2488.07,INR,SUCCESS,POS
T103444,M1020,C58689,2026-09-05 08:53:17,2318.45,INR,SUCCESS,POS
T103445,M1005,C99872,2026-09-05 19:30:33,349737.71,INR,SUCCESS,POS
T103446,M1015,C54344,2026-09-05 20:05:20,2026.49,INR,SUCCESS,ONLINE
T103447,M1014,C80477,2026-09-05 19:04:29,1580.48,INR,SUCCESS,ONLINE
T103448,M1018,C87357,2026-09-05 10:30:26,171844.20,INR,SUCCESS,ONLINE
T103449,M1008,C54175,2026-09-05 11:11:24,124047.18,INR,SUCCESS,POS
T103450,M1020,C83242,2026-09-05 14:46:31,23579.80,INR,SUCCESS,POS
T103451,M1003,C63374,2026-09-05 09:52:35,552.06,INR,SUCCESS,QR
T103452,M1010,C67243,2026-09-05 21:36:21,44286.81,INR,SUCCESS,ONLINE
T103453,M1026,C81658,2026-09-05 10:05:03,156334.45,INR,SUCCESS,POS
T103454,M1002,C50706,2026-09-05 21:33:12,385202.78,INR,FAILED,ONLINE
T103455,M1028,C57014,2026-09-05 12:46:28,30723.53,INR,SUCCESS,QR
T103456,M1016,C74881,2026-09-05 06:48:59,2135.42,INR,SUCCESS,ONLINE
T103457,M1001,C84225,2026-09-05 09:29:44,3522.85,INR,SUCCESS,QR
T103458,M1011,C88178,2026-09-05 13:41:16,37277.71,INR,SUCCESS,POS
T103459,M1014,C60163,2026-09-05 07:18:33,5293.15,INR,SUCCESS,QR
T103460,M1026,C97995,2026-09-05 08:31:49,17799.38,INR,SUCCESS,QR
T103461,M1021,C92254,2026-09-05 15:28:11,371929.85,INR,SUCCESS,ONLINE
T103462,M1004,C76688,2026-09-05 08:46:56,241206.76,INR,SUCCESS,ONLINE
T103463,M1010,C58534,2026-09-05 16:32:13,1355.28,INR,SUCCESS,ONLINE
T103464,M1014,C58685,2026-09-05 14:18:56,81804.38,INR,SUCCESS,QR
T103465,M1013,C60648,2026-09-05 22:23:12,119641.51,INR,SUCCESS,POS
T103466,M1011,C51933,2026-09-05 18:47:34,93107.24,INR,SUCCESS,QR
T103467,M1017,C54796,2026-09-05 10:19:05,22281.47,INR,SUCCESS,ONLINE
T103468,M1026,C82745,2026-09-05 17:16:48,340927.12,INR,SUCCESS,QR
T103469,M1003,C94918,2026-09-05 07:04:26,1412.91,INR,SUCCESS,ONLINE
T103470,M1008,C69438,2026-09-05 15:10:49,2799.97,INR,SUCCESS,POS
T103471,M1028,C56107,2026-09-05 20:51:23,26486.04,INR,SUCCESS,ONLINE
T103472,M1001,C78767,2026-09-05 06:49:59,239177.92,INR,FAILED,POS
T103473,M1013,C55949,2026-09-05 13:32:19,1312.29,INR,FAILED,POS
T103474,M1014,C76125,2026-09-05 19:59:25,3539.83,INR,SUCCESS,ONLINE
T103475,M1024,C67151,2026-09-05 08:15:39,3619.03,INR,SUCCESS,QR
T103476,M1022,C98212,2026-09-05 17:37:42,9280.70,INR,FAILED,POS
T103477,M1007,C91664,2026-09-05 18:11:26,58858.28,INR,SUCCESS,POS
T103478,M1012,C86663,2026-09-05 17:30:10,16968.78,INR,SUCCESS,ONLINE
T103479,M1004,C97988,2026-09-05 13:47:31,2227.67,INR,SUCCESS,QR
T103480,M1023,C92967,2026-09-05 22:33:45,26968.26,INR,REVERSED,ONLINE
T103481,M1027,C98249,2026-09-05 14:44:52,111418.94,INR,SUCCESS,ONLINE
T103482,M1019,C61975,2026-09-05 18:55:16,34238.97,INR,SUCCESS,QR
T103483,M1024,C96278,2026-09-05 12:35:41,27849.82,INR,SUCCESS,ONLINE
T103484,M1023,C57144,2026-09-05 17:49:52,316975.08,INR,SUCCESS,QR
T103485,M1017,C72428,2026-09-05 20:47:08,7643.92,INR,SUCCESS,POS
T103486,M1017,C96139,2026-09-05 14:32:37,211008.57,INR,SUCCESS,POS
T103487,M1029,C93458,2026-09-05 06:14:45,4564.67,INR,SUCCESS,QR
T103488,M1024,C71602,2026-09-05 15:32:28,4910.49,INR,SUCCESS,QR
T103489,M1014,C68943,2026-09-05 13:39:55,2130.19,INR,SUCCESS,ONLINE
T103490,M1006,C72688,2026-09-05 20:10:51,385944.83,INR,SUCCESS,POS
T103491,M1024,C99583,2026-09-05 08:53:53,1431.45,INR,SUCCESS,QR
T103492,M1000,C81085,2026-09-05 07:33:20,2874.08,INR,SUCCESS,ONLINE
T103493,M1019,C91189,2026-09-05 12:37:29,38605.39,INR,SUCCESS,POS
T103494,M1011,C93560,2026-09-05 17:47:48,52731.32,INR,SUCCESS,ONLINE
T103495,M1012,C70526,2026-09-05 15:31:27,285069.71,INR,SUCCESS,QR
T103496,M1014,C59844,2026-09-05 21:39:14,275297.62,INR,SUCCESS,QR
T103497,M1015,C93809,2026-09-05 11:22:32,366364.69,INR,SUCCESS,POS
T103498,M1018,C91063,2026-09-05 06:14:57,76858.86,INR,SUCCESS,POS
T103499,M1004,C61764,2026-09-05 14:05:53,3330.77,INR,SUCCESS,QR
T103500,M1015,C67201,2026-09-05 14:47:58,3740.90,INR,SUCCESS,QR
T103501,M1014,C88397,2026-09-05 15:50:36,107826.88,INR,SUCCESS,ONLINE
T103502,M1022,C51645,2026-09-05 13:13:39,35246.06,INR,REVERSED,ONLINE
T103503,M1020,C79114,2026-09-05 17:45:02,58396.25,INR,SUCCESS,ONLINE
T103504,M1007,C73829,2026-09-05 09:28:33,394490.72,INR,SUCCESS,POS
T103505,M1012,C63862,2026-09-05 09:23:10,31126.31,INR,SUCCESS,QR
T103506,M1014,C87728,2026-09-05 08:24:56,2963.37,INR,SUCCESS,QR
T103507,M1014,C87762,2026-09-05 18:17:35,17232.46,INR,SUCCESS,POS
T103508,M1005,C72989,2026-09-05 22:54:35,165.29,INR,FAILED,POS
T103509,M1025,C53996,2026-09-05 06:56:57,40835.72,INR,SUCCESS,POS
T103510,M1000,C78990,2026-09-05 13:08:19,876.44,INR,SUCCESS,QR
T103511,M1021,C60482,2026-09-05 19:44:23,11814.26,INR,SUCCESS,POS
T103512,M1003,C98973,2026-09-05 19:15:04,28355.77,INR,SUCCESS,QR
T103513,M1017,C91878,2026-09-05 16:34:52,9695.00,INR,SUCCESS,ONLINE
T103514,M1027,C56109,2026-09-05 20:38:03,41653.38,INR,SUCCESS,QR
T103515,M1017,C64511,2026-09-05 22:45:56,309507.23,INR,SUCCESS,POS
T103516,M1015,C89944,2026-09-05 13:30:45,47106.15,INR,SUCCESS,QR
T103517,M1008,C87355,2026-09-05 06:28:09,2436.62,INR,SUCCESS,POS
T103518,M1000,C98260,2026-09-05 13:24:55,999.22,INR,FAILED,QR
T103519,M1011,C57790,2026-09-05 11:28:02,1140.32,INR,FAILED,QR
T103520,M1023,C81996,2026-09-05 20:28:05,538.29,INR,SUCCESS,POS
T103521,M1022,C70267,2026-09-05 10:26:36,217.73,INR,SUCCESS,ONLINE
T103522,M1009,C96637,2026-09-05 11:25:52,393875.64,INR,SUCCESS,QR
T103523,M1022,C80173,2026-09-05 18:04:17,52131.83,INR,SUCCESS,QR
T103524,M1011,C64406,2026-09-05 15:31:14,34847.17,INR,SUCCESS,QR
T103525,M1022,C67398,2026-09-05 19:53:14,18506.56,INR,SUCCESS,ONLINE
T103526,M1008,C57141,2026-09-05 22:20:48,2078.33,INR,SUCCESS,ONLINE
T103527,M1011,C78604,2026-09-05 21:48:43,396959.13,INR,SUCCESS,ONLINE
T103528,M1024,C56370,2026-09-05 22:36:10,134252.51,INR,SUCCESS,QR
T103529,M1020,C59574,2026-09-05 15:06:12,2388.18,INR,SUCCESS,POS
T103530,M1002,C89058,2026-09-05 21:02:38,76460.28,INR,SUCCESS,POS
T103531,M1022,C79310,2026-09-05 11:34:46,1749.01,INR,SUCCESS,ONLINE
T103532,M1007,C62375,2026-09-05 12:44:51,1601.77,INR,SUCCESS,POS
T103533,M1025,C56040,2026-09-05 07:05:16,31199.33,INR,SUCCESS,POS
T103534,M1002,C73738,2026-09-05 11:28:03,3677.96,INR,SUCCESS,QR
T103535,M1019,C92839,2026-09-05 13:04:14,196106.33,INR,SUCCESS,ONLINE
T103536,M1006,C78484,2026-09-05 11:36:49,151409.72,INR,SUCCESS,POS
T103537,M1020,C62446,2026-09-05 08:24:01,30979.94,INR,SUCCESS,POS
T103538,M1005,C96536,2026-09-05 10:30:07,875.67,INR,SUCCESS,QR
T103539,M1019,C96748,2026-09-05 22:40:20,9591.44,INR,SUCCESS,POS
T103540,M1005,C58664,2026-09-05 20:39:27,18066.19,INR,SUCCESS,QR
T103541,M1000,C96638,2026-09-05 13:16:51,1858.31,INR,SUCCESS,QR
T103542,M1003,C70188,2026-09-05 07:37:15,49389.32,INR,SUCCESS,QR
T103543,M1010,C58900,2026-09-05 19:12:42,269139.61,INR,SUCCESS,QR
T103544,M1015,C90896,2026-09-05 07:08:59,185365.52,INR,SUCCESS,POS
T103545,M1027,C53350,2026-09-05 11:26:33,18239.98,INR,REVERSED,ONLINE
T103546,M1024,C95683,2026-09-05 09:50:08,289420.01,INR,SUCCESS,QR
T103547,M1007,C79989,2026-09-05 19:09:17,135028.04,INR,SUCCESS,POS
T103548,M1002,C61524,2026-09-05 16:39:12,333468.41,INR,FAILED,POS
T103549,M1015,C81284,2026-09-05 20:10:29,30321.56,INR,SUCCESS,ONLINE
T103550,M1011,C98222,2026-09-05 13:59:50,238744.04,INR,SUCCESS,QR
T103551,M1029,C79807,2026-09-05 10:32:15,305785.90,INR,SUCCESS,POS
T103552,M1001,C57369,2026-09-05 09:47:09,157516.42,INR,SUCCESS,ONLINE
T103553,M1020,C55601,2026-09-05 08:22:46,36921.22,INR,SUCCESS,QR
T103554,M1017,C71733,2026-09-05 09:10:37,398076.34,INR,SUCCESS,QR
T103555,M1008,C81266,2026-09-05 15:53:35,18109.71,INR,SUCCESS,ONLINE
T103556,M1017,C88897,2026-09-05 13:21:08,30631.73,INR,SUCCESS,QR
T103557,M1007,C95893,2026-09-05 19:37:45,27108.77,INR,SUCCESS,QR
T103558,M1023,C72817,2026-09-05 06:12:28,680.26,INR,SUCCESS,ONLINE
T103559,M1017,C96093,2026-09-05 19:11:41,183030.68,INR,SUCCESS,QR
T103560,M1028,C62265,2026-09-05 16:56:25,774.12,INR,SUCCESS,POS
T103561,M1015,C56395,2026-09-05 18:33:35,67935.59,INR,SUCCESS,POS
T103562,M1011,C56389,2026-09-05 16:29:11,283.60,INR,SUCCESS,ONLINE
T103563,M1016,C84511,2026-09-05 20:04:58,3047.61,INR,SUCCESS,QR
T103564,M1009,C52140,2026-09-05 09:21:15,2881.21,INR,SUCCESS,POS
T103565,M1014,C84940,2026-09-05 06:55:35,3205.30,INR,SUCCESS,QR
T103566,M1014,C79765,2026-09-05 18:41:29,333188.86,INR,SUCCESS,ONLINE
T103567,M1008,C67120,2026-09-05 17:58:54,2112.94,INR,SUCCESS,ONLINE
T103568,M1005,C84289,2026-09-05 15:56:41,2967.99,INR,SUCCESS,QR
T103569,M1024,C81608,2026-09-05 06:29:05,279661.34,INR,SUCCESS,QR
T103570,M1026,C52717,2026-09-05 17:24:09,265757.90,INR,SUCCESS,ONLINE
T103571,M1021,C94455,2026-09-05 20:54:41,203285.96,INR,SUCCESS,QR
T103572,M1005,C72378,2026-09-05 16:45:14,24147.63,INR,SUCCESS,ONLINE
T103573,M1011,C91522,2026-09-05 19:35:01,3293.83,INR,SUCCESS,QR
T103574,M1006,C52502,2026-09-05 11:30:08,232.76,INR,SUCCESS,POS
T103575,M1013,C52059,2026-09-05 19:44:34,231158.81,INR,SUCCESS,ONLINE
T103576,M1003,C66348,2026-09-05 21:25:13,42110.45,INR,SUCCESS,POS
T103577,M1000,C98907,2026-09-05 17:44:54,77309.72,INR,SUCCESS,ONLINE
T103578,M1020,C58060,2026-09-05 06:17:08,78417.88,INR,SUCCESS,ONLINE
T103579,M1009,C58670,2026-09-05 15:52:18,3310.24,INR,SUCCESS,POS
T103580,M1026,C56054,2026-09-05 06:18:25,242578.08,INR,SUCCESS,ONLINE
T103581,M1000,C85380,2026-09-05 08:42:23,1985.36,INR,SUCCESS,ONLINE
T103582,M1025,C56692,2026-09-05 10:33:15,96271.79,INR,SUCCESS,ONLINE
T103583,M1013,C93746,2026-09-05 18:50:40,2184.88,INR,SUCCESS,QR
T103584,M1027,C83019,2026-09-05 18:42:57,295342.31,INR,SUCCESS,POS
T103585,M1012,C93522,2026-09-05 09:02:47,14142.22,USD,SUCCESS,QR
T103586,M1023,C63576,2026-09-05 15:26:59,131039.28,INR,SUCCESS,POS
T103587,M1013,C95167,2026-09-05 14:08:51,3246.75,INR,REVERSED,QR
T103588,M1022,C51986,2026-09-05 08:29:54,15613.44,INR,SUCCESS,ONLINE
T103589,M1001,C75463,2026-09-05 06:44:55,48483.27,INR,SUCCESS,POS
T103590,M1022,C84092,2026-09-05 16:02:11,92734.96,INR,SUCCESS,QR
T103591,M1006,C56442,2026-09-05 18:56:04,35882.26,INR,FAILED,ONLINE
T103592,M1013,C65817,2026-09-05 17:29:05,8343.30,INR,FAILED,QR
T103593,M1022,C64768,2026-09-05 09:56:24,3312.88,INR,SUCCESS,POS
T103594,M1025,C92826,2026-09-05 19:00:24,397390.65,INR,SUCCESS,POS
T103595,M1009,C93725,2026-09-05 08:52:39,17128.53,INR,SUCCESS,ONLINE
T103596,M1024,C60051,2026-09-05 06:55:01,334954.29,INR,SUCCESS,POS
T103597,M1005,C58839,2026-09-05 22:19:11,342415.12,INR,SUCCESS,ONLINE
T103598,M1027,C75263,2026-09-05 08:43:58,156914.96,INR,SUCCESS,POS
T103599,M1013,C59517,2026-09-05 07:27:10,339732.75,INR,SUCCESS,QR
T103600,M1012,C61937,2026-09-05 12:58:38,56681.36,INR,SUCCESS,POS
T103601,M1012,C55002,2026-09-05 22:28:26,42763.30,INR,FAILED,ONLINE
T103602,M1006,C86258,2026-09-05 20:08:54,1317.50,INR,SUCCESS,QR
T103603,M1027,C78036,2026-09-05 10:29:40,38468.37,INR,SUCCESS,ONLINE
T103604,M1020,C79367,2026-09-05 12:13:09,415.76,INR,SUCCESS,QR
T103605,M1022,C95432,2026-09-05 14:36:30,35137.77,INR,SUCCESS,ONLINE
T103606,M1012,C91903,2026-09-05 21:08:58,939.89,INR,SUCCESS,ONLINE
T103607,M1005,C97547,2026-09-05 14:27:48,1083.12,INR,SUCCESS,QR
T103608,M9999,C91216,2026-09-05 19:14:31,1731.87,INR,SUCCESS,QR
T103609,M1025,C59370,2026-09-05 18:47:29,2602.65,INR,SUCCESS,POS
T103610,M1007,C82074,2026-09-05 09:06:28,36012.45,INR,SUCCESS,QR
T103611,M1014,C56403,2026-09-05 20:28:32,642.57,INR,SUCCESS,QR
T103612,M1000,C56955,2026-09-05 12:46:05,320840.91,INR,SUCCESS,POS
T103613,M1007,C64904,2026-09-05 12:58:19,12618.61,INR,SUCCESS,QR
T103614,M1015,C88355,2026-09-05 15:18:05,2952.62,INR,SUCCESS,ONLINE
T103615,M1026,C55236,2026-09-05 20:13:49,248951.87,INR,SUCCESS,POS
T103616,M1027,C81205,2026-09-05 17:11:41,148429.99,INR,SUCCESS,POS
T103617,M1019,C55725,2026-09-05 20:48:44,281479.72,INR,SUCCESS,ONLINE
T103618,M1008,C56497,2026-09-05 21:46:24,713.20,INR,SUCCESS,POS
T103619,M1005,C87135,2026-09-05 06:28:30,2877.29,INR,SUCCESS,POS
T103620,M1020,C91340,2026-09-05 16:55:31,10834.60,INR,SUCCESS,QR
T103621,M1003,C86426,2026-09-05 15:08:31,26573.23,INR,SUCCESS,QR
T103622,M1010,C59716,2026-09-05 11:03:33,27919.54,INR,SUCCESS,ONLINE
T103623,M1025,C94879,2026-09-05 18:15:51,2021.46,INR,SUCCESS,QR
T103624,M1005,C92778,2026-09-05 06:56:22,199875.00,INR,SUCCESS,ONLINE
T103625,M1022,C73402,2026-09-05 11:49:57,1200.51,INR,SUCCESS,QR
T103626,M1010,C51556,2026-09-05 20:21:29,92443.04,INR,FAILED,QR
T103627,M1002,C60227,2026-09-05 15:27:56,191588.59,INR,SUCCESS,ONLINE
T103628,M1022,C90186,2026-09-05 08:47:47,64027.12,INR,SUCCESS,POS
T103629,M1000,C96744,2026-09-05 22:28:06,1714.30,INR,SUCCESS,ONLINE
T103630,M1029,C89899,2026-09-05 18:55:06,57533.19,INR,SUCCESS,ONLINE
T103631,M1012,C85024,2026-09-05 08:28:25,2286.24,INR,SUCCESS,ONLINE
T103632,M1017,C72684,2026-09-05 08:46:12,907.20,INR,SUCCESS,QR
T103633,M1027,C71736,2026-09-05 16:45:39,1365.91,INR,SUCCESS,POS
T103634,M1004,C84742,2026-09-05 16:00:30,304443.86,INR,FAILED,POS
T103635,M1007,C60030,2026-09-05 10:46:57,370665.65,INR,REVERSED,POS
T103636,M1013,C72817,2026-09-05 11:50:40,2716.70,INR,SUCCESS,POS
T103637,M1000,C88864,2026-09-05 21:42:22,1768.97,INR,SUCCESS,POS
T103638,M1006,C96659,2026-09-05 17:42:50,295985.77,INR,SUCCESS,POS
T103639,M1026,C81266,2026-09-05 08:50:32,3876.74,INR,FAILED,QR
T103640,M1011,C91702,2026-09-05 22:41:41,28317.67,INR,SUCCESS,POS
T103641,M1016,C91066,2026-09-05 20:35:05,719.10,INR,SUCCESS,POS
T103642,M1002,C70058,2026-09-05 06:04:17,398875.07,INR,SUCCESS,ONLINE
T103643,M1021,C73923,2026-09-05 18:39:38,261236.62,INR,SUCCESS,POS
T103644,M1006,C86240,2026-09-05 19:50:53,8619.62,INR,SUCCESS,QR
T103645,M1006,C98331,2026-09-05 12:07:22,36490.54,INR,SUCCESS,QR
T103646,M1029,C56260,2026-09-05 14:09:27,330793.53,INR,SUCCESS,ONLINE
T103647,M1020,C74556,2026-09-05 15:35:02,358842.44,INR,FAILED,POS
T103648,M1027,C77194,2026-09-05 10:24:05,27632.90,INR,SUCCESS,POS
T103649,M1011,C52827,2026-09-05 11:43:00,2565.60,INR,SUCCESS,QR
T103650,M1022,C95191,2026-09-05 09:36:28,182614.95,INR,SUCCESS,QR
T103651,M1012,C55017,2026-09-05 17:37:43,19991.26,INR,SUCCESS,QR
T103652,M1029,C86885,2026-09-05 18:30:54,3486.18,INR,SUCCESS,ONLINE
T103653,M1009,C64188,2026-09-05 09:39:28,37783.09,INR,SUCCESS,QR
T103654,M1015,C66083,2026-09-05 20:27:55,388787.03,INR,SUCCESS,QR
T103655,M1022,C99066,2026-09-05 11:16:32,263553.38,INR,SUCCESS,QR
T103656,M1017,C62305,2026-09-05 08:44:34,48182.43,INR,SUCCESS,ONLINE
T103657,M1026,C79357,2026-09-05 21:18:12,6418.85,INR,SUCCESS,POS
T103658,M1025,C77651,2026-09-05 10:37:15,48593.37,INR,SUCCESS,ONLINE
T103659,M1028,C95283,2026-09-05 18:54:53,100500.68,INR,SUCCESS,QR
T103660,M1003,C96757,2026-09-05 09:52:09,3281.79,INR,FAILED,POS
T103661,M1028,C82243,2026-09-05 09:16:33,35784.70,INR,SUCCESS,POS
T103662,M1016,C71623,2026-09-05 06:42:26,18464.62,INR,SUCCESS,QR
T103663,M1001,C90310,2026-09-05 13:46:41,31274.94,INR,SUCCESS,QR
T103664,M1019,C72425,2026-09-05 21:20:28,932.40,INR,SUCCESS,QR
T103665,M1000,C95352,2026-09-05 16:26:53,193381.30,INR,SUCCESS,QR
T103666,M1013,C74157,2026-09-05 08:51:51,16460.34,INR,SUCCESS,ONLINE
T103667,M1022,C59519,2026-09-05 07:32:27,4469.28,INR,REVERSED,QR
T103668,M1001,C72974,2026-09-05 13:07:33,27344.63,INR,SUCCESS,QR
T103669,M1013,C78284,2026-09-05 08:45:13,48057.13,INR,SUCCESS,QR
T103670,M1015,C52337,2026-09-05 12:22:12,3382.68,INR,SUCCESS,QR
T103671,M1012,C64341,2026-09-05 09:53:13,99952.08,INR,SUCCESS,ONLINE
T103672,M1007,C87649,2026-09-05 15:27:16,14808.65,INR,SUCCESS,ONLINE
T103673,M1021,C76391,2026-09-05 08:19:25,41582.26,INR,FAILED,QR
T103674,M1022,C52212,2026-09-05 15:35:43,294233.11,INR,SUCCESS,QR
T103675,M1020,C57077,2026-09-05 22:02:53,3183.38,INR,SUCCESS,ONLINE
T103676,M1009,C72321,2026-09-05 19:40:30,51032.16,INR,SUCCESS,ONLINE
T103677,M1023,C62904,2026-09-05 13:04:26,302174.25,INR,SUCCESS,QR
T103678,M1010,C56760,2026-09-05 21:10:34,45474.87,INR,SUCCESS,ONLINE
T103679,M1020,C50326,2026-09-05 14:43:33,374774.07,INR,SUCCESS,QR
T103680,M1023,C57125,2026-09-05 07:31:16,7426.64,INR,SUCCESS,QR
T103681,M1020,C85762,2026-09-05 21:40:08,8568.49,INR,SUCCESS,POS
T103682,M1004,C85251,2026-09-05 22:57:07,121991.31,INR,SUCCESS,POS
T103683,M1020,C71854,2026-09-05 20:13:59,3041.63,INR,SUCCESS,ONLINE
T103684,M1010,C78116,2026-09-05 22:24:26,1115.97,INR,FAILED,POS
T103685,M1014,C69768,2026-09-05 07:00:53,38705.37,INR,SUCCESS,QR
T103686,M1004,C64263,2026-09-05 06:44:53,2985.14,INR,SUCCESS,QR
T103687,M1014,C89539,2026-09-05 08:31:56,199085.79,INR,SUCCESS,POS
T103688,M1004,C96946,2026-09-05 12:26:09,2006.88,INR,SUCCESS,QR
T103689,M1022,C87710,2026-09-05 14:59:24,3177.66,INR,SUCCESS,QR
T103690,M1023,C76173,2026-09-05 14:07:52,318501.87,INR,SUCCESS,POS
T103691,M1005,C71861,2026-09-05 14:11:04,27965.03,INR,SUCCESS,ONLINE
T103692,M1003,C83259,2026-09-05 11:16:18,177304.31,INR,SUCCESS,QR
T103693,M1003,C96495,2026-09-05 07:48:03,240246.48,INR,SUCCESS,POS
T103694,M1007,C80494,2026-09-05 14:45:24,78123.50,INR,SUCCESS,QR
T103695,M1022,C83883,2026-09-05 06:12:13,94888.03,INR,SUCCESS,QR
T103696,M1012,C95146,2026-09-05 19:27:53,49184.19,INR,SUCCESS,POS
T103697,M1010,C60094,2026-09-05 07:39:16,230273.66,INR,SUCCESS,QR
T103698,M1019,C87216,2026-09-05 16:05:12,3579.71,INR,SUCCESS,ONLINE
T103699,M1017,C70449,2026-09-05 07:49:13,33459.16,INR,SUCCESS,POS
T103700,M1001,C55181,2026-09-05 11:38:06,1351.33,INR,SUCCESS,POS
T103701,M1027,C63472,2026-09-05 09:14:36,177009.76,INR,SUCCESS,QR
T103702,M1012,C71542,2026-09-05 14:27:05,3650.71,INR,SUCCESS,POS
T103703,M1005,C99298,2026-09-05 17:54:51,1657.66,INR,SUCCESS,QR
T103704,M1024,C79941,2026-09-05 15:48:10,165907.45,INR,SUCCESS,ONLINE
T103705,M1005,C68692,2026-09-05 14:43:53,48113.10,INR,REVERSED,QR
T103706,M1002,C66663,2026-09-05 15:48:21,303540.75,INR,SUCCESS,POS
T103707,M1000,C99779,2026-09-05 12:32:36,1220.88,INR,SUCCESS,ONLINE
T103708,M1002,C69114,2026-09-05 18:10:54,246845.15,INR,SUCCESS,QR
T103709,M1022,C92462,2026-09-05 17:01:34,1092.44,INR,SUCCESS,QR
T103710,M1028,C94943,2026-09-05 19:39:04,274205.96,INR,SUCCESS,ONLINE
T103711,M1005,C72853,2026-09-05 22:57:17,2228.20,INR,SUCCESS,QR
T103712,M1013,C63378,2026-09-05 06:41:50,721.80,INR,SUCCESS,POS
T103713,M1021,C68224,2026-09-05 18:07:00,46513.13,INR,SUCCESS,POS
T103714,M1019,C57517,2026-09-05 11:18:32,3611.20,INR,SUCCESS,QR
T103715,M1013,C91014,2026-09-05 12:54:12,28499.05,INR,SUCCESS,ONLINE
T103716,M1011,C64846,2026-09-05 13:10:48,122474.86,INR,FAILED,QR
T103717,M1008,C96320,2026-09-05 16:24:07,52365.10,INR,SUCCESS,QR
T103718,M1023,C55186,2026-09-05 12:52:47,25904.32,INR,SUCCESS,POS
T103719,M1016,C61124,2026-09-05 16:44:41,8374.00,INR,SUCCESS,POS
T103720,M1006,C89141,2026-09-05 13:11:23,3666.20,INR,SUCCESS,ONLINE
T103721,M1002,C87716,2026-09-05 10:54:34,55162.62,INR,SUCCESS,POS
T103722,M1027,C59114,2026-09-05 21:53:22,147706.74,INR,SUCCESS,POS
T103723,M1025,C92279,2026-09-05 17:05:51,40962.64,INR,SUCCESS,POS
T103724,M1028,C80151,2026-09-05 08:37:41,49334.26,INR,SUCCESS,POS
T103725,M1009,C94130,2026-09-05 07:49:11,72933.79,INR,SUCCESS,QR
T103726,M1005,C84106,2026-09-05 22:24:32,1660.84,INR,SUCCESS,QR
T103727,M1022,C90278,2026-09-05 21:57:58,221389.65,INR,SUCCESS,ONLINE
T103728,M1027,C82862,2026-09-05 21:20:52,372966.59,INR,SUCCESS,QR
T103729,M1020,C76436,2026-09-05 18:16:02,988.13,INR,SUCCESS,ONLINE
T103730,M1004,C99374,2026-09-05 06:20:16,10381.85,INR,SUCCESS,POS
T103731,M1005,C76256,2026-09-05 18:12:55,51182.71,INR,SUCCESS,QR
T103732,M1012,C93218,2026-09-05 18:39:29,3094.01,INR,FAILED,POS
T103733,M1011,C80062,2026-09-05 21:58:30,30770.17,INR,SUCCESS,POS
T103734,M1008,C62632,2026-09-05 15:42:59,2988.38,INR,FAILED,QR
T103735,M1010,C85068,2026-09-05 21:51:41,208288.04,INR,SUCCESS,POS
T103736,M1023,C67610,2026-09-05 14:52:25,1186.39,INR,SUCCESS,ONLINE
T103737,M1012,C72039,2026-09-05 08:07:59,9291.92,INR,SUCCESS,ONLINE
T103738,M1003,C93755,2026-09-05 17:20:25,25794.28,INR,SUCCESS,POS
T103739,M1014,C51006,2026-09-05 07:48:05,3165.09,INR,SUCCESS,POS
T103740,M1011,C95398,2026-09-05 14:34:04,480.62,INR,SUCCESS,ONLINE
T103741,M1025,C94610,2026-09-05 20:43:21,22717.17,INR,SUCCESS,ONLINE
T103742,M1008,C63820,2026-09-05 11:13:45,243918.82,INR,SUCCESS,ONLINE
T103743,M1025,C98932,2026-09-05 14:28:40,94846.59,INR,SUCCESS,POS
T103744,M1019,C58182,2026-09-05 07:17:28,6414.86,INR,SUCCESS,ONLINE
T103745,M1028,C50835,2026-09-05 11:34:24,1154.19,INR,SUCCESS,QR
T103746,M1009,C69110,2026-09-05 07:49:35,151338.59,INR,SUCCESS,ONLINE
T103747,M1009,C92830,2026-09-05 06:37:26,28181.91,INR,FAILED,POS
T103748,M1014,C83980,2026-09-05 10:25:33,2060.16,INR,SUCCESS,POS
T103749,M1006,C96312,2026-09-05 12:55:42,282768.35,INR,REVERSED,QR
T103750,M1028,C88639,2026-09-05 08:39:31,78704.91,INR,SUCCESS,POS
T103751,M1005,C56554,2026-09-05 15:27:12,4274.08,INR,SUCCESS,ONLINE
T103752,M1021,C93691,2026-09-05 09:15:23,26112.14,INR,SUCCESS,POS
T103753,M1028,C72619,2026-09-05 11:54:33,346247.79,INR,REVERSED,QR
T103754,M1006,C67244,2026-09-05 12:15:35,29963.88,INR,SUCCESS,QR
T103755,M1000,C69297,2026-09-05 07:38:57,31966.95,INR,SUCCESS,QR
T103756,M1004,C83651,2026-09-05 09:00:54,154746.22,INR,SUCCESS,ONLINE
T103757,M1020,C85334,2026-09-05 22:56:35,2311.36,INR,SUCCESS,QR
T103758,M1016,C95835,2026-09-05 22:48:05,229625.01,INR,SUCCESS,ONLINE
T103759,M1003,C96541,2026-09-05 13:26:15,11611.61,INR,SUCCESS,ONLINE
T103760,M1002,C59225,2026-09-05 19:09:34,304707.67,INR,SUCCESS,QR
T103761,M1016,C84601,2026-09-05 07:26:24,13562.51,INR,SUCCESS,ONLINE
T103762,M1017,C76825,2026-09-05 18:26:21,2512.48,INR,SUCCESS,POS
T103763,M1006,C95739,2026-09-05 08:19:52,1280.85,INR,SUCCESS,ONLINE
T103764,M1018,C59560,2026-09-05 15:31:27,58124.73,INR,SUCCESS,POS
T103765,M1008,C67040,2026-09-05 22:54:59,3736.22,INR,SUCCESS,POS
T103766,M1025,C72010,2026-09-05 12:49:37,3796.74,INR,SUCCESS,QR
T103767,M1008,C99451,2026-09-05 19:22:34,55591.18,INR,SUCCESS,POS
T103768,M1026,C66015,2026-09-05 12:50:06,184834.16,INR,SUCCESS,ONLINE
T103769,M1026,C57818,2026-09-05 15:47:20,20375.03,INR,SUCCESS,QR
T103770,M1006,C73955,2026-09-05 19:34:24,384206.37,INR,SUCCESS,POS
T103771,M1011,C73886,2026-09-05 08:29:16,92106.27,INR,SUCCESS,POS
T103772,M1027,C54859,2026-09-05 17:21:35,1055.42,INR,REVERSED,QR
T103773,M1016,C85626,2026-09-05 13:46:04,747.44,INR,SUCCESS,POS
T103774,M1026,C56457,2026-09-05 06:08:49,4034.70,INR,SUCCESS,POS
T103775,M1003,C81555,2026-09-05 08:48:10,447.21,INR,SUCCESS,ONLINE
T103776,M1025,C83980,2026-09-05 12:44:06,3544.53,INR,SUCCESS,QR
T103777,M1019,C98738,2026-09-05 16:33:34,276934.95,INR,SUCCESS,QR
T103778,M1022,C56346,2026-09-05 12:23:32,1356.94,INR,SUCCESS,QR
T103779,M1026,C78592,2026-09-05 17:54:26,225245.14,INR,SUCCESS,QR
T103780,M1022,C77778,2026-09-05 09:56:43,345533.84,INR,SUCCESS,ONLINE
T103781,M1021,C55427,2026-09-05 20:09:09,46479.77,INR,SUCCESS,ONLINE
T103782,M1017,C73456,2026-09-05 12:39:02,358.15,INR,SUCCESS,QR
T103783,M1028,C76753,2026-09-05 08:01:24,57982.35,INR,REVERSED,QR
T103784,M1024,C89952,2026-09-05 12:21:30,866.02,INR,SUCCESS,QR
T103785,M1010,C89117,2026-09-05 11:45:50,1274.33,INR,SUCCESS,POS
T103786,M1026,C54312,2026-09-05 08:42:51,3796.74,INR,SUCCESS,ONLINE
T103787,M1014,C69361,2026-09-05 21:58:16,208538.78,INR,REVERSED,QR
T103788,M1005,C50631,2026-09-05 06:42:08,30793.96,INR,SUCCESS,ONLINE
T103789,M1020,C77103,2026-09-05 15:03:59,167549.93,INR,SUCCESS,QR
T103790,M1027,C96708,2026-09-05 07:34:40,46577.73,INR,SUCCESS,QR
T103791,M1005,C93573,2026-09-05 09:10:33,27221.92,INR,SUCCESS,ONLINE
T103792,M1003,C63648,2026-09-05 16:47:57,338797.12,INR,REVERSED,POS
T103793,M1006,C84438,2026-09-05 22:58:36,339737.96,INR,SUCCESS,POS
T103794,M1003,C61654,2026-09-05 22:44:31,19678.11,INR,SUCCESS,POS
T103795,M1000,C72820,2026-09-05 21:18:30,3408.63,INR,FAILED,POS
T103796,M1029,C75599,2026-09-05 16:26:35,2620.64,INR,SUCCESS,QR
T103797,M1012,C87050,2026-09-05 06:17:56,617.86,INR,SUCCESS,POS
T103798,M1020,C52627,2026-09-05 07:17:46,207270.41,INR,FAILED,POS
T103799,M1013,C89485,2026-09-05 14:11:31,2614.70,INR,SUCCESS,ONLINE
T103800,M1001,C58929,2026-09-05 11:24:21,3878.57,INR,SUCCESS,QR
T103801,M1012,C95931,2026-09-05 17:15:15,141421.29,INR,SUCCESS,ONLINE
T103802,M1005,C99422,2026-09-05 14:13:42,29861.72,INR,SUCCESS,ONLINE
T103803,M1001,C81453,2026-09-05 17:24:30,124136.69,INR,SUCCESS,POS
T103804,M1009,C56255,2026-09-05 21:46:36,48676.95,INR,SUCCESS,ONLINE
T103805,M1012,C75980,2026-09-05 09:46:09,878.27,INR,SUCCESS,QR
T103806,M1022,C98722,2026-09-05 12:36:48,39441.46,INR,SUCCESS,ONLINE
T103807,M1012,C76199,2026-09-05 06:05:27,52748.19,INR,FAILED,POS
T103808,M1022,C89009,2026-09-05 15:39:19,36175.44,INR,SUCCESS,QR
T103809,M1021,C90183,2026-09-05 12:42:23,2201.12,INR,SUCCESS,QR
T103810,M1002,C87210,2026-09-05 07:52:30,10594.13,INR,SUCCESS,QR
T103811,M1013,C75709,2026-09-05 21:39:37,361528.89,INR,SUCCESS,QR
T103812,M1020,C60459,2026-09-05 10:01:34,58634.92,USD,SUCCESS,POS
T103813,M1028,C84904,2026-09-05 22:49:15,3179.04,INR,SUCCESS,QR
T103814,M1027,C69136,2026-09-05 11:35:10,2074.37,INR,FAILED,ONLINE
T103815,M1021,C80000,2026-09-05 09:23:23,325606.71,INR,SUCCESS,QR
T103816,M1012,C67110,2026-09-05 06:19:36,320045.13,INR,SUCCESS,QR
T103817,M1012,C96017,2026-09-05 10:19:44,307000.80,INR,SUCCESS,POS
T103818,M1019,C57232,2026-09-05 20:41:47,56430.52,INR,SUCCESS,QR
T103819,M1009,C89972,2026-09-05 10:24:11,424.11,INR,REVERSED,ONLINE
T103820,M1026,C80192,2026-09-05 20:13:18,2404.05,INR,SUCCESS,QR
T103821,M1021,C99871,2026-09-05 19:33:17,43675.48,INR,REVERSED,QR
T103822,M1015,C91063,2026-09-05 19:12:16,166205.30,INR,SUCCESS,POS
T103823,M1023,C90298,2026-09-05 10:27:31,37602.33,INR,SUCCESS,ONLINE
T103824,M1026,C52214,2026-09-05 07:27:38,9520.72,INR,SUCCESS,POS
T103825,M1024,C64248,2026-09-05 19:57:24,223594.97,INR,SUCCESS,QR
T103826,M1028,C75223,2026-09-05 17:19:17,266925.47,INR,SUCCESS,ONLINE
T103827,M1010,C70265,2026-09-05 14:21:18,289165.37,INR,SUCCESS,POS
T103828,M1013,C92898,2026-09-05 14:29:18,19063.77,INR,SUCCESS,QR
T103829,M1007,C78657,2026-09-05 16:22:49,3687.11,INR,SUCCESS,POS
T103830,M1017,C57104,2026-09-05 14:39:57,171694.32,INR,FAILED,POS
T103831,M1017,C67769,2026-09-05 08:41:19,211138.27,INR,FAILED,POS
T103832,M1024,C81775,2026-09-05 13:22:18,1246.04,INR,SUCCESS,QR
T103833,M1001,C55468,2026-09-05 09:23:32,72600.91,INR,SUCCESS,QR
T103834,M1020,C60821,2026-09-05 14:25:35,1240.66,INR,SUCCESS,ONLINE
T103835,M1017,C92017,2026-09-05 11:24:55,11208.87,INR,SUCCESS,POS
T103836,M1001,C78456,2026-09-05 15:33:57,19191.64,INR,SUCCESS,POS
T103837,M1004,C97778,2026-09-05 06:33:29,51319.23,INR,SUCCESS,POS
T103838,M1016,C98382,2026-09-05 14:45:05,37991.45,INR,SUCCESS,POS
T103839,M1022,C70458,2026-09-05 17:08:12,6315.13,INR,SUCCESS,QR
T103840,M1024,C53041,2026-09-05 07:18:47,47689.05,INR,SUCCESS,POS
T103841,M1002,C55542,2026-09-05 17:42:41,40113.92,INR,SUCCESS,POS
T103842,M1000,C84967,2026-09-05 09:00:23,131506.61,INR,SUCCESS,ONLINE
T103843,M1018,C69544,2026-09-05 07:04:25,399099.80,INR,SUCCESS,POS
T103844,M1014,C95459,2026-09-05 11:49:23,334.42,INR,SUCCESS,ONLINE
T103845,M1006,C65992,2026-09-05 19:58:10,245249.65,INR,SUCCESS,ONLINE
T103846,M1022,C87976,2026-09-05 18:08:14,1940.13,INR,SUCCESS,POS
T103847,M1005,C53623,2026-09-05 16:54:21,344034.71,INR,SUCCESS,POS
T103848,M1018,C50535,2026-09-05 19:08:39,182412.44,INR,SUCCESS,QR
T103849,M1018,C77301,2026-09-05 15:54:04,285066.09,INR,SUCCESS,QR
T103850,M1013,C91623,2026-09-05 06:57:34,3452.64,INR,SUCCESS,POS
T103851,M1006,C61090,2026-09-05 21:57:48,175644.15,INR,SUCCESS,QR
T103852,M1004,C66426,2026-09-05 20:21:31,52834.58,INR,SUCCESS,ONLINE
T103853,M1023,C91108,2026-09-05 17:10:04,283305.67,INR,SUCCESS,POS
T103854,M1024,C65123,2026-09-05 15:10:21,35276.34,INR,SUCCESS,POS
T103855,M1014,C67237,2026-09-05 06:46:10,39408.08,INR,SUCCESS,ONLINE
T103856,M1003,C90287,2026-09-05 12:00:57,615.66,INR,FAILED,QR
T103857,M1028,C81684,2026-09-05 12:35:09,2886.66,INR,SUCCESS,QR
T103858,M1004,C65563,2026-09-05 11:58:57,2308.49,INR,SUCCESS,POS
T103859,M1009,C86490,2026-09-05 09:26:00,273876.83,INR,SUCCESS,ONLINE
T103860,M1002,C63087,2026-09-05 10:04:57,367683.29,INR,SUCCESS,POS
T103861,M1018,C77186,2026-09-05 11:24:53,15886.13,INR,REVERSED,ONLINE
T103862,M1017,C55086,2026-09-05 15:28:27,224416.46,INR,SUCCESS,QR
T103863,M1017,C99128,2026-09-05 13:39:14,21814.16,INR,SUCCESS,POS
T103864,M1008,C88349,2026-09-05 12:50:25,191590.45,INR,SUCCESS,QR
T103865,M1027,C95296,2026-09-05 06:00:37,3552.35,INR,SUCCESS,QR
T103866,M1008,C76232,2026-09-05 18:47:08,2567.76,INR,SUCCESS,POS
T103867,M1016,C57187,2026-09-05 08:31:16,2228.47,INR,SUCCESS,QR
T103868,M1019,C88148,2026-09-05 14:56:47,103915.57,INR,SUCCESS,POS
T103869,M1025,C90251,2026-09-05 09:58:26,1754.47,INR,SUCCESS,POS
T103870,M1005,C86484,2026-09-05 13:12:04,126193.04,INR,FAILED,POS
T103871,M1003,C85720,2026-09-05 10:52:14,14367.43,INR,SUCCESS,QR
T103872,M1014,C64198,2026-09-05 19:30:36,2846.59,INR,SUCCESS,ONLINE
T103873,M1002,C90683,2026-09-05 21:01:11,2451.56,INR,SUCCESS,ONLINE
T103874,M1024,C89160,2026-09-05 18:59:24,3451.51,INR,SUCCESS,POS
T103875,M1010,C60337,2026-09-05 22:35:04,32912.62,INR,SUCCESS,POS
T103876,M1004,C50732,2026-09-05 18:37:18,423.71,INR,SUCCESS,ONLINE
T103877,M1020,C77573,2026-09-05 22:51:31,2166.52,INR,SUCCESS,ONLINE
T103878,M1007,C64723,2026-09-05 22:55:20,397135.64,INR,SUCCESS,ONLINE
T103879,M1027,C66907,2026-09-05 16:59:10,2336.92,INR,SUCCESS,POS
T103880,M1022,C91831,2026-09-05 18:10:27,234031.81,INR,SUCCESS,POS
T103881,M1003,C78139,2026-09-05 14:11:42,90594.35,INR,SUCCESS,QR
T103882,M1013,C89406,2026-09-05 13:47:45,23478.68,INR,SUCCESS,QR
T103883,M1019,C71703,2026-09-05 06:45:58,382857.39,INR,SUCCESS,QR
T103884,M1005,C74737,2026-09-05 22:46:01,30966.69,INR,SUCCESS,ONLINE
T103885,M1023,C61184,2026-09-05 13:42:05,136307.32,INR,SUCCESS,POS
T103886,M1006,C65602,2026-09-05 10:04:49,21291.51,INR,SUCCESS,QR
T103887,M1002,C62793,2026-09-05 12:46:48,4062.61,INR,SUCCESS,ONLINE
T103888,M1021,C80774,2026-09-05 08:20:14,18470.13,INR,SUCCESS,QR
T103889,M1012,C67137,2026-09-05 10:05:36,55389.65,INR,FAILED,QR
T103890,M1009,C77039,2026-09-05 17:49:08,2001.72,INR,SUCCESS,POS
T103891,M1011,C55846,2026-09-05 19:40:43,1566.82,INR,SUCCESS,QR
T103892,M1029,C87520,2026-09-05 16:23:12,58185.28,INR,SUCCESS,QR
T103893,M1000,C87541,2026-09-05 16:01:13,1584.22,INR,SUCCESS,POS
T103894,M1013,C93811,2026-09-05 20:32:48,34340.82,INR,SUCCESS,ONLINE
T103895,M1002,C62544,2026-09-05 06:01:07,49397.60,INR,SUCCESS,ONLINE
T103896,M1010,C72729,2026-09-05 10:01:28,2023.71,INR,SUCCESS,ONLINE
T103897,M1005,C67639,2026-09-05 06:33:35,3895.44,INR,SUCCESS,POS
T103898,M1017,C67426,2026-09-05 13:45:36,45077.68,INR,SUCCESS,ONLINE
T103899,M1013,C52630,2026-09-05 08:24:47,2541.01,INR,SUCCESS,QR
T103900,M1010,C74294,2026-09-05 12:24:51,23912.32,INR,SUCCESS,QR
T103901,M1029,C54144,2026-09-05 15:24:26,255005.51,INR,SUCCESS,QR
T103902,M1002,C62119,2026-09-05 21:38:38,121669.17,INR,SUCCESS,QR
T103903,M1025,C63734,2026-09-05 07:16:23,338737.56,INR,SUCCESS,POS
T103904,M1011,C92309,2026-09-05 09:56:36,3722.70,INR,SUCCESS,QR
T103905,M1026,C76509,2026-09-05 08:34:59,76091.04,INR,SUCCESS,POS
T103906,M1009,C68682,2026-09-05 14:29:20,2531.22,INR,SUCCESS,POS
T103907,M1013,C55975,2026-09-05 12:45:56,17817.70,INR,SUCCESS,QR
T103908,M1006,C62049,2026-09-05 15:28:31,51541.95,INR,SUCCESS,QR
T103909,M1010,C92946,2026-09-05 12:51:47,7245.65,INR,SUCCESS,ONLINE
T103910,M1014,C96504,2026-09-05 14:12:26,373723.74,INR,SUCCESS,POS
T103911,M1020,C66824,2026-09-05 11:40:12,29941.75,INR,SUCCESS,ONLINE
T103912,M1014,C55642,2026-09-05 09:41:45,26225.25,INR,FAILED,POS
T103913,M1019,C73319,2026-09-05 16:02:09,32752.87,INR,SUCCESS,POS
T103914,M1012,C78726,2026-09-05 18:17:33,358.91,INR,SUCCESS,ONLINE
T103915,M1017,C99175,2026-09-05 21:08:41,32923.87,INR,SUCCESS,POS
T103916,M1019,C85472,2026-09-05 15:01:39,2218.38,INR,SUCCESS,QR
T103917,M1021,C98537,2026-09-05 17:01:21,27426.40,INR,SUCCESS,POS
T103918,M1011,C71148,2026-09-05 22:10:58,1988.69,INR,SUCCESS,QR
T103919,M1028,C94500,2026-09-05 16:02:32,23830.95,INR,SUCCESS,POS
T103920,M1012,C94977,2026-09-05 08:32:20,56424.06,INR,SUCCESS,ONLINE
T103921,M1024,C66225,2026-09-05 14:57:42,1156.24,INR,SUCCESS,POS
T103922,M1017,C66160,2026-09-05 18:07:40,2467.15,USD,SUCCESS,ONLINE
T103923,M1020,C74979,2026-09-05 11:20:48,34400.38,INR,SUCCESS,POS
T103924,M1023,C60987,2026-09-05 19:45:36,297.22,INR,SUCCESS,ONLINE
T103925,M1027,C86270,2026-09-05 14:23:05,46939.08,INR,SUCCESS,POS
T103926,M1004,C51912,2026-09-05 06:08:12,394351.22,INR,SUCCESS,POS
T103927,M1020,C84953,2026-09-05 17:51:32,75880.43,INR,SUCCESS,POS
T103928,M1003,C79272,2026-09-05 11:05:01,338279.06,INR,SUCCESS,POS
T103929,M1029,C89618,2026-09-05 07:36:30,16024.62,INR,SUCCESS,ONLINE
T103930,M1013,C87662,2026-09-05 20:27:41,37421.46,INR,SUCCESS,ONLINE
T103931,M1024,C65542,2026-09-05 06:54:43,34652.07,INR,SUCCESS,QR
T103932,M1004,C92946,2026-09-05 07:35:07,382797.62,INR,SUCCESS,ONLINE
T103933,M1008,C97277,2026-09-05 20:29:25,154941.71,INR,SUCCESS,ONLINE
T103934,M1026,C51312,2026-09-05 12:47:08,20029.28,INR,SUCCESS,ONLINE
T103935,M1006,C54761,2026-09-05 13:28:46,23549.63,INR,SUCCESS,ONLINE
T103936,M1026,C55313,2026-09-05 14:24:31,33706.91,INR,SUCCESS,POS
T103937,M1014,C56139,2026-09-05 07:44:37,351182.11,INR,SUCCESS,QR
T103938,M1009,C96269,2026-09-05 18:45:20,47190.05,INR,SUCCESS,POS
T103939,M1009,C86164,2026-09-05 12:05:50,20913.65,INR,SUCCESS,QR
T103940,M1007,C66081,2026-09-05 09:13:08,2474.18,INR,SUCCESS,ONLINE
T103941,M1002,C78877,2026-09-05 12:59:47,147495.04,INR,SUCCESS,POS
T103942,M1019,C93275,2026-09-05 14:41:23,64747.60,INR,SUCCESS,POS
T103943,M1006,C65035,2026-09-05 13:59:47,2968.18,INR,SUCCESS,QR
T103944,M1028,C80559,2026-09-05 22:10:39,542.22,INR,SUCCESS,QR
T103945,M1014,C79397,2026-09-05 20:20:55,155045.57,INR,SUCCESS,QR
T103946,M1000,C94858,2026-09-05 22:34:47,50829.26,INR,SUCCESS,QR
T103947,M1021,C83957,2026-09-05 19:52:43,230305.61,INR,SUCCESS,POS
T103948,M1014,C71820,2026-09-05 08:58:26,3331.48,INR,SUCCESS,POS
T103949,M1015,C51640,2026-09-05 14:34:14,41248.83,INR,SUCCESS,ONLINE
T103950,M1009,C64222,2026-09-05 08:00:19,3240.63,INR,SUCCESS,ONLINE
T103951,M1011,C50431,2026-09-05 19:54:27,1175.77,INR,SUCCESS,POS
T103952,M1019,C57011,2026-09-06 13:46:21,488.70,INR,SUCCESS,QR
T103953,M1018,C89893,2026-09-06 19:13:57,244897.14,INR,SUCCESS,POS
T103954,M1015,C85106,2026-09-06 19:02:48,242.85,INR,SUCCESS,QR
T103955,M1029,C53285,2026-09-06 08:22:07,13739.39,INR,FAILED,POS
T103956,M1027,C97708,2026-09-06 13:34:47,285296.84,INR,SUCCESS,POS
T103957,M1026,C76390,2026-09-06 21:31:37,261941.50,INR,SUCCESS,QR
T103958,M1000,C88955,2026-09-06 13:02:50,310570.36,INR,SUCCESS,ONLINE
T103959,M1022,C84489,2026-09-06 10:41:30,53798.51,INR,SUCCESS,POS
T103960,M1020,C65586,2026-09-06 14:13:31,3530.80,INR,SUCCESS,QR
T103961,M1017,C85874,2026-09-06 21:28:50,18520.97,INR,SUCCESS,ONLINE
T103962,M1017,C80347,2026-09-06 19:38:11,1952.23,INR,SUCCESS,POS
T103963,M1008,C68323,2026-09-06 06:46:52,204849.48,INR,SUCCESS,ONLINE
T103964,M1026,C60753,2026-09-06 22:16:54,221733.97,INR,SUCCESS,QR
T103965,M1009,C71045,2026-09-06 18:36:44,2423.84,INR,SUCCESS,ONLINE
T103966,M1013,C61422,2026-09-06 18:19:16,55813.27,INR,FAILED,POS
T103967,M1002,C56924,2026-09-06 19:02:58,93658.51,INR,SUCCESS,QR
T103968,M1005,C92616,2026-09-06 09:34:45,3224.93,INR,REVERSED,ONLINE
T103969,M1026,C63579,2026-09-06 14:41:55,332673.58,INR,SUCCESS,POS
T103970,M1028,C82614,2026-09-06 11:15:25,374237.79,INR,SUCCESS,QR
T103971,M1028,C91988,2026-09-06 17:09:29,268369.37,INR,SUCCESS,ONLINE
T103972,M1029,C99125,2026-09-06 15:07:27,22610.17,INR,SUCCESS,QR
T103973,M1017,C95803,2026-09-06 15:14:27,2447.56,INR,REVERSED,ONLINE
T103974,M1007,C67585,2026-09-06 19:28:25,11801.09,INR,SUCCESS,ONLINE
T103975,M1022,C93055,2026-09-06 08:38:11,45357.38,INR,SUCCESS,POS
T103976,M1004,C68306,2026-09-06 21:39:34,339482.84,INR,SUCCESS,ONLINE
T103977,M1006,C89736,2026-09-06 16:54:51,20936.91,INR,SUCCESS,ONLINE
T103978,M1002,C60370,2026-09-06 15:47:56,1975.68,INR,SUCCESS,ONLINE
T103979,M1015,C80366,2026-09-06 06:44:15,3398.30,INR,SUCCESS,QR
T103980,M1011,C83499,2026-09-06 11:31:12,12995.83,INR,SUCCESS,ONLINE
T103981,M1023,C97030,2026-09-06 20:40:11,32322.25,INR,FAILED,ONLINE
T103982,M1013,C81207,2026-09-06 13:41:35,178906.98,INR,SUCCESS,ONLINE
T103983,M1005,C83466,2026-09-06 10:27:23,394472.02,INR,SUCCESS,POS
T103984,M1001,C52539,2026-09-06 13:10:16,3262.27,INR,SUCCESS,POS
T103985,M1013,C95737,2026-09-06 15:06:21,1644.06,INR,SUCCESS,POS
T103986,M1016,C91487,2026-09-06 14:37:04,1038.55,INR,SUCCESS,ONLINE
T103987,M1020,C76349,2026-09-06 06:07:25,59336.43,INR,SUCCESS,POS
T103988,M1005,C92399,2026-09-06 17:54:37,48765.91,INR,SUCCESS,ONLINE
T103989,M1008,C68386,2026-09-06 13:36:38,401.76,INR,SUCCESS,ONLINE
T103990,M1007,C62073,2026-09-06 18:11:48,49612.63,INR,SUCCESS,QR
T103991,M1010,C59967,2026-09-06 18:16:16,1262.31,INR,FAILED,QR
T103992,M1007,C51505,2026-09-06 18:11:15,25807.65,INR,SUCCESS,QR
T103993,M1008,C90228,2026-09-06 20:26:53,278.27,INR,FAILED,ONLINE
T103994,M1016,C99405,2026-09-06 09:44:04,109264.47,INR,SUCCESS,QR
T103995,M1015,C88485,2026-09-06 22:37:38,118171.02,INR,SUCCESS,ONLINE
T103996,M1023,C97775,2026-09-06 08:43:24,213282.62,INR,SUCCESS,QR
T103997,M1019,C75985,2026-09-06 12:18:13,99157.05,INR,SUCCESS,QR
T103998,M1023,C63530,2026-09-06 12:56:17,3123.93,INR,SUCCESS,QR
T103999,M1001,C87902,2026-09-06 15:52:25,86855.65,INR,SUCCESS,POS
T104000,M1020,C91421,2026-09-06 10:20:16,3582.24,INR,SUCCESS,POS
T104001,M1017,C79430,2026-09-06 14:17:56,286648.63,INR,SUCCESS,POS
T104002,M1028,C90411,2026-09-06 11:52:12,2114.45,INR,SUCCESS,POS
T104003,M1029,C90490,2026-09-06 16:11:46,51964.46,INR,SUCCESS,POS
T104004,M1021,C63301,2026-09-06 16:17:28,3466.81,INR,SUCCESS,QR
T104005,M1020,C89574,2026-09-06 13:22:56,545.17,INR,SUCCESS,ONLINE
T104006,M1011,C66693,2026-09-06 10:54:37,7661.16,INR,SUCCESS,POS
T104007,M1007,C89771,2026-09-06 09:24:22,57137.43,INR,SUCCESS,POS
T104008,M1012,C76416,2026-09-06 07:03:44,274033.46,INR,SUCCESS,QR
T104009,M1017,C57278,2026-09-06 22:23:15,2204.05,INR,SUCCESS,ONLINE
T104010,M1007,C65704,2026-09-06 14:30:06,16794.64,INR,SUCCESS,POS
T104011,,C80346,2026-09-06 21:11:46,372459.38,INR,SUCCESS,QR
T104012,M1022,C94142,2026-09-06 11:27:29,9169.68,INR,SUCCESS,ONLINE
T104013,M1025,C66468,2026-09-06 22:07:09,102823.40,INR,SUCCESS,POS
T104014,M1001,C66694,2026-09-06 16:45:01,200.42,INR,SUCCESS,ONLINE
T104015,M1027,C56099,2026-09-06 07:51:55,327026.53,INR,SUCCESS,QR
T104016,M1019,C53320,2026-09-06 16:15:31,277985.56,INR,SUCCESS,POS
T104017,M1012,C86498,2026-09-06 16:24:58,150741.79,INR,SUCCESS,QR
T104018,M1020,C99873,2026-09-06 16:50:52,191451.81,INR,SUCCESS,QR
T104019,M1017,C88067,2026-09-06 21:53:50,1622.83,INR,FAILED,POS
T104020,M1020,C89319,2026-09-06 18:32:10,24239.92,INR,SUCCESS,POS
T104021,M1006,C89731,2026-09-06 16:06:05,720.63,INR,SUCCESS,ONLINE
T104022,M1002,C97625,2026-09-06 20:38:14,44812.81,INR,SUCCESS,ONLINE
T104023,M1004,C70874,2026-09-06 15:49:28,639.21,INR,SUCCESS,ONLINE
T104024,M1009,C50181,2026-09-06 19:42:44,239464.80,INR,SUCCESS,QR
T104025,M1009,C95559,2026-09-06 07:40:56,31203.70,INR,SUCCESS,POS
T104026,M1008,C95402,2026-09-06 09:49:10,56504.31,INR,SUCCESS,QR
T104027,M1004,C80918,2026-09-06 10:27:28,2838.42,INR,SUCCESS,POS
T104028,M1029,C72056,2026-09-06 08:12:05,24614.50,INR,SUCCESS,QR
T104029,M1001,C96242,2026-09-06 19:17:12,2762.87,INR,SUCCESS,POS
T104030,M1027,C77348,2026-09-06 22:38:57,1997.95,INR,FAILED,POS
T104031,M1011,C82882,2026-09-06 18:00:44,188484.35,INR,SUCCESS,ONLINE
T104032,M1008,C82167,2026-09-06 15:46:33,295782.15,INR,SUCCESS,ONLINE
T104033,M1010,C61945,2026-09-06 11:59:07,263019.72,INR,SUCCESS,POS
T104034,M1028,C91243,2026-09-06 22:03:50,30766.20,INR,SUCCESS,QR
T104035,M1012,C72638,2026-09-06 06:33:43,314039.68,INR,SUCCESS,ONLINE
T104036,M1004,C59457,2026-09-06 08:20:02,271353.13,INR,SUCCESS,QR
T104037,M1000,C82793,2026-09-06 06:22:47,942.51,INR,SUCCESS,POS
T104038,M1009,C67546,2026-09-06 13:12:26,39978.89,INR,SUCCESS,ONLINE
T104039,M1015,C81689,2026-09-06 21:54:01,211036.34,INR,SUCCESS,POS
T104040,M1023,C76068,2026-09-06 09:57:54,52282.42,INR,SUCCESS,ONLINE
T104041,M1016,C91605,2026-09-06 12:49:38,141127.13,INR,SUCCESS,QR
T104042,M1001,C58185,2026-09-06 21:03:33,971.26,INR,SUCCESS,POS
T104043,M1018,C93803,2026-09-06 07:55:33,110133.49,INR,SUCCESS,POS
T104044,M1016,C87476,2026-09-06 21:21:41,42841.59,INR,SUCCESS,POS
T104045,M1011,C80634,2026-09-06 10:15:47,387.61,INR,SUCCESS,QR
T104046,M1009,C64000,2026-09-06 06:33:03,194168.47,INR,SUCCESS,QR
T104047,M1006,C69431,2026-09-06 14:45:34,10088.39,INR,SUCCESS,POS
T104048,M1011,C98890,2026-09-06 17:24:36,37217.87,INR,SUCCESS,QR
T104049,M1004,C79689,2026-09-06 14:02:25,376526.56,INR,SUCCESS,POS
T104050,M1027,C95963,2026-09-06 07:15:28,3300.84,INR,SUCCESS,POS
T104051,M8888,C86530,2026-09-06 18:28:24,389775.78,INR,SUCCESS,QR
T104052,M1001,C86081,2026-09-06 21:32:25,39636.06,USD,SUCCESS,QR
T104053,M1004,C92091,2026-09-06 11:23:04,1845.39,INR,SUCCESS,POS
T104054,M1004,C69372,2026-09-06 10:35:27,189043.42,INR,SUCCESS,POS
T104055,M1004,C92790,2026-09-06 18:36:48,2757.84,INR,SUCCESS,POS
T104056,M1028,C68663,2026-09-06 09:08:22,53735.82,INR,SUCCESS,QR
T104057,M1020,C77817,2026-09-06 08:10:54,57697.94,INR,SUCCESS,QR
T104058,M1020,C67527,2026-09-06 13:48:46,1777.71,INR,SUCCESS,ONLINE
T104059,M1021,C54054,2026-09-06 11:22:59,1928.29,INR,FAILED,POS
T104060,M1004,C81214,2026-09-06 18:02:32,248286.13,INR,SUCCESS,POS
T104061,M1025,C92323,2026-09-06 15:55:56,285069.23,INR,SUCCESS,POS
T104062,M1005,C89916,2026-09-06 17:20:52,2012.27,INR,SUCCESS,POS
T104063,M1005,C72023,2026-09-06 08:26:46,44085.74,INR,SUCCESS,ONLINE
T104064,M1025,C55583,2026-09-06 16:45:05,21833.52,INR,SUCCESS,ONLINE
T104065,M1024,C58853,2026-09-06 22:48:44,293913.40,INR,SUCCESS,QR
T104066,M1027,C98957,2026-09-06 11:35:44,309.72,INR,SUCCESS,ONLINE
T104067,M1011,C79352,2026-09-06 12:53:19,2448.23,INR,SUCCESS,POS
T104068,M1011,C95619,2026-09-06 11:23:46,423.39,INR,SUCCESS,POS
T104069,M1001,C53884,2026-09-06 17:22:50,14247.02,INR,SUCCESS,POS
T104070,M1026,C99254,2026-09-06 10:06:52,86303.76,INR,SUCCESS,QR
T104071,M1013,C64490,2026-09-06 18:42:35,151632.37,INR,SUCCESS,POS
T104072,M1008,C83720,2026-09-06 13:20:52,81279.11,INR,SUCCESS,ONLINE
T104073,M1004,C98844,2026-09-06 15:50:37,253801.87,INR,SUCCESS,POS
T104074,M1004,C91241,2026-09-06 15:17:32,262138.50,INR,SUCCESS,QR
T104075,M1010,C79489,2026-09-06 15:53:45,194959.92,INR,SUCCESS,ONLINE
T104076,M1017,C72724,2026-09-06 11:55:47,164853.13,INR,SUCCESS,QR
T104077,M1025,C93590,2026-09-06 20:49:45,3728.60,INR,SUCCESS,ONLINE
T104078,M1013,C98986,2026-09-06 21:43:38,389.65,INR,SUCCESS,POS
T104079,M1023,C82698,2026-09-06 22:26:40,51921.36,INR,SUCCESS,ONLINE
T104080,M1018,C87328,2026-09-06 20:29:14,105406.22,INR,SUCCESS,QR
T104081,M1020,C67507,2026-09-06 07:45:33,7020.05,INR,SUCCESS,QR
T104082,M1007,C62288,2026-09-06 15:59:38,50590.17,INR,SUCCESS,POS
T104083,M1029,C78472,2026-09-06 22:45:53,7137.92,INR,FAILED,ONLINE
T104084,M1017,C56069,2026-09-06 16:40:36,159.92,INR,SUCCESS,ONLINE
T104085,M1017,C54140,2026-09-06 12:29:09,8270.88,INR,SUCCESS,ONLINE
T104086,M1008,C92893,2026-09-06 06:46:57,2397.54,INR,SUCCESS,QR
T104087,M1012,C67307,2026-09-06 21:06:55,398813.59,INR,FAILED,ONLINE
T104088,M1029,C89785,2026-09-06 11:46:26,3278.01,INR,SUCCESS,POS
T104089,M1013,C72106,2026-09-06 08:14:38,147581.10,INR,SUCCESS,QR
T104090,M1023,C52030,2026-09-06 16:40:06,324275.49,INR,SUCCESS,ONLINE
T104091,M1010,C80083,2026-09-06 08:52:46,19737.79,INR,SUCCESS,POS
T104092,M1024,C88693,2026-09-06 19:30:48,139761.72,INR,SUCCESS,POS
T104093,M1002,C69157,2026-09-06 15:20:23,1297.41,INR,SUCCESS,QR
T104094,M1028,C71582,2026-09-06 12:12:34,52035.08,INR,SUCCESS,ONLINE
T104095,M1007,C76745,2026-09-06 20:03:25,38315.83,INR,SUCCESS,ONLINE
T104096,M1002,C76135,2026-09-06 17:53:32,1354.19,INR,SUCCESS,POS
T104097,M1005,C80429,2026-09-06 07:59:36,304772.10,INR,SUCCESS,ONLINE
T104098,M1000,C96907,2026-09-06 10:48:45,2281.77,INR,SUCCESS,POS
T104099,M1003,C83548,2026-09-06 12:12:17,1568.72,INR,SUCCESS,POS
T104100,M1010,C98635,2026-09-06 09:23:25,15888.38,INR,SUCCESS,ONLINE
T104101,M1007,C75859,2026-09-06 13:08:01,1649.82,INR,SUCCESS,ONLINE
T104102,M1005,C67513,2026-09-06 20:03:36,495.55,INR,SUCCESS,QR
T104103,M1024,C92699,2026-09-06 17:58:04,2868.98,INR,SUCCESS,POS
T104104,M1009,C75577,2026-09-06 08:22:55,10957.42,INR,SUCCESS,ONLINE
T104105,M1006,C91353,2026-09-06 12:45:32,325323.25,INR,SUCCESS,POS
T104106,M1018,C57566,2026-09-06 13:11:42,80516.42,INR,SUCCESS,QR
T104107,M1013,C90737,2026-09-06 15:09:07,11908.14,INR,SUCCESS,ONLINE
T104108,M1015,C59971,2026-09-06 14:07:33,60334.24,INR,SUCCESS,ONLINE
T104109,M1011,C56906,2026-09-06 20:24:10,18293.40,INR,SUCCESS,ONLINE
T104110,M1010,C97955,2026-09-06 07:58:19,279786.81,INR,SUCCESS,ONLINE
T104111,M1028,C53146,2026-09-06 07:25:26,968.77,INR,SUCCESS,QR
T104112,M1019,C96902,2026-09-06 10:48:18,11627.08,INR,SUCCESS,ONLINE
T104113,M1028,C70856,2026-09-06 16:59:43,3803.33,INR,SUCCESS,ONLINE
T104114,M1028,C79758,2026-09-06 10:56:47,3173.03,INR,SUCCESS,POS
T104115,M1004,C94725,2026-09-06 16:27:50,55170.03,INR,SUCCESS,ONLINE
T104116,M1023,C61654,2026-09-06 17:39:41,37095.31,INR,SUCCESS,QR
T104117,M1021,C65172,2026-09-06 11:02:44,6904.15,INR,SUCCESS,QR
T104118,M1016,C62320,2026-09-06 14:11:11,29460.05,INR,SUCCESS,ONLINE
T104119,M1018,C83207,2026-09-06 08:23:50,283865.57,INR,SUCCESS,ONLINE
T104120,M1019,C64057,2026-09-06 09:48:10,1943.71,INR,SUCCESS,QR
T104121,M1019,C81008,2026-09-06 12:29:02,4906.56,INR,FAILED,POS
T104122,M1022,C96626,2026-09-06 17:34:27,35479.63,INR,SUCCESS,QR
T104123,M1012,C73999,2026-09-06 15:07:37,294313.38,INR,SUCCESS,ONLINE
T104124,M1029,C81772,2026-09-06 20:41:43,32446.72,INR,SUCCESS,ONLINE
T104125,M1025,C60708,2026-09-06 17:16:40,102083.98,INR,SUCCESS,POS
T104126,M1008,C74279,2026-09-06 06:00:40,3883.50,INR,SUCCESS,QR
T104127,M1014,C58359,2026-09-06 10:11:43,273368.65,INR,SUCCESS,QR
T104128,M1012,C97224,2026-09-06 09:45:36,59064.60,INR,SUCCESS,QR
T104129,M1010,C99878,2026-09-06 15:14:51,6557.68,INR,FAILED,ONLINE
T104130,M1018,C80305,2026-09-06 15:57:24,9373.13,INR,SUCCESS,ONLINE
T104131,M1025,C51279,2026-09-06 13:51:35,3538.81,INR,SUCCESS,POS
T104132,M1017,C60026,2026-09-06 19:51:54,2582.83,INR,SUCCESS,ONLINE
T104133,M1016,C69944,2026-09-06 07:12:07,46010.81,,SUCCESS,ONLINE
T104134,M1006,C58852,2026-09-06 06:37:48,243506.38,INR,SUCCESS,QR
T104135,M1029,C58139,2026-09-06 20:57:33,43684.32,INR,SUCCESS,QR
T104136,M1029,C67105,2026-09-06 07:39:37,47581.05,INR,SUCCESS,ONLINE
T104137,M1006,C96314,2026-09-06 19:06:41,29454.00,INR,SUCCESS,POS
T104138,M1016,C96567,2026-09-06 08:23:05,3643.82,INR,SUCCESS,ONLINE
T104139,M1001,C51261,2026-09-06 08:33:40,104942.19,INR,SUCCESS,ONLINE
T104140,M1024,C98211,2026-09-06 09:18:53,163533.24,INR,FAILED,QR
T104141,M1028,C76574,2026-09-06 22:00:45,241011.29,INR,SUCCESS,POS
T104142,M1029,C88949,2026-09-06 14:37:08,44249.89,INR,SUCCESS,POS
T104143,M1002,C50159,2026-09-06 20:16:54,383459.87,INR,SUCCESS,ONLINE
T104144,M1001,C57999,2026-09-06 13:37:23,1365.28,INR,SUCCESS,ONLINE
T104145,M1021,C81498,2026-09-06 16:35:24,362624.60,INR,SUCCESS,QR
T104146,M1013,C58717,2026-09-06 22:12:55,88530.53,INR,SUCCESS,QR
T104147,M1018,C66921,2026-09-06 12:53:24,2658.39,INR,SUCCESS,POS
T104148,M1002,C73048,2026-09-06 14:30:24,2753.51,INR,SUCCESS,ONLINE
T104149,M1002,C54946,2026-09-06 12:24:48,203042.01,INR,SUCCESS,QR
T104150,M1028,C83200,2026-09-06 16:59:54,3900.54,INR,SUCCESS,POS
T104151,M1006,C82651,2026-09-06 20:56:50,884.61,INR,SUCCESS,ONLINE
T104152,M1014,C78615,2026-09-06 10:03:09,3185.06,INR,SUCCESS,ONLINE
T104153,M1014,C93541,2026-09-06 19:13:33,195929.36,INR,SUCCESS,ONLINE
T104154,M1019,C86654,2026-09-06 14:24:10,3269.70,INR,SUCCESS,ONLINE
T104155,M1014,C89492,2026-09-06 12:13:35,39013.34,INR,FAILED,ONLINE
T104156,M1006,C71028,2026-09-06 07:06:21,258219.33,INR,SUCCESS,POS
T104157,M1022,C81739,2026-09-06 13:30:31,737.30,INR,SUCCESS,POS
T104158,M1012,C68006,2026-09-06 13:42:06,43577.45,INR,SUCCESS,QR
T104159,M1015,C65833,2026-09-06 11:31:19,11799.85,INR,SUCCESS,QR
T104160,M1020,C94219,2026-09-06 14:08:10,391304.52,INR,SUCCESS,QR
T104161,M1027,C58206,2026-09-06 14:12:17,2741.59,INR,SUCCESS,ONLINE
T104162,M1021,C94023,2026-09-06 16:14:03,1928.47,INR,SUCCESS,QR
T104163,M1018,C83832,2026-09-06 22:08:05,603.84,INR,SUCCESS,ONLINE
T104164,M1022,C69710,2026-09-06 20:05:06,18217.98,INR,SUCCESS,ONLINE
T104165,M1018,C65176,2026-09-06 15:51:08,3433.02,INR,SUCCESS,QR
T104166,M1005,C55364,2026-09-06 07:06:57,18850.73,INR,SUCCESS,ONLINE
T104167,M1003,C76229,2026-09-06 14:22:29,5128.39,INR,SUCCESS,POS
T104168,M1029,C65071,2026-09-06 20:11:46,2634.72,INR,SUCCESS,POS
T104169,M1012,C92944,2026-09-06 07:26:52,49585.62,INR,SUCCESS,ONLINE
T104170,M1019,C87223,2026-09-06 18:55:47,326151.89,INR,SUCCESS,QR
T104171,M1006,C51080,2026-09-06 07:32:22,3814.25,INR,SUCCESS,POS
T104172,M1025,C86028,2026-09-06 08:04:46,132965.48,INR,SUCCESS,ONLINE
T104173,M1023,C77571,2026-09-06 12:40:08,54265.72,INR,SUCCESS,QR
T104174,M1005,C90353,2026-09-06 13:26:55,2553.43,INR,SUCCESS,POS
T104175,M1025,C57283,2026-09-06 08:31:44,52673.80,INR,SUCCESS,QR
T104176,M1002,C60778,2026-09-06 22:15:35,306933.61,INR,SUCCESS,POS
T104177,M1007,C71017,2026-09-06 08:14:19,525.11,INR,SUCCESS,QR
T104178,M1017,C69929,2026-09-06 19:38:00,56882.51,INR,SUCCESS,POS
T104179,M1024,C58205,2026-09-06 14:26:49,22630.79,INR,FAILED,POS
T104180,M1006,C63870,2026-09-06 09:26:12,156712.52,INR,SUCCESS,QR
T104181,M1000,C71020,2026-09-06 15:57:09,42631.29,INR,SUCCESS,QR
T104182,M1013,C63298,2026-09-06 15:50:02,24422.91,INR,SUCCESS,ONLINE
T104183,M1010,C50030,2026-09-06 12:16:13,1894.61,INR,SUCCESS,ONLINE
T104184,M1001,C51651,2026-09-06 08:56:57,180760.55,INR,FAILED,POS
T104185,M1011,C82541,2026-09-06 13:59:43,792.57,INR,SUCCESS,POS
T104186,M1018,C79800,2026-09-06 20:55:50,363395.58,INR,SUCCESS,ONLINE
T104187,M1025,C91491,2026-09-06 20:58:13,83752.92,INR,SUCCESS,POS
T104188,M1022,C84876,2026-09-06 14:01:23,54241.22,INR,SUCCESS,POS
T104189,M1026,C78378,2026-09-06 07:33:02,58024.06,INR,SUCCESS,POS
T104190,M1014,C99254,2026-09-06 06:20:24,1597.10,INR,SUCCESS,POS
T104191,M1006,C66696,2026-09-06 18:38:21,317018.64,INR,SUCCESS,ONLINE
T104192,M1012,C51158,2026-09-06 16:47:53,38962.76,INR,SUCCESS,ONLINE
T104193,M1004,C87630,2026-09-06 17:41:19,968.16,INR,SUCCESS,ONLINE
T104194,M1004,C80567,2026-09-06 06:32:22,204193.81,INR,SUCCESS,QR
T104195,M1010,C96692,2026-09-06 17:36:56,386480.90,INR,SUCCESS,POS
T104196,M1007,C81414,2026-09-06 07:57:13,14593.45,INR,SUCCESS,POS
T104197,M1014,C79864,2026-09-06 16:04:17,316181.77,INR,SUCCESS,ONLINE
T104198,M1029,C78606,2026-09-06 08:33:23,280293.46,INR,SUCCESS,QR
T104199,M1020,C73334,2026-09-06 10:27:04,2932.01,INR,SUCCESS,ONLINE
T104200,M1029,C99267,2026-09-06 11:54:58,56563.27,INR,SUCCESS,QR
T104201,M1012,C87695,2026-09-06 22:59:16,2134.50,INR,SUCCESS,POS
T104202,M1014,C60462,2026-09-06 14:03:08,3311.46,INR,SUCCESS,QR
T104203,M1016,C59544,2026-09-06 14:50:54,269127.44,INR,SUCCESS,ONLINE
T104204,M1021,C67883,2026-09-06 14:32:54,388727.17,INR,SUCCESS,QR
T104205,M1007,C50934,2026-09-06 10:51:26,244575.30,INR,REVERSED,QR
T104206,M1022,C51918,2026-09-06 19:49:26,321086.00,INR,SUCCESS,ONLINE
T104207,M1025,C79518,2026-09-06 10:10:11,275333.88,INR,SUCCESS,ONLINE
T104208,M1028,C77120,2026-09-06 18:48:48,3527.29,INR,SUCCESS,ONLINE
T104209,M1028,C51395,2026-09-06 18:16:04,327642.02,INR,SUCCESS,POS
T104210,M1027,C69586,2026-09-06 16:08:43,194581.12,INR,SUCCESS,QR
T104211,M1009,C55067,2026-09-06 06:53:52,40525.64,INR,SUCCESS,POS
T104212,M1020,C95685,2026-09-06 07:39:45,27510.25,INR,SUCCESS,ONLINE
T104213,M1009,C98243,2026-09-06 19:36:32,10658.46,INR,SUCCESS,QR
T104214,M1003,C71780,2026-09-06 18:59:43,1948.12,INR,SUCCESS,ONLINE
T104215,M1000,C67607,2026-09-06 18:28:05,261455.21,INR,FAILED,QR
T104216,M1006,C60970,2026-09-06 22:57:00,1921.52,INR,SUCCESS,POS
T104217,M1010,C65191,2026-09-06 15:06:27,52248.40,INR,SUCCESS,POS
T104218,M1005,C64137,2026-09-06 21:13:07,19932.10,INR,SUCCESS,QR
T104219,M1022,C88329,2026-09-06 06:54:31,7794.28,INR,SUCCESS,QR
T104220,M1001,C58797,2026-09-06 16:32:00,48048.86,INR,SUCCESS,POS
T104221,M1014,C54122,2026-09-06 15:24:30,114380.59,INR,SUCCESS,QR
T104222,M1023,C79393,2026-09-06 11:07:00,1617.27,INR,SUCCESS,ONLINE
T104223,M1010,C96836,2026-09-06 13:54:49,2984.56,INR,SUCCESS,POS
T104224,M1010,C64609,2026-09-06 07:26:23,3278.20,INR,SUCCESS,QR
T104225,M1015,C69366,2026-09-06 17:18:49,11536.98,INR,SUCCESS,ONLINE
T104226,M1015,C78190,2026-09-06 13:11:02,8419.82,INR,SUCCESS,POS
T104227,M1010,C61588,2026-09-06 17:34:41,38237.57,INR,SUCCESS,QR
T104228,M1010,C51698,2026-09-06 11:22:00,375353.99,INR,REVERSED,ONLINE
T104229,M1005,C93777,2026-09-06 11:01:22,23467.71,INR,SUCCESS,QR
T104230,M1014,C91510,2026-09-06 17:41:06,55069.83,INR,SUCCESS,ONLINE
T104231,M1007,C87808,2026-09-06 16:01:55,29585.90,INR,SUCCESS,POS
T104232,M1000,C60273,2026-09-06 11:00:36,54858.88,INR,SUCCESS,POS
T104233,M1003,C72168,2026-09-06 18:39:32,208353.62,INR,SUCCESS,ONLINE
T104234,M1022,C92958,2026-09-06 12:43:44,17563.23,INR,SUCCESS,ONLINE
T104235,M1028,C83198,2026-09-06 09:52:33,2178.24,INR,SUCCESS,POS
T104236,M1014,C74523,2026-09-06 16:09:38,357916.67,INR,SUCCESS,ONLINE
T104237,M1012,C79942,2026-09-06 17:40:33,9841.19,INR,FAILED,ONLINE
T104238,M1003,C66379,2026-09-06 20:05:22,78113.67,INR,SUCCESS,ONLINE
T104239,M1011,C77544,2026-09-06 12:39:14,3842.33,INR,SUCCESS,QR
T104240,M1009,C61119,2026-09-06 15:40:59,350086.96,INR,SUCCESS,QR
T104241,M1019,C74364,2026-09-06 17:21:09,4962.92,INR,SUCCESS,POS
T104242,M1003,C91114,2026-09-06 09:53:12,3630.82,INR,SUCCESS,ONLINE
T104243,M1000,C68043,2026-09-06 07:49:57,852.59,INR,SUCCESS,POS
T104244,M1009,C84717,2026-09-06 09:27:08,2670.47,INR,SUCCESS,QR
T104245,M1017,C94156,2026-09-06 06:56:13,3718.66,INR,SUCCESS,POS
T104246,M1023,C94546,2026-09-06 20:47:39,2066.62,INR,SUCCESS,QR
T104247,M1001,C97178,2026-09-06 10:09:10,2686.86,INR,SUCCESS,POS
T104248,M1006,C56576,2026-09-06 06:22:04,296273.02,INR,SUCCESS,ONLINE
T104249,M1009,C71278,2026-09-06 10:06:22,1609.37,INR,SUCCESS,POS
T104250,M1024,C72329,2026-09-06 16:39:37,1532.79,INR,SUCCESS,POS
T104251,M1019,C76171,2026-09-06 06:07:12,83129.93,INR,SUCCESS,QR
T104252,M1007,C57014,2026-09-06 11:17:03,1233.16,INR,SUCCESS,QR
T104253,M1026,C62241,2026-09-06 06:17:25,43231.62,INR,SUCCESS,QR
T104254,M1014,C90173,2026-09-06 09:28:27,2408.53,INR,REVERSED,QR
T104255,M1009,C92924,2026-09-06 16:10:31,1613.97,INR,FAILED,POS
T104256,M1003,C77576,2026-09-06 18:03:32,22964.17,INR,SUCCESS,POS
T104257,M1025,C63374,2026-09-06 07:13:34,391906.71,INR,SUCCESS,QR
T104258,M1006,C73398,2026-09-06 08:44:13,1070.28,INR,SUCCESS,POS
T104259,M1010,C94912,2026-09-06 17:28:01,226395.16,INR,SUCCESS,POS
T104260,M1023,C98960,2026-09-06 10:24:51,298.79,INR,SUCCESS,ONLINE
T104261,M1016,C67402,2026-09-06 06:53:03,200618.10,INR,SUCCESS,QR
T104262,M1021,C82696,2026-09-06 22:52:45,36345.41,INR,SUCCESS,ONLINE
T104263,M1029,C59802,2026-09-06 12:51:00,1276.90,INR,SUCCESS,POS
T104264,M1024,C55263,2026-09-06 12:02:42,3538.28,INR,FAILED,POS
T104265,M1004,C50841,2026-09-06 09:39:09,131022.80,INR,SUCCESS,ONLINE
T104266,M1014,C65538,2026-09-06 09:46:42,227873.47,INR,SUCCESS,ONLINE
T104267,M1006,C58137,2026-09-06 13:13:02,373864.09,INR,SUCCESS,POS
T104268,M1015,C63028,2026-09-06 21:03:59,13738.04,INR,REVERSED,POS
T104269,M1018,C77226,2026-09-06 22:36:55,1739.49,INR,SUCCESS,QR
T104270,M1012,C89087,2026-09-06 15:14:17,233743.62,INR,SUCCESS,QR
T104271,M1001,C76055,2026-09-06 10:22:10,635.26,INR,SUCCESS,ONLINE
T104272,M1007,C97825,2026-09-06 14:19:12,45485.10,INR,SUCCESS,QR
T104273,M1020,C86796,2026-09-06 13:28:46,3946.32,INR,SUCCESS,POS
T104274,M1012,C53269,2026-09-06 13:04:59,342931.91,INR,FAILED,POS
T104275,M1028,C73525,2026-09-06 11:05:03,684.91,INR,SUCCESS,ONLINE
T104276,M1018,C71000,2026-09-06 14:32:24,322576.92,INR,SUCCESS,POS
T104277,M1023,C75582,2026-09-06 10:09:44,1400.76,INR,SUCCESS,ONLINE
T104278,M1018,C92231,2026-09-06 12:30:54,3638.98,INR,SUCCESS,POS
T104279,M1001,C88725,2026-09-06 07:39:09,280301.19,INR,SUCCESS,ONLINE
T104280,M1004,C81976,2026-09-06 16:47:10,2841.27,INR,SUCCESS,POS
T104281,M1011,C64687,2026-09-06 10:05:06,1305.25,INR,SUCCESS,ONLINE
T104282,M1024,C75957,2026-09-06 06:37:32,1789.12,INR,SUCCESS,POS
T104283,M1019,C82078,2026-09-06 07:35:29,50694.57,INR,SUCCESS,ONLINE
T104284,M1001,C52099,2026-09-06 16:37:34,27060.13,INR,SUCCESS,POS
T104285,M1000,C68223,2026-09-06 15:45:40,287633.07,INR,SUCCESS,POS
T104286,M1014,C64774,2026-09-06 07:20:22,31362.25,INR,SUCCESS,POS
T104287,M1002,C67408,2026-09-06 21:36:52,39547.15,INR,SUCCESS,ONLINE
T104288,M1000,C68222,2026-09-06 09:32:09,40677.38,INR,SUCCESS,QR
T104289,M1017,C58507,2026-09-06 20:17:50,1128.00,INR,SUCCESS,ONLINE
T104290,M1028,C98979,2026-09-06 17:30:41,34026.39,INR,SUCCESS,ONLINE
T104291,M1024,C88347,2026-09-06 06:32:18,2505.09,INR,SUCCESS,QR
T104292,M1008,C54882,2026-09-06 13:30:24,3590.33,INR,SUCCESS,ONLINE
T104293,M1007,C58776,2026-09-06 21:59:21,27694.22,INR,SUCCESS,POS
T104294,M1010,C56336,2026-09-06 19:27:20,4219.93,INR,SUCCESS,QR
T104295,M1012,C98540,2026-09-06 15:20:57,59831.09,INR,SUCCESS,ONLINE
T104296,M1029,C92534,2026-09-06 20:28:42,50078.89,INR,SUCCESS,POS
T104297,M1026,C64983,2026-09-06 22:07:29,63465.20,INR,SUCCESS,ONLINE
T104298,M1014,C69771,2026-09-06 15:14:35,120441.97,INR,SUCCESS,ONLINE
T104299,M1003,C72506,2026-09-06 15:12:34,64363.79,INR,SUCCESS,QR
T104300,M1027,C81916,2026-09-06 06:27:35,215001.86,INR,FAILED,QR
T104301,M1014,C83182,2026-09-06 11:46:04,27777.66,USD,SUCCESS,POS
T104302,M1001,C54420,2026-09-06 06:39:32,2398.53,INR,SUCCESS,POS
T104303,M1012,C62542,2026-09-06 09:27:55,44458.29,INR,SUCCESS,ONLINE
T104304,M1014,C63361,2026-09-06 13:31:06,128233.02,INR,SUCCESS,QR
T104305,M1004,C91021,2026-09-06 16:35:46,124957.02,INR,SUCCESS,ONLINE
T104306,M1005,C62751,2026-09-06 06:49:40,473.48,INR,SUCCESS,POS
T104307,M1025,C79386,2026-09-06 18:17:04,1945.03,INR,SUCCESS,ONLINE
T104308,M1015,C66963,2026-09-06 18:42:31,1213.10,INR,SUCCESS,QR
T104309,M1013,C63608,2026-09-06 11:23:29,1090.14,INR,FAILED,QR
T104310,M1020,C50123,2026-09-06 09:43:13,34511.00,INR,SUCCESS,ONLINE
T104311,M1026,C83827,2026-09-06 07:45:08,376450.22,INR,SUCCESS,ONLINE
T104312,M1023,C94982,2026-09-06 20:09:13,3781.35,INR,SUCCESS,QR
T104313,M1009,C63128,2026-09-06 13:25:53,928.73,INR,SUCCESS,QR
T104314,M1013,C50654,2026-09-06 11:53:07,114265.31,INR,SUCCESS,POS
T104315,M1009,C99186,2026-09-06 18:10:47,2879.24,INR,SUCCESS,ONLINE
T104316,M1018,C69218,2026-09-06 07:22:04,2749.54,INR,SUCCESS,QR
T104317,M1023,C99230,2026-09-06 08:02:43,3180.60,INR,SUCCESS,QR
T104318,M1013,C55801,2026-09-06 11:58:48,3589.79,INR,SUCCESS,ONLINE
T104319,M1022,C75402,2026-09-06 12:03:13,351959.61,INR,SUCCESS,ONLINE
T104320,M1025,C94549,2026-09-06 18:01:04,2076.49,INR,SUCCESS,ONLINE
T104321,M1000,C56206,2026-09-06 06:39:16,390410.71,INR,SUCCESS,QR
T104322,M1019,C65749,2026-09-06 09:11:15,9817.96,INR,SUCCESS,ONLINE
T104323,M1005,C77742,2026-09-06 18:57:34,180792.80,INR,SUCCESS,ONLINE
T104324,M1024,C96070,2026-09-06 06:27:18,2116.60,INR,SUCCESS,POS
T104325,M1029,C55063,2026-09-06 09:32:16,1692.59,INR,SUCCESS,ONLINE
T104326,M1007,C93278,2026-09-06 13:39:44,73867.14,INR,SUCCESS,QR
T104327,M1007,C81530,2026-09-06 09:36:37,399096.07,INR,SUCCESS,QR
T104328,M1001,C54861,2026-09-06 20:45:27,282573.98,INR,SUCCESS,POS
T104329,M1018,C96624,2026-09-06 15:10:47,256115.36,INR,SUCCESS,ONLINE
T104330,M1021,C84340,2026-09-06 14:47:40,388463.48,INR,SUCCESS,ONLINE
T104331,M1011,C90530,2026-09-06 21:37:02,3776.08,INR,SUCCESS,ONLINE
T104332,M1002,C89018,2026-09-06 19:54:28,2393.09,INR,SUCCESS,QR
T104333,M1009,C61635,2026-09-06 13:20:51,164152.05,INR,SUCCESS,QR
T104334,M1007,C91639,2026-09-06 20:54:30,259695.24,INR,SUCCESS,QR
T104335,M1015,C94958,2026-09-06 11:05:10,181.84,INR,SUCCESS,QR
T104336,M1010,C74095,2026-09-06 22:13:04,3613.66,INR,SUCCESS,ONLINE
T104337,M1005,C69022,2026-09-06 08:30:49,3064.77,INR,SUCCESS,ONLINE
T104338,M1027,C97029,2026-09-06 22:39:31,58877.06,INR,SUCCESS,QR
T104339,M1002,C87720,2026-09-06 13:12:36,293096.45,INR,SUCCESS,ONLINE
T104340,M1028,C89390,2026-09-06 08:17:51,118625.67,INR,SUCCESS,ONLINE
T104341,M1017,C87813,2026-09-06 14:26:59,236397.17,INR,SUCCESS,QR
T104342,M1017,C60187,2026-09-06 21:19:59,249.02,INR,SUCCESS,ONLINE
T104343,M1013,C97070,2026-09-06 13:36:36,128072.80,INR,SUCCESS,POS
T104344,M1014,C92405,2026-09-06 17:29:31,84790.51,INR,SUCCESS,ONLINE
T104345,M1013,C62190,2026-09-06 06:46:16,53261.96,INR,SUCCESS,ONLINE
T104346,M1014,C59172,2026-09-06 10:05:53,51566.57,INR,SUCCESS,POS
T104347,M1013,C63195,2026-09-06 09:17:03,79566.17,INR,SUCCESS,QR
T104348,M1028,C65594,2026-09-06 21:20:10,257995.36,INR,SUCCESS,ONLINE
T104349,M1023,C56113,2026-09-06 11:39:28,86380.56,INR,SUCCESS,ONLINE
T104350,M1013,C79990,2026-09-06 11:01:22,1920.93,INR,SUCCESS,ONLINE
T104351,M1028,C65044,2026-09-06 11:17:30,2716.41,INR,SUCCESS,QR
T104352,M1011,C92545,2026-09-06 16:32:20,72090.87,INR,SUCCESS,QR
T104353,M1005,C87731,2026-09-06 13:20:53,519.18,INR,SUCCESS,QR
T104354,M1014,C64900,2026-09-06 18:21:14,3945.08,INR,SUCCESS,QR
T104355,M1015,C86883,2026-09-06 20:32:52,20680.15,INR,SUCCESS,QR
T104356,M1003,C62643,2026-09-06 21:02:11,3336.53,INR,SUCCESS,ONLINE
T104357,M1016,C75437,2026-09-06 11:01:47,366624.24,INR,SUCCESS,ONLINE
T104358,M1023,C66051,2026-09-06 14:06:26,39000.35,INR,SUCCESS,ONLINE
T104359,M1009,C81775,2026-09-06 08:01:32,302643.32,INR,SUCCESS,ONLINE
T104360,M1027,C76748,2026-09-06 16:04:10,1493.25,INR,SUCCESS,ONLINE
T104361,M1023,C93864,2026-09-06 18:19:29,32394.46,INR,SUCCESS,POS
T104362,M1001,C69190,2026-09-06 22:11:08,267732.09,INR,SUCCESS,ONLINE
T104363,M1008,C91729,2026-09-06 07:39:03,59700.13,INR,SUCCESS,ONLINE
T104364,M1014,C73929,2026-09-06 08:00:37,29602.33,INR,SUCCESS,QR
T104365,M1004,C81164,2026-09-06 15:30:40,359728.61,INR,SUCCESS,POS
T104366,M1025,C93616,2026-09-06 15:38:10,339573.77,INR,SUCCESS,POS
T104367,M1024,C85837,2026-09-06 09:31:15,9338.26,INR,SUCCESS,ONLINE
T104368,M1009,C59509,2026-09-06 21:00:42,113277.39,INR,SUCCESS,POS
T104369,M1002,C59940,2026-09-06 15:59:29,251252.59,INR,SUCCESS,POS
T104370,M1015,C92306,2026-09-06 08:47:16,392.90,INR,SUCCESS,POS
T104371,M1025,C84324,2026-09-06 15:35:58,102844.02,INR,SUCCESS,QR
T104372,M1011,C84935,2026-09-06 13:00:00,13278.70,INR,SUCCESS,POS
T104373,M1013,C85991,2026-09-06 12:30:20,2141.97,INR,SUCCESS,QR
T104374,M1020,C93092,2026-09-06 12:00:01,326901.63,INR,SUCCESS,QR
T104375,M1025,C62474,2026-09-06 12:01:19,940.54,INR,SUCCESS,QR
T104376,M1002,C91175,2026-09-06 07:37:20,46306.62,INR,SUCCESS,ONLINE
T104377,M1002,C79792,2026-09-06 16:16:06,190940.02,INR,SUCCESS,ONLINE
T104378,M1008,C97447,2026-09-06 15:02:57,362.02,INR,SUCCESS,ONLINE
T104379,M1007,C72561,2026-09-06 13:30:48,3943.52,INR,SUCCESS,ONLINE
T104380,M1008,C58061,2026-09-06 15:57:25,2524.56,INR,FAILED,POS
T104381,M1000,C99924,2026-09-06 18:00:39,3562.78,INR,SUCCESS,QR
T104382,M1027,C88454,2026-09-06 21:29:05,3497.51,INR,REVERSED,QR
T104383,M1004,C98663,2026-09-06 19:03:21,3443.83,INR,SUCCESS,QR
T104384,M1018,C75178,2026-09-06 07:14:05,349359.55,INR,SUCCESS,ONLINE
T104385,M1027,C82565,2026-09-06 15:08:09,1242.13,INR,SUCCESS,ONLINE
T104386,M1002,C85611,2026-09-06 10:09:18,279827.83,INR,SUCCESS,QR
T104387,M1016,C55517,2026-09-06 19:12:03,39407.33,INR,SUCCESS,QR
T104388,M1020,C84295,2026-09-06 18:35:14,46311.08,INR,SUCCESS,POS
T104389,M1004,C71027,2026-09-06 21:13:07,32678.58,INR,SUCCESS,ONLINE
T104390,M1024,C89984,2026-09-06 15:47:32,286833.22,INR,SUCCESS,ONLINE
T104391,M1009,C79378,2026-09-06 17:53:00,9017.46,INR,SUCCESS,ONLINE
T104392,M1019,C54311,2026-09-06 19:27:26,6748.73,INR,SUCCESS,QR
T104393,M1008,C90304,2026-09-06 10:23:04,1975.23,INR,SUCCESS,QR
T104394,M1013,C70589,2026-09-06 15:27:02,40919.52,INR,REVERSED,QR
T104395,M1016,C59786,2026-09-06 12:46:55,2915.97,INR,SUCCESS,QR
T104396,M1009,C85953,2026-09-06 12:30:21,2165.75,INR,SUCCESS,POS
T104397,M1011,C98372,2026-09-06 17:57:37,2688.35,INR,FAILED,POS
T104398,M1022,C98067,2026-09-06 09:01:43,313436.03,INR,SUCCESS,QR
T104399,M1027,C75615,2026-09-06 16:46:35,67591.68,INR,SUCCESS,POS
T104400,M1009,C73582,2026-09-06 13:22:01,2479.85,INR,SUCCESS,QR
T104401,M8888,C62153,2026-09-06 21:33:34,8340.34,INR,SUCCESS,ONLINE
T104402,M1013,C58518,2026-09-06 21:23:37,193815.42,INR,SUCCESS,ONLINE
T104403,M1026,C53525,2026-09-06 14:37:04,28088.11,INR,FAILED,ONLINE
T104404,M1005,C85094,2026-09-06 16:53:17,26385.03,INR,SUCCESS,ONLINE
T104405,M1005,C70928,2026-09-06 06:58:34,240794.63,INR,SUCCESS,ONLINE
T104406,M1008,C72239,2026-09-06 14:08:18,2849.57,INR,SUCCESS,QR
T104407,M1010,C61378,2026-09-06 06:50:18,142890.73,INR,SUCCESS,ONLINE
T104408,M1024,C82390,2026-09-06 10:45:33,3084.30,INR,SUCCESS,POS
T104409,M1008,C51082,2026-09-06 09:48:26,1927.51,INR,SUCCESS,POS
T104410,M1005,C51264,2026-09-06 21:56:31,20136.82,INR,SUCCESS,POS
T104411,M1020,C58904,2026-09-06 15:31:21,28461.85,INR,SUCCESS,ONLINE
T104412,M1008,C73266,2026-09-06 18:06:42,29451.15,INR,FAILED,QR
T104413,M1015,C66894,2026-09-06 09:59:53,3444.39,INR,SUCCESS,QR
T104414,M1023,C51917,2026-09-06 15:20:54,1980.90,INR,SUCCESS,POS
T104415,M1018,C70969,2026-09-06 20:32:53,702.90,INR,SUCCESS,POS
T104416,M1010,C73860,2026-09-06 17:06:48,268946.58,INR,FAILED,POS
T104417,M1028,C63209,2026-09-06 20:49:39,1218.90,INR,REVERSED,POS
T104418,M1014,C67186,2026-09-06 17:24:16,1854.17,INR,SUCCESS,ONLINE
T104419,M1026,C62442,2026-09-06 20:13:09,3607.86,INR,SUCCESS,ONLINE
T104420,M1021,C85050,2026-09-06 09:00:53,827.37,INR,SUCCESS,POS
T104421,M1010,C54809,2026-09-06 17:54:25,28551.12,INR,SUCCESS,ONLINE
T104422,M1028,C89021,2026-09-06 10:48:42,42884.13,INR,SUCCESS,QR
T104423,M1025,C78241,2026-09-06 14:39:06,334.10,INR,SUCCESS,ONLINE
T104424,M1018,C93006,2026-09-06 15:44:36,29191.72,INR,SUCCESS,POS
T104425,M1024,C97106,2026-09-06 10:26:07,57350.65,INR,SUCCESS,QR
T104426,M1026,C93711,2026-09-06 17:57:01,143433.61,INR,SUCCESS,POS
T104427,M1004,C80499,2026-09-06 11:25:44,46669.00,INR,SUCCESS,POS
T104428,M1004,C77344,2026-09-06 14:03:15,20145.96,INR,SUCCESS,POS
T104429,M1004,C98092,2026-09-06 07:00:04,3426.64,INR,SUCCESS,POS
T104430,M1014,C96735,2026-09-06 11:12:06,302127.77,INR,SUCCESS,POS
T104431,M1008,C79985,2026-09-06 07:23:36,178.71,INR,SUCCESS,QR
T104432,M1010,C58730,2026-09-06 12:05:11,18833.70,INR,SUCCESS,QR
T104433,M1018,C80495,2026-09-06 15:10:30,103332.95,INR,SUCCESS,QR
T104434,M1006,C90060,2026-09-06 12:32:03,2603.45,INR,SUCCESS,ONLINE
T104435,M1009,C52580,2026-09-06 15:08:28,234123.17,INR,SUCCESS,ONLINE
T104436,M1007,C54052,2026-09-06 16:51:28,49530.95,INR,SUCCESS,POS
T104437,M1023,C85951,2026-09-06 21:51:43,3926.06,INR,SUCCESS,POS
T104438,M1026,C52938,2026-09-06 20:13:18,3231.70,INR,SUCCESS,ONLINE
T104439,M1020,C82659,2026-09-06 14:48:25,30787.28,INR,SUCCESS,ONLINE
T104440,M1026,C52590,2026-09-06 19:23:25,140530.06,INR,SUCCESS,QR
T104441,M1011,C63550,2026-09-06 07:23:35,3474.67,INR,SUCCESS,ONLINE
T104442,M1022,C72868,2026-09-06 10:08:32,247004.55,INR,SUCCESS,POS
T104443,M1020,C81883,2026-09-06 10:29:23,2087.25,INR,SUCCESS,POS
T104444,M1000,C69571,2026-09-06 08:05:41,1666.56,INR,SUCCESS,POS
T104445,M1016,C57929,2026-09-06 08:50:28,126244.21,INR,SUCCESS,ONLINE
T104446,M1003,C91096,2026-09-06 17:44:23,2838.98,INR,SUCCESS,ONLINE
T104447,M1017,C59337,2026-09-06 13:58:22,1856.86,INR,SUCCESS,ONLINE
T104448,M1028,C89709,2026-09-06 07:16:04,14526.84,INR,FAILED,QR
T104449,M1016,C95198,2026-09-06 22:08:51,172670.69,INR,SUCCESS,POS
T104450,M1025,C80679,2026-09-06 10:50:22,32224.74,INR,SUCCESS,QR
T104451,M1005,C59709,2026-09-06 22:35:07,54736.36,INR,SUCCESS,QR
T104452,M1011,C67949,2026-09-06 19:35:50,37192.31,INR,SUCCESS,QR
T104453,M1025,C58869,2026-09-06 22:23:53,140767.67,INR,FAILED,ONLINE
T104454,M1001,C71154,2026-09-06 19:58:01,59236.67,INR,SUCCESS,ONLINE
T104455,M1001,C75158,2026-09-06 13:07:03,3578.46,INR,SUCCESS,POS
T104456,M1023,C92524,2026-09-06 10:33:15,206.19,INR,SUCCESS,ONLINE
T104457,M1028,C66281,2026-09-06 13:15:46,617.06,INR,SUCCESS,ONLINE
T104458,M1001,C58839,2026-09-06 19:19:04,2438.68,INR,SUCCESS,POS
T104459,M1011,C90983,2026-09-06 07:06:47,21045.17,INR,SUCCESS,POS
T104460,M1000,C84499,2026-09-06 10:51:57,303764.98,INR,SUCCESS,POS
T104461,M1008,C99005,2026-09-06 13:51:11,177918.81,INR,SUCCESS,QR
T104462,M1023,C82756,2026-09-06 07:06:24,9784.02,INR,SUCCESS,QR
T104463,M1019,C95083,2026-09-06 09:24:24,2905.80,INR,SUCCESS,ONLINE
T104464,M1021,C76571,2026-09-06 10:02:43,645.15,INR,SUCCESS,POS
T104465,M1022,C50349,2026-09-06 12:34:42,1607.29,INR,SUCCESS,QR
T104466,M1021,C79435,2026-09-06 07:18:11,28493.21,INR,SUCCESS,POS
T104467,M1006,C96099,2026-09-06 07:33:48,191272.09,INR,SUCCESS,QR
T104468,M1017,C73435,2026-09-06 22:54:30,88414.03,INR,SUCCESS,POS
T104469,M1028,C82417,2026-09-06 22:45:59,56399.67,INR,SUCCESS,QR
T104470,M1023,C97364,2026-09-06 08:00:01,52879.77,INR,SUCCESS,ONLINE
T104471,M1025,C64017,2026-09-06 20:05:09,8562.58,INR,SUCCESS,POS
T104472,M1016,C97909,2026-09-06 19:56:01,303.02,INR,SUCCESS,POS
T104473,M1016,C59877,2026-09-06 22:56:34,2145.81,INR,SUCCESS,QR
T104474,M1029,C78878,2026-09-06 21:02:51,50722.74,INR,SUCCESS,POS
T104475,M1003,C69671,2026-09-06 17:19:39,17354.42,INR,SUCCESS,QR
T104476,M1007,C78302,2026-09-06 22:57:09,3660.79,INR,SUCCESS,QR
T104477,M1016,C79300,2026-09-06 06:06:53,146749.95,INR,SUCCESS,ONLINE
T104478,M1005,C99304,2026-09-06 17:08:40,15626.58,INR,SUCCESS,QR
T104479,M1005,C79908,2026-09-06 21:37:47,1007.08,INR,SUCCESS,QR
T104480,M1010,C60674,2026-09-06 17:19:49,16088.65,INR,SUCCESS,POS
T104481,M1027,C68076,2026-09-06 21:39:05,17415.05,INR,SUCCESS,POS
T104482,M1012,C51341,2026-09-06 19:38:56,3196.19,INR,SUCCESS,POS
T104483,M1011,C99855,2026-09-06 08:59:00,42538.53,INR,SUCCESS,POS
T104484,M1028,C64188,2026-09-06 22:55:28,55954.84,INR,SUCCESS,ONLINE
T104485,M1016,C54228,2026-09-06 10:02:25,388457.73,INR,SUCCESS,ONLINE
T104486,M1004,C90659,2026-09-06 17:56:39,31998.99,INR,SUCCESS,QR
T104487,M1011,C55719,2026-09-06 06:26:36,78097.79,INR,SUCCESS,QR
T104488,M1003,C98558,2026-09-06 16:45:02,142137.37,INR,SUCCESS,POS
T104489,M1017,C61629,2026-09-06 11:36:53,3728.80,INR,SUCCESS,POS
T104490,M1011,C92405,2026-09-06 15:59:34,2781.89,INR,SUCCESS,ONLINE
T104491,M1021,C60940,2026-09-06 13:54:16,3967.60,INR,SUCCESS,ONLINE
T104492,M1010,C57893,2026-09-06 12:16:31,603.59,INR,SUCCESS,ONLINE
T104493,M1026,C53235,2026-09-06 16:36:56,72546.72,INR,SUCCESS,QR
T104494,M1016,C68237,2026-09-06 07:17:16,778.57,INR,FAILED,QR
T104495,M1006,C77500,2026-09-06 19:01:40,12565.62,INR,SUCCESS,ONLINE
T104496,M1000,C62820,2026-09-06 22:10:30,36402.02,INR,SUCCESS,POS
T104497,M1025,C81688,2026-09-06 07:21:12,33056.35,INR,SUCCESS,QR
T104498,M1002,C82081,2026-09-06 14:00:37,347845.88,INR,SUCCESS,ONLINE
T104499,M1000,C93611,2026-09-06 20:57:34,32418.73,INR,SUCCESS,QR
T104500,M1028,C93228,2026-09-06 12:57:32,350076.30,INR,SUCCESS,QR
T104501,M1002,C79419,2026-09-06 07:20:53,30885.93,INR,FAILED,QR
T104502,M1020,C64333,2026-09-06 16:47:54,3387.75,INR,SUCCESS,POS
T104503,M1023,C66346,2026-09-06 22:12:05,309848.16,INR,SUCCESS,ONLINE
T104504,M1006,C51118,2026-09-06 08:47:28,41516.90,INR,SUCCESS,QR
T104505,M1027,C97752,2026-09-06 14:01:28,30217.19,INR,SUCCESS,QR
T104506,M1009,C51211,2026-09-06 12:37:53,27997.00,INR,SUCCESS,ONLINE
T104507,M1016,C93242,2026-09-06 18:55:19,390418.83,INR,SUCCESS,ONLINE
T104508,M1021,C69349,2026-09-06 18:34:11,1330.81,INR,SUCCESS,POS
T104509,M1006,C85599,2026-09-06 22:51:11,277.37,INR,REVERSED,QR
T104510,M1028,C60262,2026-09-06 15:01:58,1555.96,,FAILED,QR
T104511,M1017,C91679,2026-09-06 14:58:29,125666.49,INR,SUCCESS,QR
T104512,M1015,C89955,2026-09-06 10:37:28,179331.07,INR,SUCCESS,QR
T104513,M1025,C70297,2026-09-06 18:32:29,60028.99,INR,SUCCESS,ONLINE
T104514,M1004,C99539,2026-09-06 15:20:28,3461.81,IN,SUCCESS,QR
T104515,M1015,C94154,2026-09-06 09:56:06,3859.84,INR,SUCCESS,QR
T104516,M1019,C65298,2026-09-06 10:03:07,19819.17,INR,SUCCESS,POS
T104517,M1011,C63545,2026-09-06 10:17:54,285.55,INR,SUCCESS,POS
T104518,M1022,C59639,2026-09-06 09:12:28,51208.88,INR,SUCCESS,ONLINE
T104519,M1003,C67207,2026-09-06 22:07:08,36683.61,INR,SUCCESS,POS
T104520,M1014,C70642,2026-09-06 12:10:36,18854.13,INR,SUCCESS,POS
T104521,M1002,C87687,2026-09-06 17:12:23,332.46,INR,SUCCESS,ONLINE
T104522,M1025,C64244,2026-09-06 22:09:15,28029.86,INR,SUCCESS,QR
T104523,M1022,C55391,2026-09-06 22:14:20,49623.12,INR,SUCCESS,POS
T104524,M1026,C90850,2026-09-06 11:56:43,30910.58,INR,SUCCESS,POS
T104525,M1023,C96602,2026-09-06 17:27:24,212.82,INR,SUCCESS,QR
T104526,M1006,C95302,2026-09-06 08:29:32,2025.66,USD,FAILED,ONLINE
T104527,M1004,C84366,2026-09-06 06:43:46,104897.99,INR,SUCCESS,QR
T104528,M1023,C60006,2026-09-06 10:35:41,38619.71,INR,SUCCESS,ONLINE
T104529,M1021,C50805,2026-09-06 16:46:10,2919.25,INR,SUCCESS,QR
T104530,M1013,C55537,2026-09-06 12:34:46,1742.33,INR,SUCCESS,ONLINE
T104531,M1024,C63780,2026-09-06 21:41:48,968.99,INR,FAILED,QR
T104532,M1011,C69849,2026-09-06 15:08:49,2823.47,INR,SUCCESS,POS
T104533,M1012,C90553,2026-09-06 16:16:34,6783.52,INR,SUCCESS,ONLINE
T104534,M1009,C66013,2026-09-06 09:00:00,1640.81,INR,SUCCESS,POS
T104535,M1007,C60672,2026-09-06 12:36:30,3590.93,INR,SUCCESS,QR
T104536,M1014,C62833,2026-09-06 13:31:45,6086.16,INR,SUCCESS,POS
T104537,M1013,C66553,2026-09-06 10:57:59,1075.04,INR,SUCCESS,QR
T104538,M1017,C79155,2026-09-06 12:18:55,31775.62,INR,SUCCESS,POS
T104539,M1025,C96432,2026-09-06 08:45:53,61695.90,INR,FAILED,POS
T104540,M1012,C61459,2026-09-06 16:33:41,285962.55,INR,SUCCESS,POS
T104541,M1026,C53275,2026-09-06 16:44:09,361699.15,INR,SUCCESS,POS
T104542,M1024,C70623,2026-09-06 14:52:48,24837.37,USD,SUCCESS,POS
T104543,M1026,C53609,2026-09-06 12:01:23,49409.49,INR,REVERSED,POS
T104544,M1018,C84114,2026-09-06 06:13:45,3888.01,INR,SUCCESS,POS
T104545,M1006,C79430,2026-09-06 15:25:01,381071.54,INR,SUCCESS,ONLINE
T104546,M1023,C72607,2026-09-06 11:22:19,175905.39,INR,SUCCESS,QR
T104547,M1019,C73062,2026-09-06 19:59:28,3082.66,INR,SUCCESS,POS
T104548,M1003,C71989,2026-09-06 17:03:44,332026.76,INR,SUCCESS,ONLINE
T104549,M1020,C72840,2026-09-06 07:06:52,69199.09,INR,SUCCESS,QR
T104550,M1018,C63659,2026-09-06 16:53:31,39741.01,INR,SUCCESS,POS
T104551,M1006,C80802,2026-09-06 17:20:11,59474.39,INR,SUCCESS,QR
T104552,M1028,C92676,2026-09-06 21:53:41,373771.89,INR,SUCCESS,QR
T104553,M1024,C61119,2026-09-06 20:57:07,53373.71,INR,SUCCESS,QR
T104554,M1011,C81137,2026-09-06 20:09:41,2267.87,INR,SUCCESS,QR
T104555,M1003,C62683,2026-09-06 17:41:46,38307.81,INR,SUCCESS,ONLINE
T104556,M1006,C93521,2026-09-06 17:17:52,57305.67,INR,SUCCESS,QR
T104557,M1023,C54963,2026-09-06 14:50:41,941.84,INR,SUCCESS,ONLINE
T104558,M1021,C65049,2026-09-06 14:40:20,153647.68,INR,SUCCESS,POS
T104559,M1011,C88617,2026-09-06 17:51:16,3271.50,INR,SUCCESS,QR
T104560,M1014,C97438,2026-09-06 17:03:49,44841.14,INR,SUCCESS,ONLINE
T104561,M1022,C94656,2026-09-06 16:41:51,743.95,INR,SUCCESS,ONLINE
T104562,M1018,C92723,2026-09-06 19:16:27,193774.78,INR,SUCCESS,QR
T104563,M1026,C99520,2026-09-06 21:25:23,110748.76,INR,SUCCESS,ONLINE
T104564,M1004,C68110,2026-09-06 19:57:53,8180.32,INR,SUCCESS,QR
T104565,M1008,C76692,2026-09-06 16:24:41,539.34,INR,SUCCESS,POS
T104566,M1000,C91391,2026-09-06 10:54:40,71264.36,INR,SUCCESS,POS
T104567,M1003,C70380,2026-09-06 22:30:02,13449.80,INR,SUCCESS,QR
T104568,M1027,C79804,2026-09-06 10:17:46,22668.20,INR,SUCCESS,QR
T104569,M1009,C96382,2026-09-06 19:47:25,58708.00,INR,REVERSED,ONLINE
T104570,M1021,C71497,2026-09-06 11:32:01,2279.09,INR,SUCCESS,POS
T104571,M1000,C83995,2026-09-06 22:36:29,319589.75,INR,SUCCESS,POS
T104572,M1006,C62102,2026-09-06 17:13:05,3665.15,INR,FAILED,POS
T104573,M1014,C94270,2026-09-06 21:29:05,34335.21,INR,SUCCESS,POS
T104574,M1002,C60947,2026-09-06 08:52:30,40583.76,INR,SUCCESS,QR
T104575,M1020,C67371,2026-09-06 21:04:48,3330.88,INR,SUCCESS,QR
T104576,M1026,C80797,2026-09-06 13:55:32,370696.03,INR,SUCCESS,QR
T104577,M1005,C82903,2026-09-06 18:22:09,224530.74,INR,SUCCESS,POS
T104578,M1019,C85647,2026-09-06 07:37:22,273553.75,INR,SUCCESS,ONLINE
T104579,M1020,C84291,2026-09-06 16:49:08,183570.43,INR,SUCCESS,POS
T104580,M1006,C56651,2026-09-06 09:16:03,22408.38,INR,SUCCESS,POS
T104581,M1014,C72290,2026-09-06 19:58:20,230602.06,INR,SUCCESS,POS
T104582,M1002,C76613,2026-09-06 21:29:35,321301.55,INR,SUCCESS,ONLINE
T104583,M1014,C84882,2026-09-06 17:01:07,334799.85,INR,SUCCESS,POS
T104584,M1001,C71070,2026-09-06 22:01:57,46508.41,INR,SUCCESS,ONLINE
T104585,M1005,C70361,2026-09-06 13:31:35,322375.89,INR,SUCCESS,POS
T104586,M1026,C95136,2026-09-06 21:06:27,140903.50,INR,SUCCESS,POS
T104587,M1001,C67889,2026-09-06 21:50:42,206238.99,INR,SUCCESS,ONLINE
T104588,M1000,C87296,2026-09-06 18:33:09,268189.86,INR,SUCCESS,ONLINE
T104589,M1022,C61365,2026-09-06 21:07:40,345780.02,INR,SUCCESS,ONLINE
T104590,M1014,C96970,2026-09-06 09:54:40,216778.13,INR,SUCCESS,ONLINE
T104591,M1018,C68661,2026-09-06 08:43:52,685.07,INR,FAILED,POS
T104592,M1016,C69816,2026-09-06 19:07:58,3438.61,INR,SUCCESS,QR
T104593,M1007,C69604,2026-09-06 06:10:44,2027.16,INR,SUCCESS,QR
T104594,M1008,C54166,2026-09-06 18:03:09,5632.75,INR,FAILED,QR
T104595,M1016,C63057,2026-09-06 10:54:16,1034.96,INR,SUCCESS,ONLINE
T104596,M1003,C81241,2026-09-06 19:13:09,9649.69,INR,SUCCESS,ONLINE
T104597,M1028,C89725,2026-09-06 12:12:02,790.18,INR,SUCCESS,POS
T104598,M1002,C71797,2026-09-06 08:06:34,308922.02,INR,SUCCESS,ONLINE
T104599,M1023,C81457,2026-09-06 07:21:30,132002.18,INR,SUCCESS,POS
T104600,M1029,C66882,2026-09-06 21:38:24,145317.30,INR,SUCCESS,POS
T104601,M1012,C61977,2026-09-06 16:18:39,2499.00,INR,SUCCESS,ONLINE
T104602,M1026,C59118,2026-09-06 11:48:52,2452.05,INR,SUCCESS,QR
T104603,M1013,C75804,2026-09-06 17:56:08,177212.54,INR,SUCCESS,QR
T104604,M1024,C85940,2026-09-06 20:10:27,173798.63,INR,SUCCESS,QR
T104605,M1010,C65125,2026-09-06 09:46:32,95288.74,INR,SUCCESS,ONLINE
T104606,M1015,C66261,2026-09-06 17:42:51,88793.53,INR,SUCCESS,POS
T104607,M1025,C89414,2026-09-06 13:18:56,3349.14,INR,SUCCESS,ONLINE
T104608,M1002,C62830,2026-09-06 12:01:53,99704.24,INR,SUCCESS,ONLINE
T104609,M1014,C91435,2026-09-06 12:10:26,329754.98,INR,SUCCESS,POS
T104610,M1027,C99756,2026-09-06 15:58:50,879.55,INR,SUCCESS,POS
T104611,M1028,C93726,2026-09-06 13:01:01,73186.95,INR,SUCCESS,QR
T104612,M1011,C75230,2026-09-06 08:08:55,89061.07,INR,SUCCESS,QR
T104613,M1004,C53390,2026-09-06 11:56:23,2888.33,INR,SUCCESS,QR
T104614,M1013,C69412,2026-09-06 17:38:21,13639.60,INR,SUCCESS,POS
T104615,M1018,C97362,2026-09-06 13:44:33,54003.29,INR,SUCCESS,QR
T104616,M1007,C98536,2026-09-06 19:23:21,1665.70,INR,SUCCESS,QR
T104617,M1017,C82376,2026-09-06 20:35:16,3138.13,INR,SUCCESS,ONLINE
T104618,M1008,C62642,2026-09-06 18:43:39,57185.97,INR,SUCCESS,ONLINE
T104619,M1009,C98651,2026-09-06 12:13:28,28336.48,INR,SUCCESS,POS
T104620,M1008,C59988,2026-09-06 16:53:28,36452.81,INR,SUCCESS,ONLINE
T104621,M1011,C87734,2026-09-06 18:08:10,331353.72,INR,SUCCESS,ONLINE
T104622,M1022,C87995,2026-09-06 15:12:25,510.04,INR,SUCCESS,POS
T104623,M1004,C96954,2026-09-06 18:46:38,183019.69,INR,SUCCESS,ONLINE
T104624,M1028,C55055,2026-09-06 14:04:56,329160.23,INR,SUCCESS,POS
T104625,M1001,C69801,2026-09-06 18:27:32,233580.02,INR,SUCCESS,QR
T104626,M1005,C74479,2026-09-06 10:48:08,36775.38,INR,SUCCESS,POS
T104627,M1023,C79521,2026-09-06 08:10:38,2053.05,INR,FAILED,QR
T104628,M1005,C88266,2026-09-06 18:23:05,59069.57,INR,SUCCESS,POS
T104629,M1026,C70000,2026-09-06 16:03:23,184963.64,INR,SUCCESS,POS
T104630,M1007,C57748,2026-09-06 06:07:03,39611.48,INR,SUCCESS,QR
T104631,M1009,C72905,2026-09-06 07:38:05,116283.03,INR,SUCCESS,QR
T104632,M1010,C76683,2026-09-06 14:09:41,2882.13,INR,SUCCESS,POS
T104633,M1011,C59994,2026-09-06 07:43:39,3967.36,INR,SUCCESS,QR
T104634,M1010,C51672,2026-09-06 06:17:52,3238.94,INR,SUCCESS,QR
T104635,M1000,C59810,2026-09-06 06:20:16,32395.38,INR,SUCCESS,ONLINE
T104636,M1016,C68147,2026-09-06 14:53:50,8194.99,INR,SUCCESS,ONLINE
T104637,M1025,C97533,2026-09-06 11:12:43,22383.40,INR,SUCCESS,ONLINE
T104638,M1003,C58011,2026-09-06 06:40:12,2486.78,INR,SUCCESS,POS
T104639,M1022,C68352,2026-09-06 17:35:56,267276.01,INR,SUCCESS,ONLINE
T104640,M1007,C72276,2026-09-06 07:20:30,3552.49,INR,SUCCESS,POS
T104641,M1008,C59795,2026-09-06 08:28:47,3051.23,INR,SUCCESS,QR
T104642,M1007,C88890,2026-09-06 18:39:23,1719.94,INR,SUCCESS,QR
T104643,M1029,C89056,2026-09-06 18:42:32,32972.76,INR,SUCCESS,ONLINE
T104644,M1011,C63000,2026-09-06 11:28:42,300640.18,INR,SUCCESS,POS
T104645,M1012,C79677,2026-09-06 15:19:38,52628.50,INR,SUCCESS,POS
T104646,M1013,C66634,2026-09-06 21:05:44,2056.80,INR,SUCCESS,ONLINE
T104647,M1002,C77577,2026-09-06 13:54:08,2150.05,INR,SUCCESS,POS
T104648,M1029,C79868,2026-09-06 22:37:34,268642.01,INR,SUCCESS,ONLINE
T104649,M1019,C70001,2026-09-06 06:09:11,20033.69,INR,SUCCESS,QR
T104650,M1025,C68407,2026-09-06 17:09:26,287944.99,INR,SUCCESS,QR
T104651,M1025,C60584,2026-09-06 06:45:24,125994.62,INR,SUCCESS,ONLINE
T104652,M1015,C69266,2026-09-06 08:54:28,3811.49,INR,SUCCESS,POS
T104653,M1023,C51475,2026-09-06 16:49:51,879.15,INR,SUCCESS,POS
T104654,M1025,C70350,2026-09-06 16:27:02,3003.82,INR,SUCCESS,POS
T104655,M1014,C92864,2026-09-06 16:18:52,598.04,INR,SUCCESS,QR
T104656,M1026,C90040,2026-09-06 10:12:55,57916.16,INR,SUCCESS,ONLINE
T104657,M1019,C78638,2026-09-06 20:38:21,35944.22,INR,SUCCESS,ONLINE
T104658,M1017,C96205,2026-09-06 17:23:49,75277.67,INR,SUCCESS,ONLINE
T104659,M1001,C51562,2026-09-06 12:46:08,95085.62,INR,SUCCESS,QR
T104660,M1004,C90486,2026-09-06 12:54:16,3161.84,INR,SUCCESS,QR
T104661,M1018,C72603,2026-09-06 11:00:57,1893.06,INR,SUCCESS,POS
T104662,M1014,C76643,2026-09-06 21:48:15,2070.66,INR,SUCCESS,QR
T104663,M1011,C93391,2026-09-06 12:50:42,57584.56,INR,SUCCESS,POS
T104664,M1009,C79861,2026-09-06 19:22:41,3721.62,INR,SUCCESS,QR
T104665,M1026,C60443,2026-09-06 14:36:15,389053.57,INR,SUCCESS,ONLINE
T104666,M1023,C93234,2026-09-06 19:08:25,2983.02,INR,SUCCESS,ONLINE
T104667,M1009,C76980,2026-09-06 12:57:20,124909.98,INR,SUCCESS,QR
T104668,M1017,C56967,2026-09-06 16:42:12,13013.84,INR,SUCCESS,POS
T104669,M1023,C80864,2026-09-06 08:22:40,1960.59,INR,SUCCESS,QR
T104670,M1004,C64043,2026-09-06 13:56:53,3966.83,INR,FAILED,POS
T104671,M1009,C66769,2026-09-06 09:09:38,2551.97,INR,SUCCESS,QR
T104672,M1027,C87965,2026-09-07 19:38:38,2995.64,INR,SUCCESS,ONLINE
T104673,M1015,C81413,2026-09-07 22:22:00,1309.46,INR,SUCCESS,QR
T104674,M1001,C90160,2026-09-07 08:25:31,6774.97,INR,SUCCESS,POS
T104675,M1019,C75991,2026-09-07 22:35:38,209814.06,INR,SUCCESS,QR
T104676,M1023,C88942,2026-09-07 10:14:11,22350.63,INR,SUCCESS,QR
T104677,M1005,C77245,2026-09-07 10:42:57,2871.00,INR,SUCCESS,POS
T104678,M1012,C96496,2026-09-07 19:06:59,1788.84,INR,SUCCESS,POS
T104679,M1007,C72117,2026-09-07 15:14:11,31125.71,INR,SUCCESS,QR
T104680,M1022,C75855,2026-09-07 08:29:46,285.49,INR,FAILED,QR
T104681,M1021,C68963,2026-09-07 21:08:04,3135.12,INR,REVERSED,ONLINE
T104682,M1004,C76359,2026-09-07 11:57:49,2037.49,INR,SUCCESS,ONLINE
T104683,M1027,C61256,2026-09-07 09:56:15,1620.71,INR,SUCCESS,ONLINE
T104684,M1025,C76918,2026-09-07 19:55:26,70070.02,INR,SUCCESS,POS
T104685,M1011,C94605,2026-09-07 21:06:17,377.70,INR,SUCCESS,ONLINE
T104686,M1016,C75362,2026-09-07 15:45:14,3362.78,INR,SUCCESS,POS
T104687,M1022,C98478,2026-09-07 08:16:44,50628.80,INR,SUCCESS,ONLINE
T104688,M1029,C86835,2026-09-07 13:39:56,3132.78,INR,SUCCESS,QR
T104689,M1013,C66832,2026-09-07 17:18:36,164232.71,INR,SUCCESS,POS
T104690,M1008,C85215,2026-09-07 09:32:23,1489.50,INR,SUCCESS,ONLINE
T104691,M1023,C57779,2026-09-07 08:52:22,403.64,INR,SUCCESS,QR
T104692,M1004,C52608,2026-09-07 21:37:37,48060.07,INR,SUCCESS,ONLINE
T104693,M1015,C82681,2026-09-07 19:40:37,3552.67,INR,SUCCESS,POS
T104694,M1010,C61320,2026-09-07 21:10:15,33371.28,INR,SUCCESS,ONLINE
T104695,M1004,C79549,2026-09-07 20:56:49,10093.96,INR,SUCCESS,ONLINE
T104696,M1009,C52097,2026-09-07 08:52:47,391742.60,INR,SUCCESS,ONLINE
T104697,M1027,C77650,2026-09-07 21:18:56,35299.83,INR,SUCCESS,POS
T104698,M1001,C72450,2026-09-07 06:59:49,385.80,INR,SUCCESS,QR
T104699,M1002,C66752,2026-09-07 20:01:09,236187.61,INR,SUCCESS,ONLINE
T104700,M1011,C58228,2026-09-07 09:05:28,309880.94,INR,SUCCESS,QR
T104701,M1009,C87924,2026-09-07 13:59:52,3512.91,INR,SUCCESS,ONLINE
T104702,M1013,C58547,2026-09-07 11:55:06,38063.39,INR,FAILED,QR
T104703,M1021,C75506,2026-09-07 18:58:54,1594.68,INR,SUCCESS,POS
T104704,M1005,C51513,2026-09-07 06:15:22,28038.53,INR,SUCCESS,QR
T104705,M1025,C89506,2026-09-07 14:57:09,370.25,INR,SUCCESS,POS
T104706,M1012,C90813,2026-09-07 20:07:38,389352.11,INR,FAILED,POS
T104707,M1017,C67547,2026-09-07 20:26:16,24176.05,INR,SUCCESS,QR
T104708,M1028,C61160,2026-09-07 06:24:38,2968.43,INR,SUCCESS,ONLINE
T104709,M1002,C61239,2026-09-07 20:16:05,95473.25,INR,SUCCESS,ONLINE
T104710,M1002,C70359,2026-09-07 16:39:51,3135.38,INR,SUCCESS,POS
T104711,M1022,C98989,2026-09-07 15:04:59,320245.44,INR,SUCCESS,POS
T104712,M1021,C53389,2026-09-07 16:10:17,57262.96,INR,SUCCESS,QR
T104713,M1001,C91785,2026-09-07 07:18:55,238450.06,INR,SUCCESS,POS
T104714,M1002,C62261,2026-09-07 18:57:35,389.38,INR,SUCCESS,POS
T104715,M1027,C59224,2026-09-07 10:54:32,2485.25,INR,SUCCESS,QR
T104716,M1024,C63837,2026-09-07 12:00:50,825.79,INR,SUCCESS,QR
T104717,M1029,C65374,2026-09-07 11:09:47,66068.90,INR,SUCCESS,ONLINE
T104718,M1000,C73907,2026-09-07 13:06:35,75110.80,INR,SUCCESS,QR
T104719,M1003,C80976,2026-09-07 15:52:52,40292.19,INR,SUCCESS,ONLINE
T104720,M1012,C86484,2026-09-07 11:25:48,184.37,INR,SUCCESS,QR
T104721,M1019,C69075,2026-09-07 12:09:09,390953.61,INR,SUCCESS,POS
T104722,M1003,C62537,2026-09-07 18:26:01,2616.99,INR,SUCCESS,ONLINE
T104723,M1010,C83813,2026-09-07 07:34:23,2332.51,INR,SUCCESS,QR
T104724,M1001,C78602,2026-09-07 12:59:26,88622.12,INR,SUCCESS,ONLINE
T104725,M1009,C69121,2026-09-07 09:53:14,150933.32,INR,SUCCESS,POS
T104726,M1025,C95412,2026-09-07 22:53:01,123842.96,INR,SUCCESS,ONLINE
T104727,M1001,C83220,2026-09-07 15:11:31,102175.19,INR,SUCCESS,POS
T104728,M1014,C66059,2026-09-07 19:30:24,285843.56,INR,SUCCESS,POS
T104729,M1008,C61342,2026-09-07 19:32:19,350.69,INR,SUCCESS,POS
T104730,M1018,C60073,2026-09-07 07:04:04,52569.94,INR,SUCCESS,QR
T104731,M1010,C78203,2026-09-07 20:41:40,214937.48,INR,SUCCESS,ONLINE
T104732,M1014,C68472,2026-09-07 13:27:29,355624.21,INR,SUCCESS,QR
T104733,M1003,C68052,2026-09-07 19:56:57,39355.79,INR,SUCCESS,POS
T104734,,C81919,2026-09-07 21:04:21,10943.51,INR,SUCCESS,POS
T104735,M1011,C71991,2026-09-07 14:38:24,370327.62,INR,FAILED,ONLINE
T104736,M1026,C75416,2026-09-07 18:59:33,2453.76,INR,SUCCESS,ONLINE
T104737,M1012,C58684,2026-09-07 22:51:55,173140.19,INR,SUCCESS,QR
T104738,M1029,C99518,2026-09-07 17:34:05,144110.86,INR,SUCCESS,QR
T104739,M1014,C89281,2026-09-07 15:08:56,279198.82,INR,SUCCESS,ONLINE
T104740,M1025,C51666,2026-09-07 13:18:51,12824.25,INR,SUCCESS,QR
T104741,M1018,C69037,2026-09-07 10:58:46,3961.27,INR,FAILED,POS
T104742,M1009,C67624,2026-09-07 08:44:27,2174.23,INR,REVERSED,QR
T104743,M1004,C74357,2026-09-07 10:40:04,2166.04,INR,SUCCESS,ONLINE
T104744,M1002,C92951,2026-09-07 20:04:03,248821.12,INR,SUCCESS,POS
T104745,M1000,C70353,2026-09-07 09:22:08,125452.14,INR,SUCCESS,QR
T104746,M1009,C54845,2026-09-07 20:03:27,46899.29,INR,SUCCESS,QR
T104747,M1027,C78472,2026-09-07 13:01:08,1036.68,INR,SUCCESS,POS
T104748,M1024,C88709,2026-09-07 11:33:57,250.92,INR,SUCCESS,POS
T104749,M1025,C71736,2026-09-07 07:20:19,157199.01,INR,FAILED,ONLINE
T104750,M1012,C99381,2026-09-07 15:31:48,357488.56,INR,SUCCESS,ONLINE
T104751,M1014,C63036,2026-09-07 17:52:26,1794.66,INR,SUCCESS,POS
T104752,M1012,C79984,2026-09-07 06:06:40,2874.86,INR,SUCCESS,POS
T104753,M1010,C90075,2026-09-07 18:02:57,417.28,INR,SUCCESS,QR
T104754,M1000,C55592,2026-09-07 19:57:31,312150.72,INR,SUCCESS,QR
T104755,M1012,C63087,2026-09-07 20:05:33,46648.56,INR,SUCCESS,QR
T104756,M1026,C83615,2026-09-07 07:34:04,1291.44,INR,REVERSED,ONLINE
T104757,M1018,C76130,2026-09-07 08:07:39,302713.89,INR,SUCCESS,POS
T104758,M1029,C95373,2026-09-07 17:15:44,63031.11,INR,SUCCESS,ONLINE
T104759,M1021,C50954,2026-09-07 19:34:05,2740.19,INR,SUCCESS,QR
T104760,M1008,C90013,2026-09-07 21:33:35,23702.20,INR,SUCCESS,ONLINE
T104761,M1003,C95526,2026-09-07 17:42:03,3677.27,INR,SUCCESS,ONLINE
T104762,,C70527,2026-09-07 06:46:52,3694.17,INR,SUCCESS,ONLINE
T104763,M1018,C53470,2026-09-07 13:08:17,3773.85,INR,SUCCESS,QR
T104764,M1007,C51011,2026-09-07 10:28:38,1239.48,INR,SUCCESS,QR
T104765,M1023,C71408,2026-09-07 15:29:17,68908.08,INR,FAILED,POS
T104766,M1010,C99626,2026-09-07 09:30:01,83469.97,INR,SUCCESS,ONLINE
T104767,M1024,C67367,2026-09-07 19:04:32,362698.37,INR,SUCCESS,QR
T104768,M1011,C74493,2026-09-07 08:35:02,338393.20,INR,SUCCESS,ONLINE
T104769,M1010,C72422,2026-09-07 22:53:43,27690.93,INR,SUCCESS,ONLINE
T104770,M1014,C62374,2026-09-07 11:01:18,791.48,INR,SUCCESS,ONLINE
T104771,M1002,C91631,2026-09-07 08:25:16,365557.20,INR,SUCCESS,QR
T104772,M1011,C56078,2026-09-07 16:01:21,209.58,INR,SUCCESS,POS
T104773,M1012,C52692,2026-09-07 21:01:49,234341.81,INR,SUCCESS,POS
T104774,M1018,C50399,2026-09-07 18:18:21,2095.04,INR,SUCCESS,ONLINE
T104775,M1003,C54880,2026-09-07 20:48:52,242271.18,INR,SUCCESS,QR
T104776,M1002,C79459,2026-09-07 12:09:59,615.59,INR,SUCCESS,POS
T104777,M1024,C85315,2026-09-07 22:05:20,125092.70,INR,SUCCESS,QR
T104778,M1028,C50575,2026-09-07 21:01:03,150930.21,INR,SUCCESS,ONLINE
T104779,M1002,C57229,2026-09-07 18:03:07,3981.26,INR,SUCCESS,QR
T104780,M1020,C92175,2026-09-07 08:02:49,91438.05,INR,SUCCESS,ONLINE
T104781,M1024,C57109,2026-09-07 10:31:28,3595.88,INR,SUCCESS,QR
T104782,M1000,C50041,2026-09-07 21:00:45,146299.93,INR,SUCCESS,POS
T104783,M1010,C65024,2026-09-07 12:28:18,43712.89,INR,SUCCESS,ONLINE
T104784,M1002,C79716,2026-09-07 13:20:42,3935.72,INR,SUCCESS,ONLINE
T104785,M8888,C86538,2026-09-07 13:30:46,24026.57,INR,FAILED,ONLINE
T104786,M1026,C94748,2026-09-07 18:46:54,3620.28,INR,SUCCESS,POS
T104787,M1008,C84663,2026-09-07 16:34:05,1505.62,INR,SUCCESS,QR
T104788,M1010,C84888,2026-09-07 15:20:16,225946.53,INR,SUCCESS,POS
T104789,M1016,C51201,2026-09-07 18:44:07,3847.74,INR,FAILED,ONLINE
T104790,M1024,C67467,2026-09-07 15:47:01,3165.03,INR,FAILED,ONLINE
T104791,M1001,C92493,2026-09-07 20:43:40,170227.08,INR,FAILED,ONLINE
T104792,M1015,C94653,2026-09-07 20:06:53,164543.12,INR,SUCCESS,POS
T104793,M1020,C95616,2026-09-07 11:20:07,3217.66,INR,SUCCESS,QR
T104794,M1013,C92534,2026-09-07 17:54:35,118210.68,INR,SUCCESS,ONLINE
T104795,M1015,C96812,2026-09-07 08:33:49,54748.78,INR,SUCCESS,POS
T104796,M1026,C94861,2026-09-07 11:26:41,40690.14,INR,SUCCESS,ONLINE
T104797,M1028,C97268,2026-09-07 06:22:39,1790.20,INR,SUCCESS,POS
T104798,M1027,C64258,2026-09-07 13:35:50,14843.13,INR,SUCCESS,QR
T104799,M1012,C77417,2026-09-07 09:38:13,325835.53,INR,SUCCESS,ONLINE
T104800,M1028,C63635,2026-09-07 19:38:50,2625.86,INR,SUCCESS,ONLINE
T104801,M1012,C73313,2026-09-07 19:53:10,170184.52,INR,SUCCESS,ONLINE
T104802,M1010,C92310,2026-09-07 12:09:41,424.13,INR,SUCCESS,ONLINE
T104803,M1023,C99150,2026-09-07 17:19:22,165505.72,INR,SUCCESS,ONLINE
T104804,M1023,C96196,2026-09-07 06:50:02,196055.51,INR,SUCCESS,POS
T104805,M1007,C99912,2026-09-07 16:05:13,1377.93,INR,SUCCESS,POS
T104806,M1026,C73446,2026-09-07 11:23:00,14053.64,INR,SUCCESS,QR
T104807,M1009,C53159,2026-09-07 18:15:56,3097.70,INR,SUCCESS,POS
T104808,M1022,C71420,2026-09-07 21:11:08,54624.96,INR,SUCCESS,QR
T104809,M1004,C73581,2026-09-07 15:44:27,9727.52,INR,SUCCESS,POS
T104810,M1028,C74069,2026-09-07 20:35:55,47964.24,INR,SUCCESS,QR
T104811,M1021,C67088,2026-09-07 13:26:16,2033.68,INR,SUCCESS,POS
T104812,M1018,C85023,2026-09-07 11:51:24,99520.11,INR,SUCCESS,ONLINE
T104813,M1009,C97663,2026-09-07 14:15:46,192139.37,INR,SUCCESS,QR
T104814,M1008,C80137,2026-09-07 17:54:11,6641.85,INR,SUCCESS,ONLINE
T104815,M1015,C77582,2026-09-07 09:04:29,217239.33,INR,SUCCESS,QR
T104816,M1016,C71723,2026-09-07 13:13:50,1495.91,INR,FAILED,ONLINE
T104817,M1006,C67210,2026-09-07 06:56:14,14094.32,INR,SUCCESS,ONLINE
T104818,M1018,C64260,2026-09-07 08:19:21,310762.12,INR,SUCCESS,POS
T104819,M1007,C54879,2026-09-07 09:48:42,15849.51,INR,SUCCESS,QR
T104820,M1020,C78639,2026-09-07 11:50:55,1511.28,INR,SUCCESS,POS
T104821,M1017,C57081,2026-09-07 20:25:50,58443.69,INR,FAILED,QR
T104822,M1004,C89203,2026-09-07 11:36:19,209858.37,INR,SUCCESS,QR
T104823,M1016,C53687,2026-09-07 18:27:50,3507.67,INR,FAILED,POS
T104824,M1010,C94139,2026-09-07 12:13:55,3575.20,INR,SUCCESS,ONLINE
T104825,M1021,C64585,2026-09-07 09:44:14,3297.86,INR,SUCCESS,ONLINE
T104826,M1020,C76211,2026-09-07 21:25:15,46081.25,INR,SUCCESS,POS
T104827,M1010,C85115,2026-09-07 18:16:15,136595.27,INR,SUCCESS,POS
T104828,M1002,C58480,2026-09-07 20:49:53,52973.09,INR,SUCCESS,QR
T104829,M1027,C97381,2026-09-07 12:28:51,334990.55,INR,SUCCESS,POS
T104830,M1020,C52436,2026-09-07 21:27:34,262490.20,INR,SUCCESS,ONLINE
T104831,M1025,C90420,2026-09-07 09:17:04,13817.21,INR,SUCCESS,POS
T104832,M1022,C67173,2026-09-07 15:31:44,183073.40,INR,SUCCESS,QR
T104833,M1016,C89498,2026-09-07 22:40:44,31388.67,INR,SUCCESS,QR
T104834,M1018,C57862,2026-09-07 10:24:13,44393.01,INR,SUCCESS,POS
T104835,M1023,C94045,2026-09-07 13:32:20,24086.59,INR,SUCCESS,POS
T104836,M1001,C86199,2026-09-07 12:56:33,8332.99,INR,SUCCESS,POS
T104837,M1000,C79308,2026-09-07 08:34:04,46954.82,INR,SUCCESS,POS
T104838,M1018,C60681,2026-09-07 13:13:11,295205.89,INR,SUCCESS,ONLINE
T104839,M1012,C61823,2026-09-07 08:42:45,917.90,INR,SUCCESS,ONLINE
T104840,M1012,C94066,2026-09-07 13:15:42,41488.94,INR,SUCCESS,QR
T104841,M1001,C87871,2026-09-07 11:02:11,1426.17,INR,SUCCESS,ONLINE
T104842,M1008,C79329,2026-09-07 21:30:15,127260.27,INR,SUCCESS,QR
T104843,M1025,C95004,2026-09-07 15:29:30,3525.27,INR,SUCCESS,POS
T104844,M1003,C76059,2026-09-07 11:23:05,1121.06,INR,SUCCESS,POS
T104845,M1011,C77197,2026-09-07 09:47:51,42179.04,INR,SUCCESS,POS
T104846,M1022,C53070,2026-09-07 07:37:21,773.49,INR,SUCCESS,POS
T104847,M1017,C62335,2026-09-07 22:50:53,155267.81,INR,SUCCESS,QR
T104848,M1010,C68784,2026-09-07 14:07:19,337167.30,INR,SUCCESS,ONLINE
T104849,M1025,C67656,2026-09-07 19:11:15,36899.23,INR,SUCCESS,POS
T104850,M1007,C98238,2026-09-07 11:35:07,966.27,INR,SUCCESS,QR
T104851,M1029,C77530,2026-09-07 11:42:44,36524.46,INR,SUCCESS,QR
T104852,M1001,C55911,2026-09-07 14:16:21,1303.81,INR,SUCCESS,ONLINE
T104853,M1009,C62699,2026-09-07 22:45:32,172619.20,INR,SUCCESS,POS
T104854,M1023,C77410,2026-09-07 21:02:44,304141.77,INR,SUCCESS,QR
T104855,M1028,C94851,2026-09-07 17:37:48,3094.00,INR,SUCCESS,ONLINE
T104856,M1028,C55998,2026-09-07 19:13:23,2662.40,INR,SUCCESS,POS
T104857,M1017,C97291,2026-09-07 07:11:25,188856.75,INR,SUCCESS,POS
T104858,M1006,C80143,2026-09-07 11:08:52,123543.35,INR,FAILED,ONLINE
T104859,M1017,C83055,2026-09-07 14:46:29,25134.15,INR,SUCCESS,QR
T104860,M1002,C84792,2026-09-07 09:36:50,1350.36,INR,SUCCESS,POS
T104861,M1015,C70700,2026-09-07 17:52:19,11259.68,INR,SUCCESS,QR
T104862,M1003,C84997,2026-09-07 12:32:41,3668.15,INR,SUCCESS,ONLINE
T104863,M1007,C75639,2026-09-07 08:57:52,97402.54,INR,SUCCESS,QR
T104864,M1017,C77594,2026-09-07 12:35:13,16921.75,INR,SUCCESS,POS
T104865,M1028,C51758,2026-09-07 12:02:23,58554.77,INR,SUCCESS,ONLINE
T104866,M1017,C63485,2026-09-07 17:05:56,222671.04,INR,SUCCESS,QR
T104867,M1018,C72750,2026-09-07 08:38:38,304159.78,INR,SUCCESS,POS
T104868,M1003,C77487,2026-09-07 20:29:26,3445.67,INR,SUCCESS,POS
T104869,M1011,C58771,2026-09-07 17:43:41,1998.06,INR,SUCCESS,ONLINE
T104870,M1027,C58124,2026-09-07 21:47:15,22762.91,INR,SUCCESS,QR
T104871,M1003,C71591,2026-09-07 18:27:49,139787.42,INR,SUCCESS,ONLINE
T104872,M1001,C96740,2026-09-07 22:53:05,9822.42,INR,SUCCESS,ONLINE
T104873,M1018,C55796,2026-09-07 14:53:30,1224.15,INR,FAILED,ONLINE
T104874,M1004,C50313,2026-09-07 13:34:26,43070.77,INR,SUCCESS,ONLINE
T104875,M1013,C71463,2026-09-07 18:47:20,364907.66,INR,SUCCESS,QR
T104876,M1021,C51844,2026-09-07 19:31:01,1814.96,INR,SUCCESS,QR
T104877,M1017,C86774,2026-09-07 22:01:42,9822.46,INR,SUCCESS,QR
T104878,M1014,C61237,2026-09-07 13:37:35,13619.91,INR,SUCCESS,POS
T104879,M1009,C53903,2026-09-07 14:23:33,2099.51,INR,SUCCESS,ONLINE
T104880,M1006,C83529,2026-09-07 19:43:13,995.95,INR,SUCCESS,ONLINE
T104881,M1023,C93986,2026-09-07 09:42:56,28860.34,INR,SUCCESS,POS
T104882,M1028,C97021,2026-09-07 18:19:10,1498.80,INR,SUCCESS,POS
T104883,M1019,C82782,2026-09-07 13:21:19,567.88,INR,SUCCESS,QR
T104884,M1026,C75390,2026-09-07 14:20:35,764.07,INR,SUCCESS,POS
T104885,M1022,C65071,2026-09-07 18:22:40,328.16,INR,SUCCESS,QR
T104886,M1026,C86491,2026-09-07 17:59:02,395278.79,INR,SUCCESS,ONLINE
T104887,M1009,C92473,2026-09-07 17:57:20,2062.47,INR,SUCCESS,POS
T104888,M1020,C67662,2026-09-07 17:23:02,3565.73,INR,SUCCESS,ONLINE
T104889,M1025,C86730,2026-09-07 12:34:23,1363.12,INR,SUCCESS,ONLINE
T104890,M1003,C92559,2026-09-07 12:47:43,2378.92,INR,FAILED,POS
T104891,M1029,C81741,2026-09-07 07:46:46,27230.12,INR,SUCCESS,POS
T104892,M1029,C82666,2026-09-07 12:21:16,43260.89,INR,SUCCESS,QR
T104893,M1029,C68083,2026-09-07 21:56:29,47875.44,INR,SUCCESS,POS
T104894,M1004,C65623,2026-09-07 19:49:21,388685.73,INR,SUCCESS,POS
T104895,M1019,C61162,2026-09-07 08:42:12,15543.96,INR,SUCCESS,QR
T104896,M1007,C66483,2026-09-07 13:37:48,288461.01,INR,SUCCESS,POS
T104897,M1020,C61009,2026-09-07 22:27:34,327235.04,,SUCCESS,QR
T104898,M1023,C99379,2026-09-07 22:45:58,3217.69,INR,FAILED,ONLINE
T104899,M1020,C65866,2026-09-07 16:57:00,6570.60,INR,SUCCESS,ONLINE
T104900,M1001,C69367,2026-09-07 18:09:00,56766.49,INR,SUCCESS,ONLINE
T104901,M1029,C64012,2026-09-07 16:46:45,3927.24,INR,SUCCESS,QR
T104902,M1024,C75803,2026-09-07 06:56:57,29403.37,,SUCCESS,QR
T104903,M1007,C65444,2026-09-07 21:47:08,356743.78,INR,SUCCESS,POS
T104904,M1028,C96818,2026-09-07 16:35:12,6228.56,INR,SUCCESS,ONLINE
T104905,M1028,C95534,2026-09-07 13:06:47,3655.09,INR,SUCCESS,QR
T104906,M1000,C84116,2026-09-07 06:45:47,367698.88,INR,FAILED,POS
T104907,M1018,C98283,2026-09-07 11:09:14,23968.54,INR,SUCCESS,ONLINE
T104908,M1014,C53218,2026-09-07 10:52:13,223987.42,INR,SUCCESS,POS
T104909,M1026,C78860,2026-09-07 19:32:26,138696.12,INR,FAILED,POS
T104910,M1012,C99784,2026-09-07 11:30:19,163744.29,INR,SUCCESS,POS
T104911,M1019,C89420,2026-09-07 14:34:30,2583.61,INR,SUCCESS,ONLINE
T104912,M1013,C54896,2026-09-07 15:23:02,236251.27,INR,SUCCESS,QR
T104913,M1008,C61905,2026-09-07 18:23:34,126478.82,INR,SUCCESS,POS
T104914,M1022,C89989,2026-09-07 06:57:06,305.55,INR,SUCCESS,QR
T104915,M1010,C60157,2026-09-07 22:23:23,282784.26,INR,REVERSED,QR
T104916,M1008,C57859,2026-09-07 16:46:48,69136.06,INR,SUCCESS,QR
T104917,M1000,C80949,2026-09-07 06:43:09,147585.40,INR,SUCCESS,ONLINE
T104918,M1027,C64278,2026-09-07 20:26:51,42332.90,INR,FAILED,ONLINE
T104919,M1023,C62400,2026-09-07 18:10:58,1379.88,INR,SUCCESS,QR
T104920,M1017,C75837,2026-09-07 16:06:52,199681.34,INR,SUCCESS,POS
T104921,M1023,C91695,2026-09-07 08:44:09,30574.71,INR,SUCCESS,QR
T104922,M1001,C93851,2026-09-07 15:08:44,13871.48,INR,SUCCESS,POS
T104923,M1017,C90939,2026-09-07 06:19:26,2763.47,INR,SUCCESS,QR
T104924,M1020,C72382,2026-09-07 13:45:47,239261.58,INR,SUCCESS,POS
T104925,M1015,C53172,2026-09-07 22:12:12,8863.33,INR,SUCCESS,POS
T104926,M1015,C74397,2026-09-07 19:54:27,163054.26,INR,SUCCESS,ONLINE
T104927,M1003,C77818,2026-09-07 10:02:55,325909.71,INR,FAILED,POS
T104928,M1000,C84561,2026-09-07 11:10:17,313544.84,INR,SUCCESS,ONLINE
T104929,M1020,C76535,2026-09-07 07:15:33,250.16,INR,SUCCESS,QR
T104930,M1016,C90243,2026-09-07 08:15:21,53931.35,INR,SUCCESS,QR
T104931,M1018,C74687,2026-09-07 12:04:05,8239.56,INR,SUCCESS,QR
T104932,M1014,C63022,2026-09-07 09:02:39,374147.91,INR,SUCCESS,ONLINE
T104933,M1001,C64667,2026-09-07 15:39:40,3788.60,INR,SUCCESS,ONLINE
T104934,M1011,C88826,2026-09-07 09:42:08,284051.56,INR,SUCCESS,ONLINE
T104935,M1021,C93866,2026-09-07 14:51:47,346590.85,INR,SUCCESS,POS
T104936,M1006,C96284,2026-09-07 20:49:33,184498.40,INR,REVERSED,QR
T104937,M1012,C76128,2026-09-07 18:39:45,1296.81,INR,SUCCESS,POS
T104938,M1014,C66765,2026-09-07 19:51:45,132604.25,INR,SUCCESS,QR
T104939,M1018,C61107,2026-09-07 18:44:38,89115.07,INR,SUCCESS,POS
T104940,M1020,C74135,2026-09-07 18:35:32,28242.23,INR,SUCCESS,POS
T104941,M1010,C61083,2026-09-07 18:56:52,4445.46,INR,SUCCESS,POS
T104942,M1021,C79662,2026-09-07 08:13:29,446.12,INR,SUCCESS,QR
T104943,M1028,C90528,2026-09-07 18:25:56,387827.80,INR,FAILED,QR
T104944,M1010,C89260,2026-09-07 08:15:02,408.89,INR,SUCCESS,QR
T104945,M1029,C87234,2026-09-07 12:21:54,194734.83,INR,SUCCESS,QR
T104946,M1010,C86176,2026-09-07 10:46:55,1055.30,INR,SUCCESS,QR
T104947,M1021,C55712,2026-09-07 09:43:00,91023.14,INR,REVERSED,QR
T104948,M1027,C62485,2026-09-07 13:46:30,324499.68,INR,SUCCESS,POS
T104949,M1002,C86133,2026-09-07 13:25:22,183107.84,INR,SUCCESS,ONLINE
T104950,M1018,C64114,2026-09-07 11:39:51,199278.62,INR,SUCCESS,ONLINE
T104951,M1011,C61808,2026-09-07 10:04:50,186139.33,INR,SUCCESS,ONLINE
T104952,M1022,C52001,2026-09-07 09:54:02,299.44,INR,SUCCESS,QR
T104953,M1029,C51858,2026-09-07 16:59:38,2896.19,INR,SUCCESS,POS
T104954,M1019,C82236,2026-09-07 11:21:18,272.38,INR,SUCCESS,ONLINE
T104955,M1004,C51333,2026-09-07 12:48:03,34933.66,INR,SUCCESS,POS
T104956,M1015,C62965,2026-09-07 13:24:40,40590.02,INR,SUCCESS,QR
T104957,M1007,C69684,2026-09-07 17:02:06,374501.58,INR,SUCCESS,POS
T104958,M1021,C59475,2026-09-07 15:09:40,186868.29,INR,FAILED,ONLINE
T104959,M1001,C57883,2026-09-07 15:39:33,2837.77,INR,SUCCESS,POS
T104960,M1028,C59776,2026-09-07 19:27:49,94996.72,INR,SUCCESS,QR
T104961,M1012,C63573,2026-09-07 17:03:25,268764.42,INR,REVERSED,ONLINE
T104962,M1003,C83748,2026-09-07 10:36:40,52689.34,INR,SUCCESS,ONLINE
T104963,M1027,C84790,2026-09-07 07:02:37,40867.30,INR,SUCCESS,QR
T104964,M1009,C63093,2026-09-07 22:47:44,3407.11,INR,SUCCESS,POS
T104965,M1018,C55927,2026-09-07 12:16:37,9485.97,INR,SUCCESS,ONLINE
T104966,M1015,C61401,2026-09-07 15:22:55,265044.42,INR,SUCCESS,ONLINE
T104967,M1015,C68020,2026-09-07 14:17:47,20754.54,INR,SUCCESS,ONLINE
T104968,M1021,C99405,2026-09-07 21:28:55,3093.67,INR,SUCCESS,ONLINE
T104969,M1009,C86524,2026-09-07 10:21:08,398293.30,INR,FAILED,QR
T104970,M1007,C90516,2026-09-07 09:39:48,1370.01,INR,SUCCESS,QR
T104971,M1007,C79199,2026-09-07 18:48:54,44594.96,INR,SUCCESS,POS
T104972,M1021,C95563,2026-09-07 16:18:28,1674.82,INR,SUCCESS,ONLINE
T104973,M1009,C73172,2026-09-07 13:48:05,14581.19,INR,SUCCESS,POS
T104974,M1002,C53257,2026-09-07 12:55:16,387055.75,INR,SUCCESS,QR
T104975,M1028,C86426,2026-09-07 11:01:41,2114.32,INR,SUCCESS,ONLINE
T104976,M1008,C96526,2026-09-07 10:27:43,311662.83,INR,SUCCESS,POS
T104977,M1028,C97643,2026-09-07 16:49:43,34801.71,INR,FAILED,ONLINE
T104978,M1002,C81435,2026-09-07 13:54:26,275933.50,INR,SUCCESS,ONLINE
T104979,M1013,C97594,2026-09-07 09:47:28,313713.42,INR,SUCCESS,QR
T104980,M1015,C65928,2026-09-07 17:04:26,31578.49,INR,SUCCESS,QR
T104981,M1027,C85138,2026-09-07 16:57:28,55831.52,INR,SUCCESS,QR
T104982,M1018,C74857,2026-09-07 12:41:14,527.43,INR,SUCCESS,QR
T104983,M1027,C53648,2026-09-07 09:21:30,53516.33,INR,SUCCESS,QR
T104984,M1021,C61876,2026-09-07 15:11:01,2166.13,INR,FAILED,QR
T104985,M1001,C67283,2026-09-07 19:00:56,31960.03,INR,SUCCESS,ONLINE
T104986,M1014,C71117,2026-09-07 09:46:18,811.90,INR,SUCCESS,ONLINE
T104987,M1011,C98721,2026-09-07 15:21:25,586.83,INR,FAILED,POS
T104988,M1028,C77558,2026-09-07 15:28:19,2339.48,INR,SUCCESS,POS
T104989,M1001,C60902,2026-09-07 11:53:31,1818.44,INR,REVERSED,QR
T104990,M1020,C78108,2026-09-07 16:24:33,3395.67,INR,FAILED,QR
T104991,M1027,C86396,2026-09-07 06:52:18,272.44,INR,FAILED,ONLINE
T104992,M1015,C75597,2026-09-07 20:46:46,2168.27,INR,SUCCESS,QR
T104993,M1023,C72654,2026-09-07 22:34:40,327.44,INR,SUCCESS,QR
T104994,M1004,C55510,2026-09-07 18:45:43,765.62,INR,SUCCESS,POS
T104995,M1020,C72028,2026-09-07 07:37:11,2173.95,INR,SUCCESS,QR
T104996,M1019,C91759,2026-09-07 20:26:39,2143.53,INR,SUCCESS,QR
T104997,M1003,C80221,2026-09-07 15:18:59,2432.76,INR,SUCCESS,ONLINE
T104998,M1007,C96424,2026-09-07 09:31:24,59841.38,INR,SUCCESS,ONLINE
T104999,M1000,C94421,2026-09-07 08:37:25,197114.98,INR,SUCCESS,ONLINE
T105000,M1021,C66919,2026-09-07 06:07:27,57689.89,INR,SUCCESS,ONLINE
T105001,M1020,C57909,2026-09-07 16:32:49,27369.06,INR,SUCCESS,POS
T105002,M1012,C95693,2026-09-07 11:46:48,1119.02,INR,SUCCESS,ONLINE
T105003,M1025,C66740,2026-09-07 19:43:38,310.83,INR,REVERSED,POS
T105004,M1007,C62373,2026-09-07 14:40:55,232672.18,INR,SUCCESS,QR
T105005,M1005,C67634,2026-09-07 22:27:17,231964.36,INR,SUCCESS,ONLINE
T105006,M1028,C93019,2026-09-07 13:10:59,3846.32,INR,SUCCESS,QR
T105007,M1021,C74352,2026-09-07 20:31:51,2046.78,INR,SUCCESS,POS
T105008,M1014,C73889,2026-09-07 22:54:55,1251.60,INR,SUCCESS,ONLINE
T105009,M1020,C57310,2026-09-07 14:31:28,6223.25,INR,SUCCESS,POS
T105010,M1009,C94029,2026-09-07 16:58:41,17562.84,INR,SUCCESS,QR
T105011,M1014,C96512,2026-09-07 20:10:02,20160.87,INR,SUCCESS,QR
T105012,M1029,C97663,2026-09-07 21:40:28,2490.06,INR,SUCCESS,ONLINE
T105013,M1010,C58839,2026-09-07 18:01:03,380500.23,INR,SUCCESS,POS
T105014,M1002,C53859,2026-09-07 20:05:48,15476.27,INR,SUCCESS,QR
T105015,M1028,C77971,2026-09-07 10:38:48,55743.23,INR,SUCCESS,QR
T105016,M1000,C66790,2026-09-07 14:13:28,2357.22,INR,SUCCESS,QR
T105017,M1000,C53591,2026-09-07 19:11:04,2782.60,INR,SUCCESS,POS
T105018,M1020,C87953,2026-09-07 12:14:31,252289.49,INR,SUCCESS,QR
T105019,M1023,C50681,2026-09-07 10:06:01,1686.61,INR,SUCCESS,QR
T105020,M1020,C56989,2026-09-07 22:34:31,155574.25,INR,SUCCESS,ONLINE
T105021,M1014,C51318,2026-09-07 12:08:19,297749.15,INR,SUCCESS,ONLINE
T105022,M1003,C67928,2026-09-07 08:32:45,13339.37,INR,SUCCESS,ONLINE
T105023,M1022,C86881,2026-09-07 06:44:28,300054.49,INR,SUCCESS,ONLINE
T105024,M1022,C96171,2026-09-07 16:51:19,2518.62,INR,SUCCESS,ONLINE
T105025,M1015,C70843,2026-09-07 08:55:28,315849.28,INR,SUCCESS,POS
T105026,M1003,C88195,2026-09-07 10:25:34,67298.55,INR,SUCCESS,POS
T105027,M1023,C69861,2026-09-07 10:08:27,36756.18,INR,SUCCESS,ONLINE
T105028,M1029,C61176,2026-09-07 07:11:17,15200.67,INR,SUCCESS,POS
T105029,M1008,C71965,2026-09-07 22:40:39,122858.37,INR,REVERSED,ONLINE
T105030,M1014,C84170,2026-09-07 17:34:13,44719.50,INR,SUCCESS,ONLINE
T105031,M1007,C94789,2026-09-07 18:33:50,2233.52,INR,SUCCESS,QR
T105032,M1025,C85869,2026-09-07 12:02:29,3784.32,INR,SUCCESS,QR
T105033,M1029,C57990,2026-09-07 16:06:31,311502.73,INR,SUCCESS,QR
T105034,M1002,C67465,2026-09-07 19:08:23,34318.64,INR,SUCCESS,ONLINE
T105035,M1017,C50929,2026-09-07 13:12:28,1965.46,INR,SUCCESS,QR
T105036,M1002,C54695,2026-09-07 13:42:24,487.40,INR,SUCCESS,ONLINE
T105037,M1026,C65536,2026-09-07 22:50:35,106570.85,INR,SUCCESS,ONLINE
T105038,M1015,C65414,2026-09-07 16:31:34,71717.19,INR,SUCCESS,POS
T105039,M1024,C80304,2026-09-07 11:00:58,344071.46,INR,SUCCESS,ONLINE
T105040,M1002,C63439,2026-09-07 17:42:59,32488.73,INR,SUCCESS,QR
T105041,M1024,C90820,2026-09-07 22:16:08,14764.53,INR,SUCCESS,QR
T105042,M1006,C57734,2026-09-07 15:16:22,3691.76,INR,SUCCESS,ONLINE
T105043,M1009,C82615,2026-09-07 11:27:11,325793.08,INR,SUCCESS,QR
T105044,M1016,C74657,2026-09-07 17:24:53,70737.96,INR,SUCCESS,QR
T105045,M1024,C87415,2026-09-07 08:55:48,29800.39,INR,SUCCESS,ONLINE
T105046,M1018,C89886,2026-09-07 11:13:40,290783.21,INR,SUCCESS,ONLINE
T105047,M1007,C98199,2026-09-07 12:50:15,11651.67,INR,SUCCESS,QR
T105048,M1005,C70111,2026-09-07 14:46:43,353.14,INR,SUCCESS,ONLINE
T105049,M1000,C96623,2026-09-07 13:04:45,327037.63,INR,SUCCESS,ONLINE
T105050,M1007,C95500,2026-09-07 22:18:44,34754.27,INR,SUCCESS,QR
T105051,M1007,C98553,2026-09-07 22:32:40,171015.85,INR,SUCCESS,QR
T105052,M1024,C89003,2026-09-07 11:18:42,112313.42,INR,SUCCESS,ONLINE
T105053,M1004,C79788,2026-09-07 12:06:08,129925.68,INR,SUCCESS,QR
T105054,M1006,C81268,2026-09-07 18:38:26,2364.76,INR,SUCCESS,QR
T105055,M1012,C63878,2026-09-07 14:27:17,10023.70,INR,SUCCESS,ONLINE
T105056,M1013,C99854,2026-09-07 06:39:15,69693.07,INR,SUCCESS,ONLINE
T105057,M1005,C56278,2026-09-07 22:14:56,39357.31,INR,SUCCESS,POS
T105058,M1025,C87637,2026-09-07 14:42:03,35896.02,INR,SUCCESS,ONLINE
T105059,M1015,C84742,2026-09-07 17:25:45,2320.60,INR,SUCCESS,QR
T105060,M1024,C97869,2026-09-07 12:13:41,45942.61,INR,REVERSED,ONLINE
T105061,M1015,C72282,2026-09-07 20:32:39,343528.54,INR,SUCCESS,ONLINE
T105062,M1002,C90396,2026-09-07 17:55:26,312568.20,INR,REVERSED,QR
T105063,M1021,C70997,2026-09-07 22:40:34,24351.50,INR,SUCCESS,POS
T105064,M1012,C75978,2026-09-07 16:31:21,18752.06,INR,SUCCESS,POS
T105065,M1016,C50064,2026-09-07 21:40:03,2172.27,INR,SUCCESS,POS
T105066,M1011,C77882,2026-09-07 17:44:32,11642.11,INR,SUCCESS,POS
T105067,M1000,C99552,2026-09-07 09:47:41,40013.39,INR,SUCCESS,POS
T105068,M1000,C83560,2026-09-07 09:32:48,343757.77,INR,SUCCESS,QR
T105069,M1004,C80984,2026-09-07 21:19:47,57878.74,INR,SUCCESS,ONLINE
T105070,M1011,C55885,2026-09-07 08:55:21,284179.55,INR,SUCCESS,ONLINE
T105071,M1019,C81587,2026-09-07 09:00:30,187.28,INR,SUCCESS,QR
T105072,M1024,C86400,2026-09-07 10:42:01,1786.04,,SUCCESS,QR
T105073,M1029,C53049,2026-09-07 10:11:17,3811.43,INR,SUCCESS,ONLINE
T105074,M1018,C85599,2026-09-07 13:55:42,2210.74,INR,SUCCESS,POS
T105075,M1015,C50667,2026-09-07 12:04:25,50685.13,INR,SUCCESS,QR
T105076,M1028,C63862,2026-09-07 06:51:14,65035.51,INR,SUCCESS,POS
T105077,M1015,C67538,2026-09-07 21:53:27,1511.02,INR,SUCCESS,QR
T105078,M1004,C83068,2026-09-07 15:25:45,1127.04,INR,SUCCESS,QR
T105079,M1019,C50424,2026-09-07 15:26:01,286907.30,INR,SUCCESS,ONLINE
T105080,M1016,C54908,2026-09-07 12:42:10,47751.62,INR,SUCCESS,ONLINE
T105081,M1008,C58218,2026-09-07 08:55:57,694.86,INR,FAILED,ONLINE
T105082,M1019,C91086,2026-09-07 16:36:13,103389.32,INR,SUCCESS,POS
T105083,M1027,C66308,2026-09-07 09:30:29,194355.12,INR,SUCCESS,POS
T105084,M1009,C52714,2026-09-07 08:38:16,25516.22,INR,SUCCESS,QR
T105085,M1021,C63952,2026-09-07 14:15:04,482.50,INR,SUCCESS,POS
T105086,M1007,C60223,2026-09-07 18:48:43,1286.28,INR,REVERSED,POS
T105087,M1001,C63477,2026-09-07 22:21:37,335052.98,INR,SUCCESS,POS
T105088,M1003,C91108,2026-09-07 17:08:20,44041.71,INR,SUCCESS,ONLINE
T105089,M1003,C73598,2026-09-07 22:58:09,59380.24,INR,SUCCESS,QR
T105090,M1021,C75402,2026-09-07 13:18:26,173505.19,INR,FAILED,POS
T105091,M1017,C87892,2026-09-07 22:35:36,1260.47,INR,SUCCESS,POS
T105092,M1022,C57875,2026-09-07 19:48:20,46862.76,INR,REVERSED,ONLINE
T105093,M1000,C62851,2026-09-07 06:10:05,1380.87,INR,SUCCESS,POS
T105094,M1028,C73901,2026-09-07 11:34:12,151095.59,INR,SUCCESS,QR
T105095,M1011,C59779,2026-09-07 22:43:12,41388.56,INR,SUCCESS,QR
T105096,M1024,C94289,2026-09-07 07:40:18,789.64,INR,REVERSED,QR
T105097,M1010,C61976,2026-09-07 06:47:50,23130.15,INR,SUCCESS,QR
T105098,M1018,C90651,2026-09-07 10:21:14,116876.48,INR,SUCCESS,QR
T105099,M1006,C87068,2026-09-07 12:06:12,53629.22,INR,FAILED,QR
T105100,M1015,C92093,2026-09-07 21:41:13,1144.71,INR,SUCCESS,POS
T105101,M1024,C80173,2026-09-07 20:17:35,59929.88,INR,SUCCESS,POS
T105102,M1022,C58453,2026-09-07 06:32:14,313330.80,INR,SUCCESS,ONLINE
T105103,M1027,C97193,2026-09-07 21:22:03,311005.51,INR,SUCCESS,POS
T105104,M1013,C56164,2026-09-07 18:40:50,8723.27,INR,SUCCESS,QR
T105105,M1002,C97499,2026-09-07 11:55:19,114910.00,INR,SUCCESS,ONLINE
T105106,M1016,C72763,2026-09-07 12:58:24,383430.71,INR,SUCCESS,POS
T105107,M1023,C50146,2026-09-07 20:35:28,219985.30,INR,SUCCESS,POS
T105108,M1027,C97853,2026-09-07 21:02:55,120336.82,INR,SUCCESS,QR
T105109,M1005,C95868,2026-09-07 20:14:46,318883.22,INR,SUCCESS,QR
T105110,M1008,C93668,2026-09-07 10:21:52,50150.03,INR,FAILED,POS
T105111,M1019,C90677,2026-09-07 13:45:50,1972.95,INR,FAILED,POS
T105112,M1010,C92187,2026-09-07 12:34:55,83900.99,INR,SUCCESS,QR
T105113,M1003,C98011,2026-09-07 18:27:49,231893.88,INR,SUCCESS,POS
T105114,M1010,C52360,2026-09-07 17:17:28,2630.23,INR,REVERSED,QR
T105115,M1028,C66143,2026-09-07 13:09:09,51990.18,INR,SUCCESS,ONLINE
T105116,M1005,C60866,2026-09-07 12:31:46,537.08,INR,SUCCESS,ONLINE
T105117,M1010,C50925,2026-09-07 15:25:45,27973.92,INR,SUCCESS,POS
T105118,M1029,C69142,2026-09-07 14:23:07,22965.65,INR,SUCCESS,ONLINE
T105119,M1028,C64225,2026-09-07 17:24:44,16680.65,INR,SUCCESS,QR
T105120,M1016,C55074,2026-09-07 21:06:13,157192.53,INR,SUCCESS,POS
T105121,M1012,C55630,2026-09-07 12:25:27,2544.62,INR,SUCCESS,ONLINE
T105122,M1014,C55487,2026-09-07 15:23:35,3496.51,INR,SUCCESS,POS
T105123,M1014,C51239,2026-09-07 09:21:10,1718.06,INR,SUCCESS,ONLINE
T105124,M1026,C67400,2026-09-07 15:53:20,1620.55,INR,SUCCESS,POS
T105125,M1007,C83587,2026-09-07 10:21:36,335986.80,INR,SUCCESS,ONLINE
T105126,M1004,C59629,2026-09-07 21:14:01,44223.54,INR,SUCCESS,POS
T105127,M1025,C85444,2026-09-07 18:58:40,1668.29,INR,FAILED,ONLINE
T105128,M1013,C65252,2026-09-07 11:39:11,683.62,INR,SUCCESS,QR
T105129,M1024,C98722,2026-09-07 09:07:45,38423.47,INR,SUCCESS,ONLINE
T105130,M1016,C76562,2026-09-07 13:07:07,2286.53,INR,SUCCESS,QR
T105131,M1016,C82927,2026-09-07 14:57:38,1776.85,INR,SUCCESS,ONLINE
T105132,M1025,C54001,2026-09-07 18:18:53,14320.83,INR,SUCCESS,ONLINE
T105133,M1008,C88075,2026-09-07 22:12:51,3971.22,INR,SUCCESS,POS
T105134,M1019,C71443,2026-09-07 12:37:40,623.60,INR,SUCCESS,POS
T105135,M1007,C88217,2026-09-07 11:18:20,152671.84,INR,SUCCESS,QR
T105136,M1026,C93056,2026-09-07 17:01:21,354963.18,INR,SUCCESS,QR
T105137,M1022,C57670,2026-09-07 06:38:57,3014.33,INR,SUCCESS,POS
T105138,M1000,C82801,2026-09-07 09:54:54,3775.58,INR,SUCCESS,QR
T105139,M1024,C92171,2026-09-07 10:57:17,36203.51,INR,SUCCESS,POS
T105140,M1008,C77837,2026-09-07 12:35:15,224593.14,INR,FAILED,ONLINE
T105141,M1019,C61722,2026-09-07 21:59:28,21584.98,INR,REVERSED,QR
T105142,M1022,C52623,2026-09-07 16:32:43,184094.62,INR,SUCCESS,POS
T105143,M1027,C62698,2026-09-07 06:35:58,201336.87,INR,SUCCESS,POS
T105144,M1027,C70661,2026-09-07 16:49:45,12084.06,INR,SUCCESS,ONLINE
T105145,M1013,C97538,2026-09-07 21:37:20,14880.81,INR,SUCCESS,ONLINE
T105146,M1012,C88339,2026-09-07 17:47:17,26848.77,INR,SUCCESS,POS
T105147,M1002,C80207,2026-09-07 12:57:17,1381.46,INR,SUCCESS,ONLINE
T105148,M1024,C84594,2026-09-07 09:54:52,2471.96,INR,FAILED,POS
T105149,M1011,C73975,2026-09-07 22:42:05,627.84,INR,SUCCESS,QR
T105150,M1002,C69771,2026-09-07 14:04:21,1708.62,INR,SUCCESS,POS
T105151,M1001,C86991,2026-09-07 16:56:46,40584.48,INR,SUCCESS,QR
T105152,M1004,C98692,2026-09-07 16:14:41,57366.24,INR,SUCCESS,ONLINE
T105153,M1025,C67379,2026-09-07 11:05:42,84659.97,INR,SUCCESS,POS
T105154,M1007,C60289,2026-09-07 17:02:17,7780.35,INR,SUCCESS,POS
T105155,M1015,C98307,2026-09-07 12:09:59,318729.62,INR,SUCCESS,QR
T105156,M1011,C72686,2026-09-07 20:50:29,48702.19,INR,FAILED,POS
T105157,M1026,C59569,2026-09-07 20:44:18,355026.99,INR,SUCCESS,ONLINE
T105158,M1013,C96625,2026-09-07 20:29:34,2149.59,INR,FAILED,ONLINE
T105159,M1017,C79741,2026-09-07 16:16:55,308695.49,INR,SUCCESS,QR
T105160,M1023,C52371,2026-09-07 17:12:32,1101.78,INR,SUCCESS,QR
T105161,M1025,C99545,2026-09-07 07:01:48,52400.54,INR,SUCCESS,ONLINE
T105162,M1020,C77963,2026-09-07 06:39:40,3879.28,INR,SUCCESS,QR
T105163,M1018,C99955,2026-09-07 21:40:52,375999.38,INR,SUCCESS,POS
T105164,M1005,C72413,2026-09-07 21:14:51,43008.22,INR,SUCCESS,QR
T105165,M1007,C80355,2026-09-07 15:25:43,20596.80,INR,SUCCESS,ONLINE
T105166,M1019,C97162,2026-09-07 18:50:26,27872.65,INR,SUCCESS,ONLINE
T105167,M1001,C50948,2026-09-07 19:04:05,372662.10,INR,SUCCESS,QR
T105168,M1023,C82181,2026-09-07 20:19:40,291727.87,INR,SUCCESS,ONLINE
T105169,M1020,C53914,2026-09-07 06:53:40,421.13,INR,SUCCESS,POS
T105170,M1005,C83595,2026-09-07 18:46:30,134428.60,INR,FAILED,ONLINE
T105171,M1000,C79305,2026-09-07 07:01:15,3302.73,INR,SUCCESS,POS
T105172,M1019,C62762,2026-09-07 18:11:29,48445.91,INR,SUCCESS,QR
T105173,M1001,C85804,2026-09-07 19:25:20,6983.31,INR,SUCCESS,POS
T105174,M1013,C87875,2026-09-07 22:31:35,12835.93,INR,SUCCESS,POS
T105175,M1010,C67323,2026-09-07 08:12:33,119779.43,INR,SUCCESS,ONLINE
T105176,M1002,C73278,2026-09-07 13:28:02,386569.93,INR,FAILED,ONLINE
T105177,M1029,C92351,2026-09-07 20:45:14,301154.42,INR,SUCCESS,POS
T105178,M1003,C66259,2026-09-07 09:45:52,16391.47,INR,SUCCESS,POS
T105179,M1013,C83541,2026-09-07 19:03:17,3511.62,INR,SUCCESS,ONLINE
T105180,M1006,C93497,2026-09-07 09:36:00,350980.32,INR,SUCCESS,ONLINE
T105181,M1009,C88698,2026-09-07 12:57:30,2577.81,INR,SUCCESS,QR
T105182,M1017,C86283,2026-09-07 14:48:33,309772.00,INR,SUCCESS,QR
T105183,M1010,C94653,2026-09-07 15:56:42,21866.88,INR,SUCCESS,QR
T105184,M1007,C87529,2026-09-07 21:25:58,2131.59,INR,SUCCESS,QR
T105185,M1009,C83098,2026-09-07 07:38:18,167250.40,INR,SUCCESS,ONLINE
T105186,M1007,C59658,2026-09-07 20:42:51,45757.10,INR,FAILED,QR
T105187,M1022,C79891,2026-09-07 17:17:22,271970.49,INR,SUCCESS,QR
T105188,M1013,C96875,2026-09-07 20:59:41,196658.32,INR,SUCCESS,POS
T105189,M1019,C94131,2026-09-07 06:55:36,147487.51,INR,SUCCESS,QR
T105190,M1028,C67526,2026-09-07 21:32:54,2270.81,INR,SUCCESS,ONLINE
T105191,M1009,C64335,2026-09-07 11:58:11,39208.80,INR,SUCCESS,QR
T105192,M1025,C79356,2026-09-07 17:55:17,52001.52,INR,SUCCESS,POS
T105193,M1021,C55099,2026-09-07 11:01:43,69736.87,INR,SUCCESS,QR
T105194,M1009,C85010,2026-09-07 14:01:03,122098.80,INR,SUCCESS,ONLINE
T105195,M1026,C86154,2026-09-07 19:48:52,2285.30,INR,SUCCESS,POS
T105196,M1007,C98304,2026-09-07 22:40:53,3273.79,INR,SUCCESS,POS
T105197,M1010,C51415,2026-09-07 08:04:44,289751.69,INR,SUCCESS,ONLINE
T105198,M1003,C65114,2026-09-07 06:22:00,1400.28,INR,SUCCESS,ONLINE
T105199,M1017,C97514,2026-09-07 08:33:32,45193.91,INR,SUCCESS,QR
T105200,M1026,C97206,2026-09-07 16:26:26,3383.44,INR,SUCCESS,QR
T105201,M1023,C76077,2026-09-07 08:57:45,2543.62,INR,SUCCESS,POS
T105202,M1022,C70589,2026-09-07 16:10:27,152163.40,INR,SUCCESS,QR
T105203,,C74243,2026-09-07 22:32:55,20185.03,INR,SUCCESS,POS
T105204,M1015,C57976,2026-09-07 16:43:06,259744.00,INR,SUCCESS,POS
T105205,M1011,C84316,2026-09-07 21:25:36,305188.26,INR,SUCCESS,QR
T105206,M1000,C76491,2026-09-07 19:41:15,5125.95,INR,SUCCESS,POS
T105207,M1014,C69585,2026-09-07 21:51:47,42749.31,INR,SUCCESS,QR
T105208,M1011,C87386,2026-09-07 10:56:20,1166.88,INR,REVERSED,QR
T105209,M1012,C79246,2026-09-07 13:45:55,19416.74,INR,SUCCESS,ONLINE
T105210,M1008,C88165,2026-09-07 06:15:46,21591.14,INR,FAILED,QR
T105211,M1013,C91872,2026-09-07 11:39:04,1674.41,INR,SUCCESS,QR
T105212,M1018,C51215,2026-09-07 19:27:28,115378.20,INR,SUCCESS,QR
T105213,M1014,C82538,2026-09-07 16:17:04,2489.58,INR,SUCCESS,ONLINE
T105214,M1018,C63813,2026-09-07 18:23:22,187402.54,INR,SUCCESS,QR
T105215,M1022,C86556,2026-09-07 13:20:32,2684.76,INR,SUCCESS,QR
T105216,M1025,C99147,2026-09-07 22:34:27,2750.75,INR,SUCCESS,ONLINE
T105217,M1001,C79894,2026-09-07 19:37:13,46705.89,INR,SUCCESS,QR
T105218,M1018,C69576,2026-09-07 21:20:57,163855.37,INR,SUCCESS,POS
T105219,M1019,C53811,2026-09-07 16:32:21,15818.33,INR,SUCCESS,ONLINE
T105220,M1022,C86979,2026-09-07 14:24:52,1550.81,INR,SUCCESS,POS
T105221,M1027,C70031,2026-09-07 21:04:32,329895.01,INR,SUCCESS,POS
T105222,M1021,C77129,2026-09-07 16:26:49,2710.23,INR,REVERSED,QR
T105223,M1003,C79293,2026-09-07 21:52:20,36524.44,INR,SUCCESS,POS
T105224,M1028,C83363,2026-09-07 21:07:56,877.61,INR,SUCCESS,POS
T105225,M1007,C64056,2026-09-07 16:04:40,2967.50,INR,SUCCESS,POS
T105226,M1022,C81078,2026-09-07 17:23:27,46693.77,INR,SUCCESS,ONLINE
T105227,M1006,C76042,2026-09-07 11:30:14,3779.04,INR,SUCCESS,ONLINE
T105228,M1024,C80049,2026-09-07 18:28:41,35306.45,INR,SUCCESS,QR
T105229,M1016,C87082,2026-09-07 09:09:31,6663.01,INR,SUCCESS,QR
T105230,M1016,C86801,2026-09-07 11:01:26,14974.77,INR,SUCCESS,QR
T105231,M1000,C76460,2026-09-07 21:04:44,41386.92,INR,SUCCESS,QR
T105232,M1011,C64272,2026-09-07 21:24:35,39151.33,INR,SUCCESS,POS
T105233,M1009,C56327,2026-09-07 19:41:00,3666.31,INR,SUCCESS,POS
T105234,M1012,C82370,2026-09-07 21:44:35,398244.86,INR,SUCCESS,ONLINE
T105235,M1015,C97784,2026-09-07 18:13:12,287712.72,INR,SUCCESS,POS
T105236,M1014,C51503,2026-09-07 16:23:06,2109.71,INR,SUCCESS,ONLINE
T105237,M1012,C95014,2026-09-07 20:18:06,1138.90,INR,REVERSED,QR
T105238,M1010,C55321,2026-09-07 13:16:52,15571.76,INR,SUCCESS,ONLINE
T105239,M1015,C87369,2026-09-07 22:07:40,2544.81,INR,SUCCESS,QR
T105240,M1008,C64038,2026-09-07 15:43:51,826.30,INR,SUCCESS,POS
T105241,M1017,C71940,2026-09-07 11:56:30,353142.38,INR,SUCCESS,ONLINE
T105242,M1024,C94339,2026-09-07 20:55:15,50844.70,INR,SUCCESS,ONLINE
T105243,M1008,C96138,2026-09-07 06:08:08,54668.41,INR,SUCCESS,QR
T105244,M1012,C57129,2026-09-07 12:46:10,344101.13,INR,SUCCESS,ONLINE
T105245,M1029,C75992,2026-09-07 16:39:18,3358.34,INR,SUCCESS,POS
T105246,M1028,C93428,2026-09-07 07:04:42,47180.67,INR,SUCCESS,QR
T105247,M1004,C72612,2026-09-07 22:05:54,739.59,INR,SUCCESS,POS
T105248,M1005,C65777,2026-09-07 15:16:23,1031.53,INR,FAILED,POS
T105249,M1016,C69246,2026-09-07 16:40:24,439.00,INR,SUCCESS,QR
T105250,M1005,C51590,2026-09-07 20:26:22,108851.68,INR,SUCCESS,POS
T105251,M1003,C58212,2026-09-07 18:37:43,404.83,INR,SUCCESS,QR
T105252,M1029,C65591,2026-09-07 21:05:25,3162.67,INR,SUCCESS,POS
T105253,M1005,C61769,2026-09-07 11:59:15,399932.55,INR,SUCCESS,QR
T105254,M1026,C66006,2026-09-07 17:06:46,271616.78,INR,SUCCESS,ONLINE
T105255,M1028,C62544,2026-09-07 09:46:12,3963.56,INR,SUCCESS,QR
T105256,M1029,C78034,2026-09-07 12:58:23,186508.25,INR,SUCCESS,QR
T105257,M1012,C78181,2026-09-07 13:13:00,31285.80,INR,SUCCESS,QR
T105258,M1002,C95050,2026-09-07 12:13:51,55854.94,INR,SUCCESS,QR
T105259,M1029,C79874,2026-09-07 21:52:10,3711.44,INR,SUCCESS,ONLINE
T105260,M1012,C70300,2026-09-07 08:56:47,892.33,INR,SUCCESS,POS
T105261,M1017,C74665,2026-09-07 19:21:32,215873.21,INR,SUCCESS,QR
T105262,M1016,C98387,2026-09-07 21:37:01,160970.59,INR,SUCCESS,ONLINE
T105263,M1005,C50044,2026-09-07 14:42:34,51023.36,INR,SUCCESS,POS
T105264,M1027,C98506,2026-09-07 19:00:16,2033.68,INR,SUCCESS,POS
T105265,M1024,C69583,2026-09-07 11:40:48,60655.73,INR,SUCCESS,QR
T105266,M1009,C53100,2026-09-07 10:02:49,86452.77,INR,SUCCESS,POS
T105267,M1009,C58073,2026-09-07 07:22:58,76131.28,INR,SUCCESS,ONLINE
T105268,M1027,C76830,2026-09-07 08:41:49,89604.85,INR,SUCCESS,QR
T105269,M1011,C62924,2026-09-07 07:17:44,106128.80,INR,SUCCESS,ONLINE
T105270,M1027,C75033,2026-09-07 09:17:52,310435.85,INR,SUCCESS,POS
T105271,M1008,C51183,2026-09-07 17:22:20,1603.05,INR,SUCCESS,ONLINE
T105272,M1020,C79706,2026-09-07 10:20:18,2742.56,INR,SUCCESS,QR
T105273,M1013,C64849,2026-09-07 22:27:29,245355.47,INR,SUCCESS,POS
T105274,M1020,C74983,2026-09-07 10:56:43,1828.39,INR,SUCCESS,QR
T105275,M1025,C64267,2026-09-07 08:45:42,851.32,INR,SUCCESS,ONLINE
T105276,M1017,C92128,2026-09-07 15:59:55,533.17,INR,SUCCESS,ONLINE
T105277,M1006,C73542,2026-09-07 18:26:20,13957.72,INR,SUCCESS,ONLINE
T105278,M1010,C87616,2026-09-07 07:12:40,2250.42,INR,SUCCESS,POS
T105279,M1020,C51968,2026-09-07 06:46:35,72532.50,INR,SUCCESS,ONLINE
T105280,M1027,C88304,2026-09-07 13:47:32,9104.00,INR,SUCCESS,POS
T105281,M1028,C68900,2026-09-07 07:33:51,1569.31,INR,FAILED,ONLINE
T105282,M1028,C96270,2026-09-07 15:24:40,161346.50,INR,SUCCESS,ONLINE
T105283,M1029,C89317,2026-09-07 11:02:22,17286.97,INR,SUCCESS,POS
T105284,M1016,C84337,2026-09-07 16:31:36,168441.36,INR,SUCCESS,QR
T105285,M1012,C94179,2026-09-07 13:51:53,289711.64,INR,SUCCESS,POS
T105286,M1027,C88458,2026-09-07 20:30:30,358862.85,INR,REVERSED,ONLINE
T105287,M1016,C79949,2026-09-07 11:27:56,317796.21,INR,SUCCESS,ONLINE
T105288,M1022,C87758,2026-09-07 11:11:59,2757.80,INR,SUCCESS,POS
T105289,M1026,C64558,2026-09-07 21:06:27,77655.32,INR,SUCCESS,POS
T105290,M1006,C56289,2026-09-07 10:00:29,93600.15,INR,FAILED,POS
T105291,M1002,C91001,2026-09-07 22:31:29,349.56,INR,SUCCESS,POS
T105292,M1019,C50231,2026-09-07 13:46:21,1567.56,INR,SUCCESS,QR
T105293,M1016,C75646,2026-09-07 16:31:08,2038.72,INR,SUCCESS,QR
T105294,M1021,C65981,2026-09-07 14:30:38,3123.10,INR,SUCCESS,POS
T105295,M1004,C50278,2026-09-07 13:59:23,45438.46,INR,SUCCESS,ONLINE
T105296,M1021,C50100,2026-09-07 10:13:52,39618.89,INR,SUCCESS,QR
T105297,M1007,C84130,2026-09-07 08:04:12,70201.96,INR,SUCCESS,QR
T105298,M1013,C88469,2026-09-07 20:33:26,23274.87,INR,SUCCESS,ONLINE
T105299,M1016,C59297,2026-09-07 09:01:49,357246.01,INR,SUCCESS,QR
T105300,M1026,C76170,2026-09-07 07:13:10,237235.23,INR,SUCCESS,ONLINE
T105301,M1010,C52520,2026-09-07 06:33:57,265692.91,INR,SUCCESS,QR
T105302,M1020,C64917,2026-09-07 14:39:25,34325.21,INR,SUCCESS,POS
T105303,M1015,C60194,2026-09-07 13:35:58,3581.44,INR,SUCCESS,QR
T105304,M1015,C93057,2026-09-07 14:31:50,9236.59,INR,SUCCESS,ONLINE
T105305,,C88331,2026-09-07 22:38:26,2842.06,INR,FAILED,POS
T105306,M1009,C98931,2026-09-07 16:02:09,8725.76,INR,SUCCESS,QR
T105307,M1000,C65584,2026-09-07 13:42:08,27670.45,INR,SUCCESS,QR
T105308,M1029,C81863,2026-09-07 10:49:12,44606.58,INR,SUCCESS,ONLINE
T105309,M1016,C70087,2026-09-07 07:52:35,15896.81,INR,SUCCESS,QR
T105310,M1012,C93164,2026-09-07 06:15:54,209089.11,INR,SUCCESS,QR
T105311,M1012,C99532,2026-09-07 14:53:42,384012.40,INR,SUCCESS,ONLINE
T105312,M1009,C67197,2026-09-07 20:01:21,15647.14,INR,SUCCESS,POS
T105313,M1017,C94873,2026-09-07 10:49:31,15369.19,INR,SUCCESS,ONLINE
T105314,M1013,C91805,2026-09-07 09:49:29,1674.85,INR,SUCCESS,QR
T105315,M1029,C77779,2026-09-07 19:49:11,3879.70,INR,SUCCESS,QR
T105316,M1022,C51737,2026-09-07 21:47:09,242281.86,INR,SUCCESS,ONLINE
T105317,M1006,C61935,2026-09-07 14:28:21,34679.71,INR,SUCCESS,POS
T105318,M1013,C97851,2026-09-07 20:17:00,333500.74,INR,SUCCESS,POS
T105319,M1026,C96984,2026-09-07 16:45:45,133974.53,INR,SUCCESS,QR
T105320,M1005,C86566,2026-09-07 15:32:22,24549.85,INR,SUCCESS,QR
T105321,M1005,C92087,2026-09-07 18:27:26,39884.88,INR,SUCCESS,POS
T105322,M1016,C90216,2026-09-07 21:11:30,190346.72,INR,SUCCESS,QR
T105323,M1028,C95052,2026-09-07 09:04:30,1970.92,INR,SUCCESS,QR
T105324,M1025,C73583,2026-09-07 09:48:19,215398.45,INR,SUCCESS,ONLINE
T105325,M1023,C86338,2026-09-07 09:28:29,706.45,INR,SUCCESS,ONLINE
T105326,M1025,C85990,2026-09-07 17:12:13,30503.87,INR,SUCCESS,ONLINE
T105327,M1029,C84396,2026-09-07 20:57:48,3995.14,INR,SUCCESS,ONLINE
T105328,M1002,C97677,2026-09-07 06:01:23,1193.20,INR,SUCCESS,POS
T105329,M1004,C74894,2026-09-07 13:54:01,22252.17,INR,SUCCESS,ONLINE
T105330,M1002,C67267,2026-09-07 18:04:35,314575.73,INR,FAILED,POS
T105331,M1024,C66789,2026-09-07 16:18:58,24108.99,INR,SUCCESS,QR
T105332,M1005,C91696,2026-09-07 17:19:59,299138.59,INR,FAILED,QR
T105333,M1019,C97411,2026-09-07 15:20:45,205220.74,INR,SUCCESS,QR
T105334,M1000,C78774,2026-09-07 11:04:36,138245.88,INR,SUCCESS,QR
T105335,M1010,C74634,2026-09-07 22:02:39,144379.62,INR,SUCCESS,POS
T105336,M1007,C81487,2026-09-07 16:37:40,35772.73,INR,FAILED,POS
T105337,M1001,C66890,2026-09-07 14:22:29,6666.40,INR,SUCCESS,ONLINE
T105338,M1028,C89279,2026-09-07 14:14:58,142868.65,INR,SUCCESS,POS
T105339,M1002,C92508,2026-09-07 20:23:10,285115.44,INR,SUCCESS,ONLINE
T105340,M1002,C59489,2026-09-07 16:30:23,115636.61,INR,FAILED,ONLINE
T105341,M1027,C98359,2026-09-07 14:33:59,3193.88,INR,SUCCESS,ONLINE
T105342,M1016,C60201,2026-09-07 06:29:50,11486.46,INR,FAILED,QR
T105343,M1013,C54407,2026-09-07 21:35:57,37139.65,INR,SUCCESS,ONLINE
T105344,M1001,C86184,2026-09-07 13:16:50,1266.09,INR,SUCCESS,POS
T105345,M1007,C85904,2026-09-07 17:00:19,12526.00,INR,SUCCESS,ONLINE
T105346,M1000,C88869,2026-09-07 22:14:25,12434.81,INR,SUCCESS,POS
T105347,M1009,C61157,2026-09-07 10:32:17,185406.00,INR,SUCCESS,QR
T105348,M1028,C63188,2026-09-07 16:34:39,184708.37,INR,SUCCESS,POS
T105349,M1020,C67611,2026-09-07 17:15:25,268125.87,INR,SUCCESS,ONLINE
T105350,M1025,C76260,2026-09-07 15:48:44,215577.76,INR,SUCCESS,ONLINE
T105351,M1014,C95248,2026-09-07 19:27:19,32669.33,INR,FAILED,POS
T105352,M1015,C93411,2026-09-07 14:52:21,1016.28,INR,SUCCESS,POS
T105353,M1023,C50304,2026-09-07 12:55:23,2522.19,INR,SUCCESS,QR
T105354,M1005,C67259,2026-09-07 15:01:49,366.80,INR,SUCCESS,QR
T105355,M1028,C66170,2026-09-07 13:41:25,1649.12,INR,SUCCESS,QR
T105356,M1022,C71450,2026-09-07 22:53:05,43331.97,INR,SUCCESS,QR
T105357,M1017,C94812,2026-09-07 19:47:35,1865.48,INR,SUCCESS,POS
T105358,M1023,C70287,2026-09-07 16:17:52,3884.48,INR,SUCCESS,ONLINE
T105359,M1003,C58963,2026-09-07 14:26:50,43321.36,INR,SUCCESS,ONLINE
T105360,M1029,C80597,2026-09-07 21:17:30,20249.93,INR,SUCCESS,QR
T105361,M1001,C86913,2026-09-07 10:25:14,259667.54,INR,SUCCESS,ONLINE
T105362,M1025,C61523,2026-09-07 15:24:59,43042.21,INR,SUCCESS,QR
T105363,M1026,C75222,2026-09-07 07:19:08,2445.92,INR,SUCCESS,ONLINE
T105364,M1027,C61231,2026-09-07 17:16:37,2390.59,INR,SUCCESS,ONLINE
T105365,M1011,C65484,2026-09-07 17:49:21,227161.49,INR,SUCCESS,ONLINE
T105366,M1018,C57578,2026-09-07 14:24:51,3699.53,INR,SUCCESS,QR
T105367,M1020,C68603,2026-09-07 21:27:15,21497.57,INR,SUCCESS,QR
T105368,M1010,C96410,2026-09-07 17:37:15,50583.52,INR,SUCCESS,QR
T105369,M1002,C75184,2026-09-07 12:50:47,303749.15,INR,SUCCESS,POS
T105370,M1004,C70292,2026-09-07 06:26:49,22949.96,INR,SUCCESS,ONLINE
T105371,M1010,C76054,2026-09-07 11:03:34,2321.66,INR,SUCCESS,ONLINE
T105372,M1002,C64062,2026-09-07 21:14:26,20505.02,INR,SUCCESS,QR
T105373,M1013,C72504,2026-09-07 18:31:18,636.79,INR,SUCCESS,ONLINE
T105374,M1002,C66067,2026-09-07 21:02:00,394041.67,INR,SUCCESS,ONLINE
T105375,M1025,C76142,2026-09-07 10:26:21,8119.66,INR,SUCCESS,ONLINE
T105376,M1011,C85925,2026-09-07 13:15:49,12227.77,INR,SUCCESS,QR
T105377,M1004,C85414,2026-09-07 16:07:46,978.48,INR,SUCCESS,ONLINE
T105378,M1013,C56979,2026-09-07 08:06:08,247925.09,INR,SUCCESS,ONLINE
T105379,M1002,C59821,2026-09-07 16:39:17,4471.23,,SUCCESS,QR
T105380,,C99855,2026-09-07 11:08:19,9426.56,INR,SUCCESS,POS
T105381,M1014,C60425,2026-09-07 08:58:06,344053.08,INR,SUCCESS,ONLINE
T105382,M1003,C73190,2026-09-07 22:15:19,3402.58,INR,SUCCESS,ONLINE
T105383,M1019,C56966,2026-09-07 16:12:29,1484.05,INR,SUCCESS,QR
T105384,M1024,C84339,2026-09-07 14:18:30,6789.98,INR,SUCCESS,QR
