transaction_id,merchant_id,customer_id,transaction_ts,amount,currency,status,payment_channel
T105385,M1009,C55003,2026-09-08 17:29:51,321291.55,INR,SUCCESS,POS
T105386,M1029,C86114,2026-09-08 15:17:11,225118.19,INR,SUCCESS,ONLINE
T105387,M1011,C89896,2026-09-08 15:22:50,31325.32,INR,SUCCESS,ONLINE
T105388,M1026,C64243,2026-09-08 10:50:21,113509.12,INR,SUCCESS,ONLINE
T105389,M1011,C56278,2026-09-08 12:33:28,253836.00,INR,SUCCESS,ONLINE
T105390,M1007,C89482,2026-09-08 17:12:21,26754.82,INR,SUCCESS,ONLINE
T105391,M1025,C67902,2026-09-08 17:09:46,263796.21,INR,REVERSED,QR
T105392,M1016,C83203,2026-09-08 09:56:36,387756.13,INR,SUCCESS,POS
T105393,M1020,C96758,2026-09-08 15:03:11,205908.24,INR,SUCCESS,QR
T105394,M1022,C55450,2026-09-08 10:40:03,23894.82,INR,SUCCESS,POS
T105395,M1025,C98811,2026-09-08 12:41:57,40387.77,INR,SUCCESS,QR
T105396,M1008,C67033,2026-09-08 10:42:36,3867.33,INR,SUCCESS,ONLINE
T105397,M1029,C63153,2026-09-08 08:11:16,213790.98,INR,SUCCESS,POS
T105398,M1014,C80829,2026-09-08 20:45:30,57551.69,INR,FAILED,QR
T105399,M1010,C83071,2026-09-08 21:23:54,10225.36,INR,SUCCESS,QR
T105400,M1008,C81683,2026-09-08 19:41:09,3402.61,INR,SUCCESS,ONLINE
T105401,M1023,C88948,2026-09-08 11:41:40,1328.53,INR,SUCCESS,QR
T105402,M1017,C77167,2026-09-08 08:31:12,43937.27,INR,SUCCESS,POS
T105403,M1014,C68169,2026-09-08 11:12:42,3631.87,INR,SUCCESS,QR
T105404,M1008,C88998,2026-09-08 07:25:38,18574.46,INR,FAILED,ONLINE
T105405,M1012,C85629,2026-09-08 18:42:19,22910.52,INR,SUCCESS,QR
T105406,M1027,C54863,2026-09-08 06:55:41,34123.68,INR,SUCCESS,ONLINE
T105407,M1028,C96735,2026-09-08 21:09:42,208270.03,INR,SUCCESS,POS
T105408,M1004,C58886,2026-09-08 22:46:53,368934.13,INR,SUCCESS,ONLINE
T105409,M1005,C80199,2026-09-08 22:13:07,42234.18,INR,SUCCESS,QR
T105410,M1016,C65393,2026-09-08 20:04:48,1561.71,INR,REVERSED,ONLINE
T105411,M1022,C94665,2026-09-08 06:31:31,4187.40,INR,SUCCESS,QR
T105412,M1003,C96019,2026-09-08 18:28:38,2374.99,INR,SUCCESS,POS
T105413,M1004,C99298,2026-09-08 12:34:40,2539.14,INR,SUCCESS,POS
T105414,M1006,C94466,2026-09-08 19:57:38,273961.36,INR,SUCCESS,QR
T105415,M1027,C94601,2026-09-08 07:22:09,88877.34,INR,SUCCESS,ONLINE
T105416,M1016,C78204,2026-09-08 17:13:36,3642.86,INR,SUCCESS,ONLINE
T105417,M1019,C76548,2026-09-08 10:37:22,57165.94,INR,SUCCESS,QR
T105418,M1004,C82961,2026-09-08 19:44:11,3936.08,INR,SUCCESS,QR
T105419,M1011,C63719,2026-09-08 19:46:05,329454.01,INR,SUCCESS,ONLINE
T105420,M1023,C63640,2026-09-08 21:13:46,271821.81,INR,SUCCESS,ONLINE
T105421,M1015,C89562,2026-09-08 22:51:53,1421.13,INR,SUCCESS,POS
T105422,M1025,C69553,2026-09-08 15:57:20,1711.91,INR,SUCCESS,POS
T105423,M1024,C78874,2026-09-08 06:26:17,390119.41,INR,SUCCESS,POS
T105424,M1010,C79550,2026-09-08 17:19:43,326075.38,INR,SUCCESS,QR
T105425,M1020,C65390,2026-09-08 18:42:45,2235.23,INR,SUCCESS,POS
T105426,M1010,C81937,2026-09-08 10:48:37,175747.35,INR,SUCCESS,POS
T105427,M1009,C87228,2026-09-08 16:05:08,284024.28,INR,SUCCESS,QR
T105428,M1011,C51959,2026-09-08 21:09:34,52496.03,INR,SUCCESS,QR
T105429,M1028,C67582,2026-09-08 16:18:36,1192.74,INR,SUCCESS,ONLINE
T105430,M1011,C53831,2026-09-08 21:32:07,2910.36,INR,SUCCESS,QR
T105431,M1013,C53327,2026-09-08 17:38:06,20980.27,INR,SUCCESS,QR
T105432,M1025,C57100,2026-09-08 21:55:42,645.29,INR,REVERSED,ONLINE
T105433,M1018,C83653,2026-09-08 14:08:16,3918.33,INR,SUCCESS,ONLINE
T105434,M1025,C52230,2026-09-08 14:05:06,67269.11,INR,SUCCESS,ONLINE
T105435,M1000,C67551,2026-09-08 22:30:25,2462.78,INR,SUCCESS,POS
T105436,M1023,C82037,2026-09-08 18:01:23,25548.65,INR,SUCCESS,POS
T105437,M1008,C82344,2026-09-08 21:59:52,3014.67,INR,SUCCESS,QR
T105438,M1005,C88848,2026-09-08 13:31:57,234851.93,INR,REVERSED,QR
T105439,M1012,C60327,2026-09-08 22:33:09,239476.37,INR,REVERSED,POS
T105440,M1013,C81631,2026-09-08 09:10:18,346057.98,INR,FAILED,QR
T105441,M1013,C90819,2026-09-08 16:40:17,3084.42,INR,FAILED,POS
T105442,M1011,C82406,2026-09-08 21:34:12,399859.97,INR,SUCCESS,POS
T105443,M1009,C51042,2026-09-08 22:33:52,2844.99,INR,SUCCESS,POS
T105444,M1027,C66134,2026-09-08 08:56:19,372.40,INR,FAILED,ONLINE
T105445,M1000,C69677,2026-09-08 12:36:09,1946.12,INR,SUCCESS,POS
T105446,M1010,C50345,2026-09-08 18:59:33,3505.48,USD,SUCCESS,ONLINE
T105447,M1003,C95889,2026-09-08 14:52:00,1553.69,INR,SUCCESS,ONLINE
T105448,M1011,C84054,2026-09-08 11:14:47,30249.14,INR,SUCCESS,ONLINE
T105449,M1017,C89376,2026-09-08 08:17:10,19798.63,INR,SUCCESS,ONLINE
T105450,M1014,C64805,2026-09-08 08:41:43,27646.94,INR,FAILED,QR
T105451,M1016,C63261,2026-09-08 16:50:21,2501.90,INR,SUCCESS,QR
T105452,M1009,C97781,2026-09-08 11:47:32,13978.30,INR,SUCCESS,POS
T105453,M1005,C75745,2026-09-08 07:04:50,3532.16,INR,SUCCESS,ONLINE
T105454,M1028,C62724,2026-09-08 06:16:29,30570.91,INR,FAILED,QR
T105455,M1004,C73502,2026-09-08 06:00:52,322139.98,INR,SUCCESS,POS
T105456,M1015,C58755,2026-09-08 09:39:01,304120.49,INR,SUCCESS,ONLINE
T105457,M1001,C84197,2026-09-08 22:47:48,120109.05,INR,SUCCESS,ONLINE
T105458,M1010,C66625,2026-09-08 11:43:25,6527.06,INR,SUCCESS,QR
T105459,M1004,C83858,2026-09-08 08:27:22,57624.24,INR,SUCCESS,POS
T105460,M1027,C99407,2026-09-08 09:18:29,3075.06,INR,SUCCESS,ONLINE
T105461,M1024,C70043,2026-09-08 17:53:53,332221.95,INR,SUCCESS,ONLINE
T105462,M1017,C80082,2026-09-08 09:13:34,167485.90,INR,SUCCESS,QR
T105463,M1019,C93280,2026-09-08 17:27:20,377171.97,INR,SUCCESS,QR
T105464,M1010,C67721,2026-09-08 14:44:25,2950.27,INR,SUCCESS,POS
T105465,M1007,C72696,2026-09-08 22:35:16,43736.31,INR,SUCCESS,QR
T105466,M1024,C51849,2026-09-08 21:27:25,46856.72,INR,FAILED,POS
T105467,M1005,C87734,2026-09-08 22:00:44,879.04,INR,SUCCESS,POS
T105468,M1004,C82537,2026-09-08 13:45:44,329244.67,INR,SUCCESS,POS
T105469,M1000,C52262,2026-09-08 07:41:56,232710.01,INR,SUCCESS,POS
T105470,M1025,C51661,2026-09-08 20:44:33,5026.77,INR,SUCCESS,ONLINE
T105471,M1014,C61047,2026-09-08 09:38:14,300.83,INR,SUCCESS,ONLINE
T105472,M1004,C77429,2026-09-08 12:09:08,2981.85,INR,SUCCESS,ONLINE
T105473,M1018,C93670,2026-09-08 07:52:57,51202.09,INR,SUCCESS,ONLINE
T105474,M1003,C60707,2026-09-08 20:26:41,235.84,INR,SUCCESS,POS
T105475,M1028,C69621,2026-09-08 16:07:46,357031.07,INR,SUCCESS,ONLINE
T105476,M1018,C55229,2026-09-08 09:17:22,166775.12,INR,SUCCESS,POS
T105477,M1010,C91718,2026-09-08 12:12:08,90890.86,INR,SUCCESS,QR
T105478,M1012,C67183,2026-09-08 09:12:29,1274.01,INR,SUCCESS,ONLINE
T105479,M1014,C66712,2026-09-08 16:49:35,2440.43,INR,SUCCESS,QR
T105480,M1010,C87014,2026-09-08 13:08:39,2329.23,INR,SUCCESS,ONLINE
T105481,M1021,C89049,2026-09-08 22:24:07,47033.82,INR,SUCCESS,QR
T105482,M1016,C79340,2026-09-08 17:28:30,14175.65,INR,SUCCESS,ONLINE
T105483,M1021,C93590,2026-09-08 21:46:24,19325.05,INR,SUCCESS,QR
T105484,M1024,C61924,2026-09-08 19:17:48,2391.51,INR,SUCCESS,ONLINE
T105485,M1027,C53206,2026-09-08 16:36:00,2137.10,INR,SUCCESS,ONLINE
T105486,M1013,C67252,2026-09-08 08:19:58,71516.05,INR,SUCCESS,QR
T105487,M1028,C59683,2026-09-08 19:52:39,2384.56,INR,SUCCESS,POS
T105488,M1027,C94013,2026-09-08 13:37:52,321627.11,INR,SUCCESS,POS
T105489,M1008,C97215,2026-09-08 22:33:06,13380.88,INR,SUCCESS,QR
T105490,M1009,C74118,2026-09-08 11:44:06,117739.99,INR,SUCCESS,POS
T105491,M1011,C67341,2026-09-08 13:19:41,38396.25,INR,SUCCESS,POS
T105492,M1002,C54036,2026-09-08 21:47:12,10038.76,INR,SUCCESS,POS
T105493,M1020,C84446,2026-09-08 20:25:21,1379.48,INR,FAILED,ONLINE
T105494,M1014,C83092,2026-09-08 16:00:20,50655.95,INR,SUCCESS,QR
T105495,M1023,C76737,2026-09-08 19:25:19,2550.84,INR,SUCCESS,ONLINE
T105496,M1029,C85826,2026-09-08 13:41:33,32331.79,INR,SUCCESS,QR
T105497,M1019,C53595,2026-09-08 22:31:27,112076.73,INR,SUCCESS,QR
T105498,M1003,C93546,2026-09-08 21:24:11,1505.01,INR,SUCCESS,ONLINE
T105499,M1014,C84307,2026-09-08 14:17:53,58189.15,INR,SUCCESS,QR
T105500,M1019,C51906,2026-09-08 08:43:42,1220.74,INR,SUCCESS,POS
T105501,M1023,C99820,2026-09-08 20:04:37,47800.76,INR,SUCCESS,QR
T105502,M1015,C75220,2026-09-08 22:49:24,48411.49,INR,SUCCESS,QR
T105503,M1017,C63311,2026-09-08 07:42:26,799.48,INR,SUCCESS,QR
T105504,M1026,C62633,2026-09-08 12:01:26,101767.50,INR,SUCCESS,ONLINE
T105505,M1006,C55809,2026-09-08 16:14:54,394283.05,INR,SUCCESS,POS
T105506,M1008,C67275,2026-09-08 22:30:03,2235.41,INR,FAILED,POS
T105507,M1024,C64752,2026-09-08 10:44:19,51666.88,INR,SUCCESS,ONLINE
T105508,M1007,C96863,2026-09-08 08:35:04,1531.68,INR,SUCCESS,ONLINE
T105509,M1014,C92305,2026-09-08 16:56:46,28198.60,INR,SUCCESS,ONLINE
T105510,M1005,C65493,2026-09-08 10:43:09,55849.59,INR,FAILED,QR
T105511,M1005,C65325,2026-09-08 13:25:20,317188.28,INR,SUCCESS,ONLINE
T105512,M1015,C61890,2026-09-08 13:34:51,45315.84,INR,REVERSED,ONLINE
T105513,M1008,C74573,2026-09-08 22:45:17,1169.73,INR,SUCCESS,ONLINE
T105514,M1006,C94396,2026-09-08 07:44:55,14140.86,INR,SUCCESS,POS
T105515,M1005,C99349,2026-09-08 10:56:16,5296.81,INR,SUCCESS,QR
T105516,M1014,C96337,2026-09-08 06:43:39,178571.80,INR,SUCCESS,POS
T105517,M1011,C54974,2026-09-08 10:22:13,1165.19,INR,SUCCESS,POS
T105518,M1025,C77362,2026-09-08 08:20:03,222501.34,INR,SUCCESS,ONLINE
T105519,M1001,C60817,2026-09-08 17:16:56,1954.93,INR,SUCCESS,POS
T105520,M1022,C90430,2026-09-08 11:13:47,33070.92,INR,SUCCESS,ONLINE
T105521,M1023,C65415,2026-09-08 16:42:56,3145.10,INR,SUCCESS,POS
T105522,M1005,C79436,2026-09-08 15:04:18,59980.46,INR,SUCCESS,QR
T105523,M1000,C55247,2026-09-08 20:50:39,109432.61,INR,SUCCESS,POS
T105524,M1028,C72982,2026-09-08 07:18:11,928.84,INR,SUCCESS,ONLINE
T105525,M1011,C66007,2026-09-08 17:31:41,24478.12,INR,SUCCESS,QR
T105526,M1028,C88010,2026-09-08 14:54:02,13156.51,INR,SUCCESS,POS
T105527,M1006,C75151,2026-09-08 13:27:34,86101.92,INR,SUCCESS,ONLINE
T105528,M1002,C65583,2026-09-08 08:19:56,80597.01,INR,SUCCESS,QR
T105529,M1025,C53404,2026-09-08 12:06:38,52521.93,INR,FAILED,QR
T105530,M1002,C52449,2026-09-08 06:01:09,235928.70,INR,SUCCESS,ONLINE
T105531,M1011,C90824,2026-09-08 14:43:38,48681.24,INR,SUCCESS,QR
T105532,M1022,C98745,2026-09-08 19:53:45,51239.81,INR,SUCCESS,ONLINE
T105533,M1011,C64946,2026-09-08 09:44:50,293207.07,INR,SUCCESS,ONLINE
T105534,M1020,C67774,2026-09-08 14:21:48,56983.78,INR,SUCCESS,ONLINE
T105535,M1011,C70366,2026-09-08 09:42:37,116464.37,INR,SUCCESS,QR
T105536,M1008,C91264,2026-09-08 17:31:14,156197.48,INR,SUCCESS,ONLINE
T105537,M1010,C56883,2026-09-08 07:22:40,1236.58,INR,SUCCESS,QR
T105538,M1003,C95223,2026-09-08 21:50:03,155229.05,INR,SUCCESS,ONLINE
T105539,M1005,C75256,2026-09-08 11:56:05,60185.94,INR,SUCCESS,POS
T105540,M1019,C71070,2026-09-08 07:50:49,29811.93,INR,SUCCESS,ONLINE
T105541,M1015,C66079,2026-09-08 21:13:51,229610.42,INR,SUCCESS,ONLINE
T105542,M1019,C81613,2026-09-08 21:54:55,288123.53,INR,SUCCESS,ONLINE
T105543,M1029,C64809,2026-09-08 12:30:26,264828.69,INR,FAILED,ONLINE
T105544,M1027,C97446,2026-09-08 12:00:52,1719.17,INR,SUCCESS,ONLINE
T105545,M1022,C97440,2026-09-08 13:13:36,273454.25,INR,SUCCESS,ONLINE
T105546,M1023,C67918,2026-09-08 21:35:19,104514.56,INR,SUCCESS,QR
T105547,M1009,C70842,2026-09-08 14:25:28,1926.26,INR,SUCCESS,QR
T105548,M1019,C73899,2026-09-08 20:43:51,59908.33,INR,SUCCESS,QR
T105549,M1008,C97238,2026-09-08 21:31:40,2507.97,INR,SUCCESS,QR
T105550,M1015,C60112,2026-09-08 16:19:23,326939.60,INR,SUCCESS,POS
T105551,M1023,C90014,2026-09-08 13:50:57,22932.52,INR,SUCCESS,POS
T105552,M1025,C65521,2026-09-08 13:41:11,1609.91,INR,SUCCESS,ONLINE
T105553,,C71564,2026-09-08 18:13:03,30324.20,INR,SUCCESS,ONLINE
T105554,M1028,C70747,2026-09-08 13:22:40,3154.27,INR,SUCCESS,POS
T105555,M1014,C77909,2026-09-08 12:19:52,1107.46,INR,SUCCESS,QR
T105556,M1026,C51394,2026-09-08 18:15:37,132854.62,INR,SUCCESS,QR
T105557,M1011,C55149,2026-09-08 07:01:01,36114.01,INR,SUCCESS,QR
T105558,M1028,C57040,2026-09-08 16:11:23,1893.07,INR,SUCCESS,ONLINE
T105559,M1024,C54211,2026-09-08 11:59:56,3029.64,INR,SUCCESS,POS
T105560,M1007,C94464,2026-09-08 10:06:06,353414.91,INR,SUCCESS,POS
T105561,M1000,C94245,2026-09-08 10:24:28,2049.25,INR,FAILED,QR
T105562,M1005,C54926,2026-09-08 11:58:01,14400.84,INR,SUCCESS,POS
T105563,M1006,C91457,2026-09-08 16:33:35,48213.89,INR,SUCCESS,QR
T105564,M1014,C87041,2026-09-08 21:40:17,58749.25,INR,SUCCESS,ONLINE
T105565,M1012,C51150,2026-09-08 15:50:13,57331.49,INR,SUCCESS,ONLINE
T105566,M1028,C75973,2026-09-08 08:55:55,317965.86,INR,SUCCESS,QR
T105567,M1019,C61495,2026-09-08 11:59:00,25824.81,INR,FAILED,POS
T105568,M1003,C56720,2026-09-08 10:44:45,3956.83,INR,SUCCESS,ONLINE
T105569,M1013,C97931,2026-09-08 17:07:33,472.14,INR,SUCCESS,POS
T105570,M1019,C70053,2026-09-08 11:10:12,240865.18,INR,REVERSED,QR
T105571,M1010,C53491,2026-09-08 09:58:19,177692.00,INR,SUCCESS,ONLINE
T105572,M1024,C51452,2026-09-08 16:55:47,2807.52,INR,SUCCESS,ONLINE
T105573,M1004,C91679,2026-09-08 11:37:32,51528.22,INR,FAILED,POS
T105574,M1024,C87419,2026-09-08 07:58:10,153430.05,INR,SUCCESS,QR
T105575,M1021,C98391,2026-09-08 16:55:26,168323.56,INR,SUCCESS,QR
T105576,M1013,C90438,2026-09-08 21:29:43,61005.98,INR,SUCCESS,QR
T105577,M1010,C75571,2026-09-08 13:28:27,55012.12,INR,SUCCESS,POS
T105578,M1025,C58221,2026-09-08 12:51:35,1604.58,INR,SUCCESS,QR
T105579,M1003,C83498,2026-09-08 08:11:01,2953.16,INR,SUCCESS,QR
T105580,M1005,C89315,2026-09-08 17:03:37,95178.94,INR,SUCCESS,POS
T105581,M1000,C74320,2026-09-08 19:49:54,3775.47,INR,FAILED,ONLINE
T105582,M1023,C65688,2026-09-08 22:53:47,51862.39,INR,SUCCESS,QR
T105583,M1010,C90422,2026-09-08 18:03:50,51492.41,INR,SUCCESS,QR
T105584,M1003,C74868,2026-09-08 07:24:53,2255.18,INR,SUCCESS,QR
T105585,M1018,C62842,2026-09-08 15:55:44,1157.55,INR,REVERSED,QR
T105586,M1018,C63737,2026-09-08 12:32:06,2023.55,INR,SUCCESS,POS
T105587,M1024,C83246,2026-09-08 08:49:39,2319.35,INR,FAILED,ONLINE
T105588,M1021,C62527,2026-09-08 12:53:36,1283.68,INR,SUCCESS,ONLINE
T105589,M1002,C76689,2026-09-08 20:56:17,136855.24,INR,SUCCESS,QR
T105590,M1003,C85489,2026-09-08 21:06:43,235812.80,INR,SUCCESS,ONLINE
T105591,M1021,C71712,2026-09-08 17:00:32,326911.03,INR,FAILED,ONLINE
T105592,M1026,C74264,2026-09-08 08:44:24,158509.49,INR,SUCCESS,POS
T105593,M1021,C80618,2026-09-08 07:23:43,18969.49,INR,REVERSED,QR
T105594,M1012,C53728,2026-09-08 21:20:09,20523.78,INR,REVERSED,ONLINE
T105595,M1012,C83821,2026-09-08 15:01:49,181020.38,INR,SUCCESS,QR
T105596,M1016,C66359,2026-09-08 13:19:43,360775.16,INR,SUCCESS,ONLINE
T105597,M1004,C68742,2026-09-08 12:35:56,292236.33,INR,SUCCESS,ONLINE
T105598,M1002,C89496,2026-09-08 16:57:44,43874.14,INR,SUCCESS,ONLINE
T105599,M1016,C63397,2026-09-08 12:47:07,148290.10,INR,SUCCESS,ONLINE
T105600,M1006,C62307,2026-09-08 10:40:32,1129.67,INR,SUCCESS,ONLINE
T105601,M1016,C78494,2026-09-08 10:35:29,15164.58,INR,SUCCESS,ONLINE
T105602,M1005,C84942,2026-09-08 08:58:31,342469.44,INR,SUCCESS,ONLINE
T105603,M1005,C59099,2026-09-08 15:55:37,34479.49,INR,FAILED,QR
T105604,M1016,C90048,2026-09-08 07:05:09,52551.42,INR,SUCCESS,QR
T105605,M1002,C93706,2026-09-08 10:06:41,38899.22,INR,SUCCESS,QR
T105606,M1021,C70237,2026-09-08 07:14:59,43064.64,INR,SUCCESS,ONLINE
T105607,M1025,C83694,2026-09-08 10:07:54,155368.27,INR,SUCCESS,POS
T105608,M1014,C85510,2026-09-08 07:03:01,319856.26,INR,SUCCESS,POS
T105609,M1019,C91669,2026-09-08 15:46:24,55368.20,INR,SUCCESS,POS
T105610,M1025,C96541,2026-09-08 17:04:15,731.59,INR,SUCCESS,ONLINE
T105611,M1025,C73145,2026-09-08 15:50:16,2281.69,INR,SUCCESS,ONLINE
T105612,M1003,C76875,2026-09-08 20:34:02,1883.66,INR,REVERSED,POS
T105613,M1021,C53737,2026-09-08 21:58:11,1307.51,INR,FAILED,ONLINE
T105614,M1005,C71591,2026-09-08 13:53:51,260905.82,INR,FAILED,ONLINE
T105615,M1020,C72168,2026-09-08 07:02:25,143679.71,INR,SUCCESS,QR
T105616,M1014,C96874,2026-09-08 10:00:33,193.42,INR,SUCCESS,QR
T105617,M1010,C59283,2026-09-08 17:34:48,199782.33,INR,SUCCESS,ONLINE
T105618,M1025,C84858,2026-09-08 19:03:10,1733.60,INR,SUCCESS,QR
T105619,M1025,C61046,2026-09-08 20:22:34,102215.17,INR,FAILED,QR
T105620,M1007,C93881,2026-09-08 06:13:09,211949.84,INR,SUCCESS,QR
T105621,M1014,C67402,2026-09-08 08:43:34,38223.61,INR,SUCCESS,POS
T105622,M1006,C62178,2026-09-08 08:07:35,212003.25,INR,SUCCESS,QR
T105623,M1024,C79176,2026-09-08 08:22:27,4647.69,INR,SUCCESS,POS
T105624,M1007,C83093,2026-09-08 18:36:24,221417.71,INR,SUCCESS,POS
T105625,M1007,C77144,2026-09-08 18:54:20,178279.52,INR,FAILED,ONLINE
T105626,M1027,C71797,2026-09-08 15:27:02,3531.66,INR,SUCCESS,ONLINE
T105627,M1029,C98733,2026-09-08 13:21:04,25524.39,INR,SUCCESS,POS
T105628,M1006,C55868,2026-09-08 10:35:12,293071.23,INR,SUCCESS,POS
T105629,M1019,C67231,2026-09-08 17:53:11,3420.99,INR,SUCCESS,POS
T105630,M1002,C61434,2026-09-08 10:29:55,3692.81,INR,SUCCESS,ONLINE
T105631,M1029,C78351,2026-09-08 20:37:20,3502.19,INR,SUCCESS,POS
T105632,M1025,C73552,2026-09-08 20:16:27,277015.95,INR,SUCCESS,ONLINE
T105633,M1023,C83266,2026-09-08 08:44:30,4656.97,INR,SUCCESS,QR
T105634,M1019,C52632,2026-09-08 22:24:47,22695.78,USD,FAILED,POS
T105635,M1010,C56987,2026-09-08 20:54:33,370137.81,INR,SUCCESS,QR
T105636,M1019,C90565,2026-09-08 18:04:26,188361.32,INR,SUCCESS,ONLINE
T105637,M1027,C69910,2026-09-08 08:08:00,11210.08,INR,FAILED,POS
T105638,M1029,C53875,2026-09-08 18:45:21,13304.18,INR,SUCCESS,POS
T105639,M1006,C96843,2026-09-08 06:04:35,1271.89,INR,SUCCESS,POS
T105640,M1009,C82736,2026-09-08 13:30:02,351451.12,INR,SUCCESS,QR
T105641,M1005,C65407,2026-09-08 18:45:06,390223.98,INR,SUCCESS,POS
T105642,M1025,C88233,2026-09-08 14:09:52,3336.97,INR,FAILED,POS
T105643,M1016,C70880,2026-09-08 17:16:50,122098.98,INR,SUCCESS,POS
T105644,M1000,C90865,2026-09-08 22:28:00,338120.69,INR,SUCCESS,ONLINE
T105645,M1024,C79865,2026-09-08 22:19:19,35204.11,INR,SUCCESS,POS
T105646,M1010,C83509,2026-09-08 21:38:39,5755.75,INR,SUCCESS,POS
T105647,M1018,C91557,2026-09-08 12:01:02,539.65,INR,SUCCESS,QR
T105648,M1021,C50877,2026-09-08 06:04:34,1101.78,INR,SUCCESS,QR
T105649,M1025,C62577,2026-09-08 18:20:39,2276.40,INR,SUCCESS,ONLINE
T105650,M1024,C51646,2026-09-08 11:26:41,1573.04,INR,SUCCESS,POS
T105651,M1018,C99585,2026-09-08 14:10:03,322751.88,INR,SUCCESS,ONLINE
T105652,M1007,C55659,2026-09-08 06:08:07,119608.44,INR,SUCCESS,ONLINE
T105653,M1013,C93188,2026-09-08 15:23:47,84176.32,INR,SUCCESS,QR
T105654,M1016,C92796,2026-09-08 08:49:55,608.65,INR,SUCCESS,POS
T105655,M1019,C72787,2026-09-08 15:28:27,70941.42,INR,SUCCESS,POS
T105656,M1028,C95711,2026-09-08 18:02:37,8621.29,INR,SUCCESS,ONLINE
T105657,M1028,C62869,2026-09-08 22:51:50,855.88,INR,SUCCESS,ONLINE
T105658,M1016,C80889,2026-09-08 14:18:07,1356.76,INR,SUCCESS,POS
T105659,M1022,C82133,2026-09-08 19:47:04,2248.00,INR,SUCCESS,ONLINE
T105660,M1002,C95064,2026-09-08 22:00:18,792.19,INR,SUCCESS,ONLINE
T105661,M1021,C90034,2026-09-08 09:22:51,3411.95,INR,SUCCESS,POS
T105662,M1003,C98410,2026-09-08 21:44:15,2968.52,INR,SUCCESS,POS
T105663,M1004,C81141,2026-09-08 10:16:42,5283.24,INR,SUCCESS,QR
T105664,M1021,C83189,2026-09-08 14:51:57,276565.79,INR,SUCCESS,ONLINE
T105665,M1003,C59365,2026-09-08 13:22:23,237899.92,INR,SUCCESS,QR
T105666,M1029,C89862,2026-09-08 20:08:17,84680.42,INR,SUCCESS,ONLINE
T105667,M1003,C52061,2026-09-08 13:15:36,1084.01,INR,SUCCESS,ONLINE
T105668,M1027,C97210,2026-09-08 16:51:55,48896.73,INR,SUCCESS,QR
T105669,M1026,C75187,2026-09-08 09:01:59,107754.39,INR,SUCCESS,ONLINE
T105670,M1022,C91544,2026-09-08 08:57:44,27002.84,INR,SUCCESS,ONLINE
T105671,M1015,C93313,2026-09-08 17:48:08,23816.70,INR,SUCCESS,POS
T105672,M1017,C70551,2026-09-08 20:25:55,3879.48,INR,SUCCESS,QR
T105673,M1018,C92178,2026-09-08 14:12:22,398351.61,INR,SUCCESS,ONLINE
T105674,M1008,C72254,2026-09-08 14:53:17,53137.32,INR,SUCCESS,QR
T105675,M1023,C60273,2026-09-08 19:27:56,51539.25,INR,SUCCESS,QR
T105676,M1021,C64236,2026-09-08 12:11:03,105868.62,INR,SUCCESS,POS
T105677,M1016,C72474,2026-09-08 21:39:08,297297.60,INR,SUCCESS,POS
T105678,M1014,C74116,2026-09-08 12:46:13,380138.02,INR,SUCCESS,ONLINE
T105679,M1025,C50326,2026-09-08 08:32:30,2564.79,INR,SUCCESS,ONLINE
T105680,M1022,C56431,2026-09-08 08:44:07,6044.66,INR,SUCCESS,ONLINE
T105681,M1028,C79457,2026-09-08 09:01:46,116811.65,INR,SUCCESS,ONLINE
T105682,M1011,C85728,2026-09-08 21:04:16,2284.62,INR,SUCCESS,POS
T105683,M1011,C50774,2026-09-08 13:57:04,28932.03,INR,SUCCESS,QR
T105684,M1024,C69243,2026-09-08 09:51:34,237.18,INR,SUCCESS,POS
T105685,M1005,C91577,2026-09-08 10:10:58,33828.89,INR,SUCCESS,ONLINE
T105686,M1029,C91063,2026-09-08 10:16:08,253145.86,INR,FAILED,ONLINE
T105687,M1018,C66037,2026-09-08 14:27:42,49530.03,INR,SUCCESS,QR
T105688,M1000,C76832,2026-09-08 10:35:17,19268.22,INR,SUCCESS,POS
T105689,M1020,C87687,2026-09-08 14:53:06,27283.42,INR,SUCCESS,POS
T105690,M1016,C98335,2026-09-08 07:14:13,2633.06,INR,SUCCESS,POS
T105691,M1022,C84430,2026-09-08 08:24:22,46715.79,INR,SUCCESS,POS
T105692,M1026,C71509,2026-09-08 21:34:29,396301.58,INR,SUCCESS,QR
T105693,M1004,C94285,2026-09-08 21:28:29,139520.39,INR,SUCCESS,ONLINE
T105694,M1010,C83402,2026-09-08 15:37:50,1994.71,INR,SUCCESS,POS
T105695,M1018,C54340,2026-09-08 09:11:54,3962.57,,SUCCESS,QR
T105696,M1023,C99678,2026-09-08 13:48:24,3034.16,INR,SUCCESS,QR
T105697,M1012,C94355,2026-09-08 07:49:16,166.86,INR,SUCCESS,POS
T105698,M1017,C89888,2026-09-08 18:30:40,20213.69,INR,SUCCESS,ONLINE
T105699,M1021,C94964,2026-09-08 06:49:33,2319.84,INR,SUCCESS,QR
T105700,M1007,C98015,2026-09-08 07:58:00,2326.85,INR,SUCCESS,POS
T105701,M1027,C96689,2026-09-08 14:08:18,3004.49,INR,SUCCESS,POS
T105702,M1015,C78548,2026-09-08 06:00:50,354398.44,INR,SUCCESS,POS
T105703,M1022,C86847,2026-09-08 18:57:08,102490.17,INR,SUCCESS,POS
T105704,M1023,C71567,2026-09-08 19:17:42,55442.67,INR,SUCCESS,QR
T105705,M1010,C95891,2026-09-08 08:15:32,37799.12,INR,FAILED,QR
T105706,M1002,C58605,2026-09-08 21:54:29,51034.38,INR,SUCCESS,ONLINE
T105707,M1024,C99662,2026-09-08 10:55:07,162810.77,INR,SUCCESS,QR
T105708,M1002,C51446,2026-09-08 11:49:52,235635.08,INR,SUCCESS,ONLINE
T105709,M1007,C64068,2026-09-08 06:18:04,655.86,INR,SUCCESS,ONLINE
T105710,M1024,C86130,2026-09-08 06:26:47,281086.81,INR,SUCCESS,QR
T105711,M1020,C68144,2026-09-08 13:20:06,41398.91,INR,SUCCESS,ONLINE
T105712,M1027,C50992,2026-09-08 16:59:07,20139.41,INR,SUCCESS,POS
T105713,M1006,C81326,2026-09-08 09:53:19,3572.03,INR,SUCCESS,ONLINE
T105714,M1001,C94964,2026-09-08 07:43:31,664.44,INR,SUCCESS,ONLINE
T105715,M1015,C99348,2026-09-08 13:20:11,300031.36,INR,SUCCESS,QR
T105716,M1027,C87139,2026-09-08 17:32:09,17001.59,INR,SUCCESS,POS
T105717,M1013,C94156,2026-09-08 14:17:17,170464.43,INR,SUCCESS,ONLINE
T105718,M1004,C57506,2026-09-08 19:01:16,445.11,INR,SUCCESS,ONLINE
T105719,M1000,C83638,2026-09-08 20:01:42,2875.61,INR,SUCCESS,POS
T105720,M1010,C98743,2026-09-08 09:09:36,1691.70,INR,SUCCESS,ONLINE
T105721,M1001,C82124,2026-09-08 09:24:13,3405.52,INR,SUCCESS,QR
T105722,M1016,C73314,2026-09-08 17:16:12,268.17,INR,SUCCESS,QR
T105723,M1001,C91510,2026-09-08 08:02:22,51297.05,INR,SUCCESS,POS
T105724,M1005,C84827,2026-09-08 19:48:18,13561.37,INR,SUCCESS,POS
T105725,M1029,C85541,2026-09-08 18:03:56,19776.12,INR,SUCCESS,ONLINE
T105726,M1005,C54753,2026-09-08 17:46:35,363652.67,INR,SUCCESS,QR
T105727,M1006,C78950,2026-09-08 22:57:25,3857.06,INR,FAILED,POS
T105728,M1002,C75172,2026-09-08 06:12:10,11151.65,INR,SUCCESS,POS
T105729,M1016,C96062,2026-09-08 08:16:38,56834.31,INR,SUCCESS,POS
T105730,M1025,C53272,2026-09-08 14:54:19,364277.69,INR,SUCCESS,ONLINE
T105731,M1002,C84994,2026-09-08 17:21:49,3074.67,INR,SUCCESS,ONLINE
T105732,M1028,C71218,2026-09-08 10:28:22,385.18,INR,SUCCESS,POS
T105733,M1006,C86221,2026-09-08 20:19:42,133212.89,INR,FAILED,QR
T105734,M1015,C75953,2026-09-08 10:14:08,21282.50,INR,SUCCESS,ONLINE
T105735,M1016,C98301,2026-09-08 12:09:04,2185.62,INR,SUCCESS,POS
T105736,M1019,C72279,2026-09-08 10:19:37,3073.39,INR,SUCCESS,ONLINE
T105737,M1017,C85574,2026-09-08 08:07:22,662.69,INR,SUCCESS,QR
T105738,M1029,C56801,2026-09-08 18:59:21,2068.64,INR,SUCCESS,ONLINE
T105739,M1029,C69880,2026-09-08 06:19:55,391606.87,INR,SUCCESS,QR
T105740,M1028,C89091,2026-09-08 09:44:37,36196.58,INR,SUCCESS,POS
T105741,M1028,C84112,2026-09-08 09:05:55,398079.01,INR,FAILED,POS
T105742,M1024,C89133,2026-09-08 12:39:29,86389.89,INR,SUCCESS,ONLINE
T105743,M1003,C84187,2026-09-08 16:10:53,383734.79,INR,SUCCESS,ONLINE
T105744,M1004,C57023,2026-09-08 13:36:45,168298.19,INR,SUCCESS,POS
T105745,M1013,C98849,2026-09-08 21:05:21,855.61,INR,SUCCESS,QR
T105746,M1005,C77551,2026-09-08 20:44:47,50378.31,INR,SUCCESS,ONLINE
T105747,M1011,C60430,2026-09-08 13:15:44,55610.69,INR,SUCCESS,ONLINE
T105748,M1014,C54225,2026-09-08 18:20:16,187639.61,INR,SUCCESS,QR
T105749,M1005,C66443,2026-09-08 10:52:21,251811.22,INR,SUCCESS,ONLINE
T105750,M1001,C76511,2026-09-08 09:38:46,162342.40,INR,SUCCESS,POS
T105751,M1024,C72090,2026-09-08 09:58:11,1338.66,INR,SUCCESS,POS
T105752,M1003,C76228,2026-09-08 16:35:01,42879.27,INR,SUCCESS,QR
T105753,M1011,C67029,2026-09-08 09:37:52,5015.54,INR,SUCCESS,POS
T105754,M1021,C83509,2026-09-08 14:33:07,190243.68,INR,SUCCESS,POS
T105755,M1009,C73142,2026-09-08 11:17:29,2399.74,INR,SUCCESS,POS
T105756,M1024,C52128,2026-09-08 22:21:56,15954.05,INR,SUCCESS,ONLINE
T105757,M1004,C98154,2026-09-08 15:48:17,569.44,INR,SUCCESS,POS
T105758,M1019,C60504,2026-09-08 13:50:15,23492.13,INR,SUCCESS,ONLINE
T105759,M1007,C60170,2026-09-08 17:42:31,6917.68,INR,SUCCESS,QR
T105760,M1009,C79187,2026-09-08 06:18:24,65365.13,INR,SUCCESS,QR
T105761,M1027,C58960,2026-09-08 15:00:56,12552.73,INR,SUCCESS,POS
T105762,M1001,C56231,2026-09-08 12:48:51,440.90,INR,SUCCESS,QR
T105763,M1013,C76496,2026-09-08 22:46:56,30580.80,INR,SUCCESS,ONLINE
T105764,M1022,C55463,2026-09-08 14:57:27,292171.58,INR,SUCCESS,ONLINE
T105765,M1001,C62127,2026-09-08 11:44:52,55341.75,INR,SUCCESS,QR
T105766,M1022,C85035,2026-09-08 11:01:23,34156.79,INR,SUCCESS,POS
T105767,M1028,C98723,2026-09-08 12:54:15,25243.64,INR,FAILED,QR
T105768,M1010,C90055,2026-09-08 13:16:05,46833.49,INR,SUCCESS,ONLINE
T105769,M1015,C94942,2026-09-08 09:26:15,1291.16,INR,SUCCESS,QR
T105770,M1005,C90474,2026-09-08 12:04:37,26598.48,INR,SUCCESS,QR
T105771,M1003,C63847,2026-09-08 16:03:19,778.45,INR,SUCCESS,ONLINE
T105772,M1025,C52534,2026-09-08 16:49:51,380.43,INR,FAILED,POS
T105773,M1007,C61767,2026-09-08 12:23:18,332519.47,INR,SUCCESS,QR
T105774,M1029,C99725,2026-09-08 08:00:08,3479.93,INR,FAILED,QR
T105775,M1026,C64074,2026-09-08 13:47:31,24907.14,INR,SUCCESS,POS
T105776,M1001,C91085,2026-09-08 17:20:41,211293.77,INR,SUCCESS,QR
T105777,M1007,C85409,2026-09-08 13:20:57,271762.57,INR,SUCCESS,POS
T105778,M1004,C89371,2026-09-08 15:36:42,24800.22,INR,SUCCESS,POS
T105779,M1014,C69685,2026-09-08 15:13:37,40926.32,INR,SUCCESS,ONLINE
T105780,M1003,C86605,2026-09-08 12:56:44,2316.87,INR,SUCCESS,QR
T105781,M1015,C60653,2026-09-08 10:15:57,18262.85,INR,SUCCESS,ONLINE
T105782,M1018,C74960,2026-09-08 08:20:47,204696.36,INR,SUCCESS,ONLINE
T105783,M1029,C90782,2026-09-08 15:44:55,2023.62,INR,SUCCESS,ONLINE
T105784,M1004,C57886,2026-09-08 13:13:25,244568.64,INR,FAILED,POS
T105785,M1005,C50247,2026-09-08 22:29:15,3348.29,INR,FAILED,ONLINE
T105786,M1017,C99699,2026-09-08 13:10:52,54263.68,INR,SUCCESS,POS
T105787,M1007,C61697,2026-09-08 10:10:52,56610.18,INR,SUCCESS,QR
T105788,M1005,C76606,2026-09-08 11:29:13,1317.11,INR,SUCCESS,QR
T105789,M1014,C57829,2026-09-08 14:17:52,86516.44,INR,SUCCESS,ONLINE
T105790,M1025,C69075,2026-09-08 07:53:53,40850.62,INR,SUCCESS,POS
T105791,M1004,C60920,2026-09-08 19:15:58,184466.05,INR,SUCCESS,POS
T105792,M1013,C51795,2026-09-08 13:30:47,43879.28,INR,SUCCESS,QR
T105793,M1026,C94682,2026-09-08 21:39:21,47837.40,INR,SUCCESS,POS
T105794,M1029,C51430,2026-09-08 08:40:23,98077.79,INR,SUCCESS,QR
T105795,M1012,C79281,2026-09-08 16:18:59,8797.10,INR,SUCCESS,QR
T105796,M1023,C51103,2026-09-08 06:44:48,1094.67,INR,SUCCESS,QR
T105797,M1009,C97061,2026-09-08 21:46:48,51351.78,INR,SUCCESS,POS
T105798,M1012,C82094,2026-09-08 13:13:51,4048.24,INR,SUCCESS,ONLINE
T105799,M1009,C66876,2026-09-08 07:52:52,59206.83,INR,SUCCESS,POS
T105800,M1025,C98760,2026-09-08 22:32:54,54276.00,INR,FAILED,QR
T105801,M1010,C76445,2026-09-08 14:32:31,2868.33,INR,SUCCESS,ONLINE
T105802,M1022,C86748,2026-09-08 12:56:25,160902.39,INR,SUCCESS,QR
T105803,M1025,C61934,2026-09-08 21:26:12,2701.86,INR,SUCCESS,QR
T105804,M1029,C55301,2026-09-08 18:37:11,303923.63,INR,SUCCESS,QR
T105805,M1000,C73248,2026-09-08 20:07:25,177933.79,INR,SUCCESS,QR
T105806,M1009,C82809,2026-09-08 11:48:07,375567.18,INR,SUCCESS,POS
T105807,M1024,C51196,2026-09-08 09:37:11,2297.60,INR,SUCCESS,ONLINE
T105808,M1000,C87016,2026-09-08 17:21:31,104870.46,INR,SUCCESS,ONLINE
T105809,M1010,C84732,2026-09-08 08:36:14,48643.18,INR,SUCCESS,ONLINE
T105810,M1009,C51662,2026-09-08 17:36:33,2889.54,INR,SUCCESS,ONLINE
T105811,M1003,C96691,2026-09-08 18:50:00,135321.30,INR,SUCCESS,ONLINE
T105812,M1021,C61941,2026-09-08 21:56:18,3361.87,INR,SUCCESS,ONLINE
T105813,M1018,C53252,2026-09-08 06:44:01,318758.70,INR,SUCCESS,ONLINE
T105814,M1009,C82454,2026-09-08 20:30:23,376865.65,INR,SUCCESS,ONLINE
T105815,M1016,C82870,2026-09-08 21:58:53,1104.91,INR,SUCCESS,POS
T105816,M1026,C66602,2026-09-08 16:47:34,44567.09,INR,SUCCESS,POS
T105817,M1004,C84214,2026-09-08 12:39:21,3301.12,INR,SUCCESS,QR
T105818,M1028,C97384,2026-09-08 18:13:51,9639.05,INR,SUCCESS,QR
T105819,M1016,C87730,2026-09-08 19:19:47,2700.87,INR,SUCCESS,POS
T105820,M1017,C85316,2026-09-08 12:04:53,355334.75,INR,FAILED,QR
T105821,M1010,C50990,2026-09-08 09:50:19,2639.16,INR,SUCCESS,ONLINE
T105822,M1009,C70132,2026-09-08 16:54:09,2704.62,INR,SUCCESS,QR
T105823,M1009,C99381,2026-09-08 19:26:22,174505.33,INR,SUCCESS,ONLINE
T105824,M1001,C74553,2026-09-08 13:00:46,211686.16,INR,SUCCESS,QR
T105825,M1012,C98896,2026-09-08 18:56:55,142334.58,INR,SUCCESS,QR
T105826,M1005,C93806,2026-09-08 07:42:37,2306.76,INR,SUCCESS,ONLINE
T105827,M1024,C72428,2026-09-08 07:04:20,483.43,INR,SUCCESS,ONLINE
T105828,M1024,C93674,2026-09-08 19:12:14,345976.55,INR,SUCCESS,ONLINE
T105829,M1007,C69234,2026-09-08 06:52:13,542.86,INR,SUCCESS,POS
T105830,M1004,C69587,2026-09-08 06:08:54,321981.71,INR,SUCCESS,ONLINE
T105831,M1003,C71236,2026-09-08 20:48:42,238890.23,INR,SUCCESS,ONLINE
T105832,M1006,C95532,2026-09-08 18:09:58,34473.72,INR,SUCCESS,QR
T105833,M1024,C98867,2026-09-08 21:04:11,57817.49,INR,SUCCESS,ONLINE
T105834,M1000,C87018,2026-09-08 16:38:10,976.49,INR,SUCCESS,QR
T105835,M1008,C91897,2026-09-08 14:28:09,3882.12,INR,SUCCESS,ONLINE
T105836,M1028,C81753,2026-09-08 18:54:57,281520.39,INR,SUCCESS,QR
T105837,M1019,C66388,2026-09-08 18:30:19,1530.61,INR,SUCCESS,POS
T105838,M1003,C70468,2026-09-08 21:20:49,54831.56,INR,FAILED,ONLINE
T105839,M1018,C63073,2026-09-08 10:31:40,1775.02,INR,SUCCESS,ONLINE
T105840,M1017,C78517,2026-09-08 07:51:52,37712.64,INR,SUCCESS,POS
T105841,M1009,C74361,2026-09-08 08:12:51,27599.40,INR,SUCCESS,QR
T105842,M1015,C90945,2026-09-08 10:49:02,324816.70,INR,SUCCESS,ONLINE
T105843,M1017,C67296,2026-09-08 08:55:02,2192.50,INR,SUCCESS,ONLINE
T105844,M1016,C79341,2026-09-08 17:33:10,215663.30,INR,SUCCESS,POS
T105845,M1028,C93924,2026-09-08 16:30:39,273980.49,INR,SUCCESS,QR
T105846,M1004,C60712,2026-09-08 14:50:49,16822.46,INR,SUCCESS,POS
T105847,M1018,C83197,2026-09-08 18:42:56,37506.70,INR,SUCCESS,POS
T105848,M1013,C60295,2026-09-08 12:21:47,1290.03,INR,SUCCESS,QR
T105849,M1008,C95576,2026-09-08 17:26:13,3861.41,INR,FAILED,QR
T105850,M1023,C66347,2026-09-08 09:43:44,354707.23,INR,SUCCESS,QR
T105851,M1006,C99976,2026-09-08 08:03:27,215458.46,INR,SUCCESS,ONLINE
T105852,M1004,C98239,2026-09-08 16:27:07,2540.76,INR,SUCCESS,POS
T105853,M1004,C73392,2026-09-08 11:35:13,821.29,INR,SUCCESS,POS
T105854,M1019,C87393,2026-09-08 13:27:02,288504.24,INR,SUCCESS,QR
T105855,M1027,C50254,2026-09-08 09:58:54,35571.78,INR,SUCCESS,ONLINE
T105856,M1024,C92619,2026-09-08 08:42:42,1316.24,INR,SUCCESS,POS
T105857,M1022,C75528,2026-09-08 20:22:19,623.19,INR,SUCCESS,QR
T105858,M1000,C75836,2026-09-08 17:14:03,185492.86,INR,SUCCESS,POS
T105859,M1022,C58886,2026-09-08 18:51:54,114997.15,INR,SUCCESS,POS
T105860,M1008,C85697,2026-09-08 17:19:32,3478.50,INR,SUCCESS,POS
T105861,M1000,C95724,2026-09-08 06:39:25,31896.08,INR,SUCCESS,QR
T105862,M1012,C50258,2026-09-08 12:17:12,45548.77,INR,SUCCESS,QR
T105863,M1001,C69543,2026-09-08 15:34:54,48373.06,INR,FAILED,POS
T105864,M1016,C55388,2026-09-08 22:33:41,40776.80,INR,SUCCESS,POS
T105865,M1027,C53942,2026-09-08 07:43:38,3361.12,INR,SUCCESS,ONLINE
T105866,M1005,C87459,2026-09-08 09:17:11,24579.96,INR,SUCCESS,QR
T105867,M1012,C90770,2026-09-08 13:55:21,57428.90,INR,SUCCESS,ONLINE
T105868,M1018,C77214,2026-09-08 08:57:19,69519.33,INR,SUCCESS,QR
T105869,M1015,C55754,2026-09-08 09:52:01,34326.65,INR,SUCCESS,QR
T105870,M1004,C73126,2026-09-08 10:44:07,1927.28,INR,SUCCESS,POS
T105871,M1000,C53763,2026-09-08 15:33:51,112122.45,INR,SUCCESS,POS
T105872,M1013,C62288,2026-09-08 06:36:35,43104.07,INR,SUCCESS,POS
T105873,M1002,C63936,2026-09-08 07:27:25,667.53,INR,SUCCESS,POS
T105874,M1016,C64646,2026-09-08 18:26:16,179043.46,INR,SUCCESS,QR
T105875,M1026,C74320,2026-09-08 10:35:58,282144.40,INR,SUCCESS,ONLINE
T105876,M1000,C59393,2026-09-08 12:37:50,13959.26,INR,SUCCESS,ONLINE
T105877,M1012,C97240,2026-09-08 17:54:28,269736.72,INR,SUCCESS,ONLINE
T105878,M1007,C51044,2026-09-08 22:37:22,9737.20,INR,SUCCESS,QR
T105879,M1015,C99488,2026-09-08 08:30:21,371591.83,INR,SUCCESS,POS
T105880,M1004,C96151,2026-09-08 13:24:44,182429.82,INR,FAILED,POS
T105881,M1002,C50278,2026-09-08 19:11:11,299709.97,INR,SUCCESS,ONLINE
T105882,M1001,C68876,2026-09-08 21:16:15,67759.56,INR,SUCCESS,QR
T105883,M1018,C74741,2026-09-08 08:40:43,232500.43,INR,SUCCESS,POS
T105884,M1007,C60329,2026-09-08 19:54:03,7831.33,INR,SUCCESS,ONLINE
T105885,M1009,C93404,2026-09-08 22:40:33,267710.41,INR,SUCCESS,QR
T105886,M1002,C72408,2026-09-08 12:36:36,3611.27,INR,FAILED,QR
T105887,M1001,C69783,2026-09-08 19:11:43,245962.17,INR,SUCCESS,QR
T105888,M1021,C82157,2026-09-08 12:03:11,5449.22,INR,SUCCESS,POS
T105889,M1004,C51961,2026-09-08 20:40:53,21782.56,INR,SUCCESS,QR
T105890,M1007,C54591,2026-09-08 06:04:41,23651.08,INR,SUCCESS,ONLINE
T105891,M1029,C87385,2026-09-08 12:58:01,2453.15,INR,SUCCESS,QR
T105892,M1001,C83661,2026-09-08 09:54:57,2913.01,INR,SUCCESS,POS
T105893,M1002,C52796,2026-09-08 15:34:14,112094.63,INR,SUCCESS,POS
T105894,M1029,C85142,2026-09-08 14:40:11,171841.52,INR,SUCCESS,ONLINE
T105895,M1015,C88755,2026-09-08 08:04:31,39644.75,INR,SUCCESS,ONLINE
T105896,M1013,C90915,2026-09-08 20:51:48,310083.00,INR,FAILED,QR
T105897,M1021,C62459,2026-09-08 09:34:09,380592.91,INR,SUCCESS,QR
T105898,M8888,C65745,2026-09-08 10:34:48,91866.97,INR,SUCCESS,QR
T105899,M1025,C78384,2026-09-08 20:58:36,5956.70,INR,SUCCESS,ONLINE
T105900,M1020,C89956,2026-09-08 16:59:11,49864.86,INR,SUCCESS,POS
T105901,M1028,C96996,2026-09-08 17:43:57,41877.12,INR,SUCCESS,QR
T105902,M1006,C87165,2026-09-08 19:48:04,22418.00,INR,SUCCESS,QR
T105903,M1018,C90674,2026-09-08 06:44:57,2212.96,INR,SUCCESS,POS
T105904,M1006,C99678,2026-09-08 12:48:10,1572.72,INR,SUCCESS,POS
T105905,M1017,C81920,2026-09-08 17:02:05,655.64,INR,SUCCESS,POS
T105906,M1001,C82097,2026-09-08 16:58:50,793.10,INR,SUCCESS,POS
T105907,M1012,C89471,2026-09-08 20:28:45,38924.38,INR,SUCCESS,QR
T105908,M1027,C79014,2026-09-08 13:46:06,2188.20,INR,SUCCESS,ONLINE
T105909,M1021,C94413,2026-09-08 15:37:19,58405.40,INR,REVERSED,POS
T105910,M1024,C90211,2026-09-08 10:09:42,42124.79,INR,SUCCESS,ONLINE
T105911,M1017,C97241,2026-09-08 12:01:56,13624.23,INR,SUCCESS,POS
T105912,M1001,C71799,2026-09-08 13:24:21,296699.71,INR,SUCCESS,QR
T105913,M1010,C81176,2026-09-08 14:31:33,461.03,INR,SUCCESS,QR
T105914,M1012,C84897,2026-09-08 15:51:52,365602.61,INR,SUCCESS,QR
T105915,M1007,C52271,2026-09-08 22:08:52,88252.07,INR,FAILED,POS
T105916,M1000,C85151,2026-09-08 10:10:47,352756.03,INR,SUCCESS,ONLINE
T105917,M1020,C78471,2026-09-08 16:07:47,86749.95,INR,SUCCESS,QR
T105918,M1016,C74224,2026-09-08 18:44:13,1598.54,INR,SUCCESS,ONLINE
T105919,M1004,C90188,2026-09-08 09:20:09,301032.94,INR,SUCCESS,QR
T105920,M1010,C69402,2026-09-08 10:12:15,222445.55,INR,SUCCESS,POS
T105921,M1011,C80233,2026-09-08 13:59:58,1394.81,INR,SUCCESS,QR
T105922,M1022,C50149,2026-09-08 22:04:20,66876.41,INR,SUCCESS,POS
T105923,M1021,C72372,2026-09-08 16:03:41,1175.47,INR,SUCCESS,POS
T105924,M1018,C83683,2026-09-08 21:26:45,397649.28,INR,SUCCESS,POS
T105925,M1005,C52696,2026-09-08 18:15:48,332938.15,INR,SUCCESS,POS
T105926,M1007,C53984,2026-09-08 10:25:52,163.24,INR,SUCCESS,POS
T105927,M1010,C86412,2026-09-08 09:11:44,893.30,INR,SUCCESS,POS
T105928,M1006,C58258,2026-09-08 17:07:58,11965.69,INR,SUCCESS,ONLINE
T105929,M1027,C83827,2026-09-08 06:45:56,24405.52,INR,SUCCESS,ONLINE
T105930,M1018,C67502,2026-09-08 10:27:44,254543.31,INR,SUCCESS,QR
T105931,M1007,C56155,2026-09-08 20:32:38,3436.08,INR,SUCCESS,POS
T105932,M1004,C93358,2026-09-08 10:49:21,123644.40,INR,SUCCESS,ONLINE
T105933,M1000,C88496,2026-09-08 22:35:29,144983.90,INR,SUCCESS,ONLINE
T105934,M1017,C69119,2026-09-08 10:27:26,73688.19,INR,SUCCESS,POS
T105935,M1029,C52688,2026-09-08 16:43:18,25224.22,INR,SUCCESS,POS
T105936,M1017,C76322,2026-09-08 19:10:06,36894.57,INR,SUCCESS,POS
T105937,M1005,C73974,2026-09-08 06:51:25,2747.91,INR,SUCCESS,ONLINE
T105938,M1017,C51803,2026-09-08 11:39:34,319618.40,INR,SUCCESS,QR
T105939,M1025,C56088,2026-09-08 17:06:05,1402.82,INR,SUCCESS,QR
T105940,M1004,C54079,2026-09-08 09:00:36,129321.34,INR,SUCCESS,QR
T105941,M1004,C59974,2026-09-08 20:39:39,1415.80,INR,SUCCESS,QR
T105942,M1009,C62063,2026-09-08 18:48:25,3807.26,INR,SUCCESS,ONLINE
T105943,M1012,C50461,2026-09-08 18:48:05,44702.98,INR,SUCCESS,POS
T105944,M1021,C55761,2026-09-08 12:14:53,3454.08,INR,SUCCESS,ONLINE
T105945,M1023,C52029,2026-09-08 21:40:48,337342.29,INR,SUCCESS,ONLINE
T105946,M1007,C76785,2026-09-08 07:48:25,79656.07,INR,SUCCESS,POS
T105947,M1019,C59705,2026-09-08 16:42:50,298541.76,INR,SUCCESS,QR
T105948,M1009,C81690,2026-09-08 12:58:51,12388.66,INR,FAILED,ONLINE
T105949,M1002,C51165,2026-09-08 16:05:03,247577.83,INR,SUCCESS,ONLINE
T105950,M1000,C91485,2026-09-08 06:18:11,3490.45,INR,SUCCESS,ONLINE
T105951,M1009,C84029,2026-09-08 22:42:09,90112.78,INR,SUCCESS,POS
T105952,M1018,C66938,2026-09-08 20:40:42,2580.31,INR,SUCCESS,QR
T105953,M1028,C94305,2026-09-08 09:24:33,3558.64,INR,SUCCESS,POS
T105954,M1018,C85604,2026-09-08 20:03:18,358887.38,INR,SUCCESS,ONLINE
T105955,M1008,C80506,2026-09-08 07:05:55,32711.10,INR,SUCCESS,QR
T105956,M1011,C50566,2026-09-08 16:49:54,804.38,INR,SUCCESS,POS
T105957,M1025,C55396,2026-09-08 13:31:08,2495.10,INR,SUCCESS,POS
T105958,M1000,C81360,2026-09-08 14:39:16,38193.47,INR,SUCCESS,ONLINE
T105959,M1001,C94425,2026-09-08 11:42:43,607.49,INR,SUCCESS,POS
T105960,M1028,C89315,2026-09-08 18:57:47,3542.64,INR,SUCCESS,POS
T105961,M1015,C89704,2026-09-08 19:39:21,309.59,INR,SUCCESS,POS
T105962,M1015,C80301,2026-09-08 20:09:41,372.36,INR,SUCCESS,QR
T105963,M1011,C50442,2026-09-08 21:16:34,42794.99,INR,FAILED,ONLINE
T105964,M1003,C92729,2026-09-08 21:13:06,125209.76,INR,SUCCESS,POS
T105965,M1027,C89276,2026-09-08 14:12:21,2293.19,INR,SUCCESS,ONLINE
T105966,M1028,C64884,2026-09-08 07:51:07,365997.51,INR,SUCCESS,QR
T105967,M1000,C79371,2026-09-08 12:19:58,32132.16,INR,FAILED,ONLINE
T105968,M1009,C66475,2026-09-08 22:06:21,55239.52,INR,SUCCESS,QR
T105969,M1027,C66714,2026-09-08 11:37:50,327311.57,INR,REVERSED,QR
T105970,M1021,C94026,2026-09-08 09:59:45,3011.46,INR,SUCCESS,QR
T105971,M1029,C70934,2026-09-08 10:10:27,169245.72,INR,SUCCESS,QR
T105972,M1006,C50714,2026-09-08 15:20:00,23479.00,INR,SUCCESS,QR
T105973,M1007,C58638,2026-09-08 14:46:36,291972.92,INR,SUCCESS,POS
T105974,M1013,C51821,2026-09-08 14:22:14,5154.30,INR,SUCCESS,ONLINE
T105975,M1029,C70774,2026-09-08 16:28:53,34487.27,INR,SUCCESS,POS
T105976,M1006,C87601,2026-09-08 13:23:51,39144.66,INR,FAILED,ONLINE
T105977,M1006,C55344,2026-09-08 14:22:41,156026.10,INR,FAILED,QR
T105978,M1006,C53860,2026-09-08 07:22:35,53920.93,INR,SUCCESS,POS
T105979,M1021,C87117,2026-09-08 06:34:30,941.14,INR,SUCCESS,QR
T105980,M1008,C93162,2026-09-08 13:52:19,2427.40,INR,SUCCESS,QR
T105981,M1020,C74445,2026-09-08 14:06:25,259618.59,INR,SUCCESS,POS
T105982,M1023,C78686,2026-09-08 19:57:18,2318.62,INR,SUCCESS,POS
T105983,M1003,C70755,2026-09-08 16:13:01,967.94,INR,SUCCESS,ONLINE
T105984,M1014,C76905,2026-09-08 19:58:15,1336.58,INR,SUCCESS,QR
T105985,M1003,C91709,2026-09-08 11:49:44,33101.63,INR,SUCCESS,POS
T105986,M1001,C56663,2026-09-08 08:49:09,49039.17,INR,SUCCESS,QR
T105987,M1017,C94161,2026-09-08 22:21:16,45428.11,INR,SUCCESS,ONLINE
T105988,M1027,C86584,2026-09-08 11:54:56,2906.96,INR,SUCCESS,ONLINE
T105989,M1021,C50404,2026-09-08 10:26:03,6498.25,INR,SUCCESS,POS
T105990,M1013,C85650,2026-09-08 13:11:23,48693.24,INR,SUCCESS,POS
T105991,M1016,C78247,2026-09-08 13:30:19,251709.61,INR,REVERSED,POS
T105992,M1013,C54446,2026-09-08 21:59:17,114245.87,INR,SUCCESS,ONLINE
T105993,M1009,C64126,2026-09-08 08:12:30,211254.98,INR,SUCCESS,POS
T105994,M1028,C69501,2026-09-08 13:18:53,338.52,INR,SUCCESS,POS
T105995,M1018,C98750,2026-09-08 09:30:21,2881.44,INR,SUCCESS,QR
T105996,,C86746,2026-09-08 10:47:14,32848.44,INR,SUCCESS,QR
T105997,M1009,C98462,2026-09-08 06:49:51,121153.20,INR,SUCCESS,QR
T105998,M1024,C96643,2026-09-08 11:34:23,71120.55,INR,SUCCESS,ONLINE
T105999,M1027,C89508,2026-09-08 18:51:58,2209.61,INR,SUCCESS,ONLINE
T106000,M1010,C74248,2026-09-08 14:24:07,275058.72,INR,SUCCESS,ONLINE
T106001,M9999,C91868,2026-09-08 14:19:21,937.37,INR,SUCCESS,ONLINE
T106002,M1004,C97050,2026-09-08 13:05:58,2568.66,INR,SUCCESS,ONLINE
T106003,M1018,C78211,2026-09-08 22:42:07,15287.29,INR,SUCCESS,ONLINE
T106004,M1019,C57799,2026-09-08 21:40:11,73114.20,INR,SUCCESS,POS
T106005,M1007,C89691,2026-09-08 07:52:55,43730.30,INR,SUCCESS,QR
T106006,M1002,C93984,2026-09-08 09:37:43,16179.74,INR,SUCCESS,ONLINE
T106007,M1003,C85271,2026-09-08 13:12:49,2705.62,INR,SUCCESS,ONLINE
T106008,M1012,C65243,2026-09-08 11:09:04,1791.14,INR,SUCCESS,ONLINE
T106009,M1016,C57400,2026-09-08 07:18:13,120001.29,INR,SUCCESS,POS
T106010,M1007,C52870,2026-09-08 10:00:20,2433.83,INR,SUCCESS,QR
T106011,M1009,C67119,2026-09-08 06:26:09,124499.56,INR,SUCCESS,POS
T106012,,C86874,2026-09-08 12:51:27,2698.82,INR,REVERSED,ONLINE
T106013,M1028,C52435,2026-09-08 21:49:00,32651.39,,SUCCESS,POS
T106014,M1029,C86786,2026-09-08 15:46:51,281312.70,INR,SUCCESS,QR
T106015,M1011,C99998,2026-09-08 19:59:35,3915.68,INR,REVERSED,QR
T106016,M1018,C57334,2026-09-08 16:04:41,83627.10,INR,SUCCESS,POS
T106017,M1021,C55623,2026-09-08 06:26:46,767.21,INR,SUCCESS,POS
T106018,M1019,C62578,2026-09-08 17:22:07,2214.87,INR,SUCCESS,ONLINE
T106019,M1002,C74133,2026-09-08 10:16:03,45785.67,INR,SUCCESS,POS
T106020,M1024,C71111,2026-09-08 22:54:44,43709.83,INR,SUCCESS,ONLINE
T106021,M1009,C61280,2026-09-08 13:20:13,67505.29,INR,SUCCESS,ONLINE
T106022,M1003,C98579,2026-09-08 08:29:00,549.59,INR,SUCCESS,POS
T106023,M1004,C63649,2026-09-08 15:10:28,3580.13,INR,SUCCESS,ONLINE
T106024,M1010,C94770,2026-09-08 15:05:03,175824.97,INR,SUCCESS,ONLINE
T106025,M1018,C88748,2026-09-08 11:59:21,8582.23,INR,SUCCESS,QR
T106026,M1024,C86322,2026-09-08 20:01:51,116441.76,INR,SUCCESS,POS
T106027,M1029,C85638,2026-09-08 14:50:17,25484.09,INR,SUCCESS,ONLINE
T106028,M1015,C74096,2026-09-08 11:39:17,21015.47,INR,SUCCESS,POS
T106029,M1021,C60628,2026-09-08 08:02:58,283742.45,INR,SUCCESS,POS
T106030,M1014,C81473,2026-09-08 13:45:18,35573.65,INR,SUCCESS,POS
T106031,M1018,C87157,2026-09-08 12:05:11,40647.76,INR,FAILED,POS
T106032,M1003,C99273,2026-09-08 20:59:25,7903.43,INR,SUCCESS,POS
T106033,M1016,C72787,2026-09-08 10:14:24,87717.96,INR,SUCCESS,ONLINE
T106034,M1001,C80449,2026-09-08 16:04:28,27178.58,INR,SUCCESS,POS
T106035,M1023,C66657,2026-09-08 10:22:06,43422.01,INR,SUCCESS,POS
T106036,M1015,C71751,2026-09-08 09:56:40,1995.11,INR,FAILED,POS
T106037,M1019,C61290,2026-09-08 08:49:51,2759.40,INR,SUCCESS,POS
T106038,M1026,C94784,2026-09-08 21:09:07,12385.92,INR,SUCCESS,QR
T106039,M1005,C54287,2026-09-08 12:37:07,53439.92,INR,SUCCESS,POS
T106040,M1000,C86907,2026-09-08 12:22:41,57671.23,INR,SUCCESS,POS
T106041,M1026,C90813,2026-09-08 21:02:33,1168.75,INR,SUCCESS,QR
T106042,M1006,C68709,2026-09-08 13:11:50,2434.87,INR,SUCCESS,QR
T106043,M1024,C59391,2026-09-08 08:28:05,2297.74,INR,SUCCESS,POS
T106044,M1000,C60887,2026-09-08 17:28:59,58507.40,INR,SUCCESS,POS
T106045,M1010,C65297,2026-09-08 13:17:56,3591.83,INR,SUCCESS,POS
T106046,M1021,C87786,2026-09-08 20:15:52,145323.05,INR,SUCCESS,ONLINE
T106047,M1020,C52483,2026-09-08 16:44:55,376905.19,INR,SUCCESS,QR
T106048,M1015,C51891,2026-09-08 08:35:01,672.02,INR,FAILED,POS
T106049,M1007,C56504,2026-09-08 18:03:25,80290.82,USD,SUCCESS,POS
T106050,M1016,C88913,2026-09-08 16:39:03,163.33,INR,SUCCESS,QR
T106051,M1016,C74552,2026-09-08 12:03:04,3906.79,INR,SUCCESS,QR
T106052,M1004,C89113,2026-09-08 17:36:33,269005.97,INR,SUCCESS,POS
T106053,M1001,C50378,2026-09-08 10:40:25,1324.07,INR,SUCCESS,QR
T106054,M1005,C73975,2026-09-08 16:12:26,275201.08,INR,SUCCESS,POS
T106055,M1020,C92416,2026-09-08 09:57:10,43361.41,INR,SUCCESS,POS
T106056,M1002,C80532,2026-09-08 16:58:20,28985.79,INR,FAILED,POS
T106057,M1000,C87432,2026-09-08 14:23:31,3719.32,INR,SUCCESS,ONLINE
T106058,M1006,C69854,2026-09-08 08:52:43,210288.41,INR,SUCCESS,ONLINE
T106059,M1000,C72955,2026-09-08 11:44:34,62515.74,INR,SUCCESS,POS
T106060,M1006,C54795,2026-09-08 10:59:40,382301.88,INR,SUCCESS,QR
T106061,M1001,C81112,2026-09-08 12:03:52,252668.42,INR,SUCCESS,QR
T106062,M1024,C50745,2026-09-08 10:51:11,697.74,INR,SUCCESS,QR
T106063,M1017,C56014,2026-09-08 15:21:37,2461.96,INR,SUCCESS,QR
T106064,M1000,C74744,2026-09-08 19:38:45,3972.95,INR,SUCCESS,POS
T106065,M1018,C80080,2026-09-08 14:15:39,2301.37,INR,SUCCESS,POS
T106066,M1017,C77768,2026-09-08 21:57:54,2072.68,INR,SUCCESS,POS
T106067,M1021,C54409,2026-09-08 13:51:02,3971.94,INR,SUCCESS,ONLINE
T106068,M1026,C97005,2026-09-08 09:06:44,20339.71,INR,SUCCESS,QR
T106069,M1006,C79386,2026-09-08 18:25:26,192954.99,INR,SUCCESS,QR
T106070,M1008,C68077,2026-09-08 14:20:34,3900.99,INR,FAILED,QR
T106071,M1001,C51139,2026-09-08 18:54:35,397017.28,INR,SUCCESS,QR
T106072,M1021,C88454,2026-09-08 19:03:02,30209.95,INR,FAILED,POS
T106073,M1010,C52544,2026-09-08 09:21:06,2192.12,INR,SUCCESS,ONLINE
T106074,M1021,C87846,2026-09-08 16:38:05,22894.27,INR,SUCCESS,POS
T106075,M1028,C57902,2026-09-08 14:28:18,3577.93,INR,SUCCESS,ONLINE
T106076,M1021,C63223,2026-09-08 17:41:39,2369.37,INR,SUCCESS,POS
T106077,M1002,C84827,2026-09-08 15:55:39,8234.89,INR,SUCCESS,ONLINE
T106078,M1018,C56703,2026-09-08 16:34:19,44359.68,INR,SUCCESS,QR
T106079,M1003,C83755,2026-09-08 10:00:02,21213.01,INR,FAILED,ONLINE
T106080,M1023,C68448,2026-09-08 18:55:10,30574.54,INR,SUCCESS,POS
T106081,M1005,C58102,2026-09-08 21:22:59,273648.02,USD,SUCCESS,QR
T106082,M1020,C51654,2026-09-08 18:00:53,936.64,INR,FAILED,QR
T106083,M1013,C76343,2026-09-08 08:19:27,29398.77,INR,SUCCESS,POS
T106084,M1007,C84910,2026-09-08 19:08:02,181.58,INR,SUCCESS,QR
T106085,M1000,C58300,2026-09-08 19:18:32,17420.94,INR,SUCCESS,QR
T106086,M1000,C80449,2026-09-08 16:41:14,15548.43,INR,SUCCESS,ONLINE
T106087,M1019,C98057,2026-09-08 09:24:48,19468.94,INR,SUCCESS,POS
T106088,M1016,C58443,2026-09-08 07:27:46,318107.99,INR,SUCCESS,QR
T106089,M1002,C69467,2026-09-08 21:24:51,3430.48,INR,SUCCESS,QR
T106090,M1023,C76106,2026-09-08 16:02:06,53438.94,INR,SUCCESS,ONLINE
T106091,M1025,C63575,2026-09-08 07:23:57,399458.25,INR,SUCCESS,ONLINE
T106092,M1000,C80766,2026-09-08 18:58:39,710.35,INR,SUCCESS,POS
T106093,M1018,C85415,2026-09-08 22:04:34,596.56,INR,SUCCESS,QR
T106094,M1001,C61644,2026-09-08 16:37:19,4597.15,INR,SUCCESS,QR
T106095,M1025,C74549,2026-09-08 14:20:14,32710.88,INR,SUCCESS,ONLINE
T106096,M1025,C96968,2026-09-08 18:50:39,337597.54,INR,SUCCESS,POS
T106097,M1008,C82899,2026-09-08 21:35:57,92388.66,INR,SUCCESS,ONLINE
T106098,M1013,C84204,2026-09-08 21:47:40,17267.98,INR,SUCCESS,ONLINE
T106099,M1022,C80037,2026-09-08 13:01:33,1794.09,INR,SUCCESS,ONLINE
T106100,M1023,C86848,2026-09-08 11:11:58,18733.61,INR,SUCCESS,QR
T106101,M1024,C74335,2026-09-08 19:54:37,3110.89,INR,SUCCESS,POS
T106102,M1000,C76796,2026-09-08 11:49:48,1661.99,INR,SUCCESS,ONLINE
T106103,M1001,C79664,2026-09-08 09:18:20,9466.78,INR,SUCCESS,ONLINE
T106104,M1022,C83542,2026-09-08 21:49:04,238699.61,INR,SUCCESS,QR
T106105,M1011,C89803,2026-09-08 22:22:58,36048.06,INR,SUCCESS,QR
T106106,M1023,C71327,2026-09-08 15:28:48,213278.83,INR,SUCCESS,QR
T106107,M1017,C55868,2026-09-08 20:19:57,7435.18,INR,SUCCESS,POS
T106108,M1016,C61098,2026-09-08 10:54:58,273671.39,INR,SUCCESS,POS
T106109,M1000,C89510,2026-09-08 13:17:00,1827.44,INR,SUCCESS,ONLINE
T106110,M1003,C98708,2026-09-08 09:44:45,1149.83,INR,SUCCESS,ONLINE
T106111,M1026,C83869,2026-09-08 19:16:11,257858.14,INR,SUCCESS,ONLINE
T106112,M1009,C77114,2026-09-08 07:35:11,14255.90,INR,SUCCESS,POS
T106113,M1022,C56039,2026-09-08 20:41:51,14990.84,INR,SUCCESS,POS
T106114,M1002,C70849,2026-09-08 13:04:50,56614.35,INR,SUCCESS,QR
T106115,M1003,C70745,2026-09-08 11:58:01,238560.28,INR,SUCCESS,POS
T106116,M1008,C56513,2026-09-08 16:52:58,379886.94,INR,SUCCESS,QR
T106117,M9999,C96380,2026-09-08 19:49:00,3451.91,INR,SUCCESS,QR
T106118,M1001,C51086,2026-09-08 12:09:04,46761.12,INR,SUCCESS,ONLINE
T106119,M1000,C55391,2026-09-08 07:53:58,20767.77,INR,SUCCESS,ONLINE
T106120,M1005,C95003,2026-09-08 08:02:55,31136.32,INR,SUCCESS,QR
T106121,M1029,C71012,2026-09-08 09:42:50,54898.39,INR,SUCCESS,POS
T106122,M1026,C68573,2026-09-08 21:34:51,295446.55,INR,SUCCESS,POS
T106123,M1014,C74087,2026-09-08 11:12:45,391563.94,INR,SUCCESS,POS
T106124,M1020,C80675,2026-09-08 14:56:06,56016.23,INR,SUCCESS,POS
T106125,M1024,C55863,2026-09-08 17:07:47,263704.32,INR,SUCCESS,ONLINE
T106126,M1025,C72785,2026-09-08 10:10:09,283101.78,INR,SUCCESS,QR
T106127,M1014,C50652,2026-09-08 17:31:01,50990.04,INR,SUCCESS,QR
T106128,M1022,C60234,2026-09-08 21:37:04,2442.53,INR,SUCCESS,QR
T106129,M1026,C93060,2026-09-08 17:24:38,358067.40,INR,SUCCESS,QR
T106130,M1004,C78342,2026-09-08 13:11:10,3186.90,INR,SUCCESS,QR
T106131,M1024,C97774,2026-09-08 18:25:07,2315.56,INR,SUCCESS,POS
T106132,M1028,C52889,2026-09-08 09:03:20,39847.64,INR,SUCCESS,POS
T106133,M1001,C93496,2026-09-08 11:05:24,38128.89,INR,SUCCESS,ONLINE
T106134,M1006,C94512,2026-09-08 10:08:10,1183.42,INR,SUCCESS,ONLINE
T106135,M1001,C99663,2026-09-08 17:26:26,250773.51,INR,SUCCESS,POS
T106136,M1024,C58792,2026-09-08 13:33:59,39703.22,INR,SUCCESS,QR
T106137,M1013,C86645,2026-09-08 19:03:04,183945.42,INR,SUCCESS,ONLINE
T106138,M1017,C62617,2026-09-08 21:33:35,3831.61,INR,SUCCESS,QR
T106139,M1026,C80359,2026-09-08 21:55:03,262591.30,INR,SUCCESS,QR
T106140,M1008,C82755,2026-09-08 12:11:05,391449.61,INR,SUCCESS,QR
T106141,M1020,C93474,2026-09-08 20:09:58,214870.39,INR,SUCCESS,ONLINE
T106142,M1028,C69154,2026-09-08 09:57:47,310442.89,INR,SUCCESS,POS
T106143,M1025,C78449,2026-09-08 18:21:36,21893.48,INR,SUCCESS,QR
T106144,M1000,C85115,2026-09-08 16:34:31,227447.36,INR,SUCCESS,ONLINE
T106145,M1005,C93439,2026-09-08 11:29:31,1071.86,INR,SUCCESS,QR
T106146,M1006,C64148,2026-09-08 15:20:42,398767.13,INR,SUCCESS,ONLINE
T106147,M1016,C50459,2026-09-08 17:37:44,3828.47,INR,SUCCESS,POS
T106148,M1025,C84671,2026-09-08 09:00:01,31936.66,INR,SUCCESS,POS
T106149,M1004,C82018,2026-09-08 06:18:41,80317.44,INR,SUCCESS,POS
T106150,M1004,C84703,2026-09-08 10:44:28,46539.37,INR,REVERSED,QR
T106151,M1010,C58327,2026-09-08 18:37:31,56431.12,INR,SUCCESS,QR
T106152,M1002,C63442,2026-09-08 07:36:34,59148.87,INR,SUCCESS,QR
T106153,M1013,C67710,2026-09-08 10:10:22,356345.32,INR,SUCCESS,QR
T106154,M1010,C69094,2026-09-08 15:07:42,2027.08,INR,SUCCESS,ONLINE
T106155,M1001,C84233,2026-09-08 19:27:01,2687.60,INR,SUCCESS,ONLINE
T106156,M1021,C75691,2026-09-08 06:58:02,373287.92,INR,SUCCESS,ONLINE
T106157,M1018,C75273,2026-09-08 20:04:41,889.06,INR,SUCCESS,QR
T106158,M1012,C99223,2026-09-08 06:38:45,792.75,INR,FAILED,ONLINE
T106159,M1008,C75997,2026-09-08 14:05:01,214486.69,INR,SUCCESS,POS
T106160,M1021,C89183,2026-09-08 16:50:21,133769.89,INR,SUCCESS,ONLINE
T106161,M1009,C55087,2026-09-08 14:47:18,58043.35,INR,SUCCESS,ONLINE
T106162,M1025,C59545,2026-09-08 06:01:51,56368.93,INR,SUCCESS,QR
T106163,M1004,C56629,2026-09-08 14:29:44,2891.29,INR,SUCCESS,QR
T106164,M1024,C93992,2026-09-08 07:27:06,155161.06,INR,FAILED,ONLINE
T106165,M1027,C97455,2026-09-08 13:00:28,47513.10,INR,SUCCESS,ONLINE
T106166,M1017,C85048,2026-09-08 16:54:10,3454.75,INR,SUCCESS,POS
T106167,M1016,C50125,2026-09-08 07:31:08,2312.04,INR,SUCCESS,POS
T106168,M1023,C71363,2026-09-08 20:06:29,245.59,INR,SUCCESS,QR
T106169,M1025,C64775,2026-09-08 11:14:41,21058.46,INR,SUCCESS,ONLINE
T106170,M1020,C89472,2026-09-08 16:02:11,87105.63,INR,FAILED,POS
T106171,M1022,C71789,2026-09-08 12:27:16,3545.73,INR,SUCCESS,QR
T106172,M1014,C93196,2026-09-08 14:03:30,81982.64,INR,SUCCESS,ONLINE
T106173,M1023,C82705,2026-09-08 21:02:20,3854.46,INR,SUCCESS,POS
T106174,M1022,C69647,2026-09-08 12:40:32,163554.98,INR,SUCCESS,ONLINE
T106175,M1004,C66206,2026-09-08 14:00:01,389731.13,INR,SUCCESS,QR
T106176,M1017,C56244,2026-09-08 21:41:38,325871.54,INR,FAILED,POS
T106177,M1026,C71230,2026-09-08 16:39:54,3448.86,INR,SUCCESS,ONLINE
T106178,M1025,C72081,2026-09-08 17:22:03,718.47,INR,SUCCESS,POS
T106179,M1011,C99228,2026-09-08 19:25:20,29372.34,INR,SUCCESS,ONLINE
T106180,M1024,C70563,2026-09-08 16:59:43,219.92,INR,SUCCESS,POS
T106181,M1010,C84069,2026-09-08 09:49:42,40260.83,INR,SUCCESS,POS
T106182,M1025,C96257,2026-09-08 09:50:03,3901.32,INR,SUCCESS,POS
T106183,M1024,C68379,2026-09-08 18:22:59,39864.95,INR,SUCCESS,QR
T106184,M1014,C76247,2026-09-08 19:59:37,2099.40,INR,FAILED,ONLINE
T106185,M1025,C61929,2026-09-08 07:10:00,151.38,INR,SUCCESS,POS
T106186,M1019,C77296,2026-09-08 22:03:20,688.75,INR,SUCCESS,POS
T106187,M1024,C92231,2026-09-08 12:10:22,84731.38,INR,SUCCESS,QR
T106188,M1005,C87305,2026-09-08 22:33:12,260926.02,INR,SUCCESS,QR
T106189,M1005,C81884,2026-09-08 16:49:22,392041.02,INR,SUCCESS,ONLINE
T106190,M1016,C92523,2026-09-08 22:17:23,301243.01,INR,SUCCESS,QR
T106191,M1004,C85913,2026-09-08 10:27:48,230718.00,INR,SUCCESS,ONLINE
T106192,M1007,C91438,2026-09-08 08:45:34,7857.10,INR,SUCCESS,ONLINE
T106193,M1001,C93017,2026-09-08 13:50:18,104605.16,INR,SUCCESS,ONLINE
T106194,M1025,C53827,2026-09-08 15:52:25,26045.90,INR,SUCCESS,ONLINE
T106195,M1016,C61467,2026-09-08 19:31:58,1825.42,INR,SUCCESS,ONLINE
T106196,M1015,C52769,2026-09-08 07:32:05,108511.12,INR,SUCCESS,QR
T106197,M1000,C91970,2026-09-08 07:13:46,46339.46,INR,SUCCESS,ONLINE
T106198,M1019,C82309,2026-09-08 11:58:12,84576.91,INR,SUCCESS,QR
T106199,M1001,C61613,2026-09-08 07:29:53,22212.40,INR,SUCCESS,QR
T106200,M1014,C69272,2026-09-08 07:45:32,810.41,INR,SUCCESS,POS
T106201,M1026,C68187,2026-09-08 07:22:06,1495.94,IN,SUCCESS,QR
T106202,M1015,C50115,2026-09-08 13:29:29,286722.77,INR,SUCCESS,QR
T106203,M1016,C52044,2026-09-08 12:06:46,15073.16,INR,SUCCESS,POS
T106204,M1019,C93992,2026-09-08 15:29:59,61521.35,INR,SUCCESS,ONLINE
T106205,M1026,C87107,2026-09-08 10:56:22,57775.76,INR,SUCCESS,ONLINE
T106206,M1027,C63642,2026-09-08 17:54:30,55522.63,INR,SUCCESS,ONLINE
T106207,M1015,C50888,2026-09-08 21:14:19,5935.22,INR,SUCCESS,POS
T106208,M1019,C94793,2026-09-08 20:07:03,56650.96,INR,SUCCESS,QR
T106209,M1007,C78501,2026-09-08 14:08:17,118685.50,INR,SUCCESS,ONLINE
T106210,M1008,C73211,2026-09-08 13:39:53,211668.78,INR,REVERSED,ONLINE
T106211,M1029,C88593,2026-09-08 11:18:31,228.59,INR,SUCCESS,POS
T106212,M1020,C98052,2026-09-08 17:05:43,27602.96,INR,SUCCESS,ONLINE
T106213,M1000,C86111,2026-09-08 21:12:02,899.55,INR,SUCCESS,QR
T106214,M1004,C54582,2026-09-08 10:47:10,278353.78,INR,SUCCESS,POS
T106215,M1022,C89675,2026-09-08 08:34:34,2003.20,INR,SUCCESS,ONLINE
T106216,M1000,C65237,2026-09-08 22:29:07,2729.10,INR,SUCCESS,ONLINE
T106217,M1000,C66091,2026-09-08 10:15:53,229695.03,INR,SUCCESS,ONLINE
T106218,M1026,C65473,2026-09-08 20:59:05,348.44,INR,SUCCESS,ONLINE
T106219,M1013,C84295,2026-09-08 15:32:03,353226.13,INR,SUCCESS,POS
T106220,M1020,C64737,2026-09-08 22:04:59,42381.65,INR,FAILED,QR
T106221,M1009,C53572,2026-09-08 07:45:02,3128.94,INR,SUCCESS,ONLINE
T106222,M1010,C55834,2026-09-08 09:40:43,1215.68,INR,SUCCESS,ONLINE
T106223,M1007,C55507,2026-09-08 22:24:13,12352.75,INR,SUCCESS,ONLINE
T106224,M1000,C68125,2026-09-08 10:51:38,50357.15,INR,SUCCESS,ONLINE
T106225,M1027,C74870,2026-09-08 09:19:18,328990.15,INR,SUCCESS,QR
T106226,M1027,C75091,2026-09-08 14:41:25,2516.72,INR,REVERSED,QR
T106227,M1013,C68713,2026-09-08 13:36:15,36036.58,INR,SUCCESS,POS
T106228,M1000,C78985,2026-09-08 21:00:39,386.28,INR,SUCCESS,ONLINE
T106229,M1017,C71763,2026-09-08 07:28:04,227394.37,INR,FAILED,POS
T106230,M1027,C67953,2026-09-08 14:55:10,128197.54,INR,SUCCESS,QR
T106231,M1019,C88425,2026-09-08 15:35:03,368300.83,INR,SUCCESS,QR
T106232,M1001,C52820,2026-09-08 12:58:52,57536.78,INR,SUCCESS,ONLINE
T106233,M1007,C91646,2026-09-08 16:19:24,337588.89,INR,SUCCESS,QR
T106234,M1010,C69035,2026-09-08 10:56:56,395771.81,INR,SUCCESS,POS
T106235,M1008,C55361,2026-09-08 17:34:25,64380.32,INR,SUCCESS,ONLINE
T106236,M1029,C83354,2026-09-08 13:07:17,391286.79,INR,SUCCESS,QR
T106237,M1006,C50352,2026-09-08 19:10:17,35892.01,INR,SUCCESS,QR
T106238,M1022,C59647,2026-09-09 08:56:07,3504.04,INR,SUCCESS,QR
T106239,M1012,C83891,2026-09-09 08:49:44,3973.94,INR,SUCCESS,ONLINE
T106240,M1011,C58306,2026-09-09 08:22:21,267783.35,INR,SUCCESS,POS
T106241,M1028,C66674,2026-09-09 22:26:30,1300.42,INR,SUCCESS,QR
T106242,M1006,C92961,2026-09-09 19:49:23,5316.98,INR,SUCCESS,QR
T106243,M1013,C53076,2026-09-09 22:35:17,38820.28,INR,SUCCESS,POS
T106244,M1027,C75641,2026-09-09 10:32:58,52512.03,INR,SUCCESS,POS
T106245,M1003,C84233,2026-09-09 22:03:56,58259.84,INR,SUCCESS,ONLINE
T106246,M1021,C59619,2026-09-09 18:44:46,256.98,INR,SUCCESS,POS
T106247,M1027,C66551,2026-09-09 13:25:54,3816.52,INR,SUCCESS,POS
T106248,M1010,C64889,2026-09-09 16:47:35,202.21,INR,SUCCESS,POS
T106249,M1011,C71186,2026-09-09 22:10:33,260519.77,INR,SUCCESS,POS
T106250,M1005,C95085,2026-09-09 11:40:15,25071.67,INR,SUCCESS,ONLINE
T106251,M1025,C94558,2026-09-09 14:53:59,5054.82,INR,SUCCESS,POS
T106252,M1025,C87418,2026-09-09 08:20:53,223108.83,INR,SUCCESS,POS
T106253,M1002,C71561,2026-09-09 12:41:39,3262.96,INR,SUCCESS,QR
T106254,M1004,C98820,2026-09-09 17:31:13,19994.31,INR,SUCCESS,POS
T106255,M1006,C99148,2026-09-09 18:53:21,308170.03,INR,SUCCESS,QR
T106256,M1019,C63586,2026-09-09 15:50:52,3711.08,INR,SUCCESS,POS
T106257,M1013,C70256,2026-09-09 21:49:05,290258.23,INR,SUCCESS,ONLINE
T106258,M1028,C71883,2026-09-09 17:37:31,208104.50,INR,SUCCESS,ONLINE
T106259,M1029,C86844,2026-09-09 14:47:17,323638.08,INR,SUCCESS,QR
T106260,M1024,C89275,2026-09-09 07:45:25,352836.79,INR,SUCCESS,ONLINE
T106261,M1007,C72556,2026-09-09 17:11:57,3770.53,INR,SUCCESS,ONLINE
T106262,M1018,C50685,2026-09-09 15:51:04,268748.43,INR,SUCCESS,POS
T106263,M1012,C79996,2026-09-09 22:27:19,201308.34,INR,SUCCESS,QR
T106264,M1016,C54509,2026-09-09 16:30:23,351453.97,INR,SUCCESS,QR
T106265,M1003,C66697,2026-09-09 09:15:00,43166.20,INR,SUCCESS,ONLINE
T106266,M1006,C85005,2026-09-09 08:04:31,185854.92,INR,SUCCESS,ONLINE
T106267,M1025,C88757,2026-09-09 10:16:33,156240.75,INR,REVERSED,ONLINE
T106268,M1006,C94351,2026-09-09 11:00:02,745.86,INR,SUCCESS,ONLINE
T106269,M1026,C68847,2026-09-09 20:27:51,59354.83,INR,SUCCESS,ONLINE
T106270,M1009,C81409,2026-09-09 09:16:28,864.45,INR,SUCCESS,QR
T106271,M1004,C60715,2026-09-09 10:00:35,13550.18,INR,SUCCESS,ONLINE
T106272,M1018,C81865,2026-09-09 17:11:32,33899.35,INR,SUCCESS,POS
T106273,M1008,C81051,2026-09-09 11:49:17,18187.47,INR,SUCCESS,QR
T106274,M1013,C98128,2026-09-09 06:58:40,33276.03,INR,SUCCESS,ONLINE
T106275,M1027,C57594,2026-09-09 06:16:46,56931.78,INR,SUCCESS,ONLINE
T106276,M1013,C58490,2026-09-09 22:29:08,15182.22,INR,SUCCESS,POS
T106277,M1015,C50912,2026-09-09 21:18:53,3603.28,INR,SUCCESS,POS
T106278,M1003,C95665,2026-09-09 15:21:54,51971.16,INR,SUCCESS,ONLINE
T106279,M1026,C99615,2026-09-09 06:55:06,2479.57,INR,SUCCESS,ONLINE
T106280,M1025,C90556,2026-09-09 07:32:45,2693.80,INR,SUCCESS,POS
T106281,M1003,C78662,2026-09-09 10:24:20,62600.71,INR,SUCCESS,POS
T106282,M1013,C63692,2026-09-09 18:32:47,275442.90,INR,SUCCESS,ONLINE
T106283,M1014,C63535,2026-09-09 10:09:04,1874.30,INR,SUCCESS,QR
T106284,M1006,C96843,2026-09-09 22:01:40,5407.77,INR,SUCCESS,POS
T106285,M1013,C54730,2026-09-09 06:11:16,2044.39,INR,SUCCESS,ONLINE
T106286,M1008,C95534,2026-09-09 17:12:39,66252.68,INR,SUCCESS,ONLINE
T106287,M1015,C67153,2026-09-09 07:28:15,236297.06,INR,SUCCESS,POS
T106288,M1021,C60146,2026-09-09 19:04:07,1814.80,INR,SUCCESS,ONLINE
T106289,M1001,C65551,2026-09-09 16:58:38,278962.47,INR,SUCCESS,POS
T106290,M1026,C79135,2026-09-09 15:20:06,203.91,INR,SUCCESS,POS
T106291,M1024,C74213,2026-09-09 21:57:36,279295.86,INR,SUCCESS,QR
T106292,M1012,C88058,2026-09-09 12:14:57,44457.83,INR,SUCCESS,ONLINE
T106293,M1018,C64885,2026-09-09 08:27:11,257998.86,INR,SUCCESS,QR
T106294,M1005,C83072,2026-09-09 06:43:56,45033.02,INR,SUCCESS,POS
T106295,M1027,C76443,2026-09-09 21:47:53,338845.25,INR,SUCCESS,POS
T106296,M1012,C55227,2026-09-09 14:00:06,328501.29,INR,SUCCESS,QR
T106297,M1022,C74683,2026-09-09 18:15:00,4467.14,INR,SUCCESS,ONLINE
T106298,M1000,C97651,2026-09-09 22:20:39,385631.97,INR,SUCCESS,QR
T106299,M1007,C59274,2026-09-09 16:40:20,21003.02,INR,REVERSED,QR
T106300,M1017,C86156,2026-09-09 21:50:10,22770.75,INR,SUCCESS,QR
T106301,M1020,C68555,2026-09-09 07:53:55,1260.33,INR,SUCCESS,ONLINE
T106302,M1010,C50248,2026-09-09 17:09:13,295300.35,INR,SUCCESS,ONLINE
T106303,M1007,C77102,2026-09-09 10:30:19,7202.75,INR,SUCCESS,QR
T106304,M1024,C65606,2026-09-09 22:30:35,315.74,INR,SUCCESS,QR
T106305,M1008,C76228,2026-09-09 17:40:36,5622.12,INR,SUCCESS,QR
T106306,M1023,C98432,2026-09-09 18:33:59,32306.83,INR,SUCCESS,QR
T106307,M1016,C91948,2026-09-09 07:35:06,21924.26,INR,SUCCESS,POS
T106308,M1018,C86566,2026-09-09 11:32:29,3229.55,INR,SUCCESS,ONLINE
T106309,M1027,C63580,2026-09-09 20:13:51,1695.43,INR,SUCCESS,POS
T106310,M1017,C79848,2026-09-09 21:29:20,93422.36,INR,SUCCESS,ONLINE
T106311,M1009,C83093,2026-09-09 15:44:30,1862.62,INR,SUCCESS,ONLINE
T106312,M1001,C63879,2026-09-09 08:44:57,217517.35,INR,SUCCESS,POS
T106313,M1028,C61572,2026-09-09 07:42:25,35694.58,INR,SUCCESS,ONLINE
T106314,M1001,C55464,2026-09-09 09:12:04,162067.18,INR,SUCCESS,POS
T106315,M1021,C94700,2026-09-09 11:52:48,191942.18,INR,SUCCESS,POS
T106316,M1000,C73843,2026-09-09 12:25:45,373185.21,INR,FAILED,POS
T106317,M1017,C62756,2026-09-09 08:00:42,3706.38,INR,REVERSED,ONLINE
T106318,M1016,C61505,2026-09-09 22:04:33,49722.55,INR,FAILED,POS
T106319,M1004,C54627,2026-09-09 16:32:21,37101.55,INR,SUCCESS,POS
T106320,M1029,C81804,2026-09-09 20:07:33,289774.69,INR,SUCCESS,POS
T106321,M1028,C67597,2026-09-09 17:06:48,2380.58,INR,SUCCESS,ONLINE
T106322,M1004,C91600,2026-09-09 21:04:45,2632.82,INR,SUCCESS,POS
T106323,M1015,C71285,2026-09-09 17:42:41,539.52,INR,REVERSED,QR
T106324,M1023,C74834,2026-09-09 11:19:07,23990.84,INR,SUCCESS,QR
T106325,M1005,C74180,2026-09-09 12:35:21,10181.90,INR,SUCCESS,ONLINE
T106326,M1028,C72791,2026-09-09 09:04:14,2018.68,INR,SUCCESS,ONLINE
T106327,M1021,C99425,2026-09-09 15:19:48,248439.91,INR,SUCCESS,ONLINE
T106328,M1012,C76174,2026-09-09 18:41:22,6704.18,INR,SUCCESS,ONLINE
T106329,M1009,C59971,2026-09-09 15:05:53,56672.82,INR,SUCCESS,POS
T106330,M1028,C72165,2026-09-09 10:04:37,526.97,INR,SUCCESS,ONLINE
T106331,M1003,C59798,2026-09-09 19:06:21,3910.75,INR,SUCCESS,POS
T106332,M1001,C95013,2026-09-09 11:25:49,48490.61,INR,SUCCESS,POS
T106333,M1014,C92241,2026-09-09 08:16:34,38406.73,INR,SUCCESS,POS
T106334,M1022,C86221,2026-09-09 12:55:14,1030.99,INR,SUCCESS,ONLINE
T106335,M1013,C70842,2026-09-09 08:38:02,3532.03,INR,SUCCESS,QR
T106336,M1003,C78183,2026-09-09 18:59:20,3784.31,INR,SUCCESS,POS
T106337,M1014,C66231,2026-09-09 13:31:49,142788.97,INR,SUCCESS,QR
T106338,M1018,C85527,2026-09-09 16:48:36,132757.75,INR,FAILED,QR
T106339,M1007,C57298,2026-09-09 21:25:57,4688.70,INR,SUCCESS,QR
T106340,M1008,C59099,2026-09-09 22:32:42,141198.63,INR,SUCCESS,ONLINE
T106341,M1022,C72462,2026-09-09 18:15:35,38331.52,INR,SUCCESS,POS
T106342,M1012,C95095,2026-09-09 17:13:12,3812.64,INR,SUCCESS,ONLINE
T106343,M1006,C88753,2026-09-09 06:47:13,7009.58,INR,FAILED,QR
T106344,M1004,C96670,2026-09-09 06:10:02,13208.21,INR,SUCCESS,QR
T106345,M1007,C58812,2026-09-09 16:49:41,1959.00,INR,SUCCESS,ONLINE
T106346,M1025,C98713,2026-09-09 13:03:03,169070.66,INR,SUCCESS,ONLINE
T106347,M1014,C82945,2026-09-09 14:30:01,39130.87,INR,SUCCESS,QR
T106348,M1026,C94216,2026-09-09 20:18:12,277359.29,INR,SUCCESS,QR
T106349,M1010,C73093,2026-09-09 16:42:10,243257.14,INR,SUCCESS,POS
T106350,M1022,C90517,2026-09-09 10:47:15,492.39,INR,SUCCESS,QR
T106351,M1002,C77858,2026-09-09 07:43:47,21908.80,INR,SUCCESS,QR
T106352,M1027,C58847,2026-09-09 13:32:02,59339.10,INR,SUCCESS,ONLINE
T106353,M1002,C80667,2026-09-09 13:10:34,3694.49,INR,SUCCESS,QR
T106354,M1018,C59214,2026-09-09 07:28:38,3636.14,INR,SUCCESS,POS
T106355,M1019,C75017,2026-09-09 09:02:41,208338.53,INR,SUCCESS,QR
T106356,M1017,C58987,2026-09-09 19:34:46,290.28,INR,SUCCESS,QR
T106357,M1023,C72272,2026-09-09 16:52:11,301151.93,INR,REVERSED,QR
T106358,M1005,C51891,2026-09-09 22:45:22,2823.71,INR,SUCCESS,POS
T106359,M1003,C94930,2026-09-09 09:24:06,216873.40,INR,SUCCESS,ONLINE
T106360,M1004,C75022,2026-09-09 13:54:06,2116.78,INR,SUCCESS,POS
T106361,M1017,C58282,2026-09-09 19:01:34,7004.38,INR,SUCCESS,ONLINE
T106362,M1024,C89565,2026-09-09 15:45:46,3768.47,INR,SUCCESS,POS
T106363,M1024,C94584,2026-09-09 14:05:20,23973.61,INR,SUCCESS,POS
T106364,M1008,C95325,2026-09-09 14:23:22,240762.75,INR,SUCCESS,QR
T106365,M1020,C77580,2026-09-09 15:47:11,2013.18,INR,SUCCESS,ONLINE
T106366,M1000,C78026,2026-09-09 11:47:32,372307.56,INR,SUCCESS,ONLINE
T106367,M1025,C86307,2026-09-09 21:03:30,3692.24,INR,SUCCESS,QR
T106368,M1005,C71087,2026-09-09 13:10:00,46908.21,INR,SUCCESS,POS
T106369,M1007,C53419,2026-09-09 14:46:52,372942.79,INR,SUCCESS,QR
T106370,M1029,C73180,2026-09-09 20:29:28,1750.55,INR,SUCCESS,POS
T106371,M1029,C89914,2026-09-09 21:48:34,29958.79,INR,SUCCESS,POS
T106372,M1001,C78498,2026-09-09 19:12:52,378330.95,INR,SUCCESS,ONLINE
T106373,M1021,C72081,2026-09-09 12:29:18,44261.31,INR,SUCCESS,POS
T106374,M1007,C82313,2026-09-09 18:24:12,2809.06,INR,SUCCESS,QR
T106375,M1001,C71120,2026-09-09 10:12:08,3413.38,INR,SUCCESS,QR
T106376,M1006,C57305,2026-09-09 06:35:27,826.33,INR,SUCCESS,ONLINE
T106377,M1024,C68935,2026-09-09 12:28:12,128607.11,INR,SUCCESS,ONLINE
T106378,M1028,C51858,2026-09-09 19:53:18,224.56,INR,SUCCESS,QR
T106379,M1006,C56156,2026-09-09 18:27:25,958.05,INR,SUCCESS,QR
T106380,M1003,C52657,2026-09-09 09:48:19,304475.93,INR,SUCCESS,ONLINE
T106381,M1016,C77852,2026-09-09 08:16:11,302253.41,INR,REVERSED,POS
T106382,M1001,C69834,2026-09-09 11:07:27,126085.23,INR,SUCCESS,POS
T106383,M1018,C71615,2026-09-09 17:52:38,25110.53,INR,SUCCESS,QR
T106384,M1019,C70547,2026-09-09 18:00:20,65294.89,INR,SUCCESS,POS
T106385,M1001,C92702,2026-09-09 17:35:04,874.36,INR,FAILED,QR
T106386,M1015,C91264,2026-09-09 20:43:26,14508.76,INR,FAILED,QR
T106387,M1008,C66979,2026-09-09 19:01:36,36127.34,INR,SUCCESS,QR
T106388,M1000,C84857,2026-09-09 11:41:11,32322.89,INR,SUCCESS,POS
T106389,M1008,C53045,2026-09-09 11:38:52,5831.85,INR,SUCCESS,POS
T106390,M1027,C83613,2026-09-09 06:45:19,11167.89,INR,SUCCESS,QR
T106391,M1010,C52351,2026-09-09 14:50:15,49746.22,INR,SUCCESS,POS
T106392,M1025,C69805,2026-09-09 21:26:59,37880.79,INR,SUCCESS,QR
T106393,M1020,C66977,2026-09-09 06:34:33,1152.98,INR,SUCCESS,ONLINE
T106394,M1022,C88534,2026-09-09 08:28:32,3649.36,INR,SUCCESS,ONLINE
T106395,M1015,C64551,2026-09-09 12:04:54,3028.66,INR,SUCCESS,QR
T106396,M1022,C62668,2026-09-09 06:20:51,41578.48,INR,SUCCESS,ONLINE
T106397,M1010,C92933,2026-09-09 22:26:32,7845.31,INR,SUCCESS,QR
T106398,M1027,C84401,2026-09-09 07:53:43,3373.40,INR,SUCCESS,ONLINE
T106399,M1001,C54017,2026-09-09 10:42:34,40217.35,INR,SUCCESS,POS
T106400,M1009,C85587,2026-09-09 20:28:16,140209.50,INR,SUCCESS,ONLINE
T106401,M1008,C92379,2026-09-09 20:22:24,1714.09,INR,SUCCESS,POS
T106402,M1015,C66702,2026-09-09 14:59:32,3928.53,INR,SUCCESS,POS
T106403,M1016,C83997,2026-09-09 06:22:34,3618.73,INR,SUCCESS,QR
T106404,M1003,C57843,2026-09-09 16:10:13,3157.63,INR,REVERSED,POS
T106405,M1008,C58224,2026-09-09 19:57:46,24428.08,INR,FAILED,QR
T106406,M1016,C61074,2026-09-09 07:05:26,2478.57,INR,SUCCESS,QR
T106407,M1012,C95751,2026-09-09 20:04:44,165276.11,INR,SUCCESS,ONLINE
T106408,M1027,C63860,2026-09-09 11:37:52,3529.88,INR,SUCCESS,QR
T106409,M1012,C65709,2026-09-09 20:55:52,1428.89,INR,SUCCESS,POS
T106410,M1009,C60573,2026-09-09 19:42:37,23451.01,INR,FAILED,QR
T106411,M1014,C62749,2026-09-09 17:21:54,2273.77,INR,SUCCESS,QR
T106412,M1004,C65352,2026-09-09 18:43:32,2241.78,INR,SUCCESS,ONLINE
T106413,M1012,C60122,2026-09-09 16:25:43,36810.81,INR,SUCCESS,ONLINE
T106414,M1022,C97899,2026-09-09 16:58:10,8904.25,INR,SUCCESS,ONLINE
T106415,M1027,C95137,2026-09-09 12:11:00,55522.00,INR,SUCCESS,POS
T106416,M1022,C80714,2026-09-09 12:36:50,360630.65,INR,SUCCESS,QR
T106417,M1012,C50853,2026-09-09 13:29:38,185885.00,INR,SUCCESS,ONLINE
T106418,M1018,C57113,2026-09-09 07:52:23,8672.47,INR,SUCCESS,ONLINE
T106419,M1027,C79649,2026-09-09 20:03:27,295236.00,INR,SUCCESS,QR
T106420,M1012,C90209,2026-09-09 14:37:01,25266.16,INR,SUCCESS,POS
T106421,M1010,C67078,2026-09-09 15:24:31,244343.30,INR,SUCCESS,ONLINE
T106422,M1028,C73541,2026-09-09 08:54:45,390723.73,INR,SUCCESS,ONLINE
T106423,M1013,C72153,2026-09-09 08:49:01,3729.62,INR,FAILED,ONLINE
T106424,M1017,C90327,2026-09-09 07:15:46,17589.19,INR,FAILED,QR
T106425,M1026,C67079,2026-09-09 20:17:27,206249.92,INR,SUCCESS,ONLINE
T106426,M1014,C80584,2026-09-09 08:58:30,318685.64,INR,SUCCESS,POS
T106427,M1019,C50114,2026-09-09 20:13:03,327683.51,INR,SUCCESS,QR
T106428,M1024,C77142,2026-09-09 07:06:24,12669.77,INR,SUCCESS,ONLINE
T106429,M1023,C73357,2026-09-09 13:45:56,1216.34,INR,SUCCESS,ONLINE
T106430,M1013,C99582,2026-09-09 19:13:25,49915.22,INR,SUCCESS,ONLINE
T106431,M1029,C95078,2026-09-09 12:45:42,190047.40,INR,SUCCESS,QR
T106432,M1012,C57520,2026-09-09 19:58:43,324690.82,INR,SUCCESS,ONLINE
T106433,M1029,C74058,2026-09-09 15:47:58,151429.84,INR,SUCCESS,QR
T106434,M1003,C86830,2026-09-09 18:43:50,1256.21,INR,SUCCESS,POS
T106435,M1018,C60003,2026-09-09 12:47:06,21677.92,INR,SUCCESS,ONLINE
T106436,M1017,C55212,2026-09-09 20:42:22,293812.90,INR,SUCCESS,QR
T106437,M1002,C79672,2026-09-09 08:58:32,268875.89,INR,REVERSED,ONLINE
T106438,M1005,C86578,2026-09-09 18:34:19,364876.05,INR,SUCCESS,POS
T106439,M1012,C94805,2026-09-09 15:56:31,111466.38,INR,SUCCESS,QR
T106440,M1009,C68931,2026-09-09 19:16:20,1804.75,INR,SUCCESS,ONLINE
T106441,M1026,C84579,2026-09-09 08:21:27,36380.90,INR,SUCCESS,QR
T106442,M1004,C84304,2026-09-09 21:14:11,3369.17,INR,REVERSED,POS
T106443,M1019,C92872,2026-09-09 20:58:23,258338.68,INR,REVERSED,QR
T106444,M1023,C67031,2026-09-09 06:56:27,734.09,INR,SUCCESS,ONLINE
T106445,M1005,C73480,2026-09-09 08:09:13,30125.29,INR,SUCCESS,QR
T106446,M1020,C93088,2026-09-09 06:16:49,3926.64,INR,SUCCESS,QR
T106447,M1015,C68760,2026-09-09 14:00:19,3087.64,INR,SUCCESS,ONLINE
T106448,M1027,C74101,2026-09-09 17:38:10,111865.57,INR,SUCCESS,QR
T106449,M1002,C68754,2026-09-09 19:53:56,40047.30,INR,SUCCESS,POS
T106450,M1008,C80257,2026-09-09 11:10:29,51833.59,INR,SUCCESS,QR
T106451,M1022,C63501,2026-09-09 10:48:29,17752.90,INR,SUCCESS,POS
T106452,M1001,C55708,2026-09-09 18:50:04,216304.61,,SUCCESS,ONLINE
T106453,M1007,C85254,2026-09-09 07:07:15,55543.21,INR,SUCCESS,POS
T106454,M1026,C56468,2026-09-09 18:33:06,391237.25,INR,SUCCESS,ONLINE
T106455,M1009,C76732,2026-09-09 12:40:30,3075.93,INR,SUCCESS,ONLINE
T106456,M1028,C63406,2026-09-09 22:51:36,46214.87,INR,SUCCESS,ONLINE
T106457,M1024,C89767,2026-09-09 12:17:53,47111.10,INR,SUCCESS,ONLINE
T106458,M1004,C93753,2026-09-09 07:48:04,355819.96,INR,FAILED,POS
T106459,M1025,C65910,2026-09-09 21:57:20,169368.49,INR,SUCCESS,QR
T106460,M1010,C69557,2026-09-09 12:23:13,332276.64,INR,FAILED,POS
T106461,M1001,C98510,2026-09-09 10:18:32,190555.04,INR,FAILED,POS
T106462,M1010,C86449,2026-09-09 21:24:52,16213.35,INR,SUCCESS,POS
T106463,M1027,C76025,2026-09-09 08:46:09,2196.99,INR,SUCCESS,ONLINE
T106464,M1013,C91715,2026-09-09 21:58:26,296820.42,INR,SUCCESS,QR
T106465,M1012,C52006,2026-09-09 07:30:31,36595.55,INR,SUCCESS,QR
T106466,M1010,C62603,2026-09-09 13:09:55,2832.52,INR,SUCCESS,QR
T106467,M1023,C85447,2026-09-09 08:55:28,15908.75,INR,SUCCESS,ONLINE
T106468,M1021,C91209,2026-09-09 07:16:24,171453.19,INR,SUCCESS,POS
T106469,M1005,C59488,2026-09-09 13:26:32,159758.81,INR,SUCCESS,ONLINE
T106470,M1002,C91735,2026-09-09 18:20:35,16658.12,INR,SUCCESS,POS
T106471,M1028,C95190,2026-09-09 12:02:57,731.56,INR,SUCCESS,POS
T106472,M1018,C83420,2026-09-09 08:19:09,194939.31,INR,SUCCESS,POS
T106473,M1025,C75393,2026-09-09 12:39:14,162531.52,INR,SUCCESS,QR
T106474,M1024,C66887,2026-09-09 20:29:40,1875.17,INR,SUCCESS,POS
T106475,M1025,C83142,2026-09-09 14:31:51,518.21,INR,SUCCESS,POS
T106476,M1006,C94019,2026-09-09 10:39:33,130638.58,INR,SUCCESS,POS
T106477,M1025,C71726,2026-09-09 11:50:07,725.31,INR,SUCCESS,POS
T106478,M1013,C63364,2026-09-09 15:42:42,137854.34,INR,SUCCESS,ONLINE
T106479,M1002,C92738,2026-09-09 16:51:53,277576.47,INR,SUCCESS,ONLINE
T106480,M1028,C68573,2026-09-09 22:51:48,9478.84,INR,SUCCESS,QR
T106481,M1018,C60469,2026-09-09 07:45:10,926.59,INR,SUCCESS,QR
T106482,M1020,C83967,2026-09-09 12:23:43,383522.08,INR,SUCCESS,POS
T106483,M1019,C96223,2026-09-09 07:55:16,5982.89,INR,SUCCESS,ONLINE
T106484,M1019,C89832,2026-09-09 15:38:36,3054.07,INR,SUCCESS,ONLINE
T106485,M1021,C94881,2026-09-09 13:41:59,51715.71,INR,SUCCESS,QR
T106486,M1013,C67858,2026-09-09 15:21:55,87296.40,INR,SUCCESS,POS
T106487,M1018,C81133,2026-09-09 08:41:45,308777.86,INR,SUCCESS,POS
T106488,M1026,C89661,2026-09-09 16:17:00,177903.14,INR,SUCCESS,ONLINE
T106489,M1001,C72099,2026-09-09 14:46:05,5007.97,INR,REVERSED,POS
T106490,M1025,C55884,2026-09-09 07:09:01,18277.47,INR,SUCCESS,ONLINE
T106491,M1009,C93381,2026-09-09 11:53:54,21887.02,INR,FAILED,ONLINE
T106492,M1010,C61997,2026-09-09 22:44:20,5298.08,INR,SUCCESS,POS
T106493,M1029,C96182,2026-09-09 22:44:56,23799.78,INR,SUCCESS,ONLINE
T106494,M1024,C65927,2026-09-09 15:58:54,15346.33,INR,SUCCESS,ONLINE
T106495,M1013,C88227,2026-09-09 22:22:00,221965.41,INR,SUCCESS,QR
T106496,M1010,C88052,2026-09-09 09:58:22,34199.04,INR,SUCCESS,POS
T106497,M1012,C78882,2026-09-09 19:08:31,203738.44,INR,SUCCESS,POS
T106498,M1022,C91791,2026-09-09 18:00:32,1420.24,INR,SUCCESS,POS
T106499,M1018,C79015,2026-09-09 07:42:30,56551.90,INR,SUCCESS,QR
T106500,M1022,C92340,2026-09-09 07:21:16,334958.44,INR,FAILED,ONLINE
T106501,M1023,C53924,2026-09-09 19:42:53,148246.05,INR,SUCCESS,ONLINE
T106502,M1025,C54085,2026-09-09 13:55:03,282729.24,INR,SUCCESS,POS
T106503,M1010,C75154,2026-09-09 13:27:48,9551.09,INR,SUCCESS,ONLINE
T106504,M1002,C76904,2026-09-09 11:08:37,46931.20,INR,SUCCESS,QR
T106505,M1024,C96288,2026-09-09 08:33:10,8689.19,INR,SUCCESS,ONLINE
T106506,M1026,C67035,2026-09-09 10:32:01,2070.40,INR,SUCCESS,POS
T106507,M1000,C58516,2026-09-09 16:35:11,47284.36,INR,SUCCESS,ONLINE
T106508,M1029,C77666,2026-09-09 19:41:27,40477.22,INR,SUCCESS,POS
T106509,M1000,C54495,2026-09-09 07:23:13,20202.77,INR,SUCCESS,QR
T106510,M1019,C92212,2026-09-09 18:04:39,5933.96,INR,SUCCESS,QR
T106511,M1006,C53364,2026-09-09 07:06:00,3188.72,INR,SUCCESS,QR
T106512,M1005,C67315,2026-09-09 18:06:07,1340.19,INR,SUCCESS,ONLINE
T106513,M1002,C91090,2026-09-09 08:49:30,10519.99,INR,SUCCESS,ONLINE
T106514,M1010,C93799,2026-09-09 07:47:28,2825.56,INR,SUCCESS,ONLINE
T106515,M1012,C98663,2026-09-09 16:30:03,226.45,INR,SUCCESS,QR
T106516,M1017,C83606,2026-09-09 13:16:06,174220.34,INR,SUCCESS,ONLINE
T106517,M1024,C89778,2026-09-09 19:05:40,109634.56,INR,SUCCESS,ONLINE
T106518,M1019,C67906,2026-09-09 09:37:19,266391.07,INR,SUCCESS,QR
T106519,M1024,C88505,2026-09-09 16:44:25,83170.73,INR,SUCCESS,ONLINE
T106520,M1020,C97513,2026-09-09 08:22:41,45743.03,INR,SUCCESS,QR
T106521,M1009,C93562,2026-09-09 07:11:01,261535.18,INR,FAILED,ONLINE
T106522,M1009,C90555,2026-09-09 19:49:51,170208.79,INR,FAILED,POS
T106523,M1023,C72245,2026-09-09 09:11:42,2193.53,INR,SUCCESS,ONLINE
T106524,M1003,C74371,2026-09-09 19:58:10,2900.77,INR,SUCCESS,QR
T106525,M1023,C62054,2026-09-09 09:08:25,959.73,INR,SUCCESS,ONLINE
T106526,M1025,C55462,2026-09-09 13:45:21,16442.38,INR,SUCCESS,ONLINE
T106527,M1003,C80134,2026-09-09 17:32:38,2729.00,INR,SUCCESS,ONLINE
T106528,M1015,C77466,2026-09-09 07:58:38,20814.58,INR,SUCCESS,QR
T106529,M1021,C55114,2026-09-09 19:37:00,5019.30,INR,SUCCESS,ONLINE
T106530,M1001,C54116,2026-09-09 10:28:00,6839.42,INR,SUCCESS,ONLINE
T106531,M1011,C81793,2026-09-09 16:21:25,28464.97,INR,SUCCESS,QR
T106532,,C59339,2026-09-09 13:27:51,1284.58,INR,SUCCESS,QR
T106533,M1015,C94285,2026-09-09 12:31:47,355034.80,INR,SUCCESS,QR
T106534,M1016,C79420,2026-09-09 07:18:41,135219.73,INR,FAILED,ONLINE
T106535,M1001,C57306,2026-09-09 19:30:50,4553.43,INR,SUCCESS,QR
T106536,M1016,C61294,2026-09-09 22:41:57,42745.93,INR,SUCCESS,ONLINE
T106537,M1018,C96706,2026-09-09 07:07:56,941.90,INR,FAILED,POS
T106538,M1000,C60602,2026-09-09 22:02:21,588.42,INR,SUCCESS,ONLINE
T106539,M1012,C85876,2026-09-09 17:23:43,24957.91,INR,SUCCESS,QR
T106540,M1017,C57724,2026-09-09 10:47:09,7791.04,INR,SUCCESS,QR
T106541,M1022,C73365,2026-09-09 07:57:55,40536.60,INR,SUCCESS,POS
T106542,M1001,C71710,2026-09-09 12:11:36,16928.63,INR,SUCCESS,POS
T106543,M1000,C86335,2026-09-09 12:01:10,199.72,INR,SUCCESS,POS
T106544,M1020,C65517,2026-09-09 10:29:08,15475.01,INR,SUCCESS,ONLINE
T106545,M1028,C76161,2026-09-09 12:18:22,1781.49,INR,SUCCESS,POS
T106546,M1007,C92129,2026-09-09 22:49:16,15147.55,INR,SUCCESS,POS
T106547,M1019,C67724,2026-09-09 22:45:16,59180.55,INR,FAILED,POS
T106548,M1006,C60572,2026-09-09 14:40:30,10766.66,INR,SUCCESS,QR
T106549,M1020,C68900,2026-09-09 20:11:27,2338.07,INR,SUCCESS,QR
T106550,M1023,C73043,2026-09-09 21:47:52,12351.63,INR,SUCCESS,ONLINE
T106551,M1027,C70320,2026-09-09 18:52:31,30036.67,INR,SUCCESS,ONLINE
T106552,M1011,C70279,2026-09-09 20:27:06,2542.63,INR,SUCCESS,QR
T106553,M1006,C84135,2026-09-09 06:49:14,2966.91,INR,SUCCESS,ONLINE
T106554,M1017,C88112,2026-09-09 20:58:54,3208.27,INR,SUCCESS,ONLINE
T106555,M1022,C71987,2026-09-09 19:33:48,78577.31,INR,FAILED,QR
T106556,M1022,C92937,2026-09-09 22:23:51,1939.38,INR,SUCCESS,POS
T106557,M1006,C73407,2026-09-09 20:18:36,3252.51,INR,FAILED,QR
T106558,M1001,C79024,2026-09-09 06:10:54,6608.84,INR,SUCCESS,POS
T106559,M1027,C54070,2026-09-09 14:08:09,1206.43,INR,SUCCESS,QR
T106560,M1024,C58926,2026-09-09 20:57:36,181666.45,INR,SUCCESS,POS
T106561,M1003,C53500,2026-09-09 22:01:54,83249.46,INR,SUCCESS,QR
T106562,M1007,C91435,2026-09-09 10:37:02,330150.71,INR,SUCCESS,QR
T106563,M1008,C94590,2026-09-09 10:10:35,2359.67,INR,SUCCESS,ONLINE
T106564,M1025,C64880,2026-09-09 06:50:48,57950.11,INR,SUCCESS,POS
T106565,M1020,C60777,2026-09-09 14:40:46,3050.74,INR,SUCCESS,QR
T106566,M1020,C54423,2026-09-09 06:27:23,54023.17,INR,SUCCESS,POS
T106567,M1003,C64752,2026-09-09 16:56:54,198.24,INR,SUCCESS,QR
T106568,M1011,C78098,2026-09-09 10:59:40,183715.41,INR,SUCCESS,POS
T106569,M1021,C78146,2026-09-09 11:40:52,9014.18,INR,SUCCESS,POS
T106570,M1015,C90564,2026-09-09 22:53:13,2274.78,INR,SUCCESS,POS
T106571,M1022,C94231,2026-09-09 10:49:22,288161.45,INR,SUCCESS,QR
T106572,M1002,C58562,2026-09-09 19:08:30,67266.09,INR,SUCCESS,QR
T106573,M1026,C82536,2026-09-09 16:58:05,19978.32,INR,SUCCESS,ONLINE
T106574,M1002,C87178,2026-09-09 12:17:21,257210.39,INR,SUCCESS,ONLINE
T106575,M1028,C93075,2026-09-09 08:25:14,51824.71,INR,SUCCESS,ONLINE
T106576,M1021,C55805,2026-09-09 21:58:28,29306.57,INR,SUCCESS,QR
T106577,M1028,C71756,2026-09-09 17:45:41,102772.31,INR,SUCCESS,QR
T106578,M1024,C91850,2026-09-09 14:02:29,3358.04,INR,SUCCESS,ONLINE
T106579,M1025,C99148,2026-09-09 07:12:09,123577.46,INR,FAILED,POS
T106580,M1022,C50864,2026-09-09 19:45:30,37317.28,INR,SUCCESS,QR
T106581,M1004,C68644,2026-09-09 22:37:27,133690.72,INR,SUCCESS,ONLINE
T106582,M1002,C96968,2026-09-09 10:15:19,174.27,INR,SUCCESS,QR
T106583,M1027,C93141,2026-09-09 12:22:34,46484.82,INR,SUCCESS,ONLINE
T106584,M1011,C84420,2026-09-09 12:05:39,340193.05,INR,SUCCESS,POS
T106585,M1007,C71891,2026-09-09 18:18:46,246265.84,INR,SUCCESS,POS
T106586,M1000,C85152,2026-09-09 13:21:29,40067.35,INR,FAILED,ONLINE
T106587,M1025,C96031,2026-09-09 21:32:38,2007.17,INR,SUCCESS,ONLINE
T106588,M1027,C56165,2026-09-09 10:47:40,43591.76,INR,SUCCESS,POS
T106589,M1020,C92164,2026-09-09 14:00:03,2997.42,INR,SUCCESS,POS
T106590,M1016,C88022,2026-09-09 14:37:19,322610.83,INR,SUCCESS,QR
T106591,M1029,C67319,2026-09-09 07:21:41,192525.86,INR,SUCCESS,ONLINE
T106592,M1029,C81738,2026-09-09 14:53:07,5146.32,INR,SUCCESS,POS
T106593,M1011,C51626,2026-09-09 19:44:10,3897.64,INR,SUCCESS,QR
T106594,M1013,C98293,2026-09-09 21:07:41,190288.26,INR,SUCCESS,ONLINE
T106595,M1001,C53101,2026-09-09 16:23:50,5435.92,INR,SUCCESS,QR
T106596,M1010,C50293,2026-09-09 17:41:47,77236.81,INR,FAILED,QR
T106597,M1020,C88324,2026-09-09 08:17:31,153722.48,INR,FAILED,POS
T106598,M1029,C81426,2026-09-09 16:48:43,305744.24,INR,SUCCESS,QR
T106599,M1006,C70703,2026-09-09 17:13:37,274796.05,INR,SUCCESS,ONLINE
T106600,M1014,C51603,2026-09-09 14:12:47,367389.07,INR,SUCCESS,QR
T106601,M1012,C64429,2026-09-09 11:37:35,38501.96,INR,SUCCESS,ONLINE
T106602,M1002,C66418,2026-09-09 21:13:51,15795.68,INR,SUCCESS,QR
T106603,M1001,C90807,2026-09-09 22:37:55,10157.28,INR,SUCCESS,QR
T106604,M1005,C85243,2026-09-09 11:16:29,372.73,INR,SUCCESS,ONLINE
T106605,M1001,C52641,2026-09-09 20:02:19,17827.98,INR,SUCCESS,ONLINE
T106606,M1021,C59834,2026-09-09 12:40:08,131439.38,INR,SUCCESS,ONLINE
T106607,M1014,C85368,2026-09-09 08:05:27,992.63,INR,SUCCESS,ONLINE
T106608,M1027,C97991,2026-09-09 06:41:57,59723.17,INR,SUCCESS,QR
T106609,M1016,C50302,2026-09-09 09:07:49,48154.58,INR,SUCCESS,QR
T106610,M1025,C51966,2026-09-09 20:33:54,337260.00,INR,SUCCESS,POS
T106611,M1026,C56155,2026-09-09 08:41:21,168962.11,INR,SUCCESS,QR
T106612,M1015,C58514,2026-09-09 15:12:25,253619.61,INR,SUCCESS,ONLINE
T106613,M1029,C53161,2026-09-09 08:08:28,51976.58,INR,SUCCESS,QR
T106614,M1017,C79915,2026-09-09 07:54:50,98212.18,INR,SUCCESS,POS
T106615,M1024,C62071,2026-09-09 13:12:26,221247.89,INR,SUCCESS,ONLINE
T106616,M1013,C66461,2026-09-09 07:23:59,63138.60,INR,SUCCESS,QR
T106617,M1016,C70941,2026-09-09 15:53:34,1352.61,INR,SUCCESS,QR
T106618,M1023,C83934,2026-09-09 10:01:29,82057.29,INR,SUCCESS,POS
T106619,M1015,C78527,2026-09-09 08:42:38,49879.52,INR,SUCCESS,ONLINE
T106620,M1008,C91643,2026-09-09 09:13:21,109924.75,INR,SUCCESS,POS
T106621,M1016,C92644,2026-09-09 16:15:08,4043.02,INR,SUCCESS,ONLINE
T106622,M1023,C82026,2026-09-09 10:20:37,10539.63,INR,SUCCESS,POS
T106623,M1002,C59749,2026-09-09 14:39:16,33162.62,INR,SUCCESS,ONLINE
T106624,M1024,C63377,2026-09-09 20:01:27,67103.47,INR,SUCCESS,POS
T106625,M1026,C81768,2026-09-09 14:48:18,283126.65,INR,SUCCESS,QR
T106626,M1008,C98334,2026-09-09 19:48:10,6991.69,INR,SUCCESS,ONLINE
T106627,M1019,C84899,2026-09-09 14:19:25,127332.84,INR,SUCCESS,ONLINE
T106628,M1018,C77627,2026-09-09 12:17:18,84036.99,INR,SUCCESS,POS
T106629,M1012,C73363,2026-09-09 18:23:54,15826.52,INR,SUCCESS,ONLINE
T106630,M1006,C95283,2026-09-09 11:54:05,23745.62,INR,SUCCESS,QR
T106631,M1025,C81010,2026-09-09 07:45:34,588.68,INR,SUCCESS,ONLINE
T106632,M1010,C96710,2026-09-09 11:03:37,31998.39,INR,SUCCESS,QR
T106633,M1011,C54510,2026-09-09 12:17:15,3744.32,INR,SUCCESS,ONLINE
T106634,M1016,C88810,2026-09-09 20:25:48,26863.13,INR,SUCCESS,QR
T106635,M1017,C74847,2026-09-09 17:19:26,1248.45,INR,SUCCESS,POS
T106636,M1010,C55019,2026-09-09 17:05:07,889.07,INR,SUCCESS,ONLINE
T106637,M1000,C68851,2026-09-09 06:47:42,390969.51,INR,REVERSED,ONLINE
T106638,M1013,C95935,2026-09-09 20:42:56,198375.24,INR,SUCCESS,POS
T106639,M1025,C93658,2026-09-09 20:41:04,3075.68,INR,SUCCESS,QR
T106640,M1006,C51483,2026-09-09 16:43:58,19839.23,INR,SUCCESS,QR
T106641,M1023,C57356,2026-09-09 17:09:05,1627.97,INR,SUCCESS,ONLINE
T106642,M1002,C56530,2026-09-09 09:29:13,55840.30,INR,FAILED,ONLINE
T106643,M1001,C67523,2026-09-09 20:34:24,32034.27,INR,SUCCESS,ONLINE
T106644,M1017,C85338,2026-09-09 11:14:20,1520.91,INR,SUCCESS,QR
T106645,M1004,C74634,2026-09-09 12:33:13,359967.27,INR,SUCCESS,POS
T106646,M1017,C67601,2026-09-09 20:34:57,15949.45,INR,SUCCESS,ONLINE
T106647,M1002,C71776,2026-09-09 22:04:43,10829.32,INR,SUCCESS,ONLINE
T106648,M1008,C82750,2026-09-09 21:56:04,717.45,INR,SUCCESS,POS
T106649,M1005,C76135,2026-09-09 12:37:25,32818.98,INR,SUCCESS,ONLINE
T106650,M1024,C74152,2026-09-09 14:22:35,309164.88,INR,SUCCESS,ONLINE
T106651,M1024,C53454,2026-09-09 09:42:07,23289.02,INR,SUCCESS,POS
T106652,M1022,C79106,2026-09-09 21:22:05,490.02,INR,SUCCESS,QR
T106653,M1019,C61311,2026-09-09 06:47:41,232420.61,INR,SUCCESS,QR
T106654,M1021,C75941,2026-09-09 20:18:01,214879.23,INR,SUCCESS,QR
T106655,M1026,C63804,2026-09-09 18:41:50,320279.08,INR,SUCCESS,POS
T106656,M1023,C58737,2026-09-09 08:03:52,765.22,INR,SUCCESS,ONLINE
T106657,M1029,C66200,2026-09-09 18:30:06,3165.13,INR,REVERSED,ONLINE
T106658,M1025,C67537,2026-09-09 15:50:09,59500.60,INR,SUCCESS,ONLINE
T106659,M1006,C82621,2026-09-09 17:10:24,188306.90,INR,SUCCESS,ONLINE
T106660,M1012,C57727,2026-09-09 14:18:57,73493.56,INR,SUCCESS,ONLINE
T106661,M1002,C96328,2026-09-09 21:32:13,2700.35,INR,SUCCESS,ONLINE
T106662,M1009,C72275,2026-09-09 17:14:46,41598.91,INR,SUCCESS,POS
T106663,M1020,C51420,2026-09-09 17:39:04,1906.50,INR,SUCCESS,POS
T106664,M1025,C51563,2026-09-09 07:08:10,1549.20,INR,SUCCESS,QR
T106665,M1021,C84129,2026-09-09 08:21:36,91905.21,INR,SUCCESS,ONLINE
T106666,M1024,C68389,2026-09-09 11:05:19,49431.37,INR,REVERSED,POS
T106667,M1021,C74621,2026-09-09 10:20:26,1224.68,INR,SUCCESS,QR
T106668,M1024,C67771,2026-09-09 10:59:12,125276.20,,SUCCESS,POS
T106669,M1011,C54058,2026-09-09 15:55:39,250413.48,INR,SUCCESS,QR
T106670,M1005,C79478,2026-09-09 17:00:37,267051.90,INR,SUCCESS,POS
T106671,M1012,C81670,2026-09-09 16:22:57,53652.34,INR,SUCCESS,POS
T106672,M1024,C91369,2026-09-09 14:12:28,237750.94,INR,SUCCESS,ONLINE
T106673,M1004,C66911,2026-09-09 19:21:55,17284.34,INR,SUCCESS,QR
T106674,M1019,C83320,2026-09-09 17:21:58,883.08,INR,SUCCESS,POS
T106675,M1007,C80639,2026-09-09 08:46:49,27652.43,INR,FAILED,ONLINE
T106676,M1025,C91790,2026-09-09 13:18:25,148524.03,INR,SUCCESS,QR
T106677,M1007,C61112,2026-09-09 20:34:25,232864.32,INR,SUCCESS,POS
T106678,M1009,C54412,2026-09-09 16:51:08,950.36,INR,SUCCESS,QR
T106679,M1020,C91340,2026-09-09 18:27:00,681.54,INR,SUCCESS,POS
T106680,M1020,C58142,2026-09-09 19:58:43,2379.42,INR,SUCCESS,POS
T106681,M1005,C85825,2026-09-09 14:21:20,40702.45,INR,SUCCESS,QR
T106682,M1004,C68204,2026-09-09 06:18:10,308866.10,INR,SUCCESS,POS
T106683,M1000,C81797,2026-09-09 10:09:08,160635.62,INR,SUCCESS,QR
T106684,M1021,C60750,2026-09-09 13:04:12,324006.60,INR,SUCCESS,POS
T106685,M1021,C63960,2026-09-09 19:42:03,601.44,INR,SUCCESS,POS
T106686,M1016,C70432,2026-09-09 11:29:48,629.36,INR,SUCCESS,POS
T106687,M1020,C56543,2026-09-09 08:21:08,2806.82,INR,SUCCESS,POS
T106688,M1029,C93532,2026-09-09 11:42:28,374.10,INR,SUCCESS,ONLINE
T106689,M1027,C55781,2026-09-09 07:01:58,435.77,INR,SUCCESS,ONLINE
T106690,M1025,C94770,2026-09-09 16:37:34,24787.14,INR,SUCCESS,POS
T106691,M1014,C62111,2026-09-09 13:01:19,24761.49,INR,SUCCESS,POS
T106692,M1009,C73333,2026-09-09 16:12:14,386197.83,INR,SUCCESS,POS
T106693,M1011,C81252,2026-09-09 14:16:00,10556.62,INR,SUCCESS,POS
T106694,M1002,C62977,2026-09-09 10:55:01,262659.61,INR,SUCCESS,QR
T106695,M1022,C86410,2026-09-09 22:02:41,127589.29,INR,SUCCESS,ONLINE
T106696,M1021,C97453,2026-09-09 17:02:44,53117.25,INR,SUCCESS,ONLINE
T106697,M1018,C92028,2026-09-09 22:20:01,197739.60,INR,SUCCESS,POS
T106698,M1004,C94699,2026-09-09 17:27:05,3928.48,INR,SUCCESS,ONLINE
T106699,M1016,C61407,2026-09-09 18:38:00,129071.35,INR,SUCCESS,ONLINE
T106700,M1003,C51026,2026-09-09 10:31:36,1385.84,INR,SUCCESS,QR
T106701,M1002,C59619,2026-09-09 06:21:18,2626.44,INR,SUCCESS,POS
T106702,M1015,C99287,2026-09-09 09:06:03,8069.20,INR,SUCCESS,ONLINE
T106703,M1014,C60679,2026-09-09 21:54:31,235057.98,INR,SUCCESS,ONLINE
T106704,M1001,C53689,2026-09-09 12:14:49,18378.63,INR,SUCCESS,ONLINE
T106705,M1027,C50295,2026-09-09 09:45:33,27280.94,INR,SUCCESS,POS
T106706,M1001,C82514,2026-09-09 20:35:22,362354.47,INR,SUCCESS,ONLINE
T106707,M1016,C69227,2026-09-09 15:03:03,56337.42,INR,SUCCESS,ONLINE
T106708,M1007,C95391,2026-09-09 10:55:53,310.82,INR,REVERSED,POS
T106709,M1007,C74430,2026-09-09 21:48:13,59850.10,INR,SUCCESS,ONLINE
T106710,M1013,C51681,2026-09-09 09:25:22,3471.39,INR,FAILED,POS
T106711,M1025,C99686,2026-09-09 06:39:42,29366.64,INR,FAILED,QR
T106712,M1018,C66290,2026-09-09 07:44:53,1542.22,INR,SUCCESS,QR
T106713,M1011,C99938,2026-09-09 13:17:59,1183.83,INR,SUCCESS,QR
T106714,M1010,C85637,2026-09-09 21:25:36,12004.32,INR,SUCCESS,ONLINE
T106715,M1002,C75687,2026-09-09 06:42:31,55883.77,INR,SUCCESS,QR
T106716,M1016,C54331,2026-09-09 12:03:18,151414.14,INR,SUCCESS,POS
T106717,M1026,C71351,2026-09-09 16:03:30,3421.07,INR,SUCCESS,ONLINE
T106718,M1025,C71149,2026-09-09 07:11:52,260255.12,INR,FAILED,ONLINE
T106719,M1000,C78200,2026-09-09 12:18:11,1026.08,INR,SUCCESS,QR
T106720,M1015,C58394,2026-09-09 07:42:02,46684.25,INR,FAILED,POS
T106721,M1006,C83286,2026-09-09 08:34:43,33716.75,INR,SUCCESS,POS
T106722,M1009,C61089,2026-09-09 11:56:18,179836.87,INR,SUCCESS,ONLINE
T106723,M1005,C81644,2026-09-09 14:12:20,2791.85,INR,SUCCESS,ONLINE
T106724,M1001,C87085,2026-09-09 12:19:33,276543.74,INR,SUCCESS,POS
T106725,M1006,C98928,2026-09-09 18:26:47,3896.51,INR,SUCCESS,ONLINE
T106726,M1026,C71433,2026-09-09 09:54:48,352031.76,INR,SUCCESS,ONLINE
T106727,M1025,C72463,2026-09-09 22:53:42,310005.66,INR,SUCCESS,POS
T106728,M1009,C51202,2026-09-09 16:15:05,176.96,INR,SUCCESS,ONLINE
T106729,M1004,C84726,2026-09-09 12:50:23,18792.42,INR,SUCCESS,POS
T106730,M1004,C76562,2026-09-09 16:09:06,1025.29,INR,SUCCESS,POS
T106731,M1026,C70824,2026-09-09 10:44:39,6150.42,INR,SUCCESS,POS
T106732,M1000,C54324,2026-09-09 22:51:59,1521.60,INR,SUCCESS,POS
T106733,M1014,C77673,2026-09-09 18:49:00,59727.16,INR,SUCCESS,POS
T106734,M1002,C93369,2026-09-09 12:56:48,1029.53,INR,SUCCESS,POS
T106735,M1014,C90098,2026-09-09 16:37:34,233419.95,INR,FAILED,ONLINE
T106736,M1003,C98548,2026-09-09 17:12:02,12701.32,INR,SUCCESS,ONLINE
T106737,M1015,C60566,2026-09-09 08:46:21,34708.66,INR,FAILED,ONLINE
T106738,M1002,C64133,2026-09-09 09:49:41,1258.73,INR,SUCCESS,ONLINE
T106739,M1013,C70272,2026-09-09 15:48:20,166147.83,INR,SUCCESS,ONLINE
T106740,M1020,C93471,2026-09-09 21:21:27,3204.89,INR,SUCCESS,QR
T106741,M1022,C68510,2026-09-09 09:21:37,242745.01,INR,SUCCESS,POS
T106742,M1025,C72199,2026-09-09 06:37:28,650.76,INR,SUCCESS,QR
T106743,M1003,C61559,2026-09-09 06:16:58,47537.57,INR,SUCCESS,ONLINE
T106744,M1015,C55886,2026-09-09 20:54:30,19739.65,INR,REVERSED,QR
T106745,M1009,C51137,2026-09-09 10:02:29,2503.52,INR,SUCCESS,QR
T106746,M1011,C79141,2026-09-09 09:39:47,207421.46,INR,SUCCESS,QR
T106747,M1021,C54521,2026-09-09 15:58:45,96956.37,INR,SUCCESS,POS
T106748,M1006,C85429,2026-09-09 06:45:11,52726.46,INR,SUCCESS,QR
T106749,M1015,C51461,2026-09-09 07:46:56,3254.30,INR,SUCCESS,ONLINE
T106750,M1029,C90185,2026-09-09 13:53:14,1710.41,INR,SUCCESS,ONLINE
T106751,M1011,C84757,2026-09-09 20:54:57,1542.77,INR,REVERSED,POS
T106752,M1021,C50059,2026-09-09 22:31:33,14399.58,INR,SUCCESS,ONLINE
T106753,M1009,C82129,2026-09-09 11:57:17,13642.69,INR,SUCCESS,POS
T106754,M1011,C90347,2026-09-09 14:17:58,42902.00,INR,SUCCESS,QR
T106755,M1003,C87197,2026-09-09 09:36:54,3036.22,INR,SUCCESS,ONLINE
T106756,M1023,C69691,2026-09-09 10:31:28,47980.61,INR,SUCCESS,POS
T106757,M1016,C53805,2026-09-09 08:52:21,792.55,INR,SUCCESS,POS
T106758,M1015,C62553,2026-09-09 12:38:33,30985.30,INR,SUCCESS,QR
T106759,M1006,C76286,2026-09-09 22:10:57,3259.57,INR,SUCCESS,ONLINE
T106760,M1007,C68894,2026-09-09 17:49:24,33232.27,INR,SUCCESS,QR
T106761,M1006,C66299,2026-09-09 12:06:08,103959.71,INR,SUCCESS,QR
T106762,M1023,C63668,2026-09-09 13:02:36,236898.98,INR,SUCCESS,POS
T106763,M1012,C68842,2026-09-09 14:54:18,15361.44,INR,SUCCESS,QR
T106764,M1004,C72300,2026-09-09 14:31:35,27912.84,INR,SUCCESS,QR
T106765,M1026,C56489,2026-09-09 15:50:31,1948.42,INR,SUCCESS,QR
T106766,M1011,C73006,2026-09-09 16:42:37,17838.94,INR,SUCCESS,ONLINE
T106767,M1012,C73270,2026-09-09 08:07:30,2978.76,INR,SUCCESS,ONLINE
T106768,M1006,C70053,2026-09-09 08:50:37,55945.65,INR,SUCCESS,POS
T106769,M1001,C52460,2026-09-09 19:33:03,3716.41,INR,SUCCESS,QR
T106770,M1005,C89231,2026-09-09 10:11:27,3871.63,INR,SUCCESS,QR
T106771,M1014,C69620,2026-09-09 14:20:24,1846.82,INR,SUCCESS,ONLINE
T106772,M1012,C73679,2026-09-09 10:04:40,219857.47,INR,SUCCESS,ONLINE
T106773,M1015,C82710,2026-09-09 12:28:08,50503.49,INR,SUCCESS,ONLINE
T106774,M1004,C99192,2026-09-09 20:17:05,323790.90,INR,SUCCESS,QR
T106775,M1023,C70913,2026-09-09 11:12:04,3095.58,INR,SUCCESS,ONLINE
T106776,M1006,C91353,2026-09-09 06:29:30,213492.77,INR,REVERSED,QR
T106777,M1000,C79007,2026-09-09 08:16:49,41769.44,INR,SUCCESS,QR
T106778,M1029,C73287,2026-09-09 08:50:56,301774.64,INR,SUCCESS,POS
T106779,M1023,C95284,2026-09-09 11:39:04,158001.11,INR,FAILED,QR
T106780,M1015,C86308,2026-09-09 18:57:57,122054.54,INR,SUCCESS,ONLINE
T106781,M1016,C81853,2026-09-09 14:17:45,3595.61,INR,SUCCESS,QR
T106782,M1008,C59661,2026-09-09 16:30:32,2397.36,INR,REVERSED,ONLINE
T106783,M1027,C57823,2026-09-09 13:19:53,258992.27,INR,SUCCESS,POS
T106784,M1005,C53811,2026-09-09 07:12:58,993.87,INR,SUCCESS,QR
T106785,M1011,C58586,2026-09-09 07:08:32,1373.87,INR,SUCCESS,QR
T106786,M1008,C59746,2026-09-09 16:29:20,28583.11,INR,SUCCESS,QR
T106787,M1021,C91370,2026-09-09 06:47:05,51732.89,INR,SUCCESS,QR
T106788,M1026,C93273,2026-09-09 15:18:10,2663.09,INR,SUCCESS,QR
T106789,M1027,C80049,2026-09-09 07:22:01,1837.36,INR,SUCCESS,QR
T106790,M1029,C70110,2026-09-09 11:11:56,1418.40,INR,SUCCESS,ONLINE
T106791,M1018,C92505,2026-09-09 07:19:18,26979.25,INR,SUCCESS,POS
T106792,M1007,C92601,2026-09-09 09:12:20,347.92,INR,FAILED,ONLINE
T106793,M1020,C58427,2026-09-09 13:07:30,59553.03,INR,SUCCESS,ONLINE
T106794,M1013,C88162,2026-09-09 22:11:18,29994.44,INR,REVERSED,POS
T106795,M1007,C98238,2026-09-09 15:59:10,4994.84,INR,SUCCESS,QR
T106796,M1012,C71650,2026-09-09 13:35:17,130816.86,INR,SUCCESS,ONLINE
T106797,M1005,C70125,2026-09-09 13:48:20,333720.12,INR,SUCCESS,ONLINE
T106798,M1007,C69609,2026-09-09 18:49:46,392269.99,INR,SUCCESS,ONLINE
T106799,M1008,C52208,2026-09-09 18:59:03,24500.49,INR,SUCCESS,QR
T106800,M1000,C75500,2026-09-09 10:56:18,155505.49,INR,SUCCESS,POS
T106801,M1007,C91953,2026-09-09 06:52:59,2688.70,INR,SUCCESS,ONLINE
T106802,M1007,C57648,2026-09-09 17:06:19,295460.14,INR,SUCCESS,POS
T106803,M1003,C67232,2026-09-09 08:39:12,330791.23,INR,SUCCESS,QR
T106804,M1017,C71773,2026-09-09 22:24:13,3018.82,INR,SUCCESS,ONLINE
T106805,M1022,C62284,2026-09-09 22:00:01,264112.03,INR,SUCCESS,ONLINE
T106806,M1016,C75560,2026-09-09 15:36:51,18217.82,INR,SUCCESS,ONLINE
T106807,M1026,C69673,2026-09-09 17:06:17,43553.87,INR,SUCCESS,QR
T106808,M1022,C93384,2026-09-09 21:19:45,56191.90,INR,SUCCESS,ONLINE
T106809,M1010,C62906,2026-09-09 22:02:08,397487.06,INR,SUCCESS,ONLINE
T106810,M1016,C77663,2026-09-09 10:16:48,12350.28,INR,FAILED,QR
T106811,M1006,C85412,2026-09-09 12:58:30,48076.74,INR,SUCCESS,POS
T106812,M1015,C84608,2026-09-09 12:53:10,242671.46,INR,SUCCESS,QR
T106813,M1007,C83896,2026-09-09 10:50:35,28147.10,INR,SUCCESS,POS
T106814,M1028,C69699,2026-09-09 10:11:10,50923.19,INR,SUCCESS,POS
T106815,M1024,C97082,2026-09-09 09:26:11,795.07,INR,SUCCESS,POS
T106816,M1025,C94407,2026-09-09 09:16:16,23316.67,INR,SUCCESS,POS
T106817,M1018,C60728,2026-09-09 13:36:34,21024.53,INR,SUCCESS,POS
T106818,M1026,C69689,2026-09-09 13:51:42,3791.99,INR,SUCCESS,QR
T106819,M1002,C63291,2026-09-09 22:10:41,1734.00,INR,SUCCESS,QR
T106820,M1014,C90060,2026-09-09 08:22:49,377604.13,INR,SUCCESS,ONLINE
T106821,M1005,C52386,2026-09-09 07:57:24,1826.17,INR,SUCCESS,ONLINE
T106822,M1024,C94037,2026-09-09 14:08:32,1022.62,INR,SUCCESS,QR
T106823,M1012,C90236,2026-09-09 20:01:34,1265.42,INR,SUCCESS,POS
T106824,M1016,C61979,2026-09-09 06:48:55,332415.56,INR,SUCCESS,QR
T106825,M1013,C63823,2026-09-09 18:35:11,35907.33,INR,SUCCESS,POS
T106826,M1010,C83495,2026-09-09 13:07:31,33520.89,INR,SUCCESS,QR
T106827,M1017,C76326,2026-09-09 21:22:59,1160.56,INR,SUCCESS,POS
T106828,M1024,C69468,2026-09-09 11:11:50,26522.37,INR,SUCCESS,POS
T106829,M1025,C84065,2026-09-09 09:54:53,23413.31,INR,SUCCESS,QR
T106830,M1021,C96980,2026-09-09 22:10:21,127513.87,INR,SUCCESS,ONLINE
T106831,M1001,C51411,2026-09-09 09:38:15,139945.72,INR,SUCCESS,POS
T106832,M1027,C84702,2026-09-09 08:07:28,1495.32,INR,SUCCESS,POS
T106833,M1001,C90115,2026-09-09 22:42:17,84115.30,INR,SUCCESS,ONLINE
T106834,M1029,C94050,2026-09-09 15:07:01,2990.73,INR,SUCCESS,QR
T106835,M1029,C57300,2026-09-09 20:20:22,276856.99,INR,SUCCESS,POS
T106836,M1011,C75253,2026-09-09 10:55:47,378132.42,INR,SUCCESS,QR
T106837,M1022,C75870,2026-09-09 06:23:40,320997.28,INR,SUCCESS,QR
T106838,M1007,C92814,2026-09-09 09:59:56,328.98,INR,REVERSED,POS
T106839,M1011,C54394,2026-09-09 20:11:19,757.71,INR,SUCCESS,QR
T106840,M1004,C67272,2026-09-09 17:38:58,1470.40,INR,SUCCESS,POS
T106841,M1011,C95541,2026-09-09 21:25:08,3419.63,INR,SUCCESS,ONLINE
T106842,M1011,C50598,2026-09-09 11:27:13,781.88,INR,SUCCESS,POS
T106843,M1013,C85143,2026-09-09 21:32:43,3174.57,INR,SUCCESS,POS
T106844,M1023,C78558,2026-09-09 06:07:32,1443.19,INR,FAILED,QR
T106845,M1027,C54714,2026-09-09 07:00:55,29059.19,INR,SUCCESS,QR
T106846,M1025,C91360,2026-09-09 10:04:48,28550.07,INR,FAILED,POS
T106847,M1019,C59694,2026-09-09 08:36:04,230254.65,INR,SUCCESS,QR
T106848,M1023,C82738,2026-09-09 08:06:22,44797.91,INR,REVERSED,ONLINE
T106849,M1029,C58258,2026-09-09 08:58:53,20324.53,INR,SUCCESS,QR
T106850,M1027,C82100,2026-09-09 22:19:46,38781.00,INR,SUCCESS,ONLINE
T106851,M1018,C84982,2026-09-09 10:08:15,14019.98,INR,SUCCESS,ONLINE
T106852,M1021,C71451,2026-09-09 19:49:53,343943.54,INR,SUCCESS,POS
T106853,M1003,C81823,2026-09-09 19:47:07,18576.19,INR,SUCCESS,POS
T106854,M1009,C62896,2026-09-09 07:06:34,39098.75,INR,SUCCESS,ONLINE
T106855,M1014,C86454,2026-09-09 18:33:47,21147.20,INR,SUCCESS,QR
T106856,M1001,C89037,2026-09-09 17:30:29,2056.37,INR,SUCCESS,QR
T106857,M1009,C65101,2026-09-09 13:33:39,43678.10,INR,SUCCESS,POS
T106858,M1004,C58606,2026-09-09 13:34:57,6278.47,INR,FAILED,ONLINE
T106859,M1007,C59750,2026-09-09 17:57:04,295867.56,INR,SUCCESS,QR
T106860,M1020,C66950,2026-09-09 18:46:32,28636.67,INR,SUCCESS,POS
T106861,M1023,C56429,2026-09-09 06:03:42,20329.91,INR,SUCCESS,ONLINE
T106862,M1022,C82521,2026-09-09 13:53:37,2033.22,INR,SUCCESS,POS
T106863,M1015,C52623,2026-09-09 17:23:19,258693.71,INR,SUCCESS,QR
T106864,M1029,C82968,2026-09-09 12:36:18,25420.08,INR,SUCCESS,ONLINE
T106865,M1012,C62477,2026-09-09 11:34:09,40605.02,INR,SUCCESS,ONLINE
T106866,M1007,C92156,2026-09-09 16:38:37,36219.13,INR,SUCCESS,ONLINE
T106867,M1029,C78614,2026-09-09 13:10:36,4709.55,INR,REVERSED,QR
T106868,M1009,C81588,2026-09-09 12:18:35,2789.90,INR,SUCCESS,ONLINE
T106869,M1020,C77715,2026-09-09 20:59:36,1423.28,INR,SUCCESS,ONLINE
T106870,M1008,C57599,2026-09-09 06:59:23,30399.09,INR,SUCCESS,ONLINE
T106871,M1008,C98490,2026-09-09 09:58:53,59671.51,INR,SUCCESS,ONLINE
T106872,M1000,C63478,2026-09-09 18:30:18,1731.39,INR,SUCCESS,ONLINE
T106873,M1011,C73148,2026-09-09 19:18:48,27629.22,INR,SUCCESS,QR
T106874,M1029,C64170,2026-09-09 13:59:46,369.61,INR,SUCCESS,ONLINE
T106875,M1007,C69424,2026-09-09 20:34:05,2660.34,INR,SUCCESS,QR
T106876,M1010,C53165,2026-09-09 11:06:46,3985.22,INR,SUCCESS,QR
T106877,M1006,C61371,2026-09-09 22:04:57,3073.38,,SUCCESS,ONLINE
T106878,M1015,C81347,2026-09-09 11:47:24,2631.88,INR,FAILED,POS
T106879,M1011,C89930,2026-09-09 19:29:38,164151.09,INR,SUCCESS,POS
T106880,M1012,C95809,2026-09-09 09:06:26,284033.41,INR,SUCCESS,QR
T106881,M1008,C76322,2026-09-09 14:53:03,339792.48,INR,SUCCESS,ONLINE
T106882,M1006,C93212,2026-09-09 19:11:00,3923.08,INR,SUCCESS,ONLINE
T106883,M1008,C51473,2026-09-09 16:31:12,38194.02,INR,SUCCESS,ONLINE
T106884,M1024,C64132,2026-09-09 16:48:21,21525.80,INR,SUCCESS,ONLINE
T106885,M1022,C69110,2026-09-09 14:27:08,3865.29,INR,FAILED,POS
T106886,M1009,C88608,2026-09-09 19:25:05,12483.96,INR,SUCCESS,ONLINE
T106887,M1003,C56636,2026-09-09 16:48:24,3582.81,INR,SUCCESS,ONLINE
T106888,M1028,C94723,2026-09-09 06:54:58,7170.56,INR,SUCCESS,POS
T106889,M1029,C67924,2026-09-09 22:13:42,1369.52,INR,SUCCESS,QR
T106890,M1024,C58486,2026-09-09 22:36:36,313.05,INR,SUCCESS,QR
T106891,M1002,C77790,2026-09-09 07:41:15,876.56,INR,SUCCESS,ONLINE
T106892,M1028,C53271,2026-09-09 09:42:50,3211.83,INR,SUCCESS,ONLINE
T106893,M1027,C93559,2026-09-09 21:21:07,51297.27,INR,SUCCESS,QR
T106894,M1028,C59476,2026-09-09 20:45:56,1773.98,INR,SUCCESS,ONLINE
T106895,M1010,C67805,2026-09-09 18:33:25,163026.89,INR,SUCCESS,ONLINE
T106896,M1014,C72737,2026-09-09 07:05:44,2560.24,INR,SUCCESS,QR
T106897,M1016,C79989,2026-09-09 20:29:22,289062.87,INR,SUCCESS,ONLINE
T106898,M1019,C85993,2026-09-09 10:57:48,166803.39,INR,SUCCESS,QR
T106899,M1029,C55199,2026-09-09 06:40:23,57640.06,INR,SUCCESS,POS
T106900,M1008,C82038,2026-09-09 18:41:52,335443.17,INR,SUCCESS,POS
T106901,M1028,C79178,2026-09-09 17:03:24,58830.52,INR,SUCCESS,ONLINE
T106902,M1020,C86341,2026-09-09 10:08:35,1464.88,INR,SUCCESS,QR
T106903,M1009,C78930,2026-09-09 19:47:26,3655.56,INR,REVERSED,POS
T106904,M1016,C99023,2026-09-09 21:25:38,42719.99,INR,SUCCESS,POS
T106905,M1026,C75054,2026-09-09 11:34:09,165090.70,INR,SUCCESS,QR
T106906,M1012,C82641,2026-09-09 19:27:15,469.43,INR,SUCCESS,ONLINE
T106907,M1024,C60245,2026-09-09 15:01:38,265334.11,INR,SUCCESS,ONLINE
T106908,M1001,C67035,2026-09-09 19:25:39,45562.25,INR,SUCCESS,ONLINE
T106909,M1013,C97480,2026-09-09 08:01:49,370641.59,INR,SUCCESS,ONLINE
T106910,M1008,C79908,2026-09-09 17:50:40,3873.22,INR,SUCCESS,QR
T106911,M1020,C77208,2026-09-09 12:52:11,28218.72,INR,SUCCESS,ONLINE
T106912,M1015,C90732,2026-09-09 12:03:34,279612.75,INR,SUCCESS,POS
T106913,M1008,C55288,2026-09-09 07:00:20,50263.71,INR,SUCCESS,ONLINE
T106914,M1018,C57036,2026-09-09 10:12:35,3775.94,INR,SUCCESS,QR
T106915,M1010,C65778,2026-09-09 22:17:45,337078.73,INR,SUCCESS,ONLINE
T106916,M1008,C53434,2026-09-09 15:26:04,85816.69,INR,SUCCESS,QR
T106917,M1014,C84857,2026-09-09 17:04:52,19329.13,INR,SUCCESS,POS
T106918,M1020,C90599,2026-09-09 07:55:26,39640.15,INR,SUCCESS,QR
T106919,M1022,C89815,2026-09-09 07:04:11,904.55,INR,SUCCESS,QR
T106920,M1003,C76939,2026-09-09 15:57:56,111631.53,INR,SUCCESS,POS
T106921,M1022,C52177,2026-09-09 12:21:58,55032.76,INR,FAILED,QR
T106922,M1025,C70227,2026-09-09 18:03:46,150814.75,INR,FAILED,ONLINE
T106923,M1026,C59819,2026-09-09 16:07:49,348827.19,INR,SUCCESS,QR
T106924,M1025,C61894,2026-09-09 16:34:38,378965.41,INR,SUCCESS,POS
T106925,M1012,C96321,2026-09-09 21:16:18,14515.91,INR,SUCCESS,ONLINE
T106926,M1029,C88059,2026-09-09 13:05:55,172669.19,INR,SUCCESS,ONLINE
T106927,M1007,C70582,2026-09-09 16:35:42,84476.41,INR,SUCCESS,QR
T106928,M1015,C71531,2026-09-09 20:40:35,18452.90,INR,SUCCESS,ONLINE
T106929,M1000,C91231,2026-09-09 08:04:38,2421.57,INR,REVERSED,ONLINE
T106930,M1005,C55050,2026-09-09 21:57:16,117628.50,INR,FAILED,ONLINE
T106931,M1021,C57723,2026-09-09 11:18:12,344124.09,INR,SUCCESS,QR
T106932,M1010,C69251,2026-09-09 12:42:49,3770.80,INR,SUCCESS,ONLINE
T106933,M1016,C80131,2026-09-09 11:56:30,378122.21,INR,SUCCESS,POS
T106934,M1009,C70081,2026-09-09 15:16:35,141924.24,INR,SUCCESS,ONLINE
T106935,M1003,C80849,2026-09-09 16:17:35,44829.20,INR,SUCCESS,POS
T106936,M1019,C64998,2026-09-09 21:01:58,535.32,INR,SUCCESS,QR
T106937,M1020,C86387,2026-09-09 19:31:00,47264.50,INR,SUCCESS,ONLINE
T106938,M1020,C79557,2026-09-09 21:12:41,31024.03,INR,REVERSED,POS
T106939,M1024,C70124,2026-09-09 06:47:31,178149.04,INR,SUCCESS,POS
T106940,M1000,C75972,2026-09-09 07:31:42,53077.50,INR,SUCCESS,QR
T106941,M1025,C98822,2026-09-09 14:17:56,1335.18,INR,SUCCESS,ONLINE
T106942,M1001,C72672,2026-09-09 10:50:53,209639.95,INR,SUCCESS,QR
T106943,M1028,C89886,2026-09-09 18:34:07,31375.39,INR,SUCCESS,POS
T106944,M1013,C61510,2026-09-09 10:59:58,316357.66,INR,SUCCESS,QR
T106945,M1023,C67901,2026-09-09 10:30:54,18734.30,INR,SUCCESS,QR
T106946,M1021,C57309,2026-09-09 17:19:24,6895.97,INR,SUCCESS,POS
T106947,M1013,C72005,2026-09-09 22:01:36,254696.51,INR,SUCCESS,ONLINE
T106948,M1013,C84095,2026-09-09 13:39:13,52298.20,INR,FAILED,QR
T106949,M1020,C74548,2026-09-09 13:50:58,398316.38,INR,SUCCESS,POS
T106950,M1027,C81351,2026-09-09 18:33:19,166270.68,INR,FAILED,QR
T106951,M1029,C74731,2026-09-09 19:24:06,25762.24,INR,SUCCESS,ONLINE
T106952,M1025,C65383,2026-09-09 14:45:45,1449.70,INR,SUCCESS,POS
T106953,M1026,C97135,2026-09-09 13:08:59,397265.96,INR,SUCCESS,ONLINE
T106954,M1007,C71357,2026-09-09 10:54:27,77616.52,INR,SUCCESS,POS
T106955,M1003,C64381,2026-09-09 11:37:40,21905.47,INR,SUCCESS,ONLINE
T106956,M1023,C86114,2026-09-09 22:09:34,7446.20,INR,SUCCESS,POS
T106957,M1009,C58334,2026-09-09 20:33:59,3239.91,INR,FAILED,POS
T106958,M1019,C50063,2026-09-09 19:01:45,1270.42,INR,SUCCESS,QR
T106959,M1024,C86986,2026-09-09 11:20:54,2529.30,INR,SUCCESS,QR
T106960,M1022,C55132,2026-09-09 11:05:27,203151.36,INR,FAILED,POS
T106961,M1016,C97315,2026-09-09 09:09:19,47935.55,INR,SUCCESS,QR
T106962,M1012,C77483,2026-09-09 18:14:39,176458.15,INR,SUCCESS,ONLINE
T106963,M1009,C96825,2026-09-09 10:27:44,152682.73,INR,SUCCESS,POS
T106964,M1029,C72068,2026-09-09 19:34:55,2313.78,INR,SUCCESS,ONLINE
T106965,M1022,C56174,2026-09-09 18:12:04,103126.70,INR,SUCCESS,POS
T106966,M1008,C69764,2026-09-09 16:34:34,53598.10,INR,SUCCESS,QR
T106967,M1003,C52612,2026-09-09 12:37:28,31130.79,INR,SUCCESS,POS
T106968,M1015,C82390,2026-09-09 22:24:05,39608.02,INR,SUCCESS,ONLINE
T106969,M1028,C67845,2026-09-09 12:22:42,561.22,INR,SUCCESS,QR
T106970,M1013,C94250,2026-09-09 11:52:07,187767.04,INR,SUCCESS,POS
T106971,M1001,C72780,2026-09-09 19:51:06,252968.98,INR,SUCCESS,ONLINE
T106972,M1025,C51480,2026-09-09 16:26:36,58760.09,INR,SUCCESS,POS
T106973,M1009,C64327,2026-09-09 07:46:09,356275.80,INR,SUCCESS,ONLINE
T106974,M1010,C66625,2026-09-09 06:01:42,570.96,INR,SUCCESS,QR
T106975,M1017,C97989,2026-09-09 09:52:37,17995.11,INR,FAILED,QR
T106976,M1002,C71992,2026-09-09 15:54:34,380.88,INR,SUCCESS,ONLINE
T106977,M1013,C65196,2026-09-09 11:04:34,74941.41,INR,SUCCESS,POS
T106978,M1025,C82240,2026-09-09 10:25:27,316059.84,INR,SUCCESS,POS
T106979,M1003,C52948,2026-09-09 10:35:34,2367.65,INR,SUCCESS,QR
T106980,M1000,C82796,2026-09-09 17:00:35,22495.87,INR,SUCCESS,QR
T106981,M1007,C97589,2026-09-09 14:06:26,29314.97,INR,SUCCESS,ONLINE
T106982,M1005,C59096,2026-09-09 22:29:25,26993.63,INR,SUCCESS,ONLINE
T106983,M1028,C88061,2026-09-09 06:11:54,18215.18,INR,SUCCESS,ONLINE
T106984,M1023,C92193,2026-09-09 16:35:38,3654.35,INR,SUCCESS,ONLINE
T106985,M1025,C74422,2026-09-09 16:34:07,1971.88,INR,SUCCESS,ONLINE
T106986,M1014,C50092,2026-09-09 11:56:23,8929.74,INR,SUCCESS,ONLINE
T106987,M1005,C69970,2026-09-09 09:21:36,1264.01,INR,REVERSED,POS
T106988,M1011,C71218,2026-09-09 18:32:23,3408.19,INR,REVERSED,POS
