event_id,transaction_id,event_type,event_ts,ingestion_ts,processing_ms
E516743,T105774,SETTLED,2026-09-08 20:32:35,2026-09-08 20:32:51,569
E517737,T106116,AUTHORIZED,2026-09-08 07:53:07,2026-09-08 07:53:34,116
E517766,T106127,CREATED,2026-09-08 19:44:24,2026-09-08 19:44:32,149
E516045,T105534,CREATED,2026-09-08 06:24:39,2026-09-08 06:24:59,109
E519618,T106750,FAILED,2026-09-09 12:50:22,2026-09-09 12:50:45,43
E516119,T105559,AUTHORIZED,2026-09-08 07:35:10,2026-09-08 07:35:28,465
E516004,T105520,SETTLED,2026-09-08 22:29:01,2026-09-08 22:29:23,627
E518728,T106453,SETTLED,2026-09-09 22:05:15,2026-09-09 22:05:36,492
E516212,T105591,AUTHORIZED,2026-09-08 21:17:38,2026-09-08 21:17:43,474
E516574,T105717,CREATED,2026-09-08 13:10:07,2026-09-08 13:10:15,30
E519009,T106547,AUTHORIZED,2026-09-09 21:11:15,2026-09-09 21:11:39,266
E517515,T106040,SETTLED,2026-09-08 19:22:55,2026-09-08 19:23:11,881
E517439,T106014,SETTLED,2026-09-08 16:05:58,2026-09-08 16:06:12,395
E519128,T106588,CREATED,2026-09-09 16:27:51,2026-09-09 16:28:04,267
E520363,T107008,AUTHORIZED,2026-09-09 18:31:49,2026-09-09 18:32:12,23
E517014,T105868,SETTLED,2026-09-08 07:37:02,2026-09-08 07:37:43,889
E519787,T106806,AUTHORIZED,2026-09-09 21:41:27,2026-09-09 21:41:40,338
E516871,T105817,SETTLED,2026-09-08 21:28:06,2026-09-08 21:28:40,789
E518249,T106290,SETTLED,2026-09-08 11:04:22,2026-09-08 11:04:45,258
E519041,T106558,CREATED,2026-09-09 18:30:28,2026-09-09 18:30:46,144
E517037,T105876,CREATED,2026-09-08 22:18:09,2026-09-08 22:18:22,336
E516250,T105604,CREATED,2026-09-08 17:43:06,2026-09-08 17:43:21,393
E518072,T106231,SETTLED,2026-09-08 22:51:05,2026-09-08 22:51:23,528
E519676,T106769,SETTLED,2026-09-09 22:42:32,2026-09-09 22:42:57,158
E519220,T106618,CREATED,2026-09-09 11:26:32,2026-09-09 11:26:50,170
E518386,T106338,CREATED,2026-09-09 16:38:33,2026-09-09 16:38:43,165
E517911,T106176,SETTLED,2026-09-08 15:56:39,2026-09-08 15:56:52,32
E520368,T107009,SETTLED,2026-09-09 07:36:18,2026-09-09 07:36:46,487
E518095,T106238,SETTLED,2026-09-09 00:51:10,2026-09-09 00:51:46,217
E517539,T106048,AUTHORIZED,2026-09-08 16:59:12,2026-09-08 16:59:25,319
E518000,T106208,CREATED,2026-09-08 20:05:32,2026-09-08 20:05:39,346
E515957,T105504,SETTLED,2026-09-08 17:13:35,2026-09-08 17:14:11,356
E518302,T106308,SETTLED,2026-09-09 21:09:04,2026-09-09 21:09:08,486
E518045,T106222,SETTLED,2026-09-09 01:00:29,2026-09-09 01:00:51,170
E516313,T105626,CREATED,2026-09-08 16:51:48,2026-09-08 16:52:00,186
E520348,T107002,SETTLED,2026-09-09 07:30:26,2026-09-09 07:30:31,464
E519134,T106590,CREATED,2026-09-09 15:01:26,2026-09-09 15:01:41,269
E519002,T106545,CREATED,2026-09-09 16:03:25,2026-09-09 16:03:38,228
E520493,T107053,AUTHORIZED,2026-09-09 13:03:00,2026-09-09 13:03:02,245
E519852,T106830,CREATED,2026-09-09 15:20:12,2026-09-09 15:20:31,312
E516368,T105645,CREATED,2026-09-08 06:33:35,2026-09-08 06:33:52,318
E517346,T105983,SETTLED,2026-09-08 20:16:39,2026-09-08 20:17:04,762
E520313,T106990,AUTHORIZED,2026-09-09 18:17:31,2026-09-09 18:17:53,264
E516648,T105743,CREATED,2026-09-08 11:35:10,2026-09-08 11:35:19,129
E518636,T106424,SETTLED,2026-09-09 23:02:17,2026-09-09 23:03:02,69
E517152,T105915,SETTLED,2026-09-08 07:00:48,2026-09-08 07:00:57,428
E520198,T106950,CREATED,2026-09-09 12:20:15,2026-09-09 12:20:21,88
E520408,T107024,AUTHORIZED,2026-09-09 16:27:36,2026-09-09 16:27:45,415
E520462,T107042,SETTLED,2026-09-09 21:58:57,2026-09-09 21:59:21,81
E519396,T106677,SETTLED,2026-09-09 14:23:39,2026-09-09 14:24:01,648
E520138,T106928,AUTHORIZED,2026-09-09 17:43:26,2026-09-09 17:43:38,391
E518211,T106277,AUTHORIZED,2026-09-08 15:40:43,2026-09-08 15:40:51,140
E519735,T106789,SETTLED,2026-09-09 16:53:32,2026-09-09 16:54:17,574
E517535,T106046,SETTLED,2026-09-08 06:30:44,2026-09-08 06:31:13,126
E517303,T105969,AUTHORIZED,2026-09-08 17:30:09,2026-09-08 17:30:10,342
E519897,T106845,SETTLED,2026-09-09 11:54:40,2026-09-09 11:54:43,862
E516346,T105637,AUTHORIZED,2026-09-08 13:34:11,2026-09-08 13:34:39,443
E516552,T105708,SETTLED,2026-09-08 17:07:33,2026-09-08 18:13:33,196
E516345,T105637,CREATED,2026-09-08 13:33:50,2026-09-08 13:33:59,63
E519915,T106851,AUTHORIZED,2026-09-09 19:11:58,2026-09-09 19:12:10,248
E518035,T106219,AUTHORIZED,2026-09-08 14:58:25,2026-09-08 14:58:50,124
E519832,T106823,CREATED,2026-09-09 13:32:59,2026-09-09 13:33:04,235
E519022,T106552,CREATED,2026-09-09 10:37:15,2026-09-09 10:37:22,162
E518100,T106240,CREATED,2026-09-08 10:51:48,2026-09-08 10:52:07,137
E517677,T106095,AUTHORIZED,2026-09-08 08:47:25,2026-09-08 08:47:32,388
E517167,T105921,AUTHORIZED,2026-09-08 19:27:07,2026-09-08 19:27:19,150
E519143,T106593,AUTHORIZED,2026-09-09 21:11:43,2026-09-09 21:12:05,338
E517776,T106130,AUTHORIZED,2026-09-08 10:25:47,2026-09-08 10:25:48,84
E517868,T106162,SETTLED,2026-09-08 23:00:13,2026-09-08 23:00:51,608
E518369,T106332,CREATED,2026-09-09 08:45:50,2026-09-09 08:46:06,272
E517181,T105926,CREATED,2026-09-08 14:27:54,2026-09-08 14:27:58,166
E516741,T105774,CREATED,2026-09-08 20:04:55,2026-09-08 20:05:10,213
E516235,T105599,AUTHORIZED,2026-09-08 14:17:04,2026-09-08 14:17:31,69
E519367,T106667,SETTLED,2026-09-09 10:34:19,2026-09-09 10:34:27,685
E517410,T106005,AUTHORIZED,2026-09-08 21:50:39,2026-09-08 21:50:51,57
E517189,T105929,CREATED,2026-09-08 09:05:25,2026-09-08 09:05:32,251
E516506,T105692,AUTHORIZED,2026-09-08 20:30:47,2026-09-08 20:30:52,276
E518949,T106527,SETTLED,2026-09-09 23:12:49,2026-09-09 23:13:12,488
E518918,T106516,SETTLED,2026-09-09 20:06:10,2026-09-09 20:06:31,39
E516849,T105810,CREATED,2026-09-08 22:40:08,2026-09-08 22:40:16,146
E519057,T106563,AUTHORIZED,2026-09-09 13:59:55,2026-09-09 14:00:04,394
E518972,T106535,CREATED,2026-09-09 13:06:36,2026-09-09 13:06:51,149
E516501,T105690,SETTLED,2026-09-08 14:59:19,2026-09-08 14:59:23,700
E516811,T105797,SETTLED,2026-09-08 16:33:23,2026-09-08 16:33:58,168
E517462,T106022,AUTHORIZED,2026-09-08 13:39:40,2026-09-08 13:40:09,61
E519210,T106615,CREATED,2026-09-09 13:13:24,2026-09-09 13:13:35,249
E517956,T106192,SETTLED,2026-09-08 07:25:11,2026-09-08 07:25:48,46
E518038,T106220,AUTHORIZED,2026-09-08 17:43:16,2026-09-08 17:43:38,339
E520223,T106958,AUTHORIZED,2026-09-09 17:59:18,2026-09-09 17:59:20,66
E516808,T105796,AUTHORIZED,2026-09-08 21:37:51,2026-09-08 21:38:09,180
E519315,T106649,SETTLED,2026-09-09 10:33:22,2026-09-09 10:33:35,798
E518805,T106479,SETTLED,2026-09-09 07:51:31,2026-09-09 07:51:53,436
E516653,T105744,SETTLED,2026-09-08 22:24:24,2026-09-08 22:24:25,868
E518128,T106249,AUTHORIZED,2026-09-08 22:57:44,2026-09-08 22:58:11,38
E518907,T106513,CREATED,2026-09-09 12:56:17,2026-09-09 12:56:19,394
E520034,T106892,SETTLED,2026-09-09 10:50:19,2026-09-09 11:51:19,811
E518982,T106538,AUTHORIZED,2026-09-09 12:47:11,2026-09-09 12:47:35,97
E517125,T105905,SETTLED,2026-09-08 11:33:26,2026-09-08 11:33:34,338
E518943,T106525,AUTHORIZED,2026-09-09 17:57:06,2026-09-09 17:57:22,162
E520151,T106933,AUTHORIZED,2026-09-09 15:53:26,2026-09-09 15:53:49,324
E519741,T106791,SETTLED,2026-09-09 06:29:10,2026-09-09 06:29:38,196
E519292,T106642,AUTHORIZED,2026-09-09 07:49:44,2026-09-09 07:50:02,387
E519178,T106604,SETTLED,2026-09-09 19:19:29,2026-09-09 19:19:59,508
E517887,T106168,SETTLED,2026-09-08 08:43:57,2026-09-08 08:44:05,687
E517987,T106204,CREATED,2026-09-08 21:46:59,2026-09-08 21:47:15,35
E517168,T105921,SETTLED,2026-09-09 00:33:07,2026-09-09 00:33:25,838
E518273,T106299,AUTHORIZED,2026-09-09 13:53:28,2026-09-09 13:53:42,381
E519995,T106878,SETTLED,2026-09-09 17:23:47,2026-09-09 17:23:59,835
E520383,T107015,AUTHORIZED,2026-09-09 16:56:43,2026-09-09 16:56:49,122
E519151,T106595,SETTLED,2026-09-09 14:58:24,2026-09-09 14:59:01,322
E520088,T106910,SETTLED,2026-09-09 07:07:16,2026-09-09 07:08:01,856
E520366,T107009,CREATED,2026-09-09 07:19:40,2026-09-09 07:19:56,277
E519944,T106861,CREATED,2026-09-09 21:01:44,2026-09-09 21:02:00,161
E517553,T106053,AUTHORIZED,2026-09-08 14:39:03,2026-09-08 14:39:12,140
E518945,T106526,AUTHORIZED,2026-09-09 22:52:32,2026-09-09 22:52:39,152
E516575,T105717,AUTHORIZED,2026-09-08 13:10:13,2026-09-08 13:10:17,152
E518505,T106378,CREATED,2026-09-09 22:22:45,2026-09-09 22:22:46,323
E518823,T106485,AUTHORIZED,2026-09-09 22:43:02,2026-09-09 22:43:07,206
E516913,T105833,AUTHORIZED,2026-09-08 17:14:27,2026-09-08 17:14:51,377
E516230,T105597,SETTLED,2026-09-08 22:27:14,2026-09-08 22:27:19,178
E518275,T106300,CREATED,2026-09-09 09:11:52,2026-09-09 09:12:01,132
E520327,T106996,CREATED,2026-09-09 22:31:32,2026-09-09 22:31:36,116
E518641,T106426,AUTHORIZED,2026-09-09 08:10:46,2026-09-09 08:10:54,312
E516928,T105838,SETTLED,2026-09-08 15:18:08,2026-09-08 15:18:11,132
E519864,T106834,SETTLED,2026-09-09 22:48:44,2026-09-09 22:49:10,739
E519329,T106654,SETTLED,2026-09-09 20:26:14,2026-09-09 20:26:36,797
E517768,T106127,SETTLED,2026-09-08 19:58:54,2026-09-08 19:58:56,713
E516450,T105673,CREATED,2026-09-08 12:32:12,2026-09-08 12:32:21,182
E520060,T106901,SETTLED,2026-09-09 19:07:07,2026-09-09 19:07:47,270
E519716,T106783,CREATED,2026-09-09 17:23:28,2026-09-09 17:23:41,381
E516372,T105646,AUTHORIZED,2026-09-08 06:17:12,2026-09-08 06:17:30,470
E516611,T105730,CREATED,2026-09-08 16:25:50,2026-09-08 16:26:10,327
E520104,T106916,CREATED,2026-09-09 08:16:18,2026-09-09 08:16:22,143
E519346,T106660,AUTHORIZED,2026-09-09 08:54:45,2026-09-09 08:54:57,463
E517212,T105937,CREATED,2026-09-08 08:09:08,2026-09-08 08:09:26,225
E518164,T106262,CREATED,2026-09-08 12:09:30,2026-09-08 12:09:38,74
E518238,T106286,SETTLED,2026-09-08 08:55:35,2026-09-08 08:55:48,798
E520355,T107005,CREATED,2026-09-09 06:09:06,2026-09-09 06:09:25,180
E519684,T106772,CREATED,2026-09-09 14:44:50,2026-09-09 14:45:08,125
E516548,T105707,CREATED,2026-09-08 14:35:26,2026-09-08 14:35:37,133
E517880,T106166,AUTHORIZED,2026-09-08 11:35:35,2026-09-08 11:35:42,375
E518580,T106405,SETTLED,2026-09-09 16:36:27,2026-09-09 16:36:40,832
E519111,T106581,SETTLED,2026-09-09 15:21:47,2026-09-09 15:22:08,721
E520237,T106963,AUTHORIZED,2026-09-09 19:49:12,2026-09-09 19:49:35,338
E518923,T106518,AUTHORIZED,2026-09-09 20:23:41,2026-09-09 20:23:45,175
E520538,T107069,AUTHORIZED,2026-09-09 09:44:44,2026-09-09 09:45:05,250
E519338,T106657,SETTLED,2026-09-09 12:42:42,2026-09-09 12:42:53,506
E519169,T106601,SETTLED,2026-09-09 19:23:49,2026-09-09 19:24:13,724
E518836,T106489,AUTHORIZED,2026-09-09 06:48:00,2026-09-09 06:48:30,413
E518757,T106464,AUTHORIZED,2026-09-09 06:56:04,2026-09-09 06:56:22,339
E520565,T107079,FAILED,2026-09-09 18:44:05,2026-09-09 18:44:34,145
E519016,T106549,SETTLED,2026-09-09 17:45:45,2026-09-09 17:46:00,73
E517428,T106010,SETTLED,2026-09-08 08:50:22,2026-09-08 08:50:48,450
E519983,T106874,SETTLED,2026-09-10 02:43:58,2026-09-10 02:44:29,441
E517062,T105883,AUTHORIZED,2026-09-08 21:58:35,2026-09-08 21:58:42,458
E517188,T105928,SETTLED,2026-09-08 12:30:20,2026-09-08 12:30:32,369
E517403,T106002,SETTLED,2026-09-08 19:38:37,2026-09-08 19:39:21,534
E519798,T106810,AUTHORIZED,2026-09-09 11:29:36,2026-09-09 11:30:02,305
E519209,T106614,SETTLED,2026-09-09 10:21:36,2026-09-09 10:21:40,361
E516116,T105558,AUTHORIZED,2026-09-08 14:53:35,2026-09-08 14:53:36,45
E520175,T106941,AUTHORIZED,2026-09-09 18:47:58,2026-09-09 18:48:28,172
E517610,T106072,CREATED,2026-09-08 09:19:47,2026-09-08 09:19:54,238
E519281,T106639,CREATED,2026-09-09 14:12:06,2026-09-09 14:12:18,218
E518744,T106460,CREATED,2026-09-09 07:26:43,2026-09-09 07:26:52,296
E516090,T105549,CREATED,2026-09-08 20:41:10,2026-09-08 20:41:24,192
E518299,T106307,SETTLED,2026-09-09 19:23:53,2026-09-09 19:24:17,741
E518205,T106275,AUTHORIZED,2026-09-08 13:09:34,2026-09-08 13:09:44,141
E519655,T106762,SETTLED,2026-09-09 12:22:13,2026-09-09 12:22:40,703
E519970,T106869,SETTLED,2026-09-10 02:45:11,2026-09-10 02:45:24,39
E516710,T105763,SETTLED,2026-09-08 20:58:33,2026-09-08 20:59:07,222
E517531,T106045,AUTHORIZED,2026-09-08 09:00:12,2026-09-08 09:00:42,69
E518936,T106522,SETTLED,2026-09-09 08:25:08,2026-09-09 08:25:31,437
E518017,T106213,SETTLED,2026-09-08 06:37:25,2026-09-08 06:37:35,184
E519314,T106649,AUTHORIZED,2026-09-09 10:12:22,2026-09-09 10:12:28,412
E518221,T106281,CREATED,2026-09-08 17:09:44,2026-09-08 17:09:53,295
E517393,T105999,AUTHORIZED,2026-09-08 17:37:08,2026-09-08 17:37:16,30
E518508,T106379,FAILED,2026-09-09 19:35:09,2026-09-09 19:35:26,66
E517523,T106043,CREATED,2026-09-08 21:49:56,2026-09-08 21:49:57,395
E519760,T106798,CREATED,2026-09-09 22:16:07,2026-09-09 22:16:24,251
E517006,T105866,AUTHORIZED,2026-09-08 21:22:12,2026-09-08 21:22:39,366
E517863,T106161,CREATED,2026-09-08 06:57:41,2026-09-08 06:57:56,334
E517319,T105974,AUTHORIZED,2026-09-08 21:36:22,2026-09-08 21:36:45,338
E516646,T105742,AUTHORIZED,2026-09-08 18:09:36,2026-09-08 18:09:57,71
E517377,T105994,CREATED,2026-09-08 06:50:07,2026-09-08 06:50:18,366
E517563,T106056,SETTLED,2026-09-08 07:01:10,2026-09-08 07:01:30,772
E518349,T106325,CREATED,2026-09-09 15:41:58,2026-09-09 15:42:06,54
E517901,T106173,AUTHORIZED,2026-09-08 11:15:52,2026-09-08 11:16:17,167
E518499,T106376,CREATED,2026-09-09 14:50:14,2026-09-09 14:50:22,303
E519280,T106638,SETTLED,2026-09-09 17:42:06,2026-09-09 17:42:28,329
E516253,T105605,AUTHORIZED,2026-09-08 09:48:08,2026-09-08 09:48:35,499
E516472,T105681,AUTHORIZED,2026-09-08 09:09:27,2026-09-08 09:09:32,176
E520394,T107019,SETTLED,2026-09-09 16:33:18,2026-09-09 16:33:53,204
E516246,T105603,CREATED,2026-09-08 21:43:55,2026-09-08 21:43:57,211
E519405,T106680,AUTHORIZED,2026-09-09 16:08:50,2026-09-09 16:09:09,472
E516107,T105555,AUTHORIZED,2026-09-08 07:03:47,2026-09-08 07:03:58,255
E519706,T106779,SETTLED,2026-09-09 09:28:31,2026-09-09 09:29:05,697
E520019,T106886,SETTLED,2026-09-09 06:59:44,2026-09-09 06:59:51,790
E517368,T105991,CREATED,2026-09-08 06:36:23,2026-09-08 06:36:27,79
E519147,T106594,AUTHORIZED,2026-09-09 17:50:07,2026-09-09 17:50:33,31
E519902,T106847,CREATED,2026-09-09 15:26:42,2026-09-09 15:26:47,219
E518413,T106346,SETTLED,2026-09-09 11:04:04,2026-09-09 11:04:19,702
E520562,T107078,CREATED,2026-09-09 17:00:10,2026-09-09 17:00:14,138
E516763,T105781,CREATED,2026-09-08 18:34:13,2026-09-08 18:34:31,173
E520008,T106883,CREATED,2026-09-09 14:04:23,2026-09-09 14:04:31,159
E516816,T105799,AUTHORIZED,2026-09-08 09:22:53,2026-09-08 09:22:56,420
E516886,T105823,CREATED,2026-09-08 22:13:33,2026-09-08 22:13:46,350
E519120,T106585,AUTHORIZED,2026-09-09 21:49:38,2026-09-09 21:49:51,110
E518414,T106347,CREATED,2026-09-09 21:56:16,2026-09-09 21:56:33,51
E519439,T106691,SETTLED,2026-09-09 22:32:16,2026-09-09 22:32:26,488
E518226,T106282,SETTLED,2026-09-08 09:53:01,2026-09-08 09:53:10,825
E517150,T105915,CREATED,2026-09-08 06:40:14,2026-09-08 06:40:24,363
E516334,T105633,AUTHORIZED,2026-09-08 06:17:11,2026-09-08 06:17:18,135
E518504,T106377,SETTLED,2026-09-09 20:45:11,2026-09-09 20:45:23,859
E519496,T106710,AUTHORIZED,2026-09-09 17:59:03,2026-09-09 17:59:29,405
E520011,T106884,CREATED,2026-09-09 22:41:56,2026-09-09 22:42:00,37
E516753,T105777,SETTLED,2026-09-08 12:32:24,2026-09-08 12:32:26,619
E519274,T106636,SETTLED,2026-09-09 11:51:40,2026-09-09 11:52:23,619
E517808,T106141,SETTLED,2026-09-08 20:53:47,2026-09-08 20:54:13,132
E519135,T106590,AUTHORIZED,2026-09-09 15:01:45,2026-09-09 15:01:56,433
E517962,T106195,AUTHORIZED,2026-09-08 13:31:34,2026-09-08 13:31:53,338
E518843,T106491,SETTLED,2026-09-09 16:18:44,2026-09-09 16:19:08,828
E517397,T106000,SETTLED,2026-09-08 07:50:12,2026-09-08 07:50:53,326
E517126,T105906,CREATED,2026-09-08 11:57:06,2026-09-08 11:57:12,237
E517770,T106128,AUTHORIZED,2026-09-08 22:06:44,2026-09-08 22:07:01,371
E517151,T105915,AUTHORIZED,2026-09-08 06:40:48,2026-09-08 06:41:08,69
E517503,T106036,FAILED,2026-09-08 09:18:16,2026-09-08 09:18:32,357
E518830,T106487,SETTLED,2026-09-09 14:12:24,2026-09-09 14:12:53,483
E518765,T106467,CREATED,2026-09-09 18:55:27,2026-09-09 18:55:33,185
E515967,T105508,CREATED,2026-09-08 20:49:32,2026-09-08 20:49:51,380
E518895,T106509,AUTHORIZED,2026-09-09 18:02:06,2026-09-09 18:02:27,280
E518773,T106469,SETTLED,2026-09-09 15:46:02,2026-09-09 15:46:09,487
E519740,T106791,AUTHORIZED,2026-09-09 06:17:10,2026-09-09 06:17:35,201
E516083,T105546,SETTLED,2026-09-08 20:59:26,2026-09-08 20:59:30,280
E518542,T106392,AUTHORIZED,2026-09-09 21:42:23,2026-09-09 21:42:46,305
E516737,T105772,SETTLED,2026-09-08 12:19:05,2026-09-08 12:19:33,694
E516299,T105621,CREATED,2026-09-08 11:18:10,2026-09-08 11:18:17,230
E518864,T106499,CREATED,2026-09-09 06:57:29,2026-09-09 06:57:44,296
E519976,T106872,CREATED,2026-09-09 20:44:12,2026-09-09 20:44:18,212
E517180,T105925,SETTLED,2026-09-08 13:01:08,2026-09-08 13:01:46,522
E516767,T105782,AUTHORIZED,2026-09-08 14:06:58,2026-09-08 14:07:00,145
E516430,T105666,AUTHORIZED,2026-09-08 09:26:03,2026-09-08 09:26:05,316
E517432,T106012,AUTHORIZED,2026-09-08 06:40:04,2026-09-08 06:40:14,143
E519427,T106688,CREATED,2026-09-09 16:01:46,2026-09-09 16:01:59,364
E516761,T105780,AUTHORIZED,2026-09-08 17:11:08,2026-09-08 17:11:31,34
E517963,T106195,SETTLED,2026-09-08 13:36:34,2026-09-08 13:37:03,227
E519622,T106752,CREATED,2026-09-09 15:58:47,2026-09-09 15:59:01,144
E516833,T105805,CREATED,2026-09-08 08:48:38,2026-09-08 08:48:50,99
E518131,T106250,AUTHORIZED,2026-09-08 17:00:07,2026-09-08 17:00:26,463
E519015,T106549,AUTHORIZED,2026-09-09 17:40:45,2026-09-09 17:41:13,168
E519616,T106749,AUTHORIZED,2026-09-09 08:58:26,2026-09-09 08:58:50,499
E517520,T106042,AUTHORIZED,2026-09-08 14:59:37,2026-09-08 14:59:41,121
E519906,T106848,AUTHORIZED,2026-09-09 16:49:45,2026-09-09 16:49:53,453
E517782,T106132,SETTLED,2026-09-08 10:37:55,2026-09-08 10:43:55,208
E519668,T106767,AUTHORIZED,2026-09-09 21:15:30,2026-09-09 21:15:50,263
E516610,T105729,SETTLED,2026-09-08 06:40:41,2026-09-08 06:41:01,892
E517536,T106047,CREATED,2026-09-08 10:14:26,2026-09-08 10:14:29,95
E517779,T106131,AUTHORIZED,2026-09-08 21:11:21,2026-09-08 21:11:26,400
E517680,T106096,SETTLED,2026-09-08 20:08:22,2026-09-08 20:09:00,495
E517082,T105890,SETTLED,2026-09-08 17:32:10,2026-09-08 17:32:47,705
E519326,T106653,AUTHORIZED,2026-09-09 07:40:09,2026-09-09 07:40:34,324
E519882,T106840,SETTLED,2026-09-09 19:02:45,2026-09-09 19:03:14,745
E516060,T105539,CREATED,2026-09-08 07:32:36,2026-09-08 07:32:44,395
E516836,T105806,CREATED,2026-09-08 14:30:21,2026-09-08 14:30:24,321
E517995,T106206,AUTHORIZED,2026-09-08 08:56:10,2026-09-08 08:56:15,372
E518707,T106447,SETTLED,2026-09-09 20:12:04,2026-09-09 21:29:04,683
E520548,T107073,AUTHORIZED,2026-09-09 12:07:42,2026-09-09 12:08:00,389
E518544,T106393,CREATED,2026-09-09 06:58:31,2026-09-09 06:58:47,271
E517799,T106138,SETTLED,2026-09-08 18:18:34,2026-09-08 18:18:39,701
E517654,T106087,AUTHORIZED,2026-09-08 17:40:31,2026-09-08 17:40:46,386
E519201,T106612,CREATED,2026-09-09 09:49:58,2026-09-09 09:50:04,21
E518607,T106414,SETTLED,2026-09-09 06:54:16,2026-09-09 06:54:31,410
E519543,T106726,AUTHORIZED,2026-09-09 06:10:44,2026-09-09 06:10:58,113
E516803,T105794,SETTLED,2026-09-08 09:15:18,2026-09-08 09:15:35,444
E517888,T106169,CREATED,2026-09-08 15:22:00,2026-09-08 15:22:18,333
E518849,T106493,SETTLED,2026-09-09 07:50:32,2026-09-09 07:50:58,31
E516904,T105830,AUTHORIZED,2026-09-08 09:05:57,2026-09-08 09:06:08,76
E520255,T106970,CREATED,2026-09-09 06:35:40,2026-09-09 06:35:59,316
E518048,T106223,SETTLED,2026-09-08 19:07:28,2026-09-08 19:08:04,401
E518311,T106311,AUTHORIZED,2026-09-09 08:49:35,2026-09-09 08:49:49,171
E517024,T105872,CREATED,2026-09-08 20:04:22,2026-09-08 20:04:33,191
E517038,T105876,AUTHORIZED,2026-09-08 22:18:26,2026-09-08 22:18:37,294
E516400,T105655,SETTLED,2026-09-08 14:22:06,2026-09-08 14:22:13,713
E516444,T105671,CREATED,2026-09-08 18:59:46,2026-09-08 18:59:59,117
E519508,T106714,CREATED,2026-09-09 18:34:13,2026-09-09 18:34:23,253
E516163,T105574,SETTLED,2026-09-08 07:42:19,2026-09-08 08:03:19,371
E520272,T106976,SETTLED,2026-09-09 18:58:10,2026-09-09 19:35:10,475
E518659,T106432,AUTHORIZED,2026-09-09 22:32:45,2026-09-09 22:32:55,417
E518883,T106505,AUTHORIZED,2026-09-09 19:12:17,2026-09-09 19:12:21,447
E517362,T105989,CREATED,2026-09-08 20:22:38,2026-09-08 20:22:56,297
E518350,T106325,AUTHORIZED,2026-09-09 15:42:21,2026-09-09 15:42:41,379
E517287,T105963,AUTHORIZED,2026-09-08 12:01:28,2026-09-08 12:01:54,83
E518689,T106441,SETTLED,2026-09-09 16:35:04,2026-09-09 16:35:17,726
E517555,T106054,CREATED,2026-09-08 19:03:04,2026-09-08 19:03:07,186
E516309,T105624,FAILED,2026-09-08 09:43:03,2026-09-08 09:43:24,225
E516054,T105537,CREATED,2026-09-08 07:05:52,2026-09-08 07:05:53,206
E516015,T105524,CREATED,2026-09-08 20:42:40,2026-09-08 20:42:57,50
E516120,T105560,CREATED,2026-09-08 19:55:13,2026-09-08 19:55:32,34
E517862,T106160,SETTLED,2026-09-08 06:59:50,2026-09-08 07:00:11,121
E516273,T105612,AUTHORIZED,2026-09-08 18:51:11,2026-09-08 18:51:38,499
E520286,T106981,AUTHORIZED,2026-09-09 15:57:00,2026-09-09 15:57:24,104
E517526,T106043,SETTLED,2026-09-08 22:09:15,2026-09-08 22:09:44,288
E517833,T106150,AUTHORIZED,2026-09-08 18:20:00,2026-09-08 18:20:21,322
E520158,T106935,SETTLED,2026-09-09 10:12:43,2026-09-09 10:13:13,221
E520471,T107045,SETTLED,2026-09-09 11:55:58,2026-09-09 12:05:58,787
E518029,T106217,SETTLED,2026-09-08 20:10:56,2026-09-08 20:11:23,131
E516791,T105790,SETTLED,2026-09-08 11:20:33,2026-09-08 11:20:55,408
E520108,T106917,FAILED,2026-09-09 11:43:11,2026-09-09 11:43:24,123
E515970,T105509,CREATED,2026-09-08 16:47:05,2026-09-08 16:47:20,250
E519512,T106715,AUTHORIZED,2026-09-09 19:59:13,2026-09-09 19:59:25,397
E518244,T106288,SETTLED,2026-09-08 09:05:55,2026-09-08 09:06:35,143
E520172,T106940,AUTHORIZED,2026-09-09 15:32:25,2026-09-09 15:32:36,393
E519996,T106879,CREATED,2026-09-09 19:04:03,2026-09-09 19:04:09,84
E518929,T106520,AUTHORIZED,2026-09-09 22:09:59,2026-09-09 22:10:15,142
E520378,T107013,SETTLED,2026-09-09 10:15:51,2026-09-09 10:16:20,252
E517997,T106207,CREATED,2026-09-08 13:44:04,2026-09-08 13:44:06,250
E520322,T106993,SETTLED,2026-09-09 16:26:06,2026-09-09 16:26:21,765
E519583,T106739,AUTHORIZED,2026-09-09 22:06:09,2026-09-09 22:06:13,452
E519466,T106700,SETTLED,2026-09-09 06:36:26,2026-09-09 06:36:51,847
E520329,T106996,SETTLED,2026-09-09 22:55:38,2026-09-09 22:56:23,90
E519289,T106641,SETTLED,2026-09-09 22:03:14,2026-09-09 22:03:18,242
E519360,T106664,SETTLED,2026-09-09 16:49:25,2026-09-09 17:47:25,470
E520125,T106924,CREATED,2026-09-09 20:52:49,2026-09-09 20:53:04,399
E520533,T107067,AUTHORIZED,2026-09-09 16:58:21,2026-09-09 16:58:32,34
E517505,T106037,AUTHORIZED,2026-09-08 22:23:05,2026-09-08 22:23:28,194
E518132,T106250,SETTLED,2026-09-08 17:17:07,2026-09-08 17:17:29,373
E516339,T105635,CREATED,2026-09-08 06:14:54,2026-09-08 06:15:07,112
E518171,T106264,AUTHORIZED,2026-09-08 09:49:38,2026-09-08 09:49:49,171
E520267,T106975,CREATED,2026-09-09 08:59:25,2026-09-09 08:59:26,270
E516843,T105808,CREATED,2026-09-08 22:38:00,2026-09-08 22:38:14,56
E519670,T106768,CREATED,2026-09-09 18:50:32,2026-09-09 18:50:33,35
E516225,T105596,CREATED,2026-09-08 10:54:51,2026-09-08 10:55:10,359
E518042,T106221,SETTLED,2026-09-08 18:41:33,2026-09-08 18:41:43,203
E517743,T106118,AUTHORIZED,2026-09-08 19:00:35,2026-09-08 19:00:54,343
E516459,T105676,AUTHORIZED,2026-09-08 19:09:07,2026-09-08 19:09:37,360
E519173,T106603,CREATED,2026-09-09 12:12:05,2026-09-09 12:12:18,303
E518880,T106504,AUTHORIZED,2026-09-09 13:16:49,2026-09-09 13:16:52,79
E518261,T106295,CREATED,2026-09-09 17:11:24,2026-09-09 17:11:27,136
E519614,T106748,SETTLED,2026-09-09 19:34:57,2026-09-09 19:35:20,717
E516779,T105786,AUTHORIZED,2026-09-08 13:11:16,2026-09-08 13:11:17,392
E516023,T105526,SETTLED,2026-09-08 14:02:42,2026-09-08 14:02:45,148
E517197,T105932,CREATED,2026-09-08 17:33:36,2026-09-08 17:33:41,85
E518727,T106453,SETTLED,2026-09-09 21:56:15,2026-09-09 21:56:39,843
E517392,T105999,CREATED,2026-09-08 17:36:55,2026-09-08 17:37:11,345
E517247,T105949,AUTHORIZED,2026-09-08 13:39:49,2026-09-08 13:40:17,170
E516705,T105762,CREATED,2026-09-08 10:48:01,2026-09-08 10:48:11,179
E516818,T105800,CREATED,2026-09-08 15:54:09,2026-09-08 15:54:21,380
E516870,T105817,AUTHORIZED,2026-09-08 18:46:06,2026-09-08 18:46:26,458
E517849,T106156,CREATED,2026-09-08 06:10:58,2026-09-08 06:11:15,265
E515971,T105509,FAILED,2026-09-08 16:47:45,2026-09-08 16:47:58,40
E517821,T106146,AUTHORIZED,2026-09-08 16:37:50,2026-09-08 16:37:53,128
E516094,T105550,FAILED,2026-09-08 17:33:58,2026-09-08 17:33:59,393
E516332,T105632,FAILED,2026-09-08 18:31:24,2026-09-08 18:31:37,199
E517704,T106105,CREATED,2026-09-08 12:31:30,2026-09-08 12:31:35,399
E518592,T106409,SETTLED,2026-09-09 12:19:52,2026-09-09 12:20:36,90
E517827,T106148,AUTHORIZED,2026-09-08 09:57:13,2026-09-08 09:57:39,30
E518268,T106297,AUTHORIZED,2026-09-09 13:23:30,2026-09-09 13:23:46,482
E518861,T106498,CREATED,2026-09-09 15:27:05,2026-09-09 15:27:19,136
E520219,T106956,SETTLED,2026-09-09 08:24:35,2026-09-09 08:25:19,782
E516564,T105713,AUTHORIZED,2026-09-08 07:05:48,2026-09-08 07:06:17,129
E517961,T106195,CREATED,2026-09-08 13:31:16,2026-09-08 13:31:30,313
E519848,T106828,SETTLED,2026-09-09 19:08:09,2026-09-09 19:08:10,841
E517709,T106106,SETTLED,2026-09-08 11:42:08,2026-09-08 11:42:45,616
E516027,T105528,CREATED,2026-09-08 09:51:06,2026-09-08 09:51:11,268
E516796,T105792,AUTHORIZED,2026-09-08 20:31:45,2026-09-08 20:31:55,314
E516802,T105794,AUTHORIZED,2026-09-08 09:07:18,2026-09-08 09:07:47,36
E517281,T105961,AUTHORIZED,2026-09-08 11:46:03,2026-09-08 11:46:25,177
E518064,T106229,AUTHORIZED,2026-09-08 20:06:05,2026-09-08 20:06:10,395
E519074,T106569,AUTHORIZED,2026-09-09 20:27:06,2026-09-09 20:27:13,112
E518432,T106353,CREATED,2026-09-09 07:10:10,2026-09-09 07:10:26,377
E519394,T106677,CREATED,2026-09-09 14:09:26,2026-09-09 14:09:36,296
E517226,T105941,AUTHORIZED,2026-09-08 11:53:07,2026-09-08 11:53:20,361
E516708,T105763,CREATED,2026-09-08 20:35:58,2026-09-08 20:36:11,98
E519323,T106652,AUTHORIZED,2026-09-09 08:51:05,2026-09-09 08:51:15,280
E517137,T105910,AUTHORIZED,2026-09-08 18:28:56,2026-09-08 18:29:12,191
E520485,T107050,SETTLED,2026-09-10 00:58:17,2026-09-10 00:58:54,236
E517322,T105975,AUTHORIZED,2026-09-08 19:05:21,2026-09-08 19:05:49,252
E516176,T105579,CREATED,2026-09-08 15:36:13,2026-09-08 15:36:28,57
E516084,T105546,SETTLED,2026-09-08 21:04:26,2026-09-08 21:04:29,398
E520025,T106889,CREATED,2026-09-09 12:02:55,2026-09-09 12:03:10,123
E518692,T106442,SETTLED,2026-09-09 21:31:32,2026-09-09 21:31:36,150
E519560,T106732,CREATED,2026-09-09 15:29:55,2026-09-09 15:30:02,182
E518743,T106459,FAILED,2026-09-09 20:49:23,2026-09-09 20:49:35,203
E518411,T106346,AUTHORIZED,2026-09-09 10:48:04,2026-09-09 10:48:11,58
E519940,T106859,SETTLED,2026-09-09 06:53:26,2026-09-09 06:53:28,742
E518951,T106528,AUTHORIZED,2026-09-09 06:06:03,2026-09-09 06:06:07,156
E517980,T106201,SETTLED,2026-09-08 16:26:36,2026-09-08 16:26:38,642
E518046,T106223,CREATED,2026-09-08 18:44:18,2026-09-08 18:44:37,347
E517593,T106066,SETTLED,2026-09-08 07:57:46,2026-09-08 07:57:50,661
E518410,T106346,CREATED,2026-09-09 10:47:40,2026-09-09 10:47:49,297
E518487,T106372,CREATED,2026-09-09 06:47:40,2026-09-09 06:47:48,294
E520470,T107045,AUTHORIZED,2026-09-09 11:35:58,2026-09-09 11:36:20,22
E518634,T106424,CREATED,2026-09-09 21:18:03,2026-09-09 21:18:23,320
E516534,T105702,CREATED,2026-09-08 15:49:12,2026-09-08 15:49:15,79
E519450,T106695,FAILED,2026-09-09 14:25:53,2026-09-09 14:25:57,32
E519320,T106651,AUTHORIZED,2026-09-09 20:32:25,2026-09-09 20:32:51,493
E519462,T106699,AUTHORIZED,2026-09-09 13:12:07,2026-09-09 13:12:35,178
E518792,T106476,CREATED,2026-09-09 22:27:23,2026-09-09 22:27:38,241
E517316,T105973,AUTHORIZED,2026-09-08 11:28:54,2026-09-08 11:28:58,178
E518844,T106492,CREATED,2026-09-09 13:17:40,2026-09-09 13:17:54,22
E520037,T106893,AUTHORIZED,2026-09-09 14:52:48,2026-09-09 14:53:16,167
E516664,T105748,SETTLED,2026-09-08 13:04:44,2026-09-08 13:04:46,630
E516588,T105722,CREATED,2026-09-08 12:45:49,2026-09-08 12:45:53,345
E517433,T106012,SETTLED,2026-09-08 07:00:04,2026-09-08 07:00:46,449
E516353,T105639,SETTLED,2026-09-08 21:42:03,2026-09-08 21:42:27,597
E519194,T106609,SETTLED,2026-09-09 21:02:10,2026-09-09 21:02:14,162
E519661,T106765,CREATED,2026-09-09 06:45:54,2026-09-09 06:46:04,230
E519688,T106773,AUTHORIZED,2026-09-09 10:20:34,2026-09-09 10:21:00,83
E518824,T106485,SETTLED,2026-09-09 23:02:02,2026-09-09 23:02:03,692
E516878,T105820,AUTHORIZED,2026-09-08 20:12:47,2026-09-08 20:13:08,57
E516701,T105760,SETTLED,2026-09-08 15:30:02,2026-09-08 15:30:06,606
E516123,T105561,CREATED,2026-09-08 20:57:36,2026-09-08 20:57:39,77
E518295,T106306,AUTHORIZED,2026-09-09 15:35:31,2026-09-09 15:35:51,123
E517605,T106070,SETTLED,2026-09-08 15:27:44,2026-09-08 15:28:09,771
E520407,T107024,CREATED,2026-09-09 16:26:56,2026-09-09 16:27:07,287
E517015,T105869,CREATED,2026-09-08 09:23:39,2026-09-08 09:23:52,157
E516894,T105826,AUTHORIZED,2026-09-08 21:08:53,2026-09-08 21:09:07,22
E520518,T107062,CREATED,2026-09-09 08:54:20,2026-09-09 08:54:38,161
E517176,T105924,CREATED,2026-09-08 08:44:33,2026-09-08 08:44:45,202
E517457,T106020,SETTLED,2026-09-08 18:09:34,2026-09-08 18:09:46,49
E517456,T106020,AUTHORIZED,2026-09-08 17:50:34,2026-09-08 17:50:51,299
E519631,T106755,CREATED,2026-09-09 10:52:49,2026-09-09 10:52:58,153
E519145,T106593,SETTLED,2026-09-09 21:38:43,2026-09-09 21:39:22,801
E517611,T106072,AUTHORIZED,2026-09-08 09:20:14,2026-09-08 09:20:42,203
E519488,T106707,SETTLED,2026-09-09 06:38:15,2026-09-09 06:38:38,349
E516682,T105754,AUTHORIZED,2026-09-08 11:44:58,2026-09-08 11:45:19,118
E520503,T107056,SETTLED,2026-09-09 12:51:15,2026-09-09 12:51:43,521
E517419,T106008,AUTHORIZED,2026-09-08 19:26:20,2026-09-08 19:26:49,363
E517852,T106157,CREATED,2026-09-08 07:22:49,2026-09-08 07:23:05,181
E519837,T106824,SETTLED,2026-09-09 08:39:32,2026-09-09 08:40:04,461
E520043,T106895,SETTLED,2026-09-09 21:19:49,2026-09-09 21:19:57,521
E517413,T106006,AUTHORIZED,2026-09-08 10:17:04,2026-09-08 10:17:24,270
E517713,T106108,CREATED,2026-09-08 08:01:46,2026-09-08 08:01:53,232
E519428,T106688,AUTHORIZED,2026-09-09 16:01:52,2026-09-09 16:01:56,107
E517813,T106143,AUTHORIZED,2026-09-08 18:49:12,2026-09-08 18:49:22,41
E516460,T105676,SETTLED,2026-09-08 19:28:07,2026-09-08 19:28:28,549
E516188,T105583,CREATED,2026-09-08 21:19:24,2026-09-08 21:19:36,70
E519965,T106868,CREATED,2026-09-09 22:16:10,2026-09-09 22:16:12,152
E519861,T106833,SETTLED,2026-09-09 11:46:35,2026-09-09 11:46:37,541
E519651,T106761,SETTLED,2026-09-09 20:59:47,2026-09-09 20:59:55,191
E520064,T106903,CREATED,2026-09-09 09:16:21,2026-09-09 09:16:32,242
E516462,T105677,FAILED,2026-09-08 12:37:33,2026-09-08 12:37:51,162
E516911,T105832,SETTLED,2026-09-08 13:04:55,2026-09-08 13:05:32,440
E516199,T105586,SETTLED,2026-09-08 13:37:38,2026-09-08 13:37:49,576
E519386,T106674,AUTHORIZED,2026-09-09 14:38:27,2026-09-09 14:38:47,245
E520169,T106939,AUTHORIZED,2026-09-09 21:28:40,2026-09-09 21:28:42,453
E520501,T107056,CREATED,2026-09-09 12:29:01,2026-09-09 12:29:21,125
E519337,T106657,AUTHORIZED,2026-09-09 12:38:42,2026-09-09 12:39:03,257
E519352,T106662,SETTLED,2026-09-09 16:54:12,2026-09-09 16:54:38,756
E516256,T105606,AUTHORIZED,2026-09-08 19:28:54,2026-09-08 19:29:07,290
E518620,T106419,CREATED,2026-09-09 09:00:54,2026-09-09 09:01:02,108
E516352,T105639,AUTHORIZED,2026-09-08 21:29:03,2026-09-08 21:29:33,26
E520174,T106941,CREATED,2026-09-09 18:47:50,2026-09-09 18:47:53,229
E519047,T106560,CREATED,2026-09-09 08:48:42,2026-09-09 08:48:56,209
E517965,T106196,AUTHORIZED,2026-09-08 18:45:40,2026-09-08 18:45:50,496
E517717,T106109,FAILED,2026-09-08 14:08:20,2026-09-08 14:08:29,358
E517299,T105968,CREATED,2026-09-08 15:01:56,2026-09-08 15:02:06,186
E518271,T106298,SETTLED,2026-09-09 10:25:53,2026-09-09 10:26:19,364
E518654,T106430,SETTLED,2026-09-09 10:18:15,2026-09-09 10:18:53,230
E518442,T106356,AUTHORIZED,2026-09-09 19:05:39,2026-09-09 19:05:40,408
E516344,T105636,SETTLED,2026-09-08 08:35:00,2026-09-08 08:35:02,389
E519131,T106589,CREATED,2026-09-09 22:19:21,2026-09-09 22:19:34,245
E518791,T106475,SETTLED,2026-09-09 16:29:09,2026-09-09 16:29:18,347
E518889,T106507,AUTHORIZED,2026-09-09 08:48:00,2026-09-09 08:48:05,45
E518434,T106353,SETTLED,2026-09-09 07:13:20,2026-09-09 07:13:22,727
E516186,T105582,AUTHORIZED,2026-09-08 07:23:35,2026-09-08 07:24:04,240
E516770,T105783,AUTHORIZED,2026-09-08 11:40:38,2026-09-08 11:40:55,26
E518922,T106518,CREATED,2026-09-09 20:23:26,2026-09-09 20:23:33,328
E516830,T105804,AUTHORIZED,2026-09-08 22:31:27,2026-09-08 22:31:38,389
E518466,T106364,SETTLED,2026-09-09 22:40:26,2026-09-09 22:40:53,638
E517479,T106028,CREATED,2026-09-08 06:20:47,2026-09-08 06:20:57,40
E518108,T106242,SETTLED,2026-09-08 22:18:17,2026-09-08 22:19:02,706
E517387,T105997,AUTHORIZED,2026-09-08 17:50:19,2026-09-08 17:50:22,93
E519418,T106685,CREATED,2026-09-09 15:58:18,2026-09-09 15:58:26,241
E519176,T106604,CREATED,2026-09-09 18:52:00,2026-09-09 18:52:09,359
E518816,T106483,CREATED,2026-09-09 21:48:59,2026-09-09 21:49:11,127
E519130,T106588,SETTLED,2026-09-09 16:49:30,2026-09-09 16:49:52,810
E516733,T105771,AUTHORIZED,2026-09-08 11:10:47,2026-09-08 11:11:11,128
E518961,T106531,SETTLED,2026-09-09 22:19:13,2026-09-09 22:19:47,390
E516479,T105683,SETTLED,2026-09-08 09:08:38,2026-09-08 09:08:56,127
E518165,T106262,AUTHORIZED,2026-09-08 12:09:48,2026-09-08 12:10:08,149
E519404,T106680,CREATED,2026-09-09 16:08:28,2026-09-09 16:08:30,99
E517902,T106173,SETTLED,2026-09-08 11:18:52,2026-09-08 11:19:19,74
E519531,T106722,AUTHORIZED,2026-09-09 08:42:02,2026-09-09 08:42:29,338
E517573,T106059,SETTLED,2026-09-08 21:00:53,2026-09-08 21:01:25,858
E520013,T106884,SETTLED,2026-09-09 23:05:01,2026-09-09 23:05:43,170
E517556,T106054,AUTHORIZED,2026-09-08 19:03:33,2026-09-08 19:03:35,89
E518465,T106364,AUTHORIZED,2026-09-09 22:31:26,2026-09-09 22:31:28,80
E519152,T106596,CREATED,2026-09-09 06:43:59,2026-09-09 06:44:15,107
E517280,T105961,CREATED,2026-09-08 11:45:48,2026-09-08 11:46:07,340
E518239,T106287,CREATED,2026-09-08 10:48:51,2026-09-08 10:49:09,230
E519662,T106765,AUTHORIZED,2026-09-09 06:46:26,2026-09-09 06:46:37,444
E520243,T106966,CREATED,2026-09-09 07:35:26,2026-09-09 07:35:39,236
E519959,T106866,CREATED,2026-09-09 19:44:28,2026-09-09 19:44:34,57
E519243,T106625,SETTLED,2026-09-09 09:39:56,2026-09-09 09:40:18,777
E519453,T106696,SETTLED,2026-09-09 17:51:41,2026-09-09 17:52:23,311
E518558,T106398,CREATED,2026-09-09 19:09:29,2026-09-09 19:09:34,72
E516445,T105671,AUTHORIZED,2026-09-08 19:00:10,2026-09-08 19:00:14,245
E516666,T105749,AUTHORIZED,2026-09-08 22:19:42,2026-09-08 22:19:44,30
E517228,T105942,AUTHORIZED,2026-09-08 18:14:43,2026-09-08 18:14:44,357
E517914,T106177,SETTLED,2026-09-08 20:11:29,2026-09-08 20:12:06,404
E517141,T105911,AUTHORIZED,2026-09-08 07:08:05,2026-09-08 07:08:35,436
E518919,T106517,CREATED,2026-09-09 08:27:00,2026-09-09 08:27:08,154
E517728,T106113,SETTLED,2026-09-08 16:41:46,2026-09-08 16:42:18,258
E518084,T106235,AUTHORIZED,2026-09-08 06:22:17,2026-09-08 06:22:40,42
E518808,T106480,SETTLED,2026-09-09 21:53:12,2026-09-09 21:53:40,841
E516464,T105678,AUTHORIZED,2026-09-08 12:43:49,2026-09-08 12:44:13,479
E519599,T106744,AUTHORIZED,2026-09-09 12:35:35,2026-09-09 12:35:47,238
E517422,T106009,CREATED,2026-09-08 07:37:45,2026-09-08 07:38:02,143
E520421,T107029,CREATED,2026-09-09 10:19:59,2026-09-09 10:20:01,390
E516832,T105804,SETTLED,2026-09-08 22:53:27,2026-09-08 22:53:53,521
E520399,T107021,AUTHORIZED,2026-09-09 20:22:51,2026-09-09 20:22:59,317
E519528,T106721,AUTHORIZED,2026-09-09 10:05:16,2026-09-09 10:05:39,229
E517582,T106062,FAILED,2026-09-08 11:38:41,2026-09-08 11:38:42,82
E519870,T106836,SETTLED,2026-09-09 18:45:43,2026-09-09 18:46:08,792
E516804,T105795,CREATED,2026-09-08 16:26:16,2026-09-08 16:26:35,96
E518351,T106325,SETTLED,2026-09-09 15:46:21,2026-09-09 15:46:59,524
E519694,T106775,CREATED,2026-09-09 21:31:47,2026-09-09 21:32:04,38
E518416,T106347,SETTLED,2026-09-09 22:18:23,2026-09-09 22:18:52,515
E516146,T105569,CREATED,2026-09-08 13:12:19,2026-09-08 13:12:39,229
E517186,T105928,CREATED,2026-09-08 12:19:52,2026-09-08 12:20:09,260
E517925,T106182,CREATED,2026-09-08 11:12:20,2026-09-08 11:12:24,116
E519055,T106562,SETTLED,2026-09-09 07:20:53,2026-09-09 07:21:11,425
E519751,T106795,CREATED,2026-09-09 06:36:38,2026-09-09 06:36:43,221
E518531,T106387,SETTLED,2026-09-09 17:24:23,2026-09-09 17:24:48,329
E519571,T106735,SETTLED,2026-09-09 07:59:41,2026-09-09 07:59:42,825
E516142,T105567,SETTLED,2026-09-08 23:20:45,2026-09-08 23:21:05,554
E520062,T106902,AUTHORIZED,2026-09-09 13:49:14,2026-09-09 13:49:16,347
E519388,T106675,CREATED,2026-09-09 12:30:19,2026-09-09 12:30:35,318
E518243,T106288,AUTHORIZED,2026-09-08 08:59:55,2026-09-08 09:00:02,162
E518041,T106221,AUTHORIZED,2026-09-08 18:28:33,2026-09-08 18:28:54,65
E517550,T106052,AUTHORIZED,2026-09-08 20:34:27,2026-09-08 20:34:52,221
E518036,T106219,SETTLED,2026-09-08 15:01:25,2026-09-08 15:01:54,839
E516136,T105565,AUTHORIZED,2026-09-08 10:12:18,2026-09-08 10:12:25,131
E519328,T106654,AUTHORIZED,2026-09-09 20:08:14,2026-09-09 20:08:44,298
E520505,T107057,AUTHORIZED,2026-09-09 17:54:27,2026-09-09 17:54:54,49
E519758,T106797,AUTHORIZED,2026-09-09 06:19:16,2026-09-09 06:19:28,300
E519381,T106672,FAILED,2026-09-09 17:27:53,2026-09-09 17:28:20,115
E516546,T105706,AUTHORIZED,2026-09-08 13:53:12,2026-09-08 13:53:37,197
E515978,T105512,CREATED,2026-09-08 15:24:45,2026-09-08 15:24:47,140
E519222,T106618,SETTLED,2026-09-09 11:42:46,2026-09-09 11:43:12,831
E516507,T105692,SETTLED,2026-09-08 20:47:47,2026-09-08 20:48:00,495
E517498,T106034,FAILED,2026-09-08 22:41:27,2026-09-08 22:41:38,239
E520425,T107030,AUTHORIZED,2026-09-09 12:59:44,2026-09-09 13:00:05,326
E520597,T107090,FAILED,2026-09-09 07:43:02,2026-09-09 07:43:31,318
E520381,T107014,SETTLED,2026-09-09 08:46:47,2026-09-09 08:46:54,779
E517357,T105987,SETTLED,2026-09-08 19:18:46,2026-09-08 19:19:26,118
E517895,T106171,AUTHORIZED,2026-09-08 08:34:13,2026-09-08 08:34:40,249
E520250,T106968,AUTHORIZED,2026-09-09 10:52:59,2026-09-09 10:53:06,199
E517054,T105881,CREATED,2026-09-08 11:01:50,2026-09-08 11:01:56,194
E517715,T106108,SETTLED,2026-09-08 08:11:52,2026-09-08 08:11:54,505
E520229,T106960,AUTHORIZED,2026-09-09 22:06:29,2026-09-09 22:06:34,360
E516389,T105652,AUTHORIZED,2026-09-08 14:26:04,2026-09-08 14:26:29,446
E517441,T106015,CREATED,2026-09-08 12:09:25,2026-09-08 12:09:32,73
E518995,T106542,SETTLED,2026-09-09 18:03:34,2026-09-09 18:03:47,451
E516149,T105570,CREATED,2026-09-08 15:06:41,2026-09-08 15:06:42,92
E517233,T105944,CREATED,2026-09-08 15:20:29,2026-09-08 15:20:46,22
E517198,T105932,AUTHORIZED,2026-09-08 17:34:12,2026-09-08 17:34:14,424
E517693,T106101,AUTHORIZED,2026-09-08 22:58:33,2026-09-08 22:58:45,396
E516077,T105544,SETTLED,2026-09-08 14:17:57,2026-09-08 14:18:14,486
E517952,T106191,AUTHORIZED,2026-09-08 18:53:19,2026-09-08 18:53:45,180
E518492,T106374,CREATED,2026-09-09 12:46:38,2026-09-09 12:46:43,150
E519104,T106579,AUTHORIZED,2026-09-09 15:05:47,2026-09-09 15:06:04,376
E519021,T106551,AUTHORIZED,2026-09-09 07:24:26,2026-09-09 07:24:37,489
E517059,T105882,AUTHORIZED,2026-09-08 19:21:54,2026-09-08 19:22:11,465
E516326,T105630,AUTHORIZED,2026-09-08 20:03:33,2026-09-08 20:03:47,241
E517721,T106110,SETTLED,2026-09-08 06:52:33,2026-09-08 06:52:39,118
E519584,T106739,SETTLED,2026-09-09 22:30:09,2026-09-09 22:30:16,835
E518381,T106336,AUTHORIZED,2026-09-09 10:23:14,2026-09-09 10:23:25,402
E520142,T106929,SETTLED,2026-09-10 00:28:18,2026-09-10 00:28:43,209
E519219,T106617,SETTLED,2026-09-09 07:37:54,2026-09-09 07:38:27,642
E516510,T105693,SETTLED,2026-09-08 08:41:04,2026-09-08 08:41:21,557
E516446,T105671,SETTLED,2026-09-08 19:12:10,2026-09-08 19:12:17,616
E517135,T105909,FAILED,2026-09-08 16:36:12,2026-09-08 16:36:22,403
E517148,T105914,CREATED,2026-09-08 07:10:20,2026-09-08 07:10:29,64
E515950,T105502,AUTHORIZED,2026-09-08 08:13:33,2026-09-08 08:13:40,321
E516598,T105725,SETTLED,2026-09-08 11:49:50,2026-09-08 11:50:13,401
E516385,T105650,SETTLED,2026-09-08 11:46:24,2026-09-08 11:46:52,123
E516553,T105709,CREATED,2026-09-08 09:06:48,2026-09-08 09:06:53,351
E518473,T106367,CREATED,2026-09-09 22:32:20,2026-09-09 22:32:36,142
E520413,T107025,SETTLED,2026-09-09 06:47:20,2026-09-09 06:47:41,339
E517065,T105884,AUTHORIZED,2026-09-08 21:15:34,2026-09-08 21:15:53,61
E520570,T107081,AUTHORIZED,2026-09-09 15:57:32,2026-09-09 15:57:36,244
E517711,T106107,AUTHORIZED,2026-09-08 09:07:44,2026-09-08 09:07:59,281
E519967,T106868,SETTLED,2026-09-09 22:35:18,2026-09-09 22:35:52,186
E516109,T105556,CREATED,2026-09-08 06:31:05,2026-09-08 06:31:11,105
E519601,T106745,CREATED,2026-09-09 16:50:09,2026-09-09 16:50:12,160
E516369,T105645,AUTHORIZED,2026-09-08 06:33:42,2026-09-08 06:33:46,307
E518002,T106208,SETTLED,2026-09-08 20:31:48,2026-09-08 22:01:48,292
E518225,T106282,AUTHORIZED,2026-09-08 09:43:01,2026-09-08 09:43:04,109
E517242,T105947,AUTHORIZED,2026-09-08 09:04:47,2026-09-08 09:04:56,98
E516963,T105851,AUTHORIZED,2026-09-08 16:56:36,2026-09-08 16:57:04,426
E518019,T106214,AUTHORIZED,2026-09-08 06:47:21,2026-09-08 06:47:25,404
E516863,T105815,CREATED,2026-09-08 07:12:18,2026-09-08 07:12:36,199
E520053,T106899,CREATED,2026-09-09 07:33:48,2026-09-09 07:33:59,252
E516772,T105784,CREATED,2026-09-08 15:26:22,2026-09-08 15:26:26,255
E518476,T106368,CREATED,2026-09-09 14:01:27,2026-09-09 14:01:29,105
E520441,T107035,SETTLED,2026-09-09 20:29:52,2026-09-09 20:30:33,308
E519215,T106616,SETTLED,2026-09-09 15:42:32,2026-09-09 15:42:42,522
E520432,T107032,SETTLED,2026-09-09 10:07:58,2026-09-09 10:08:06,329
E519750,T106794,SETTLED,2026-09-09 11:14:16,2026-09-09 11:14:28,466
E518629,T106422,AUTHORIZED,2026-09-09 21:53:57,2026-09-09 21:54:02,57
E517848,T106155,SETTLED,2026-09-08 06:20:19,2026-09-08 06:20:25,744
E520072,T106905,SETTLED,2026-09-09 16:23:06,2026-09-09 16:23:42,785
E519846,T106828,CREATED,2026-09-09 18:58:03,2026-09-09 18:58:19,180
E520357,T107006,CREATED,2026-09-09 19:40:29,2026-09-09 19:40:31,373
E517615,T106073,SETTLED,2026-09-08 22:37:15,2026-09-08 22:37:43,871
E519742,T106792,CREATED,2026-09-09 11:22:13,2026-09-09 11:22:15,251
E516277,T105613,SETTLED,2026-09-08 06:40:28,2026-09-08 07:18:28,159
E516423,T105663,SETTLED,2026-09-08 09:00:30,2026-09-08 09:01:13,686
E516318,T105627,SETTLED,2026-09-08 08:49:53,2026-09-08 08:50:31,828
E519001,T106544,SETTLED,2026-09-09 14:07:14,2026-09-09 15:30:14,628
E516996,T105863,CREATED,2026-09-08 06:54:30,2026-09-08 06:54:41,327
E519629,T106754,AUTHORIZED,2026-09-09 12:21:17,2026-09-09 12:21:47,357
E517824,T106147,AUTHORIZED,2026-09-08 17:07:48,2026-09-08 17:07:56,112
E519529,T106721,SETTLED,2026-09-09 10:12:16,2026-09-09 10:12:48,352
E517085,T105891,SETTLED,2026-09-08 21:23:07,2026-09-08 21:23:32,742
E519604,T106745,SETTLED,2026-09-09 17:09:29,2026-09-09 17:10:14,878
E518622,T106419,SETTLED,2026-09-09 09:09:26,2026-09-09 09:09:35,720
E519663,T106765,SETTLED,2026-09-09 06:48:26,2026-09-09 06:48:55,878
E520588,T107087,SETTLED,2026-09-09 07:35:10,2026-09-09 07:35:11,84
E516912,T105833,CREATED,2026-09-08 17:14:05,2026-09-08 17:14:12,281
E517773,T106129,AUTHORIZED,2026-09-08 13:43:19,2026-09-08 13:43:46,450
E517602,T106069,SETTLED,2026-09-08 11:16:19,2026-09-08 11:16:32,79
E517794,T106136,SETTLED,2026-09-08 20:58:42,2026-09-08 20:58:45,388
E519925,T106854,FAILED,2026-09-09 09:02:50,2026-09-09 09:03:18,99
E517182,T105926,AUTHORIZED,2026-09-08 14:28:10,2026-09-08 14:28:25,174
E518520,T106383,SETTLED,2026-09-09 09:10:55,2026-09-09 09:11:34,162
E518278,T106301,CREATED,2026-09-09 09:55:46,2026-09-09 09:55:56,193
E518955,T106529,SETTLED,2026-09-09 17:09:59,2026-09-09 17:10:40,75
E517845,T106154,SETTLED,2026-09-08 06:45:34,2026-09-08 06:45:52,77
E520352,T107004,CREATED,2026-09-09 22:42:59,2026-09-09 22:43:09,48
E516762,T105780,SETTLED,2026-09-08 17:27:08,2026-09-08 17:27:49,845
E519691,T106774,AUTHORIZED,2026-09-09 18:16:12,2026-09-09 18:16:42,256
E516356,T105640,AUTHORIZED,2026-09-08 11:52:15,2026-09-08 11:52:39,338
E517120,T105904,AUTHORIZED,2026-09-08 13:11:42,2026-09-08 13:12:02,171
E518233,T106285,CREATED,2026-09-08 10:34:28,2026-09-08 10:34:29,145
E519188,T106607,SETTLED,2026-09-09 15:07:46,2026-09-09 15:07:54,112
E517023,T105871,SETTLED,2026-09-08 18:06:45,2026-09-08 18:07:29,169
E520414,T107026,CREATED,2026-09-09 15:53:35,2026-09-09 15:53:37,315
E519567,T106734,AUTHORIZED,2026-09-09 16:05:04,2026-09-09 16:05:12,456
E519067,T106567,CREATED,2026-09-09 15:04:40,2026-09-09 15:04:55,212
E517977,T106200,SETTLED,2026-09-08 16:42:06,2026-09-08 16:42:22,182
E519107,T106580,AUTHORIZED,2026-09-09 19:22:53,2026-09-09 19:23:23,93
E517075,T105888,CREATED,2026-09-08 19:10:45,2026-09-08 19:11:05,144
E517731,T106114,SETTLED,2026-09-08 18:41:50,2026-09-08 18:42:18,799
E519395,T106677,AUTHORIZED,2026-09-09 14:09:39,2026-09-09 14:09:59,179
E516694,T105758,CREATED,2026-09-08 14:50:59,2026-09-08 14:51:17,284
E517427,T106010,AUTHORIZED,2026-09-08 08:39:22,2026-09-08 08:39:42,468
E516240,T105601,CREATED,2026-09-08 07:53:32,2026-09-08 07:53:49,222
E518597,T106411,AUTHORIZED,2026-09-09 15:47:21,2026-09-09 15:47:43,73
E518003,T106209,CREATED,2026-09-08 20:25:17,2026-09-08 20:25:22,305
E516354,T105639,SETTLED,2026-09-08 21:42:03,2026-09-08 21:42:15,94
E519430,T106688,SETTLED,2026-09-09 16:11:52,2026-09-09 16:12:15,659
E519893,T106844,AUTHORIZED,2026-09-09 07:31:44,2026-09-09 07:32:08,87
E516511,T105694,CREATED,2026-09-08 15:02:55,2026-09-08 15:03:15,350
E519448,T106694,SETTLED,2026-09-09 11:40:43,2026-09-09 11:41:04,523
E517678,T106096,CREATED,2026-09-08 19:51:50,2026-09-08 19:51:51,313
E516984,T105858,SETTLED,2026-09-09 00:47:18,2026-09-09 00:47:45,616
E518516,T106382,AUTHORIZED,2026-09-09 11:24:27,2026-09-09 11:24:36,144
E516720,T105767,CREATED,2026-09-08 10:18:38,2026-09-08 10:18:53,255
E516632,T105737,SETTLED,2026-09-08 12:08:53,2026-09-08 12:09:35,386
E519353,T106663,CREATED,2026-09-09 20:14:36,2026-09-09 20:14:49,244
E517807,T106141,AUTHORIZED,2026-09-08 20:49:47,2026-09-08 20:50:11,187
E516035,T105530,SETTLED,2026-09-08 09:15:53,2026-09-08 09:16:30,567
E518090,T106237,AUTHORIZED,2026-09-08 11:30:33,2026-09-08 11:30:44,394
E519598,T106744,CREATED,2026-09-09 12:35:18,2026-09-09 12:35:19,330
E517277,T105960,CREATED,2026-09-08 21:09:50,2026-09-08 21:09:51,292
E519429,T106688,SETTLED,2026-09-09 16:03:52,2026-09-09 16:04:31,752
E516674,T105751,SETTLED,2026-09-08 11:52:29,2026-09-08 11:53:05,257
E519119,T106585,CREATED,2026-09-09 21:49:18,2026-09-09 21:49:38,232
E519801,T106812,CREATED,2026-09-09 08:05:36,2026-09-09 08:05:47,269
E518475,T106367,SETTLED,2026-09-09 22:57:28,2026-09-10 00:27:28,679
E518742,T106459,CREATED,2026-09-09 20:49:07,2026-09-09 20:49:26,74
E518696,T106444,CREATED,2026-09-09 10:45:13,2026-09-09 10:45:29,89
E519060,T106564,AUTHORIZED,2026-09-09 21:21:03,2026-09-09 21:21:26,189
E516416,T105661,AUTHORIZED,2026-09-08 21:10:09,2026-09-08 21:10:27,343
E519293,T106642,SETTLED,2026-09-09 08:06:44,2026-09-09 08:07:05,480
E519969,T106869,AUTHORIZED,2026-09-09 16:56:11,2026-09-09 16:56:12,498
E516229,T105597,AUTHORIZED,2026-09-08 22:23:14,2026-09-08 22:23:33,456
E519441,T106692,AUTHORIZED,2026-09-09 22:52:08,2026-09-09 22:52:25,274
E516089,T105548,FAILED,2026-09-08 18:40:02,2026-09-08 18:40:32,171
E519465,T106700,AUTHORIZED,2026-09-09 06:13:26,2026-09-09 06:13:49,142
E518342,T106322,AUTHORIZED,2026-09-09 12:43:56,2026-09-09 12:44:14,439
E516557,T105710,FAILED,2026-09-08 16:23:08,2026-09-08 16:23:10,187
E517854,T106157,SETTLED,2026-09-08 07:49:05,2026-09-08 09:03:05,451
E516822,T105801,AUTHORIZED,2026-09-08 21:26:05,2026-09-08 21:26:20,95
E519821,T106818,SETTLED,2026-09-09 09:46:42,2026-09-09 09:47:16,211
E517613,T106073,CREATED,2026-09-08 22:28:07,2026-09-08 22:28:15,280
E520249,T106968,CREATED,2026-09-09 10:52:30,2026-09-09 10:52:44,120
E517657,T106088,FAILED,2026-09-08 11:53:40,2026-09-08 11:53:43,413
E517681,T106097,CREATED,2026-09-08 19:23:57,2026-09-08 19:24:11,185
E519782,T106804,SETTLED,2026-09-09 11:29:25,2026-09-09 11:29:33,866
E519389,T106675,AUTHORIZED,2026-09-09 12:30:52,2026-09-09 12:30:55,95
E518425,T106350,SETTLED,2026-09-09 09:44:34,2026-09-09 09:45:19,552
E520576,T107083,AUTHORIZED,2026-09-09 09:04:38,2026-09-09 09:04:55,426
E519117,T106584,CREATED,2026-09-09 07:23:54,2026-09-09 07:24:10,31
E516422,T105663,AUTHORIZED,2026-09-08 08:45:30,2026-09-08 08:45:59,479
E519149,T106595,CREATED,2026-09-09 14:56:14,2026-09-09 14:56:26,199
E517511,T106039,AUTHORIZED,2026-09-08 11:37:02,2026-09-08 11:37:15,358
E516263,T105608,SETTLED,2026-09-08 13:04:04,2026-09-08 13:04:29,703
E518954,T106529,AUTHORIZED,2026-09-09 16:51:59,2026-09-09 16:52:19,464
E517348,T105984,AUTHORIZED,2026-09-08 14:21:45,2026-09-08 14:22:12,179
E516337,T105634,AUTHORIZED,2026-09-08 11:07:36,2026-09-08 11:07:38,470
E520288,T106982,AUTHORIZED,2026-09-09 08:01:47,2026-09-09 08:02:07,193
E518930,T106520,SETTLED,2026-09-09 22:23:59,2026-09-09 22:24:27,643
E516660,T105747,CREATED,2026-09-08 17:24:14,2026-09-08 17:24:23,104
E520089,T106911,CREATED,2026-09-09 18:54:57,2026-09-09 18:55:04,369
E519765,T106799,SETTLED,2026-09-09 14:56:17,2026-09-09 14:56:50,708
E519062,T106565,CREATED,2026-09-09 22:43:58,2026-09-09 22:44:12,123
E517940,T106187,CREATED,2026-09-08 21:41:54,2026-09-08 21:42:02,39
E520296,T106985,CREATED,2026-09-09 10:07:27,2026-09-09 10:07:28,127
E516409,T105658,AUTHORIZED,2026-09-08 19:40:14,2026-09-08 19:40:42,37
E517461,T106022,CREATED,2026-09-08 13:39:32,2026-09-08 13:39:52,87
E517761,T106125,CREATED,2026-09-08 06:35:09,2026-09-08 06:35:10,389
E517889,T106169,AUTHORIZED,2026-09-08 15:22:33,2026-09-08 15:22:44,411
E516897,T105827,FAILED,2026-09-08 20:05:59,2026-09-08 20:06:20,148
E517370,T105991,SETTLED,2026-09-08 19:57:00,2026-09-08 20:18:00,291
E516768,T105782,SETTLED,2026-09-08 14:27:58,2026-09-08 14:28:30,213
E519984,T106875,CREATED,2026-09-09 19:05:04,2026-09-09 19:05:22,228
E520205,T106952,AUTHORIZED,2026-09-09 14:14:01,2026-09-09 14:14:21,417
E516348,T105638,CREATED,2026-09-08 12:29:00,2026-09-08 12:29:08,140
E520314,T106990,SETTLED,2026-09-09 18:22:31,2026-09-09 18:22:47,505
E518656,T106431,AUTHORIZED,2026-09-09 14:13:12,2026-09-09 14:13:26,423
E518109,T106243,CREATED,2026-09-08 18:47:21,2026-09-08 18:47:41,166
E520431,T107032,AUTHORIZED,2026-09-09 09:37:58,2026-09-09 09:38:25,364
E516261,T105608,CREATED,2026-09-08 13:00:36,2026-09-08 13:00:51,333
E516764,T105781,AUTHORIZED,2026-09-08 18:34:29,2026-09-08 18:34:56,157
E518651,T106429,SETTLED,2026-09-09 14:07:09,2026-09-09 14:07:44,139
E519011,T106548,CREATED,2026-09-09 09:03:56,2026-09-09 09:03:58,209
E517675,T106094,SETTLED,2026-09-08 11:45:25,2026-09-08 11:45:50,192
E517293,T105965,SETTLED,2026-09-08 18:57:41,2026-09-08 18:57:57,90
E517489,T106031,AUTHORIZED,2026-09-08 13:51:26,2026-09-08 13:51:48,20
E518874,T106502,AUTHORIZED,2026-09-09 08:42:44,2026-09-09 08:42:51,46
E518858,T106497,CREATED,2026-09-09 19:59:09,2026-09-09 19:59:16,47
E516488,T105686,AUTHORIZED,2026-09-08 20:53:06,2026-09-08 20:53:30,418
E517160,T105918,AUTHORIZED,2026-09-08 16:01:07,2026-09-08 16:01:17,399
E516029,T105528,SETTLED,2026-09-08 10:06:42,2026-09-08 10:06:53,700
E520144,T106930,AUTHORIZED,2026-09-09 20:09:16,2026-09-09 20:09:20,330
E520589,T107088,CREATED,2026-09-09 12:19:37,2026-09-09 12:19:39,232
E517216,T105938,AUTHORIZED,2026-09-08 08:52:10,2026-09-08 08:52:25,43
E518553,T106396,AUTHORIZED,2026-09-09 18:00:29,2026-09-09 18:00:59,424
E520166,T106938,AUTHORIZED,2026-09-09 10:55:46,2026-09-09 10:56:03,56
E517860,T106160,CREATED,2026-09-08 06:40:23,2026-09-08 06:40:36,32
E516102,T105553,AUTHORIZED,2026-09-08 17:09:17,2026-09-08 17:09:27,466
E519831,T106822,SETTLED,2026-09-09 11:48:39,2026-09-09 11:49:16,353
E518101,T106240,AUTHORIZED,2026-09-08 10:52:06,2026-09-08 10:52:28,262
E516355,T105640,CREATED,2026-09-08 11:52:03,2026-09-08 11:52:14,379
E520030,T106891,CREATED,2026-09-09 14:04:11,2026-09-09 14:04:29,210
E517775,T106130,CREATED,2026-09-08 10:25:35,2026-09-08 10:25:48,267
E519364,T106666,FAILED,2026-09-09 21:40:21,2026-09-09 21:40:23,267
E517255,T105952,CREATED,2026-09-08 21:58:32,2026-09-08 21:58:47,258
E518981,T106538,CREATED,2026-09-09 12:46:43,2026-09-09 12:46:53,154
E516805,T105795,AUTHORIZED,2026-09-08 16:26:49,2026-09-08 16:27:01,215
E519824,T106820,CREATED,2026-09-09 17:37:13,2026-09-09 17:37:24,354
E517786,T106134,CREATED,2026-09-08 09:05:08,2026-09-08 09:05:09,170
E516322,T105629,CREATED,2026-09-08 21:35:00,2026-09-08 21:35:15,170
E517541,T106048,SETTLED,2026-09-08 17:20:12,2026-09-08 17:20:30,192
E516419,T105662,AUTHORIZED,2026-09-08 07:14:11,2026-09-08 07:14:33,38
E517334,T105979,SETTLED,2026-09-08 19:38:16,2026-09-08 19:38:57,184
E518740,T106458,AUTHORIZED,2026-09-09 09:57:24,2026-09-09 09:57:46,220
E517547,T106051,CREATED,2026-09-08 20:47:05,2026-09-08 20:47:11,52
E517283,T105962,CREATED,2026-09-08 22:48:06,2026-09-08 22:48:09,105
E519018,T106550,AUTHORIZED,2026-09-09 10:13:00,2026-09-09 10:13:20,415
E518474,T106367,AUTHORIZED,2026-09-09 22:32:28,2026-09-09 22:32:52,282
E519468,T106701,AUTHORIZED,2026-09-09 10:33:46,2026-09-09 10:34:07,230
E519585,T106740,CREATED,2026-09-09 16:10:14,2026-09-09 16:10:15,138
E519379,T106671,SETTLED,2026-09-09 15:58:34,2026-09-09 15:59:02,430
E519019,T106550,SETTLED,2026-09-09 10:33:00,2026-09-09 10:33:28,444
E517219,T105939,AUTHORIZED,2026-09-08 19:29:26,2026-09-08 19:29:35,260
E516714,T105765,CREATED,2026-09-08 20:01:18,2026-09-08 20:01:22,312
E518467,T106365,CREATED,2026-09-09 22:05:03,2026-09-09 22:05:04,30
E517073,T105887,CREATED,2026-09-08 15:00:14,2026-09-08 15:00:27,92
E517069,T105885,SETTLED,2026-09-08 17:39:59,2026-09-08 17:40:41,614
E516093,T105550,CREATED,2026-09-08 17:33:29,2026-09-08 17:33:46,150
E519044,T106559,CREATED,2026-09-09 10:26:00,2026-09-09 10:26:14,303
E519962,T106867,CREATED,2026-09-09 10:03:51,2026-09-09 10:04:11,103
E517883,T106167,AUTHORIZED,2026-09-08 14:03:40,2026-09-08 14:03:45,484
E516844,T105808,AUTHORIZED,2026-09-08 22:38:17,2026-09-08 22:38:23,164
E518925,T106519,CREATED,2026-09-09 16:11:38,2026-09-09 16:11:49,338
E517636,T106080,SETTLED,2026-09-08 17:09:50,2026-09-08 17:58:50,219
E519923,T106853,SETTLED,2026-09-09 12:47:13,2026-09-09 12:47:17,795
E517423,T106009,AUTHORIZED,2026-09-08 07:38:23,2026-09-08 07:38:42,315
E520291,T106983,AUTHORIZED,2026-09-09 14:28:06,2026-09-09 14:28:15,384
E516858,T105813,AUTHORIZED,2026-09-08 06:58:42,2026-09-08 06:58:55,362
E516999,T105864,CREATED,2026-09-08 12:22:59,2026-09-08 12:23:15,230
E520555,T107076,CREATED,2026-09-09 14:48:41,2026-09-09 14:48:45,272
E518831,T106488,CREATED,2026-09-09 14:37:32,2026-09-09 14:37:41,58
E516747,T105775,SETTLED,2026-09-08 11:09:20,2026-09-08 11:09:36,274
E516612,T105730,AUTHORIZED,2026-09-08 16:25:55,2026-09-08 16:26:10,135
E519486,T106707,CREATED,2026-09-09 06:20:59,2026-09-09 06:21:14,103
E518497,T106375,SETTLED,2026-09-09 20:47:31,2026-09-09 20:48:00,838
E517185,T105927,AUTHORIZED,2026-09-08 06:50:03,2026-09-08 06:50:09,206
E516057,T105538,CREATED,2026-09-08 16:26:28,2026-09-08 16:26:42,170
E516917,T105834,SETTLED,2026-09-08 13:10:54,2026-09-08 13:11:14,353
E519291,T106642,CREATED,2026-09-09 07:49:29,2026-09-09 07:49:32,325
E519108,T106580,SETTLED,2026-09-09 19:28:53,2026-09-09 19:29:12,448
E520409,T107024,SETTLED,2026-09-09 16:55:36,2026-09-09 16:55:41,757
E519686,T106772,SETTLED,2026-09-09 14:49:06,2026-09-09 14:49:44,185
E517143,T105912,CREATED,2026-09-08 16:39:12,2026-09-08 16:39:17,49
E519627,T106753,SETTLED,2026-09-09 23:05:50,2026-09-09 23:06:08,527
E519321,T106651,SETTLED,2026-09-09 20:51:25,2026-09-09 20:52:06,247
E517149,T105914,AUTHORIZED,2026-09-08 07:10:45,2026-09-08 07:11:00,305
E519255,T106630,CREATED,2026-09-09 18:25:24,2026-09-09 18:25:39,122
E520005,T106882,CREATED,2026-09-09 21:54:07,2026-09-09 21:54:09,92
E518049,T106224,CREATED,2026-09-08 10:11:34,2026-09-08 10:11:51,297
E518307,T106310,CREATED,2026-09-09 12:51:59,2026-09-09 12:52:12,102
E518501,T106376,SETTLED,2026-09-09 15:11:35,2026-09-09 15:11:44,182
E518429,T106352,CREATED,2026-09-09 11:43:55,2026-09-09 11:44:12,198
E519410,T106682,AUTHORIZED,2026-09-09 11:36:41,2026-09-09 11:36:54,199
E516997,T105863,AUTHORIZED,2026-09-08 06:54:48,2026-09-08 06:54:50,64
E517298,T105967,SETTLED,2026-09-08 17:27:54,2026-09-08 17:28:07,114
E517578,T106061,CREATED,2026-09-08 20:57:42,2026-09-08 20:58:02,302
E519556,T106730,SETTLED,2026-09-09 07:54:09,2026-09-09 07:54:24,293
E518133,T106251,CREATED,2026-09-08 10:12:36,2026-09-08 10:12:43,191
E518462,T106363,AUTHORIZED,2026-09-09 11:02:03,2026-09-09 11:02:16,494
E520456,T107040,SETTLED,2026-09-09 21:47:32,2026-09-09 21:48:06,289
E518314,T106312,AUTHORIZED,2026-09-09 09:36:46,2026-09-09 09:36:56,223
E520095,T106912,SETTLED,2026-09-09 12:28:03,2026-09-09 12:28:30,108
E519045,T106559,AUTHORIZED,2026-09-09 10:26:07,2026-09-09 10:26:30,288
E519811,T106815,AUTHORIZED,2026-09-09 12:37:28,2026-09-09 12:37:56,142
E518887,T106506,SETTLED,2026-09-09 22:32:00,2026-09-09 22:32:32,416
E519384,T106673,SETTLED,2026-09-09 19:08:06,2026-09-09 19:08:50,607
E518521,T106384,CREATED,2026-09-09 20:50:06,2026-09-09 20:50:07,149
E516624,T105735,CREATED,2026-09-08 10:34:26,2026-09-08 10:34:27,143
E519620,T106751,AUTHORIZED,2026-09-09 17:25:51,2026-09-09 17:26:01,372
E517411,T106005,SETTLED,2026-09-08 21:58:39,2026-09-08 21:58:54,723
E519014,T106549,CREATED,2026-09-09 17:40:25,2026-09-09 17:40:30,297
E518210,T106277,CREATED,2026-09-08 15:40:15,2026-09-08 15:40:16,166
E519776,T106803,CREATED,2026-09-09 09:14:01,2026-09-09 09:14:09,163
E520081,T106908,AUTHORIZED,2026-09-09 06:27:01,2026-09-09 06:27:25,377
E520515,T107060,SETTLED,2026-09-09 13:39:01,2026-09-09 13:39:35,204
E516497,T105689,AUTHORIZED,2026-09-08 15:12:51,2026-09-08 15:13:04,168
E517275,T105959,AUTHORIZED,2026-09-08 14:29:48,2026-09-08 14:30:13,229
E520178,T106942,FAILED,2026-09-09 06:14:10,2026-09-09 06:14:11,128
E516148,T105569,SETTLED,2026-09-08 13:17:56,2026-09-08 13:18:27,153
E519004,T106545,SETTLED,2026-09-09 16:09:54,2026-09-09 16:10:32,152
E517816,T106144,AUTHORIZED,2026-09-08 08:15:35,2026-09-08 08:16:01,248
E518140,T106253,SETTLED,2026-09-08 16:36:10,2026-09-08 16:36:44,790
E517927,T106182,SETTLED,2026-09-08 11:22:58,2026-09-08 11:23:34,713
E516189,T105583,AUTHORIZED,2026-09-08 21:19:30,2026-09-08 21:19:57,487
E518759,T106465,CREATED,2026-09-09 21:57:23,2026-09-09 21:57:41,254
E519851,T106829,SETTLED,2026-09-09 09:56:29,2026-09-09 09:56:54,616
E519860,T106833,AUTHORIZED,2026-09-09 11:19:35,2026-09-09 11:19:40,231
E516111,T105556,SETTLED,2026-09-08 06:55:16,2026-09-08 06:55:34,772
E516567,T105714,AUTHORIZED,2026-09-08 13:12:40,2026-09-08 13:12:46,388
E520235,T106962,SETTLED,2026-09-09 09:55:28,2026-09-09 09:55:29,821
E518191,T106270,SETTLED,2026-09-08 19:45:09,2026-09-08 19:45:38,394
E518807,T106480,AUTHORIZED,2026-09-09 21:47:12,2026-09-09 21:47:25,57
E518680,T106439,CREATED,2026-09-09 15:52:29,2026-09-09 15:52:47,110
E519607,T106746,SETTLED,2026-09-09 15:00:30,2026-09-09 16:18:30,544
E518697,T106444,AUTHORIZED,2026-09-09 10:45:53,2026-09-09 10:46:01,381
E518751,T106462,AUTHORIZED,2026-09-09 09:44:50,2026-09-09 09:45:02,297
E517818,T106145,AUTHORIZED,2026-09-08 12:45:09,2026-09-08 12:45:18,471
E516538,T105703,AUTHORIZED,2026-09-08 10:38:03,2026-09-08 10:38:22,467
E519701,T106777,SETTLED,2026-09-09 20:15:20,2026-09-09 21:38:20,739
E516088,T105548,CREATED,2026-09-08 18:39:22,2026-09-08 18:39:38,329
E518115,T106245,CREATED,2026-09-08 06:26:45,2026-09-08 06:26:57,389
E519437,T106691,CREATED,2026-09-09 22:19:07,2026-09-09 22:19:18,153
E516582,T105719,SETTLED,2026-09-08 17:55:37,2026-09-08 17:56:09,282
E518538,T106390,SETTLED,2026-09-09 12:10:51,2026-09-09 12:10:57,508
E517259,T105953,SETTLED,2026-09-08 13:20:11,2026-09-08 13:20:17,63
E516976,T105856,AUTHORIZED,2026-09-08 14:04:06,2026-09-08 14:04:14,452
E518479,T106369,CREATED,2026-09-09 18:11:11,2026-09-09 18:11:18,299
E519718,T106783,SETTLED,2026-09-09 17:51:52,2026-09-09 17:52:19,702
E519377,T106671,CREATED,2026-09-09 15:43:59,2026-09-09 15:44:02,311
E518894,T106509,CREATED,2026-09-09 18:01:49,2026-09-09 18:02:02,392
E519702,T106778,CREATED,2026-09-09 13:24:40,2026-09-09 13:24:59,392
E519551,T106729,CREATED,2026-09-09 08:49:24,2026-09-09 08:49:31,274
E517587,T106064,AUTHORIZED,2026-09-08 11:03:04,2026-09-08 11:03:26,168
E520269,T106975,SETTLED,2026-09-09 09:19:55,2026-09-09 09:20:15,580
E520587,T107087,AUTHORIZED,2026-09-09 07:08:10,2026-09-09 07:08:25,202
E517739,T106117,CREATED,2026-09-08 15:21:45,2026-09-08 15:22:03,312
E518917,T106516,AUTHORIZED,2026-09-09 19:55:10,2026-09-09 19:55:32,376
E518339,T106321,AUTHORIZED,2026-09-09 19:09:31,2026-09-09 19:09:48,460
E519312,T106648,SETTLED,2026-09-09 15:01:06,2026-09-09 15:01:22,864
E519071,T106568,AUTHORIZED,2026-09-09 19:34:30,2026-09-09 19:34:33,233
E517926,T106182,AUTHORIZED,2026-09-08 11:12:58,2026-09-08 11:13:22,68
E519497,T106710,SETTLED,2026-09-09 18:13:03,2026-09-09 18:44:03,804
E516026,T105527,SETTLED,2026-09-08 09:19:57,2026-09-08 09:20:33,613
E519026,T106553,CREATED,2026-09-09 16:40:30,2026-09-09 16:40:37,225
E519305,T106646,FAILED,2026-09-09 08:41:35,2026-09-09 08:41:58,231
E516211,T105591,CREATED,2026-09-08 21:17:26,2026-09-08 21:17:44,115
E520026,T106889,FAILED,2026-09-09 12:03:11,2026-09-09 12:03:27,94
E516629,T105736,SETTLED,2026-09-08 19:25:55,2026-09-08 19:26:01,399
E518628,T106422,CREATED,2026-09-09 21:53:21,2026-09-09 21:53:22,317
E520266,T106974,FAILED,2026-09-09 09:34:34,2026-09-09 09:34:42,223
E518068,T106230,SETTLED,2026-09-08 08:38:12,2026-09-08 08:38:41,396
E517571,T106059,AUTHORIZED,2026-09-08 20:25:53,2026-09-08 20:26:19,38
E516098,T105552,CREATED,2026-09-08 15:54:27,2026-09-08 15:54:36,171
E518490,T106373,CREATED,2026-09-09 20:23:10,2026-09-09 20:23:26,202
E516242,T105601,SETTLED,2026-09-08 08:03:54,2026-09-08 08:04:37,895
E519087,T106573,SETTLED,2026-09-09 14:24:58,2026-09-09 14:25:41,76
E519757,T106797,CREATED,2026-09-09 06:18:49,2026-09-09 06:18:57,266
E516397,T105654,SETTLED,2026-09-08 15:28:05,2026-09-08 15:28:32,835
E517564,T106057,CREATED,2026-09-08 22:57:36,2026-09-08 22:57:52,288
E516722,T105767,SETTLED,2026-09-08 10:30:46,2026-09-08 10:31:18,653
E517998,T106207,AUTHORIZED,2026-09-08 13:44:18,2026-09-08 13:44:27,216
E517877,T106165,AUTHORIZED,2026-09-08 08:57:44,2026-09-08 08:58:02,483
E518334,T106319,AUTHORIZED,2026-09-09 22:40:56,2026-09-09 22:41:13,50
E517325,T105976,SETTLED,2026-09-08 11:22:54,2026-09-08 11:23:10,884
E516278,T105614,CREATED,2026-09-08 12:27:59,2026-09-08 12:28:06,375
E519003,T106545,AUTHORIZED,2026-09-09 16:03:54,2026-09-09 16:04:14,376
E520069,T106904,SETTLED,2026-09-09 11:09:42,2026-09-09 11:10:15,570
E520404,T107023,CREATED,2026-09-09 20:18:45,2026-09-09 20:18:51,364
E516096,T105551,AUTHORIZED,2026-09-08 18:35:56,2026-09-08 18:36:23,104
E518292,T106305,AUTHORIZED,2026-09-09 07:02:09,2026-09-09 07:02:26,421
E516003,T105520,AUTHORIZED,2026-09-08 22:10:01,2026-09-08 22:10:14,278
E516879,T105820,SETTLED,2026-09-08 20:28:47,2026-09-08 20:29:09,393
E519076,T106570,CREATED,2026-09-09 20:27:16,2026-09-09 20:27:19,220
E518427,T106351,AUTHORIZED,2026-09-09 17:29:34,2026-09-09 17:30:00,437
E516154,T105571,SETTLED,2026-09-08 14:27:52,2026-09-08 14:28:03,72
E518455,T106361,CREATED,2026-09-09 13:59:52,2026-09-09 14:00:01,272
E519573,T106736,AUTHORIZED,2026-09-09 10:33:53,2026-09-09 10:34:21,297
E519625,T106753,CREATED,2026-09-09 21:44:16,2026-09-09 21:44:25,368
E517107,T105899,CREATED,2026-09-08 19:10:30,2026-09-08 19:10:48,371
E518621,T106419,AUTHORIZED,2026-09-09 09:01:26,2026-09-09 09:01:36,399
E516437,T105668,SETTLED,2026-09-08 10:30:36,2026-09-08 10:30:38,711
E520068,T106904,AUTHORIZED,2026-09-09 10:56:42,2026-09-09 10:56:59,87
E518403,T106343,SETTLED,2026-09-09 06:44:01,2026-09-09 06:44:46,486
E517620,T106075,AUTHORIZED,2026-09-08 11:47:42,2026-09-08 11:48:08,131
E518196,T106272,AUTHORIZED,2026-09-08 10:26:36,2026-09-08 10:27:02,374
E520047,T106897,CREATED,2026-09-09 07:22:17,2026-09-09 07:22:27,360
E517688,T106099,FAILED,2026-09-08 15:27:21,2026-09-08 15:27:47,165
E519187,T106607,SETTLED,2026-09-09 14:55:46,2026-09-09 14:55:48,491
E519540,T106725,AUTHORIZED,2026-09-09 15:24:23,2026-09-09 15:24:43,331
E517944,T106188,AUTHORIZED,2026-09-08 16:16:23,2026-09-08 16:16:25,48
E517278,T105960,AUTHORIZED,2026-09-08 21:10:20,2026-09-08 21:10:29,271
E520304,T106987,AUTHORIZED,2026-09-09 19:16:41,2026-09-09 19:16:59,447
E516639,T105740,CREATED,2026-09-08 17:47:10,2026-09-08 17:47:15,394
E517468,T106024,SETTLED,2026-09-08 08:17:21,2026-09-08 08:17:48,68
E516231,T105598,CREATED,2026-09-08 11:22:32,2026-09-08 11:22:50,136
E518231,T106284,AUTHORIZED,2026-09-08 14:07:21,2026-09-08 14:07:48,103
E520110,T106918,FAILED,2026-09-09 18:43:19,2026-09-09 18:43:37,101
E516164,T105575,CREATED,2026-09-08 12:55:31,2026-09-08 12:55:50,354
E520453,T107039,SETTLED,2026-09-09 15:34:57,2026-09-09 15:34:59,387
E519998,T106879,SETTLED,2026-09-09 19:08:40,2026-09-09 19:08:54,320
E517886,T106168,AUTHORIZED,2026-09-08 08:37:57,2026-09-08 08:38:08,218
E517240,T105946,SETTLED,2026-09-08 07:07:42,2026-09-08 07:08:23,90
E519184,T106606,SETTLED,2026-09-09 17:43:36,2026-09-09 17:44:20,483
E516749,T105776,AUTHORIZED,2026-09-08 19:50:32,2026-09-08 19:50:42,197
E515976,T105511,AUTHORIZED,2026-09-08 06:50:04,2026-09-08 06:50:33,256
E520279,T106979,CREATED,2026-09-09 07:25:05,2026-09-09 07:25:18,331
E520460,T107042,CREATED,2026-09-09 21:38:49,2026-09-09 21:39:04,364
E517391,T105998,SETTLED,2026-09-09 09:19:49,2026-09-09 09:20:02,353
E519847,T106828,AUTHORIZED,2026-09-09 18:58:09,2026-09-09 18:58:12,250
E516869,T105817,CREATED,2026-09-08 18:45:26,2026-09-08 18:45:45,240
E518852,T106494,SETTLED,2026-09-09 16:45:34,2026-09-09 16:45:57,613
E519359,T106664,SETTLED,2026-09-09 16:46:25,2026-09-09 16:46:43,499
E518800,T106478,SETTLED,2026-09-09 15:57:45,2026-09-09 15:58:09,35
E519506,T106713,AUTHORIZED,2026-09-09 19:10:35,2026-09-09 19:10:57,153
E520162,T106937,CREATED,2026-09-09 22:28:43,2026-09-09 22:28:47,259
E516926,T105838,CREATED,2026-09-08 14:52:29,2026-09-08 14:52:43,381
E518141,T106254,CREATED,2026-09-08 21:40:35,2026-09-08 21:40:38,290
E517663,T106090,SETTLED,2026-09-08 10:42:59,2026-09-08 10:43:33,597
E517538,T106048,CREATED,2026-09-08 16:58:36,2026-09-08 16:58:46,319
E519277,T106637,SETTLED,2026-09-09 18:39:29,2026-09-09 18:39:52,766
E518374,T106333,SETTLED,2026-09-09 18:05:15,2026-09-09 18:05:29,84
E517064,T105884,CREATED,2026-09-08 21:15:26,2026-09-08 21:15:45,349
E518079,T106233,SETTLED,2026-09-08 12:59:27,2026-09-08 12:59:51,576
E519582,T106739,CREATED,2026-09-09 22:05:45,2026-09-09 22:06:02,375
E519248,T106627,AUTHORIZED,2026-09-09 06:40:11,2026-09-09 06:40:37,399
E519796,T106809,AUTHORIZED,2026-09-09 12:01:10,2026-09-09 12:01:37,276
E516578,T105718,AUTHORIZED,2026-09-08 09:02:28,2026-09-08 09:02:34,63
E516542,T105705,CREATED,2026-09-08 12:45:39,2026-09-08 12:45:47,24
E516935,T105841,AUTHORIZED,2026-09-08 07:19:38,2026-09-08 07:20:04,423
E519212,T106615,SETTLED,2026-09-09 13:34:01,2026-09-09 13:34:35,640
E516602,T105727,CREATED,2026-09-08 08:19:06,2026-09-08 08:19:23,232
E518770,T106468,SETTLED,2026-09-09 14:32:25,2026-09-09 14:32:50,665
E520524,T107064,AUTHORIZED,2026-09-09 17:35:31,2026-09-09 17:35:37,271
E516851,T105811,CREATED,2026-09-08 12:43:32,2026-09-08 12:43:45,47
E517425,T106009,SETTLED,2026-09-08 07:49:23,2026-09-08 07:50:02,91
E519913,T106850,SETTLED,2026-09-09 20:40:23,2026-09-09 20:40:43,899
E520216,T106955,SETTLED,2026-09-09 10:51:15,2026-09-09 10:51:18,729
E520448,T107038,CREATED,2026-09-09 21:01:36,2026-09-09 21:01:37,55
E516540,T105704,AUTHORIZED,2026-09-08 13:04:33,2026-09-08 13:04:35,44
E517061,T105883,CREATED,2026-09-08 21:58:17,2026-09-08 21:58:30,215
E516509,T105693,AUTHORIZED,2026-09-08 08:28:04,2026-09-08 08:28:18,30
E517305,T105970,CREATED,2026-09-08 19:32:36,2026-09-08 19:32:55,244
E519856,T106831,AUTHORIZED,2026-09-09 11:23:06,2026-09-09 11:23:25,322
E516516,T105695,SETTLED,2026-09-08 10:03:39,2026-09-08 10:03:56,274
E517464,T106023,CREATED,2026-09-08 19:07:36,2026-09-08 19:07:50,195
E517011,T105867,SETTLED,2026-09-08 14:43:39,2026-09-08 14:44:08,662
E520292,T106983,SETTLED,2026-09-09 14:40:06,2026-09-09 14:40:26,644
E518279,T106301,AUTHORIZED,2026-09-09 09:56:24,2026-09-09 09:56:33,88
E518631,T106423,CREATED,2026-09-09 12:32:18,2026-09-09 12:32:37,358
E518237,T106286,AUTHORIZED,2026-09-08 08:40:35,2026-09-08 08:40:41,416
E518716,T106450,CREATED,2026-09-09 11:07:20,2026-09-09 11:07:40,349
E518216,T106279,AUTHORIZED,2026-09-08 08:41:55,2026-09-08 08:41:58,28
E518028,T106217,AUTHORIZED,2026-09-08 20:02:56,2026-09-08 20:03:17,361
E519350,T106662,CREATED,2026-09-09 16:39:50,2026-09-09 16:40:00,322
E519414,T106683,SETTLED,2026-09-09 08:06:23,2026-09-09 08:06:54,562
E517900,T106173,CREATED,2026-09-08 11:15:23,2026-09-08 11:15:42,365
E520241,T106965,CREATED,2026-09-09 16:35:16,2026-09-09 16:35:31,20
E517612,T106072,SETTLED,2026-09-08 09:33:14,2026-09-08 09:33:50,119
E520326,T106995,FAILED,2026-09-09 21:00:42,2026-09-09 21:01:03,415
E517867,T106162,AUTHORIZED,2026-09-08 22:55:13,2026-09-08 22:55:42,402
E520231,T106961,CREATED,2026-09-09 22:11:56,2026-09-09 22:12:04,70
E516340,T105635,AUTHORIZED,2026-09-08 06:15:00,2026-09-08 06:15:05,499
E517418,T106008,CREATED,2026-09-08 19:26:11,2026-09-08 19:26:20,98
E517381,T105995,AUTHORIZED,2026-09-08 10:57:53,2026-09-08 10:58:14,439
E518706,T106447,AUTHORIZED,2026-09-09 19:51:04,2026-09-09 19:51:25,280
E516496,T105689,CREATED,2026-09-08 15:12:46,2026-09-08 15:13:00,214
E518602,T106413,CREATED,2026-09-09 10:10:59,2026-09-09 10:11:02,276
E520473,T107046,AUTHORIZED,2026-09-09 09:37:50,2026-09-09 09:38:13,146
E518977,T106536,SETTLED,2026-09-09 09:17:00,2026-09-09 09:17:22,655
E517749,T106120,FAILED,2026-09-08 13:01:10,2026-09-08 13:01:29,481
E516845,T105808,SETTLED,2026-09-08 22:58:17,2026-09-08 22:58:59,304
E520367,T107009,AUTHORIZED,2026-09-09 07:20:18,2026-09-09 07:20:35,491
E520475,T107047,CREATED,2026-09-09 19:47:32,2026-09-09 19:47:35,126
E519769,T106801,CREATED,2026-09-09 06:01:28,2026-09-09 06:01:29,45
E518346,T106323,SETTLED,2026-09-09 16:31:04,2026-09-09 16:31:30,577
E516458,T105676,CREATED,2026-09-08 19:08:46,2026-09-08 19:08:58,234
E517847,T106155,AUTHORIZED,2026-09-08 06:09:19,2026-09-08 06:09:27,167
E518627,T106421,AUTHORIZED,2026-09-09 17:35:23,2026-09-09 17:35:42,119
E517567,T106058,CREATED,2026-09-08 16:26:27,2026-09-08 16:26:31,377
E518944,T106526,CREATED,2026-09-09 22:52:02,2026-09-09 22:52:20,107
E519877,T106839,CREATED,2026-09-09 11:18:04,2026-09-09 11:18:21,244
E518320,T106314,AUTHORIZED,2026-09-09 13:29:37,2026-09-09 13:29:43,236
E517762,T106125,AUTHORIZED,2026-09-08 06:35:48,2026-09-08 06:36:03,136
E520466,T107044,CREATED,2026-09-09 09:50:48,2026-09-09 09:50:59,271
E520268,T106975,AUTHORIZED,2026-09-09 08:59:55,2026-09-09 09:00:06,327
E518242,T106288,CREATED,2026-09-08 08:59:40,2026-09-08 08:59:44,286
E516934,T105841,CREATED,2026-09-08 07:19:01,2026-09-08 07:19:13,52
E519805,T106813,AUTHORIZED,2026-09-09 19:47:07,2026-09-09 19:47:30,166
E518337,T106320,SETTLED,2026-09-09 19:58:48,2026-09-09 19:59:11,272
E520387,T107017,CREATED,2026-09-09 13:08:23,2026-09-09 13:08:24,241
E517876,T106165,CREATED,2026-09-08 08:57:18,2026-09-08 08:57:37,116
E520542,T107071,CREATED,2026-09-09 10:42:26,2026-09-09 10:42:45,198
E517866,T106162,CREATED,2026-09-08 22:54:47,2026-09-08 22:54:54,255
E517003,T105865,AUTHORIZED,2026-09-08 20:24:04,2026-09-08 20:24:10,375
E517674,T106094,AUTHORIZED,2026-09-08 09:29:25,2026-09-08 09:29:53,479
E516794,T105791,SETTLED,2026-09-08 11:49:27,2026-09-08 11:49:39,639
E516541,T105704,SETTLED,2026-09-08 13:15:33,2026-09-08 13:15:37,121
E518990,T106541,AUTHORIZED,2026-09-09 20:53:29,2026-09-09 20:53:52,276
E520481,T107049,CREATED,2026-09-09 09:30:28,2026-09-09 09:30:46,145
E519978,T106872,SETTLED,2026-09-09 20:55:31,2026-09-09 20:56:10,738
E518903,T106511,SETTLED,2026-09-09 11:38:56,2026-09-09 11:39:22,372
E517994,T106206,CREATED,2026-09-08 08:55:50,2026-09-08 08:56:05,120
E518987,T106540,AUTHORIZED,2026-09-09 10:15:08,2026-09-09 10:15:20,186
E516218,T105593,AUTHORIZED,2026-09-08 22:20:20,2026-09-08 22:20:33,145
E517263,T105955,CREATED,2026-09-08 16:00:15,2026-09-08 16:00:32,344
E517738,T106116,SETTLED,2026-09-08 08:20:07,2026-09-08 08:20:20,729
E516543,T105705,AUTHORIZED,2026-09-08 12:46:15,2026-09-08 12:46:32,462
E517533,T106046,CREATED,2026-09-08 06:11:14,2026-09-08 06:11:19,345
E519161,T106599,AUTHORIZED,2026-09-09 19:13:10,2026-09-09 19:13:25,450
E519581,T106738,SETTLED,2026-09-09 06:48:54,2026-09-09 06:49:32,300
E517817,T106145,CREATED,2026-09-08 12:44:45,2026-09-08 12:45:02,27
E517384,T105996,AUTHORIZED,2026-09-08 09:35:07,2026-09-08 09:35:22,218
E518385,T106337,SETTLED,2026-09-09 11:06:59,2026-09-09 11:07:42,253
E518010,T106211,AUTHORIZED,2026-09-08 16:59:47,2026-09-08 17:00:03,370
E516523,T105698,AUTHORIZED,2026-09-08 17:00:45,2026-09-08 17:00:53,203
E519857,T106832,CREATED,2026-09-09 16:04:16,2026-09-09 16:11:23,261
E520546,T107072,SETTLED,2026-09-09 10:14:39,2026-09-09 10:15:12,438
E518693,T106443,CREATED,2026-09-09 18:56:34,2026-09-09 18:56:36,173
E520183,T106944,SETTLED,2026-09-09 09:40:35,2026-09-09 09:40:37,179
E518189,T106270,CREATED,2026-09-08 19:39:30,2026-09-08 19:39:47,55
E517191,T105929,SETTLED,2026-09-08 09:27:53,2026-09-08 09:28:25,898
E518746,T106460,SETTLED,2026-09-09 07:44:15,2026-09-09 07:44:48,844
E518149,T106256,SETTLED,2026-09-08 07:03:43,2026-09-08 07:04:23,707
E516255,T105606,CREATED,2026-09-08 19:28:43,2026-09-08 19:28:57,227
E517071,T105886,AUTHORIZED,2026-09-08 18:12:01,2026-09-08 18:12:21,413
E517343,T105982,SETTLED,2026-09-08 14:24:36,2026-09-08 14:25:04,123
E520323,T106994,CREATED,2026-09-09 20:36:02,2026-09-09 20:36:14,266
E518675,T106437,AUTHORIZED,2026-09-09 06:50:18,2026-09-09 06:50:45,97
E518575,T106404,CREATED,2026-09-09 09:57:26,2026-09-09 09:57:27,300
E518266,T106296,SETTLED,2026-09-09 16:14:01,2026-09-09 16:14:16,232
E516634,T105738,AUTHORIZED,2026-09-08 10:20:52,2026-09-08 10:21:09,90
E519504,T106712,SETTLED,2026-09-09 16:38:28,2026-09-09 16:38:58,66
E517649,T106085,FAILED,2026-09-08 19:14:23,2026-09-08 19:14:48,464
E518142,T106254,AUTHORIZED,2026-09-08 21:40:45,2026-09-08 21:40:46,300
E517830,T106149,AUTHORIZED,2026-09-08 22:25:41,2026-09-08 22:25:43,482
E516807,T105796,CREATED,2026-09-08 21:37:40,2026-09-08 21:37:41,359
E520033,T106892,AUTHORIZED,2026-09-09 10:48:19,2026-09-09 10:48:20,141
E516126,T105562,CREATED,2026-09-08 16:30:56,2026-09-08 16:31:09,77
E517664,T106090,SETTLED,2026-09-08 10:52:59,2026-09-08 10:53:32,310
E520422,T107029,AUTHORIZED,2026-09-09 10:20:38,2026-09-09 10:20:50,137
E520003,T106881,AUTHORIZED,2026-09-09 08:18:53,2026-09-09 08:19:23,331
E516408,T105658,CREATED,2026-09-08 19:39:53,2026-09-08 19:40:09,59
E517823,T106147,CREATED,2026-09-08 17:07:37,2026-09-08 17:07:49,218
E518053,T106225,AUTHORIZED,2026-09-08 15:29:04,2026-09-08 15:29:06,56
E520244,T106966,AUTHORIZED,2026-09-09 07:35:35,2026-09-09 07:35:52,477
E517043,T105877,SETTLED,2026-09-08 19:07:38,2026-09-08 19:07:39,875
E519575,T106737,CREATED,2026-09-09 07:56:28,2026-09-09 07:56:39,84
E517048,T105879,CREATED,2026-09-08 19:22:39,2026-09-08 19:22:40,112
E520152,T106933,SETTLED,2026-09-09 15:56:26,2026-09-09 17:21:26,105
E518459,T106362,AUTHORIZED,2026-09-09 08:00:25,2026-09-09 08:00:55,312
E517361,T105988,SETTLED,2026-09-08 17:55:37,2026-09-08 17:55:55,774
E517474,T106026,AUTHORIZED,2026-09-08 17:58:22,2026-09-08 17:58:47,464
E516812,T105798,CREATED,2026-09-08 18:34:35,2026-09-08 18:34:50,364
E517622,T106076,CREATED,2026-09-08 17:31:24,2026-09-08 17:31:32,159
E516455,T105674,SETTLED,2026-09-08 22:33:19,2026-09-08 22:33:36,644
E516417,T105661,SETTLED,2026-09-08 21:38:09,2026-09-08 21:38:34,732
E516547,T105706,SETTLED,2026-09-08 14:17:12,2026-09-08 14:17:47,200
E519028,T106554,CREATED,2026-09-09 18:13:02,2026-09-09 18:13:10,170
E516841,T105807,AUTHORIZED,2026-09-08 20:46:32,2026-09-08 20:46:41,354
E520179,T106943,CREATED,2026-09-09 18:28:30,2026-09-09 18:28:46,265
E516076,T105544,AUTHORIZED,2026-09-08 13:58:57,2026-09-08 13:59:15,240
E518478,T106368,SETTLED,2026-09-09 14:13:05,2026-09-09 14:13:35,207
E519934,T106857,SETTLED,2026-09-09 21:02:54,2026-09-09 21:03:37,286
E519203,T106612,SETTLED,2026-09-09 10:01:15,2026-09-09 10:01:23,178
E519168,T106601,AUTHORIZED,2026-09-09 19:08:49,2026-09-09 19:09:16,161
E519890,T106843,AUTHORIZED,2026-09-09 16:23:01,2026-09-09 16:23:10,487
E516924,T105837,AUTHORIZED,2026-09-08 20:27:22,2026-09-08 20:27:27,464
E520591,T107088,SETTLED,2026-09-09 20:30:57,2026-09-09 20:37:23,870
E519380,T106672,CREATED,2026-09-09 17:27:19,2026-09-09 17:27:32,270
E517040,T105876,SETTLED,2026-09-09 01:21:26,2026-09-09 01:21:39,710
E519594,T106742,SETTLED,2026-09-09 09:11:51,2026-09-09 09:41:51,497
E517941,T106187,AUTHORIZED,2026-09-08 21:41:59,2026-09-08 21:42:10,225
E518443,T106356,SETTLED,2026-09-09 21:14:39,2026-09-09 21:15:13,622
E517431,T106012,CREATED,2026-09-08 06:39:46,2026-09-08 06:39:48,51
E518269,T106298,CREATED,2026-09-09 10:01:47,2026-09-09 10:02:05,120
E519304,T106646,CREATED,2026-09-09 08:41:06,2026-09-09 08:41:23,384
E519174,T106603,AUTHORIZED,2026-09-09 12:12:14,2026-09-09 12:12:44,222
E518569,T106401,SETTLED,2026-09-09 06:41:21,2026-09-09 06:41:38,727
E519269,T106635,CREATED,2026-09-09 11:00:11,2026-09-09 11:00:28,43
E518700,T106445,AUTHORIZED,2026-09-09 08:33:13,2026-09-09 08:33:16,171
E519451,T106696,CREATED,2026-09-09 17:37:08,2026-09-09 17:37:16,28
E519561,T106732,AUTHORIZED,2026-09-09 15:30:19,2026-09-09 15:30:44,40
E518270,T106298,AUTHORIZED,2026-09-09 10:01:53,2026-09-09 10:02:07,219
E516616,T105732,CREATED,2026-09-08 15:53:00,2026-09-08 15:53:16,166
E518596,T106411,CREATED,2026-09-09 15:47:05,2026-09-09 15:47:17,41
E516960,T105850,AUTHORIZED,2026-09-08 06:27:26,2026-09-08 06:27:30,179
E516001,T105519,SETTLED,2026-09-08 11:55:38,2026-09-08 11:56:14,825
E519929,T106856,CREATED,2026-09-09 17:55:05,2026-09-09 17:55:14,29
E519092,T106575,AUTHORIZED,2026-09-09 18:19:08,2026-09-09 18:19:21,167
E516384,T105650,AUTHORIZED,2026-09-08 11:29:24,2026-09-08 11:29:37,43
E519362,T106665,AUTHORIZED,2026-09-09 10:12:17,2026-09-09 10:12:27,349
E519438,T106691,AUTHORIZED,2026-09-09 22:19:16,2026-09-09 22:19:35,213
E517408,T106004,AUTHORIZED,2026-09-08 17:03:44,2026-09-08 17:03:56,84
E519216,T106616,SETTLED,2026-09-09 15:45:32,2026-09-09 15:45:41,661
E518495,T106375,CREATED,2026-09-09 20:44:17,2026-09-09 20:44:33,295
E519858,T106832,AUTHORIZED,2026-09-09 16:04:46,2026-09-09 16:05:08,400
E519165,T106600,AUTHORIZED,2026-09-09 15:41:57,2026-09-09 15:42:12,88
E516489,T105686,SETTLED,2026-09-08 21:19:06,2026-09-08 21:19:42,284
E520419,T107028,CREATED,2026-09-09 21:34:40,2026-09-09 21:34:49,331
E517315,T105973,CREATED,2026-09-08 11:28:36,2026-09-08 11:28:44,64
E516939,T105842,SETTLED,2026-09-08 11:25:42,2026-09-08 11:25:55,691
E517360,T105988,AUTHORIZED,2026-09-08 17:42:37,2026-09-08 17:42:53,188
E519955,T106864,SETTLED,2026-09-09 16:17:00,2026-09-09 16:17:28,609
E519303,T106645,SETTLED,2026-09-09 18:48:47,2026-09-09 18:48:48,607
E518760,T106465,AUTHORIZED,2026-09-09 21:57:40,2026-09-09 21:58:10,447
E520112,T106919,AUTHORIZED,2026-09-09 18:11:18,2026-09-09 18:11:28,364
E518074,T106232,AUTHORIZED,2026-09-08 10:54:08,2026-09-08 10:54:36,165
E518614,T106417,CREATED,2026-09-09 06:02:32,2026-09-09 06:02:46,237
E518214,T106278,AUTHORIZED,2026-09-08 20:27:29,2026-09-08 20:27:33,77
E519838,T106825,CREATED,2026-09-09 11:46:17,2026-09-09 11:46:32,82
E519909,T106849,AUTHORIZED,2026-09-09 14:48:53,2026-09-09 14:59:11,454
E520157,T106935,AUTHORIZED,2026-09-09 09:53:43,2026-09-09 09:53:48,110
E518609,T106415,AUTHORIZED,2026-09-09 17:38:07,2026-09-09 17:38:34,463
E516365,T105644,CREATED,2026-09-08 21:16:04,2026-09-08 21:16:21,55
E517096,T105895,AUTHORIZED,2026-09-08 08:30:16,2026-09-08 08:30:20,324
E518061,T106228,AUTHORIZED,2026-09-08 08:23:12,2026-09-08 08:23:20,500
E519515,T106716,FAILED,2026-09-09 13:21:11,2026-09-09 13:21:41,486
E519148,T106594,SETTLED,2026-09-09 18:16:07,2026-09-09 18:16:13,202
E519035,T106556,CREATED,2026-09-09 19:55:30,2026-09-09 19:55:31,359
E516171,T105577,AUTHORIZED,2026-09-08 11:55:07,2026-09-08 11:55:10,300
E517206,T105935,CREATED,2026-09-08 09:05:45,2026-09-08 09:06:02,107
E520551,T107074,AUTHORIZED,2026-09-09 10:19:22,2026-09-09 10:19:31,432
E516783,T105787,SETTLED,2026-09-08 20:10:03,2026-09-08 20:10:27,561
E518594,T106410,AUTHORIZED,2026-09-09 14:41:29,2026-09-09 14:41:59,66
E519122,T106586,CREATED,2026-09-09 08:02:01,2026-09-09 08:02:13,338
E517637,T106081,CREATED,2026-09-08 17:38:36,2026-09-08 17:38:56,136
E516349,T105638,AUTHORIZED,2026-09-08 12:29:18,2026-09-08 12:29:34,170
E516777,T105785,SETTLED,2026-09-08 18:34:26,2026-09-08 18:35:09,335
E517201,T105933,AUTHORIZED,2026-09-08 21:37:23,2026-09-08 21:37:27,484
E519749,T106794,AUTHORIZED,2026-09-09 08:19:16,2026-09-09 08:19:19,202
E516605,T105728,CREATED,2026-09-08 09:10:37,2026-09-08 09:10:43,258
E520502,T107056,AUTHORIZED,2026-09-09 12:29:15,2026-09-09 12:29:32,84
E518896,T106509,SETTLED,2026-09-09 18:17:06,2026-09-09 18:17:28,732
E516062,T105539,SETTLED,2026-09-08 07:46:56,2026-09-08 07:46:57,72
E516531,T105701,CREATED,2026-09-08 07:30:15,2026-09-08 07:30:25,85
E517861,T106160,AUTHORIZED,2026-09-08 06:40:50,2026-09-08 06:41:04,226
E516201,T105587,AUTHORIZED,2026-09-08 07:43:39,2026-09-08 07:43:52,258
E516398,T105655,CREATED,2026-09-08 14:02:57,2026-09-08 14:03:16,247
E517318,T105974,CREATED,2026-09-08 21:36:03,2026-09-08 21:36:15,144
E520103,T106915,SETTLED,2026-09-09 09:34:42,2026-09-09 09:34:48,872
E519052,T106561,SETTLED,2026-09-09 17:21:39,2026-09-09 17:21:49,877
E517763,T106125,SETTLED,2026-09-08 07:02:48,2026-09-08 07:02:58,157
E517621,T106075,SETTLED,2026-09-08 12:07:42,2026-09-08 12:08:00,314
E520224,T106958,SETTLED,2026-09-09 18:24:18,2026-09-09 18:24:59,74
E516637,T105739,AUTHORIZED,2026-09-08 15:35:48,2026-09-08 15:36:13,153
E520396,T107020,AUTHORIZED,2026-09-09 11:45:33,2026-09-09 11:45:53,255
E519155,T106597,AUTHORIZED,2026-09-09 20:37:29,2026-09-09 20:37:34,398
E519007,T106546,SETTLED,2026-09-09 17:58:25,2026-09-09 17:59:05,50
E516021,T105526,CREATED,2026-09-08 13:47:11,2026-09-08 13:47:25,188
E517488,T106031,CREATED,2026-09-08 13:51:13,2026-09-08 13:51:18,221
E516195,T105585,CREATED,2026-09-08 09:30:40,2026-09-08 09:30:57,353
E520181,T106944,CREATED,2026-09-09 09:31:22,2026-09-09 09:31:33,399
E519635,T106756,AUTHORIZED,2026-09-09 15:17:26,2026-09-09 15:17:46,97
E519347,T106661,CREATED,2026-09-09 17:11:30,2026-09-09 17:11:48,259
E519791,T106807,SETTLED,2026-09-09 18:22:25,2026-09-09 18:23:06,862
E517975,T106200,CREATED,2026-09-08 16:29:31,2026-09-08 16:29:43,186
E516766,T105782,CREATED,2026-09-08 14:06:43,2026-09-08 14:07:02,150
E517572,T106059,SETTLED,2026-09-08 20:49:53,2026-09-08 20:50:13,254
E517898,T106172,AUTHORIZED,2026-09-08 17:22:04,2026-09-08 17:22:19,312
E519295,T106643,AUTHORIZED,2026-09-09 07:40:16,2026-09-09 07:40:33,479
E518360,T106329,CREATED,2026-09-09 15:13:08,2026-09-09 15:13:11,397
E516780,T105786,SETTLED,2026-09-08 13:39:16,2026-09-08 13:39:28,256
E520325,T106995,CREATED,2026-09-09 21:00:06,2026-09-09 21:00:09,277
E518775,T106470,AUTHORIZED,2026-09-09 10:08:40,2026-09-09 10:09:06,492
E518033,T106218,SETTLED,2026-09-08 09:04:32,2026-09-08 09:04:39,113
E516530,T105700,SETTLED,2026-09-08 16:52:38,2026-09-08 16:52:53,199
E520197,T106949,SETTLED,2026-09-09 15:14:11,2026-09-09 15:14:48,529
E516224,T105595,SETTLED,2026-09-08 22:53:36,2026-09-08 22:53:37,454
E520578,T107084,CREATED,2026-09-09 19:22:03,2026-09-09 19:22:18,320
E516601,T105726,SETTLED,2026-09-08 09:32:09,2026-09-08 09:32:33,261
E518105,T106241,SETTLED,2026-09-08 21:02:36,2026-09-08 21:02:49,621
E516495,T105688,SETTLED,2026-09-08 13:26:24,2026-09-08 13:26:51,103
E520277,T106978,AUTHORIZED,2026-09-09 06:41:59,2026-09-09 06:42:27,291
E520150,T106933,CREATED,2026-09-09 15:52:54,2026-09-09 15:53:01,211
E516657,T105746,CREATED,2026-09-08 07:43:13,2026-09-08 07:43:30,317
E517534,T106046,AUTHORIZED,2026-09-08 06:11:44,2026-09-08 06:12:11,77
E516771,T105783,SETTLED,2026-09-08 11:58:38,2026-09-08 11:58:48,116
E519271,T106635,SETTLED,2026-09-09 11:07:43,2026-09-09 11:08:19,832
E518195,T106272,CREATED,2026-09-08 10:26:10,2026-09-08 10:26:13,197
E516566,T105714,CREATED,2026-09-08 13:12:05,2026-09-08 13:12:10,286
E518248,T106290,AUTHORIZED,2026-09-08 10:42:22,2026-09-08 10:42:40,276
E517660,T106089,SETTLED,2026-09-08 15:53:47,2026-09-08 15:54:05,711
E517012,T105868,CREATED,2026-09-08 07:11:34,2026-09-08 07:11:35,350
E518007,T106210,AUTHORIZED,2026-09-08 21:16:35,2026-09-08 21:16:57,216
E519954,T106864,AUTHORIZED,2026-09-09 16:08:00,2026-09-09 16:08:27,335
E517471,T106025,SETTLED,2026-09-08 18:29:08,2026-09-08 19:13:08,837
E516314,T105626,AUTHORIZED,2026-09-08 16:52:16,2026-09-08 16:52:33,93
E520571,T107081,SETTLED,2026-09-09 16:20:32,2026-09-09 16:21:09,370
E519339,T106658,CREATED,2026-09-09 20:26:30,2026-09-09 20:26:44,252
E518119,T106246,AUTHORIZED,2026-09-08 14:41:27,2026-09-08 14:41:33,40
E516827,T105803,AUTHORIZED,2026-09-08 06:05:37,2026-09-08 06:05:41,277
E516571,T105715,SETTLED,2026-09-08 13:14:47,2026-09-08 13:15:11,483
E520310,T106989,AUTHORIZED,2026-09-09 17:02:03,2026-09-09 17:02:21,181
E519563,T106733,CREATED,2026-09-09 15:04:54,2026-09-09 15:05:09,179
E517084,T105891,AUTHORIZED,2026-09-08 21:17:07,2026-09-08 21:17:29,449
E516401,T105656,CREATED,2026-09-08 19:34:39,2026-09-08 19:34:53,37
E517196,T105931,SETTLED,2026-09-08 07:03:12,2026-09-08 07:03:26,876
E519089,T106574,AUTHORIZED,2026-09-09 07:22:14,2026-09-09 07:22:34,366
E517021,T105871,CREATED,2026-09-08 17:45:37,2026-09-08 17:45:55,252
E517733,T106115,CREATED,2026-09-08 19:19:36,2026-09-08 19:19:37,294
E518978,T106537,CREATED,2026-09-09 17:31:44,2026-09-09 17:31:50,260
E518862,T106498,AUTHORIZED,2026-09-09 15:27:44,2026-09-09 15:27:58,472
E519947,T106862,CREATED,2026-09-09 15:08:35,2026-09-09 15:08:36,180
E518365,T106330,SETTLED,2026-09-09 14:40:52,2026-09-09 14:41:19,803
E518660,T106432,SETTLED,2026-09-09 22:36:45,2026-09-09 22:37:11,158
E520391,T107018,SETTLED,2026-09-09 15:27:45,2026-09-09 15:28:01,757
E520167,T106938,SETTLED,2026-09-09 11:19:46,2026-09-09 11:20:14,248
E517204,T105934,AUTHORIZED,2026-09-08 09:31:34,2026-09-08 09:31:46,145
E515966,T105507,SETTLED,2026-09-09 09:27:04,2026-09-09 09:27:39,36
E518524,T106385,AUTHORIZED,2026-09-09 10:26:54,2026-09-09 10:27:23,207
E516914,T105833,SETTLED,2026-09-08 17:24:27,2026-09-08 17:24:58,139
E519341,T106658,SETTLED,2026-09-09 20:47:49,2026-09-09 20:47:59,556
E516584,T105720,AUTHORIZED,2026-09-08 14:50:08,2026-09-08 14:50:22,52
E517113,T105902,CREATED,2026-09-08 13:31:05,2026-09-08 13:31:06,264
E516986,T105859,AUTHORIZED,2026-09-08 16:12:03,2026-09-08 16:12:20,355
E520115,T106920,AUTHORIZED,2026-09-09 09:19:00,2026-09-09 09:19:12,278
E518826,T106486,AUTHORIZED,2026-09-09 10:34:37,2026-09-09 10:34:56,492
E518559,T106398,AUTHORIZED,2026-09-09 19:09:56,2026-09-09 19:10:22,139
E520120,T106922,CREATED,2026-09-09 15:05:41,2026-09-09 15:05:45,252
E520039,T106894,CREATED,2026-09-09 07:15:34,2026-09-09 07:15:43,137
E520429,T107031,SETTLED,2026-09-09 11:19:54,2026-09-09 11:20:24,730
E517521,T106042,SETTLED,2026-09-08 15:08:37,2026-09-08 15:09:11,630
E520261,T106972,FAILED,2026-09-09 19:57:21,2026-09-09 19:57:22,328
E519977,T106872,AUTHORIZED,2026-09-09 20:44:31,2026-09-09 20:45:00,170
E516815,T105799,CREATED,2026-09-08 09:22:21,2026-09-08 09:22:25,293
E520513,T107060,CREATED,2026-09-09 13:13:24,2026-09-09 13:13:38,187
E519023,T106552,AUTHORIZED,2026-09-09 10:37:21,2026-09-09 10:37:49,485
E519539,T106725,CREATED,2026-09-09 15:24:06,2026-09-09 15:24:24,85
E517953,T106191,SETTLED,2026-09-08 19:00:19,2026-09-08 19:00:43,687
E519626,T106753,AUTHORIZED,2026-09-09 21:44:50,2026-09-09 21:45:17,246
E517455,T106020,CREATED,2026-09-08 17:50:01,2026-09-08 17:50:04,389
E516594,T105724,CREATED,2026-09-08 07:10:36,2026-09-08 07:10:53,329
E518959,T106531,CREATED,2026-09-09 22:12:36,2026-09-09 22:12:44,46
E518348,T106324,AUTHORIZED,2026-09-09 18:49:30,2026-09-09 18:49:53,120
E516862,T105814,SETTLED,2026-09-08 12:55:43,2026-09-08 12:55:58,510
E519916,T106851,SETTLED,2026-09-09 19:17:58,2026-09-09 19:18:31,42
E516206,T105589,CREATED,2026-09-08 08:39:18,2026-09-08 08:39:32,313
E517575,T106060,AUTHORIZED,2026-09-08 10:34:30,2026-09-08 10:34:45,415
E520311,T106989,SETTLED,2026-09-09 17:30:03,2026-09-09 17:30:32,366
E520035,T106892,SETTLED,2026-09-09 10:59:19,2026-09-09 10:59:20,505
E517912,T106177,CREATED,2026-09-08 20:01:04,2026-09-08 20:01:12,56
E520188,T106946,AUTHORIZED,2026-09-09 17:41:30,2026-09-09 17:41:51,400
E516169,T105576,SETTLED,2026-09-08 07:57:46,2026-09-08 07:58:02,304
E517258,T105953,AUTHORIZED,2026-09-08 12:58:11,2026-09-08 12:58:29,455
E517591,T106066,CREATED,2026-09-08 07:36:18,2026-09-08 07:36:33,313
E518898,T106510,AUTHORIZED,2026-09-09 19:43:40,2026-09-09 19:43:58,187
E518340,T106321,SETTLED,2026-09-09 19:22:31,2026-09-09 19:22:37,875
E518453,T106360,CREATED,2026-09-09 21:13:30,2026-09-09 21:13:38,224
E520007,T106882,SETTLED,2026-09-09 22:03:24,2026-09-09 22:03:44,522
E517055,T105881,AUTHORIZED,2026-09-08 11:02:22,2026-09-08 11:02:46,106
E517010,T105867,SETTLED,2026-09-08 14:32:39,2026-09-08 14:32:53,609
E516948,T105846,AUTHORIZED,2026-09-08 09:59:14,2026-09-08 09:59:36,480
E517698,T106103,AUTHORIZED,2026-09-08 06:05:39,2026-09-08 06:05:54,336
E518633,T106423,SETTLED,2026-09-09 12:54:34,2026-09-09 12:54:58,573
E519234,T106622,SETTLED,2026-09-09 22:00:40,2026-09-09 22:00:53,504
E518942,T106525,CREATED,2026-09-09 17:56:56,2026-09-09 17:57:04,81
E518741,T106458,SETTLED,2026-09-09 10:05:24,2026-09-09 11:28:24,124
E518263,T106296,CREATED,2026-09-09 16:00:38,2026-09-09 16:00:57,114
E518779,T106471,SETTLED,2026-09-09 06:29:39,2026-09-09 06:29:57,63
E519643,T106759,CREATED,2026-09-09 10:20:24,2026-09-09 10:20:28,265
E518766,T106467,AUTHORIZED,2026-09-09 18:56:03,2026-09-09 18:56:33,182
E516675,T105752,CREATED,2026-09-08 19:44:19,2026-09-08 19:44:32,195
E517472,T106025,SETTLED,2026-09-08 18:36:08,2026-09-08 18:36:51,39
E520508,T107058,AUTHORIZED,2026-09-09 06:58:14,2026-09-09 06:58:42,197
E520240,T106964,SETTLED,2026-09-09 22:23:19,2026-09-09 22:23:32,832
E516407,T105657,SETTLED,2026-09-08 19:26:54,2026-09-08 19:27:08,741
E517246,T105949,CREATED,2026-09-08 13:39:16,2026-09-08 13:39:28,92
E517231,T105943,AUTHORIZED,2026-09-08 17:54:51,2026-09-08 17:55:21,306
E519951,T106863,AUTHORIZED,2026-09-09 09:28:42,2026-09-09 09:29:08,154
E520389,T107018,CREATED,2026-09-09 15:07:31,2026-09-09 15:07:34,267
E519457,T106697,SETTLED,2026-09-09 17:07:53,2026-09-09 17:08:18,357
E519673,T106768,SETTLED,2026-09-09 19:03:02,2026-09-09 20:21:02,594
E518753,T106463,CREATED,2026-09-09 21:13:24,2026-09-09 21:13:39,310
E517378,T105994,AUTHORIZED,2026-09-08 06:50:30,2026-09-08 06:50:31,356
E518283,T106302,SETTLED,2026-09-09 19:09:48,2026-09-09 19:10:12,455
E518684,T106440,AUTHORIZED,2026-09-09 15:44:42,2026-09-09 15:44:56,66
E516484,T105685,CREATED,2026-09-08 15:34:11,2026-09-08 15:34:13,340
E517642,T106083,CREATED,2026-09-08 15:23:30,2026-09-08 15:23:32,106
E516312,T105625,SETTLED,2026-09-08 22:45:31,2026-09-08 22:54:31,858
E516643,T105741,AUTHORIZED,2026-09-08 10:51:42,2026-09-08 10:51:52,258
E517335,T105980,CREATED,2026-09-08 11:19:23,2026-09-08 11:19:42,132
E518088,T106236,SETTLED,2026-09-08 17:31:49,2026-09-08 17:32:11,852
E520121,T106922,AUTHORIZED,2026-09-09 15:06:16,2026-09-09 15:06:21,161
E517811,T106142,SETTLED,2026-09-08 22:24:04,2026-09-08 22:24:14,677
E517016,T105869,AUTHORIZED,2026-09-08 09:24:01,2026-09-08 09:24:18,434
E518747,T106461,CREATED,2026-09-09 15:27:02,2026-09-09 15:27:10,268
E516750,T105776,SETTLED,2026-09-08 20:05:32,2026-09-08 20:05:46,733
E517942,T106187,SETTLED,2026-09-08 22:04:59,2026-09-08 22:05:25,895
E518106,T106242,CREATED,2026-09-08 22:06:02,2026-09-08 22:06:03,182
E519355,T106663,SETTLED,2026-09-09 20:20:41,2026-09-09 21:41:41,44
E520463,T107042,SETTLED,2026-09-09 22:07:57,2026-09-09 22:08:11,345
E517967,T106197,CREATED,2026-09-08 08:48:07,2026-09-08 08:48:18,302
E519681,T106771,AUTHORIZED,2026-09-09 13:53:56,2026-09-09 13:54:22,117
E520226,T106959,AUTHORIZED,2026-09-09 18:17:02,2026-09-09 18:17:09,331
E517352,T105986,CREATED,2026-09-08 07:03:17,2026-09-08 07:03:35,116
E520566,T107080,CREATED,2026-09-09 10:18:09,2026-09-09 10:18:24,44
E516921,T105836,AUTHORIZED,2026-09-08 10:16:59,2026-09-08 10:17:12,63
E518526,T106386,CREATED,2026-09-09 17:36:34,2026-09-09 17:36:42,80
E520400,T107021,SETTLED,2026-09-09 20:49:51,2026-09-09 20:50:04,277
E516759,T105779,SETTLED,2026-09-08 21:59:40,2026-09-08 22:00:14,512
E519574,T106736,SETTLED,2026-09-09 10:58:53,2026-09-09 10:59:06,353
E517405,T106003,AUTHORIZED,2026-09-08 09:43:17,2026-09-08 09:43:35,394
E517045,T105878,AUTHORIZED,2026-09-08 12:03:19,2026-09-08 12:03:21,444
E516101,T105553,CREATED,2026-09-08 17:08:37,2026-09-08 17:08:57,356
E520137,T106928,CREATED,2026-09-09 17:42:52,2026-09-09 17:43:03,357
E520203,T106951,SETTLED,2026-09-09 12:42:18,2026-09-09 12:42:44,217
E517344,T105983,CREATED,2026-09-08 20:11:15,2026-09-08 20:11:18,279
E518723,T106452,AUTHORIZED,2026-09-09 15:11:10,2026-09-09 15:11:21,431
E515965,T105507,AUTHORIZED,2026-09-08 17:01:04,2026-09-08 17:01:11,162
E518498,T106375,SETTLED,2026-09-09 20:59:31,2026-09-09 21:00:12,870
E517420,T106008,SETTLED,2026-09-08 19:50:20,2026-09-08 19:51:01,546
E518900,T106510,SETTLED,2026-09-09 20:13:40,2026-09-09 20:14:18,112
E517655,T106087,SETTLED,2026-09-08 18:06:31,2026-09-08 18:06:52,111
E519382,T106673,CREATED,2026-09-09 18:40:33,2026-09-09 18:40:34,274
E517211,T105936,AUTHORIZED,2026-09-08 17:27:21,2026-09-08 17:27:37,196
E518183,T106268,AUTHORIZED,2026-09-08 16:33:04,2026-09-08 16:33:08,112
E516449,T105672,SETTLED,2026-09-08 07:07:03,2026-09-08 07:07:46,229
E518408,T106345,AUTHORIZED,2026-09-09 17:07:53,2026-09-09 17:08:16,57
E520321,T106993,AUTHORIZED,2026-09-09 16:20:06,2026-09-09 16:20:21,209
E516846,T105809,CREATED,2026-09-08 08:08:35,2026-09-08 08:08:41,360
E518783,T106473,CREATED,2026-09-09 08:45:02,2026-09-09 08:45:12,82
E517696,T106102,AUTHORIZED,2026-09-08 11:37:37,2026-09-08 11:37:52,329
E518899,T106510,SETTLED,2026-09-09 20:07:40,2026-09-09 20:08:20,538
E517005,T105866,CREATED,2026-09-08 21:21:35,2026-09-08 21:21:39,22
E515959,T105505,AUTHORIZED,2026-09-08 15:46:56,2026-09-08 15:47:05,86
E518509,T106380,CREATED,2026-09-09 09:18:07,2026-09-09 09:18:27,341
E520556,T107076,AUTHORIZED,2026-09-09 14:49:05,2026-09-09 14:49:23,52
E519190,T106608,AUTHORIZED,2026-09-09 12:45:39,2026-09-09 12:45:48,253
E517753,T106122,FAILED,2026-09-08 14:21:19,2026-09-08 14:21:27,433
E519862,T106834,CREATED,2026-09-09 22:21:20,2026-09-09 22:21:39,257
E517494,T106033,CREATED,2026-09-08 09:51:03,2026-09-08 09:51:06,315
E518037,T106220,CREATED,2026-09-08 17:42:46,2026-09-08 17:43:01,267
E516415,T105661,CREATED,2026-09-08 21:09:31,2026-09-08 21:09:45,370
E517781,T106132,AUTHORIZED,2026-09-08 10:14:55,2026-09-08 10:15:08,173
E517919,T106179,FAILED,2026-09-08 06:44:51,2026-09-08 06:45:04,317
E519246,T106626,SETTLED,2026-09-09 16:32:19,2026-09-09 16:32:34,364
E519406,T106681,CREATED,2026-09-09 11:47:31,2026-09-09 11:47:47,21
E516712,T105764,AUTHORIZED,2026-09-08 15:15:21,2026-09-08 15:15:48,287
E516028,T105528,AUTHORIZED,2026-09-08 09:51:42,2026-09-08 09:52:03,480
E516002,T105520,CREATED,2026-09-08 22:09:55,2026-09-08 22:10:09,250
E518220,T106280,SETTLED,2026-09-08 11:23:00,2026-09-08 11:23:37,267
E517646,T106084,AUTHORIZED,2026-09-08 13:53:28,2026-09-08 13:53:46,143
E519656,T106763,CREATED,2026-09-09 11:03:49,2026-09-09 11:03:50,159
E518093,T106238,CREATED,2026-09-08 13:43:44,2026-09-08 13:44:01,132
E516820,T105800,SETTLED,2026-09-08 16:16:28,2026-09-08 16:16:52,393
E518170,T106264,CREATED,2026-09-08 09:49:20,2026-09-08 09:49:32,140
E518091,T106237,SETTLED,2026-09-08 14:24:33,2026-09-08 14:24:42,810
E518308,T106310,AUTHORIZED,2026-09-09 12:52:12,2026-09-09 12:52:26,323
E519974,T106871,CREATED,2026-09-09 06:23:27,2026-09-09 06:23:28,277
E516470,T105680,AUTHORIZED,2026-09-08 15:39:29,2026-09-08 15:39:51,271
E516680,T105753,SETTLED,2026-09-08 08:23:44,2026-09-08 08:23:52,46
E517634,T106080,CREATED,2026-09-08 17:07:41,2026-09-08 17:07:42,223
E518871,T106501,AUTHORIZED,2026-09-09 17:19:26,2026-09-09 17:19:53,97
E520299,T106985,SETTLED,2026-09-09 10:36:52,2026-09-09 10:36:55,888
E517788,T106134,SETTLED,2026-09-08 09:27:40,2026-09-08 09:28:03,794
E516580,T105719,CREATED,2026-09-08 17:27:25,2026-09-08 17:27:41,211
E520320,T106993,CREATED,2026-09-09 16:19:59,2026-09-09 16:20:07,250
E519894,T106845,CREATED,2026-09-09 11:31:08,2026-09-09 11:31:21,56
E518832,T106488,AUTHORIZED,2026-09-09 14:37:57,2026-09-09 14:37:59,478
E519075,T106569,SETTLED,2026-09-09 20:31:06,2026-09-09 20:31:51,270
E517870,T106163,AUTHORIZED,2026-09-08 11:41:00,2026-09-08 11:41:12,124
E520522,T107063,AUTHORIZED,2026-09-09 18:37:12,2026-09-09 18:37:38,191
E519525,T106720,CREATED,2026-09-09 19:08:12,2026-09-09 19:08:23,40
E518619,T106418,SETTLED,2026-09-09 21:07:24,2026-09-09 21:07:51,308
E519409,T106682,CREATED,2026-09-09 11:36:16,2026-09-09 11:36:20,83
E519458,T106698,CREATED,2026-09-09 22:57:47,2026-09-09 22:57:57,234
E518060,T106228,CREATED,2026-09-08 08:23:04,2026-09-08 08:23:12,88
E516623,T105734,SETTLED,2026-09-08 17:09:55,2026-09-08 17:10:19,141
E520070,T106905,CREATED,2026-09-09 15:55:28,2026-09-09 15:55:36,308
E517524,T106043,AUTHORIZED,2026-09-08 21:50:15,2026-09-08 21:50:35,375
E519783,T106805,CREATED,2026-09-09 12:55:05,2026-09-09 12:55:09,123
E519301,T106645,AUTHORIZED,2026-09-09 18:18:47,2026-09-09 18:18:49,179
E518075,T106232,SETTLED,2026-09-08 11:17:08,2026-09-08 11:17:32,721
E518593,T106410,CREATED,2026-09-09 14:40:57,2026-09-09 14:41:13,56
E516433,T105667,AUTHORIZED,2026-09-08 15:52:44,2026-09-08 15:52:55,23
E517745,T106119,CREATED,2026-09-08 08:44:31,2026-09-08 08:44:47,173
E516331,T105632,CREATED,2026-09-08 18:30:50,2026-09-08 18:30:53,317
E518920,T106517,AUTHORIZED,2026-09-09 08:27:13,2026-09-09 08:27:39,362
E519106,T106580,CREATED,2026-09-09 19:22:29,2026-09-09 19:22:36,387
E519474,T106703,AUTHORIZED,2026-09-09 17:49:50,2026-09-09 17:49:56,329
E519095,T106576,AUTHORIZED,2026-09-09 10:40:23,2026-09-09 10:40:41,182
E516485,T105685,AUTHORIZED,2026-09-08 15:34:45,2026-09-08 15:35:05,242
E519258,T106631,AUTHORIZED,2026-09-09 08:45:50,2026-09-09 08:46:12,302
E519251,T106628,AUTHORIZED,2026-09-09 07:07:21,2026-09-09 07:07:30,368
E518426,T106351,CREATED,2026-09-09 17:29:24,2026-09-09 17:29:30,35
E518941,T106524,AUTHORIZED,2026-09-09 11:12:37,2026-09-09 11:13:03,436
E519313,T106649,CREATED,2026-09-09 10:11:47,2026-09-09 10:11:58,185
E516545,T105706,CREATED,2026-09-08 13:52:39,2026-09-08 13:52:55,29
E517689,T106100,CREATED,2026-09-08 17:52:35,2026-09-08 17:52:49,156
E518519,T106383,AUTHORIZED,2026-09-09 08:51:55,2026-09-09 08:52:20,451
E516456,T105675,CREATED,2026-09-08 20:07:42,2026-09-08 20:07:56,108
E516981,T105857,SETTLED,2026-09-08 23:14:30,2026-09-08 23:14:41,638
E518438,T106354,SETTLED,2026-09-09 08:33:34,2026-09-09 08:33:37,108
E516483,T105684,SETTLED,2026-09-08 22:48:55,2026-09-08 22:49:32,292
E517286,T105963,CREATED,2026-09-08 12:01:02,2026-09-08 12:01:06,225
E517183,T105926,SETTLED,2026-09-08 14:31:10,2026-09-08 14:31:32,650
E520225,T106959,CREATED,2026-09-09 18:16:54,2026-09-09 18:17:07,113
E517435,T106013,AUTHORIZED,2026-09-08 12:42:41,2026-09-08 12:42:54,197
E519192,T106609,CREATED,2026-09-09 20:52:39,2026-09-09 20:52:48,102
E518139,T106253,AUTHORIZED,2026-09-08 13:53:10,2026-09-08 13:53:33,264
E517841,T106153,AUTHORIZED,2026-09-08 12:47:22,2026-09-08 12:47:45,448
E520191,T106947,SETTLED,2026-09-09 14:58:48,2026-09-09 14:58:53,728
E518135,T106251,SETTLED,2026-09-08 10:35:03,2026-09-08 10:35:32,58
E517169,T105922,CREATED,2026-09-08 21:15:09,2026-09-08 21:15:10,88
E519098,T106577,AUTHORIZED,2026-09-09 15:39:25,2026-09-09 15:39:45,367
E519049,T106560,SETTLED,2026-09-09 08:57:14,2026-09-09 08:57:22,119
E517627,T106077,SETTLED,2026-09-08 19:24:44,2026-09-08 19:25:11,611
E518044,T106222,AUTHORIZED,2026-09-08 10:13:29,2026-09-08 10:13:40,440
E516245,T105602,SETTLED,2026-09-08 21:35:13,2026-09-08 21:35:34,722
E517885,T106168,CREATED,2026-09-08 08:37:29,2026-09-08 08:37:46,260
E520411,T107025,AUTHORIZED,2026-09-09 06:24:20,2026-09-09 06:24:23,494
E519865,T106835,CREATED,2026-09-09 22:23:08,2026-09-09 22:23:24,306
E518534,T106389,CREATED,2026-09-09 09:24:22,2026-09-09 09:24:24,35
E516775,T105785,CREATED,2026-09-08 18:24:04,2026-09-08 18:24:13,154
E517920,T106180,CREATED,2026-09-08 09:12:49,2026-09-08 09:13:01,155
E516121,T105560,AUTHORIZED,2026-09-08 19:55:44,2026-09-08 19:55:51,363
E520340,T107000,CREATED,2026-09-09 10:20:37,2026-09-09 10:20:49,226
E518722,T106452,CREATED,2026-09-09 15:10:42,2026-09-09 15:10:49,92
E517467,T106024,AUTHORIZED,2026-09-08 08:07:21,2026-09-08 08:07:22,466
E518946,T106526,SETTLED,2026-09-09 22:58:32,2026-09-09 22:58:59,826
E520585,T107086,AUTHORIZED,2026-09-09 22:41:05,2026-09-09 22:41:24,346
E519485,T106706,SETTLED,2026-09-09 14:49:59,2026-09-09 14:50:28,713
E518324,T106315,SETTLED,2026-09-09 10:27:58,2026-09-09 10:28:06,469
E519231,T106622,CREATED,2026-09-09 21:47:16,2026-09-09 21:47:32,192
E517656,T106088,CREATED,2026-09-08 11:53:19,2026-09-08 11:53:32,66
E520239,T106964,AUTHORIZED,2026-09-09 22:00:19,2026-09-09 22:00:21,262
E519070,T106568,CREATED,2026-09-09 19:34:18,2026-09-09 19:34:37,53
E516170,T105577,CREATED,2026-09-08 11:54:37,2026-09-08 11:54:51,60
E516166,T105575,SETTLED,2026-09-08 13:01:54,2026-09-08 13:02:01,664
E520550,T107074,CREATED,2026-09-09 10:18:52,2026-09-09 10:19:00,123
E516609,T105729,AUTHORIZED,2026-09-08 06:32:41,2026-09-08 06:33:08,68
E517273,T105958,FAILED,2026-09-08 18:01:12,2026-09-08 18:01:42,459
E516474,T105682,CREATED,2026-09-08 21:05:45,2026-09-08 21:06:02,147
E517480,T106028,AUTHORIZED,2026-09-08 06:21:19,2026-09-08 06:21:26,266
E517878,T106165,SETTLED,2026-09-08 09:21:44,2026-09-08 10:05:44,821
E520593,T107089,CREATED,2026-09-09 09:53:08,2026-09-09 09:53:26,194
E519114,T106582,SETTLED,2026-09-09 06:39:06,2026-09-09 06:39:45,133
E520335,T106998,SETTLED,2026-09-09 10:54:20,2026-09-09 10:54:30,100
E519444,T106693,AUTHORIZED,2026-09-09 06:49:16,2026-09-09 06:49:23,224
E520161,T106936,SETTLED,2026-09-09 21:19:46,2026-09-09 21:20:28,518
E518396,T106341,AUTHORIZED,2026-09-09 10:22:46,2026-09-09 10:23:06,221
E517554,T106053,SETTLED,2026-09-08 14:51:03,2026-09-08 14:51:05,603
E517101,T105897,CREATED,2026-09-08 19:59:06,2026-09-08 19:59:10,125
E520131,T106926,CREATED,2026-09-09 06:02:42,2026-09-09 06:02:47,192
E517576,T106060,SETTLED,2026-09-08 10:36:30,2026-09-08 10:36:44,424
E518229,T106283,SETTLED,2026-09-08 06:18:07,2026-09-08 06:18:36,790
E519687,T106773,CREATED,2026-09-09 10:20:06,2026-09-09 10:20:20,267
E516134,T105564,SETTLED,2026-09-09 05:48:13,2026-09-09 05:48:29,653
E519868,T106836,CREATED,2026-09-09 18:17:38,2026-09-09 18:17:41,301
E516691,T105757,AUTHORIZED,2026-09-08 10:50:55,2026-09-08 10:51:15,186
E516656,T105745,SETTLED,2026-09-08 09:33:44,2026-09-08 09:34:17,443
E518787,T106474,AUTHORIZED,2026-09-09 18:08:48,2026-09-09 18:09:16,473
E518477,T106368,AUTHORIZED,2026-09-09 14:02:05,2026-09-09 14:02:14,471
E519287,T106641,CREATED,2026-09-09 21:37:44,2026-09-09 21:37:53,57
E519061,T106564,SETTLED,2026-09-09 21:38:03,2026-09-09 21:38:43,162
E517372,T105992,AUTHORIZED,2026-09-08 12:18:17,2026-09-08 12:18:36,338
E516500,T105690,AUTHORIZED,2026-09-08 14:44:19,2026-09-08 14:44:41,230
E519819,T106818,CREATED,2026-09-09 09:38:27,2026-09-09 09:38:45,389
E520307,T106988,CREATED,2026-09-09 20:33:56,2026-09-09 20:34:14,133
E518932,T106521,AUTHORIZED,2026-09-09 07:23:40,2026-09-09 07:24:01,332
E517019,T105870,AUTHORIZED,2026-09-08 07:52:54,2026-09-08 07:53:03,153
E517173,T105923,AUTHORIZED,2026-09-08 20:35:35,2026-09-08 20:35:49,340
E516251,T105604,FAILED,2026-09-08 17:43:22,2026-09-08 17:43:36,485
E516929,T105839,CREATED,2026-09-08 07:47:41,2026-09-08 07:47:55,250
E518285,T106303,AUTHORIZED,2026-09-09 06:29:37,2026-09-09 06:29:39,164
E519423,T106686,SETTLED,2026-09-09 13:13:52,2026-09-09 13:13:58,376
E520300,T106986,CREATED,2026-09-09 16:21:00,2026-09-09 16:21:01,301
E519597,T106743,SETTLED,2026-09-09 21:32:19,2026-09-09 21:32:50,89
E517153,T105916,CREATED,2026-09-08 17:43:40,2026-09-08 17:43:55,102
E518933,T106521,SETTLED,2026-09-09 07:32:40,2026-09-09 07:33:05,458
E517338,T105981,CREATED,2026-09-08 20:04:58,2026-09-08 20:05:15,50
E519115,T106583,CREATED,2026-09-09 21:52:27,2026-09-09 21:52:29,230
E516374,T105647,AUTHORIZED,2026-09-08 06:57:46,2026-09-08 06:57:48,329
E516668,T105749,SETTLED,2026-09-08 22:41:42,2026-09-08 22:41:49,429
E518267,T106297,CREATED,2026-09-09 13:23:05,2026-09-09 13:23:17,74
E519365,T106667,CREATED,2026-09-09 09:42:00,2026-09-09 09:42:13,69
E518962,T106531,SETTLED,2026-09-09 22:31:13,2026-09-09 22:31:45,185
E517726,T106113,CREATED,2026-09-08 16:24:08,2026-09-08 16:24:23,397
E516586,T105721,AUTHORIZED,2026-09-08 12:24:59,2026-09-08 12:25:09,29
E517118,T105903,SETTLED,2026-09-08 13:05:43,2026-09-08 13:45:43,497
E516185,T105582,CREATED,2026-09-08 07:23:04,2026-09-08 07:23:09,120
E519806,T106813,SETTLED,2026-09-09 19:57:07,2026-09-09 19:57:47,530
E516533,T105701,SETTLED,2026-09-08 07:58:23,2026-09-08 07:58:34,364
E519217,T106617,CREATED,2026-09-09 07:15:36,2026-09-09 07:15:51,325
E517282,T105961,SETTLED,2026-09-08 11:54:03,2026-09-08 12:05:03,53
E517123,T105905,CREATED,2026-09-08 11:09:58,2026-09-08 11:10:05,270
E518303,T106309,CREATED,2026-09-09 18:14:57,2026-09-09 18:15:02,205
E519899,T106846,AUTHORIZED,2026-09-09 21:19:02,2026-09-09 21:19:06,482
E517748,T106120,CREATED,2026-09-08 13:00:56,2026-09-08 13:01:10,182
E515987,T105515,CREATED,2026-09-08 21:58:03,2026-09-08 21:58:13,106
E519867,T106835,SETTLED,2026-09-09 22:48:18,2026-09-09 22:48:47,216
E518023,T106215,SETTLED,2026-09-08 07:41:59,2026-09-08 07:42:37,439
E519547,T106727,FAILED,2026-09-09 19:26:40,2026-09-09 19:33:04,400
E518137,T106252,AUTHORIZED,2026-09-08 20:36:16,2026-09-08 20:36:22,22
E516860,T105814,CREATED,2026-09-08 12:39:06,2026-09-08 12:39:20,93
E519827,T106821,CREATED,2026-09-09 15:37:51,2026-09-09 15:38:04,198
E517217,T105938,SETTLED,2026-09-08 08:58:10,2026-09-08 08:58:35,342
E516364,T105643,SETTLED,2026-09-08 22:10:44,2026-09-08 22:22:44,284
E519590,T106741,SETTLED,2026-09-09 12:25:49,2026-09-09 12:25:54,487
E517241,T105947,CREATED,2026-09-08 09:04:37,2026-09-08 09:04:56,54
E520271,T106976,AUTHORIZED,2026-09-09 18:30:10,2026-09-09 18:30:31,235
E518681,T106439,AUTHORIZED,2026-09-09 15:53:04,2026-09-09 15:53:26,264
E520333,T106998,CREATED,2026-09-09 10:30:10,2026-09-09 10:30:28,369
E520106,T106916,SETTLED,2026-09-09 08:40:49,2026-09-09 08:40:50,144
E519652,T106762,CREATED,2026-09-09 12:02:45,2026-09-09 12:02:48,198
E518194,T106271,SETTLED,2026-09-08 11:42:51,2026-09-08 11:43:07,65
E518056,T106226,SETTLED,2026-09-08 17:31:19,2026-09-08 17:31:33,142
E516893,T105826,CREATED,2026-09-08 21:08:27,2026-09-08 21:08:30,347
E517500,T106035,AUTHORIZED,2026-09-08 21:03:10,2026-09-08 21:03:31,172
E518114,T106244,SETTLED,2026-09-08 15:59:57,2026-09-08 16:00:28,437
E519442,T106692,SETTLED,2026-09-09 23:57:08,2026-09-09 23:57:45,254
E518399,T106342,AUTHORIZED,2026-09-09 07:02:34,2026-09-09 07:02:53,465
E520459,T107041,SETTLED,2026-09-09 18:08:02,2026-09-09 18:08:04,217
E516044,T105533,SETTLED,2026-09-08 14:05:22,2026-09-08 14:05:43,157
E517565,T106057,AUTHORIZED,2026-09-08 22:57:45,2026-09-08 22:58:08,202
E517561,T106056,CREATED,2026-09-08 06:56:37,2026-09-08 06:56:52,274
E517088,T105892,SETTLED,2026-09-08 11:36:00,2026-09-08 11:36:29,135
E516405,T105657,AUTHORIZED,2026-09-08 18:52:54,2026-09-08 18:53:23,250
E517109,T105900,CREATED,2026-09-08 19:23:38,2026-09-08 19:23:40,317
E519100,T106578,CREATED,2026-09-09 22:18:54,2026-09-09 22:18:59,53
E516817,T105799,SETTLED,2026-09-08 09:30:53,2026-09-08 09:31:16,250
E519230,T106621,SETTLED,2026-09-09 15:59:19,2026-09-09 15:59:32,870
E520385,T107016,CREATED,2026-09-09 20:01:32,2026-09-09 20:01:46,155
E519731,T106788,AUTHORIZED,2026-09-09 11:48:25,2026-09-09 11:48:50,331
E519903,T106847,AUTHORIZED,2026-09-09 15:26:57,2026-09-09 15:27:21,56
E517485,T106030,CREATED,2026-09-08 21:55:44,2026-09-08 21:56:04,381
E516954,T105848,AUTHORIZED,2026-09-08 22:42:34,2026-09-08 22:43:01,195
E517586,T106064,CREATED,2026-09-08 11:02:45,2026-09-08 11:02:59,77
E520541,T107070,FAILED,2026-09-09 06:27:08,2026-09-09 06:27:11,337
E516731,T105770,SETTLED,2026-09-08 20:12:06,2026-09-08 21:40:06,469
E518147,T106256,CREATED,2026-09-08 06:50:13,2026-09-08 06:50:16,358
E516983,T105858,AUTHORIZED,2026-09-08 22:19:18,2026-09-08 22:19:38,402
E519725,T106786,AUTHORIZED,2026-09-09 10:01:44,2026-09-09 10:01:56,110
E519768,T106800,SETTLED,2026-09-09 11:23:54,2026-09-09 11:24:09,737
E517957,T106193,CREATED,2026-09-08 15:07:07,2026-09-08 15:07:26,247
E517490,T106031,SETTLED,2026-09-08 16:33:26,2026-09-08 16:33:33,482
E518177,T106266,AUTHORIZED,2026-09-08 06:34:26,2026-09-08 06:34:52,324
E519459,T106698,AUTHORIZED,2026-09-09 22:57:57,2026-09-09 22:58:21,195
E517395,T106000,CREATED,2026-09-08 07:42:37,2026-09-08 07:42:48,266
E519461,T106699,CREATED,2026-09-09 13:11:28,2026-09-09 13:11:33,206
E518910,T106514,CREATED,2026-09-09 15:38:22,2026-09-09 15:38:34,153
E518535,T106389,FAILED,2026-09-09 09:24:44,2026-09-09 09:25:03,295
E519685,T106772,AUTHORIZED,2026-09-09 14:45:06,2026-09-09 14:45:24,73
E517772,T106129,CREATED,2026-09-08 13:43:04,2026-09-08 13:43:14,210
E519927,T106855,AUTHORIZED,2026-09-09 10:39:14,2026-09-09 10:39:17,174
E520001,T106880,FAILED,2026-09-09 15:19:12,2026-09-09 15:19:32,183
E519986,T106875,SETTLED,2026-09-09 19:09:39,2026-09-09 19:10:01,330
E519928,T106855,SETTLED,2026-09-09 12:45:14,2026-09-09 12:45:24,271
E520442,T107036,CREATED,2026-09-09 15:07:03,2026-09-09 15:07:21,287
E518778,T106471,AUTHORIZED,2026-09-09 06:12:39,2026-09-09 06:13:00,203
E519991,T106877,AUTHORIZED,2026-09-09 08:43:25,2026-09-09 08:43:45,439
E518247,T106290,CREATED,2026-09-08 10:41:47,2026-09-08 10:42:04,130
E517719,T106110,AUTHORIZED,2026-09-08 06:22:33,2026-09-08 06:22:42,302
E520444,T107036,SETTLED,2026-09-09 15:19:10,2026-09-09 15:19:24,432
E519264,T106633,AUTHORIZED,2026-09-09 22:52:17,2026-09-09 22:52:43,87
E518735,T106456,FAILED,2026-09-09 20:04:23,2026-09-09 20:04:44,117
E516047,T105534,SETTLED,2026-09-08 06:48:05,2026-09-08 06:48:14,209
E518032,T106218,SETTLED,2026-09-08 08:56:32,2026-09-08 08:56:37,253
E519526,T106720,AUTHORIZED,2026-09-09 19:08:39,2026-09-09 19:09:09,114
E517144,T105912,FAILED,2026-09-08 16:39:29,2026-09-08 16:39:41,236
E516350,T105638,SETTLED,2026-09-08 12:52:18,2026-09-08 12:52:23,141
E520036,T106893,CREATED,2026-09-09 14:52:10,2026-09-09 14:52:13,59
E519078,T106570,SETTLED,2026-09-09 20:45:25,2026-09-09 20:45:36,476
E518884,T106505,SETTLED,2026-09-09 19:33:17,2026-09-09 19:33:58,433
E516778,T105786,CREATED,2026-09-08 13:10:40,2026-09-08 13:10:55,243
E516979,T105857,CREATED,2026-09-08 22:51:16,2026-09-08 22:51:18,25
E518207,T106276,CREATED,2026-09-08 20:24:06,2026-09-08 20:24:15,329
E517482,T106029,CREATED,2026-09-08 13:46:45,2026-09-08 13:47:04,372
E520262,T106973,CREATED,2026-09-09 20:03:01,2026-09-09 20:03:03,291
E519121,T106585,SETTLED,2026-09-09 21:57:38,2026-09-09 21:58:22,245
E519110,T106581,AUTHORIZED,2026-09-09 14:55:47,2026-09-09 14:56:00,232
E518327,T106316,AUTHORIZED,2026-09-09 19:38:58,2026-09-09 19:39:21,432
E519939,T106859,AUTHORIZED,2026-09-09 06:26:26,2026-09-09 06:26:42,423
E517218,T105939,CREATED,2026-09-08 19:29:18,2026-09-08 19:29:33,305
E520526,T107065,CREATED,2026-09-09 08:41:53,2026-09-09 08:41:59,121
E517030,T105873,SETTLED,2026-09-08 11:23:27,2026-09-08 11:23:32,748
E518405,T106344,AUTHORIZED,2026-09-09 22:30:57,2026-09-09 22:31:15,143
E519490,T106708,AUTHORIZED,2026-09-09 18:16:22,2026-09-09 18:16:33,450
E518915,T106515,SETTLED,2026-09-09 11:40:57,2026-09-09 11:41:07,404
E519792,T106808,CREATED,2026-09-09 08:06:55,2026-09-09 08:07:10,99
E518973,T106535,AUTHORIZED,2026-09-09 13:07:01,2026-09-09 13:07:20,102
E517981,T106202,CREATED,2026-09-08 21:30:49,2026-09-08 21:31:09,312
E516554,T105709,AUTHORIZED,2026-09-08 09:06:55,2026-09-08 09:07:16,218
E520423,T107029,SETTLED,2026-09-09 10:43:38,2026-09-09 10:43:46,655
E516073,T105543,AUTHORIZED,2026-09-08 10:37:22,2026-09-08 10:37:41,443
E520372,T107011,AUTHORIZED,2026-09-09 10:45:29,2026-09-09 10:45:48,169
E516217,T105593,CREATED,2026-09-08 22:20:03,2026-09-08 22:20:21,356
E520208,T106953,AUTHORIZED,2026-09-09 12:29:04,2026-09-09 12:29:14,177
E520097,T106913,AUTHORIZED,2026-09-09 22:52:32,2026-09-09 22:52:40,160
E520465,T107043,AUTHORIZED,2026-09-09 17:58:29,2026-09-09 17:58:51,84
E520438,T107034,SETTLED,2026-09-09 07:38:42,2026-09-09 07:39:20,710
E516572,T105716,CREATED,2026-09-08 21:26:56,2026-09-08 21:27:08,134
E516597,T105725,AUTHORIZED,2026-09-08 11:24:50,2026-09-08 11:25:14,376
E519482,T106705,SETTLED,2026-09-09 10:00:12,2026-09-09 10:00:26,521
E518565,T106400,AUTHORIZED,2026-09-09 08:19:10,2026-09-09 08:19:36,248
E517579,T106061,AUTHORIZED,2026-09-08 20:57:55,2026-09-08 20:58:18,154
E518950,T106528,CREATED,2026-09-09 06:05:54,2026-09-09 06:06:05,203
E519748,T106794,CREATED,2026-09-09 08:18:41,2026-09-09 08:18:58,72
E516517,T105696,CREATED,2026-09-08 17:32:04,2026-09-08 17:32:24,25
E516048,T105535,CREATED,2026-09-08 13:29:45,2026-09-08 13:30:04,250
E516745,T105775,CREATED,2026-09-08 10:56:47,2026-09-08 10:57:01,311
E516620,T105733,AUTHORIZED,2026-09-08 07:03:37,2026-09-08 07:04:01,151
E518532,T106388,CREATED,2026-09-09 06:08:51,2026-09-09 06:08:59,90
E518215,T106279,CREATED,2026-09-08 08:41:31,2026-09-08 08:41:42,133
E518533,T106388,AUTHORIZED,2026-09-09 06:08:57,2026-09-09 06:09:11,137
E516922,T105836,SETTLED,2026-09-08 10:42:59,2026-09-08 10:43:39,622
E519214,T106616,AUTHORIZED,2026-09-09 15:23:32,2026-09-09 15:23:37,394
E520082,T106908,SETTLED,2026-09-09 06:30:01,2026-09-09 06:30:25,649
E520111,T106919,CREATED,2026-09-09 18:10:49,2026-09-09 18:10:51,79
E520324,T106994,FAILED,2026-09-09 20:36:38,2026-09-09 20:37:02,304
E519008,T106547,CREATED,2026-09-09 21:10:45,2026-09-09 21:10:47,160
E516876,T105819,AUTHORIZED,2026-09-08 21:42:44,2026-09-08 21:42:53,60
E519800,T106811,AUTHORIZED,2026-09-09 09:12:24,2026-09-09 09:12:49,104
E516371,T105646,CREATED,2026-09-08 06:16:43,2026-09-08 06:17:03,51
E516985,T105859,CREATED,2026-09-08 16:11:53,2026-09-08 16:12:08,374
E518658,T106432,CREATED,2026-09-09 22:32:29,2026-09-09 22:32:47,368
E519726,T106786,SETTLED,2026-09-09 10:07:44,2026-09-09 10:08:13,589
E519533,T106723,CREATED,2026-09-09 19:37:17,2026-09-09 19:37:19,155
E518850,T106494,CREATED,2026-09-09 16:30:06,2026-09-09 16:30:13,200
E516736,T105772,AUTHORIZED,2026-09-08 12:15:05,2026-09-08 12:15:14,319
E516573,T105716,AUTHORIZED,2026-09-08 21:27:34,2026-09-08 21:27:56,42
E519871,T106837,CREATED,2026-09-09 20:49:32,2026-09-09 20:49:46,42
E517041,T105877,CREATED,2026-09-08 19:02:07,2026-09-08 19:02:15,89
E516957,T105849,AUTHORIZED,2026-09-08 22:36:28,2026-09-08 22:36:31,183
E520096,T106913,CREATED,2026-09-09 22:52:13,2026-09-09 22:52:18,105
E519615,T106749,CREATED,2026-09-09 08:57:46,2026-09-09 08:57:47,165
E520506,T107057,SETTLED,2026-09-09 18:20:27,2026-09-09 18:20:49,690
E518272,T106299,CREATED,2026-09-09 13:52:50,2026-09-09 13:52:59,117
E517225,T105941,CREATED,2026-09-08 11:52:48,2026-09-08 11:52:50,364
E516438,T105669,CREATED,2026-09-08 21:13:17,2026-09-08 21:13:25,297
E519489,T106708,CREATED,2026-09-09 18:16:01,2026-09-09 18:16:17,274
E519297,T106644,CREATED,2026-09-09 13:47:24,2026-09-09 13:47:31,271
E517710,T106107,CREATED,2026-09-08 09:07:15,2026-09-08 09:07:21,171
E520164,T106937,SETTLED,2026-09-09 22:43:55,2026-09-09 22:44:31,674
E517874,T106164,AUTHORIZED,2026-09-08 10:27:07,2026-09-08 10:27:20,294
E518762,T106466,CREATED,2026-09-09 09:28:04,2026-09-09 09:28:18,278
E519102,T106578,SETTLED,2026-09-09 22:35:22,2026-09-09 22:35:51,841
E517527,T106044,CREATED,2026-09-08 22:11:16,2026-09-08 22:11:23,321
E520177,T106942,CREATED,2026-09-09 06:13:39,2026-09-09 06:13:58,207
E518433,T106353,AUTHORIZED,2026-09-09 07:10:20,2026-09-09 07:10:30,262
E518572,T106402,SETTLED,2026-09-09 07:26:18,2026-09-09 07:26:39,367
E519935,T106858,CREATED,2026-09-09 08:28:54,2026-09-09 08:29:12,248
E517732,T106114,SETTLED,2026-09-08 18:47:50,2026-09-08 18:48:24,303
E519046,T106559,SETTLED,2026-09-09 10:52:07,2026-09-09 10:52:49,39
E518527,T106386,AUTHORIZED,2026-09-09 17:36:55,2026-09-09 17:37:02,150
E517595,T106067,AUTHORIZED,2026-09-08 14:58:02,2026-09-08 14:58:12,339
E516447,T105672,CREATED,2026-09-08 06:58:23,2026-09-08 06:58:41,173
E516040,T105532,SETTLED,2026-09-08 23:11:14,2026-09-08 23:11:22,784
E520535,T107068,CREATED,2026-09-09 11:04:06,2026-09-09 11:04:07,236
E518245,T106289,CREATED,2026-09-08 07:30:52,2026-09-08 07:31:03,21
E520564,T107079,CREATED,2026-09-09 18:43:53,2026-09-09 18:44:08,285
E519704,T106779,CREATED,2026-09-09 09:26:03,2026-09-09 09:26:10,80
E518909,T106513,SETTLED,2026-09-09 13:17:56,2026-09-09 13:18:12,530
E518450,T106359,CREATED,2026-09-09 20:36:39,2026-09-09 20:36:47,244
E519294,T106643,CREATED,2026-09-09 07:39:51,2026-09-09 07:39:53,32
E519809,T106814,SETTLED,2026-09-10 05:51:38,2026-09-10 05:52:09,642
E516241,T105601,AUTHORIZED,2026-09-08 07:53:54,2026-09-08 07:54:12,316
E520532,T107067,CREATED,2026-09-09 16:57:42,2026-09-09 16:57:53,132
E517406,T106003,SETTLED,2026-09-08 09:53:17,2026-09-08 09:53:53,299
E517658,T106089,CREATED,2026-09-08 15:26:21,2026-09-08 15:26:27,143
E520443,T107036,AUTHORIZED,2026-09-09 15:07:10,2026-09-09 15:07:39,368
E518085,T106235,SETTLED,2026-09-08 06:41:17,2026-09-08 06:42:00,44
E518686,T106441,CREATED,2026-09-09 16:09:33,2026-09-09 16:09:41,50
E518458,T106362,CREATED,2026-09-09 07:59:54,2026-09-09 07:59:59,301
E520388,T107017,AUTHORIZED,2026-09-09 13:08:52,2026-09-09 13:09:19,129
E516022,T105526,AUTHORIZED,2026-09-08 13:47:42,2026-09-08 13:47:52,492
E516112,T105557,CREATED,2026-09-08 19:49:26,2026-09-08 19:49:32,253
E518934,T106522,CREATED,2026-09-09 07:58:35,2026-09-09 07:58:41,345
E517670,T106092,SETTLED,2026-09-08 12:51:17,2026-09-08 12:51:52,409
E520530,T107066,AUTHORIZED,2026-09-09 20:42:18,2026-09-09 20:42:45,360
E520032,T106892,CREATED,2026-09-09 10:48:02,2026-09-09 10:48:07,291
E517826,T106148,CREATED,2026-09-08 09:56:59,2026-09-08 09:57:14,344
E517066,T105884,SETTLED,2026-09-08 21:26:34,2026-09-08 21:26:54,74
E517635,T106080,AUTHORIZED,2026-09-08 17:07:50,2026-09-08 17:08:06,434
E516587,T105721,SETTLED,2026-09-08 12:35:59,2026-09-08 12:36:33,474
E517585,T106063,SETTLED,2026-09-08 14:31:38,2026-09-08 14:31:54,547
E519886,T106842,CREATED,2026-09-09 12:47:10,2026-09-09 12:47:15,275
E518112,T106244,CREATED,2026-09-08 15:51:52,2026-09-08 15:52:07,386
E517491,T106032,CREATED,2026-09-08 20:57:00,2026-09-08 20:57:09,154
E520018,T106886,AUTHORIZED,2026-09-09 06:45:44,2026-09-09 06:45:58,272
E517908,T106175,SETTLED,2026-09-08 08:12:41,2026-09-08 08:13:16,76
E517056,T105881,SETTLED,2026-09-08 11:04:22,2026-09-08 11:04:32,555
E516072,T105543,CREATED,2026-09-08 10:37:15,2026-09-08 10:37:33,82
E520439,T107035,CREATED,2026-09-09 19:21:45,2026-09-09 19:21:50,230
E518154,T106258,AUTHORIZED,2026-09-08 12:03:11,2026-09-08 12:03:19,402
E519205,T106613,AUTHORIZED,2026-09-09 17:03:01,2026-09-09 17:03:11,116
E519659,T106764,CREATED,2026-09-09 20:39:05,2026-09-09 20:39:19,381
E520347,T107002,AUTHORIZED,2026-09-09 07:19:26,2026-09-09 07:19:27,140
E520287,T106982,CREATED,2026-09-09 08:01:14,2026-09-09 08:01:23,311
E519875,T106838,AUTHORIZED,2026-09-09 13:53:06,2026-09-09 13:53:16,489
E518333,T106319,CREATED,2026-09-09 22:40:19,2026-09-09 22:40:38,159
E518677,T106438,CREATED,2026-09-09 18:59:26,2026-09-09 18:59:28,89
E517915,T106178,CREATED,2026-09-08 13:56:56,2026-09-08 13:57:02,23
E516696,T105758,SETTLED,2026-09-08 15:10:38,2026-09-08 15:11:13,256
E518726,T106453,AUTHORIZED,2026-09-09 21:29:15,2026-09-09 21:29:39,92
E519133,T106589,SETTLED,2026-09-09 22:27:49,2026-09-09 22:28:12,641
E520212,T106954,AUTHORIZED,2026-09-09 13:25:52,2026-09-09 13:25:59,199
E518568,T106401,AUTHORIZED,2026-09-09 06:16:21,2026-09-09 06:16:50,330
E516536,T105702,SETTLED,2026-09-08 16:02:30,2026-09-08 16:02:39,601
E518357,T106328,CREATED,2026-09-09 07:47:44,2026-09-09 07:47:45,26
E519470,T106702,CREATED,2026-09-09 18:29:12,2026-09-09 18:29:27,240
E517375,T105993,AUTHORIZED,2026-09-08 16:09:52,2026-09-08 16:10:10,420
E519564,T106733,AUTHORIZED,2026-09-09 15:05:03,2026-09-09 15:05:11,278
E516941,T105843,AUTHORIZED,2026-09-08 11:48:29,2026-09-08 11:48:54,441
E518642,T106426,SETTLED,2026-09-09 08:27:46,2026-09-09 08:27:57,544
E520227,T106959,SETTLED,2026-09-09 18:22:02,2026-09-09 18:22:09,630
E517683,T106097,SETTLED,2026-09-08 19:31:04,2026-09-08 19:31:26,65
E520434,T107033,AUTHORIZED,2026-09-09 12:40:23,2026-09-09 12:40:32,118
E517932,T106184,SETTLED,2026-09-08 10:35:32,2026-09-08 10:36:10,502
E517330,T105978,AUTHORIZED,2026-09-08 13:51:36,2026-09-08 13:51:39,71
E518069,T106231,CREATED,2026-09-08 22:27:29,2026-09-08 22:27:32,172
E520140,T106929,CREATED,2026-09-09 22:17:06,2026-09-09 22:17:22,208
E519348,T106661,AUTHORIZED,2026-09-09 17:12:09,2026-09-09 17:12:15,423
E520384,T107015,SETTLED,2026-09-09 17:18:43,2026-09-09 17:18:57,251
E517230,T105943,CREATED,2026-09-08 17:54:23,2026-09-08 17:54:35,390
E517837,T106152,CREATED,2026-09-08 22:19:21,2026-09-08 22:19:37,332
E518626,T106421,CREATED,2026-09-09 17:35:05,2026-09-09 17:35:10,61
E519917,T106852,CREATED,2026-09-09 12:11:32,2026-09-09 12:11:49,314
E518073,T106232,CREATED,2026-09-08 10:53:40,2026-09-08 10:53:47,313
E516130,T105563,SETTLED,2026-09-08 12:27:00,2026-09-08 12:27:43,197
E517310,T105971,AUTHORIZED,2026-09-08 12:10:01,2026-09-08 12:10:31,405
E517931,T106184,AUTHORIZED,2026-09-08 10:25:32,2026-09-08 10:25:46,392
E518975,T106536,CREATED,2026-09-09 09:13:20,2026-09-09 09:13:35,114
E517158,T105917,SETTLED,2026-09-08 22:23:11,2026-09-08 22:23:37,298
E517400,T106001,SETTLED,2026-09-08 12:28:52,2026-09-08 12:29:11,610
E517730,T106114,AUTHORIZED,2026-09-08 18:24:50,2026-09-08 18:25:08,337
E519771,T106801,SETTLED,2026-09-09 06:18:35,2026-09-09 06:19:15,73
E518480,T106369,AUTHORIZED,2026-09-09 18:11:41,2026-09-09 18:12:09,63
E516824,T105802,CREATED,2026-09-08 18:55:25,2026-09-08 18:55:43,51
E517633,T106079,SETTLED,2026-09-08 09:57:42,2026-09-08 09:57:46,86
E516451,T105673,AUTHORIZED,2026-09-08 12:32:31,2026-09-08 12:32:36,136
E518838,T106490,CREATED,2026-09-09 08:06:23,2026-09-09 08:06:25,27
E517984,T106203,CREATED,2026-09-08 11:47:08,2026-09-08 11:47:20,225
E518870,T106501,CREATED,2026-09-09 17:19:16,2026-09-09 17:19:34,329
E519722,T106785,AUTHORIZED,2026-09-09 08:24:25,2026-09-09 08:24:45,392
E515949,T105502,CREATED,2026-09-08 08:13:19,2026-09-08 08:13:35,54
E519142,T106593,CREATED,2026-09-09 21:11:09,2026-09-09 21:11:22,272
E516207,T105589,AUTHORIZED,2026-09-08 08:39:33,2026-09-08 08:39:34,121
E518389,T106339,CREATED,2026-09-09 12:53:31,2026-09-09 12:53:47,336
E518837,T106489,SETTLED,2026-09-09 07:08:00,2026-09-09 07:08:25,580
E517253,T105951,AUTHORIZED,2026-09-08 11:25:16,2026-09-08 11:25:39,394
E519946,T106861,SETTLED,2026-09-10 06:08:50,2026-09-10 06:09:20,371
E519267,T106634,AUTHORIZED,2026-09-09 13:40:38,2026-09-09 13:40:52,358
E517276,T105959,SETTLED,2026-09-08 14:54:48,2026-09-08 14:55:02,720
E516208,T105589,SETTLED,2026-09-08 08:45:33,2026-09-08 08:46:18,478
E520371,T107011,CREATED,2026-09-09 10:44:54,2026-09-09 10:45:07,216
E516370,T105645,SETTLED,2026-09-08 07:51:42,2026-09-08 07:52:00,472
E520351,T107003,SETTLED,2026-09-09 13:35:12,2026-09-09 13:35:41,561
E520206,T106952,SETTLED,2026-09-09 14:30:01,2026-09-09 14:30:26,639
E518724,T106452,SETTLED,2026-09-09 15:20:10,2026-09-09 15:20:39,855
E518888,T106507,CREATED,2026-09-09 08:47:55,2026-09-09 08:47:57,187
E516403,T105656,SETTLED,2026-09-08 19:54:14,2026-09-08 19:54:36,520
E516270,T105611,CREATED,2026-09-08 12:56:43,2026-09-08 12:56:57,63
E516700,T105760,AUTHORIZED,2026-09-08 15:10:02,2026-09-08 15:10:16,314
E519492,T106709,CREATED,2026-09-09 15:31:39,2026-09-09 15:31:47,267
E516930,T105839,AUTHORIZED,2026-09-08 07:48:18,2026-09-08 07:48:36,305
E520105,T106916,AUTHORIZED,2026-09-09 08:16:49,2026-09-09 08:17:06,405
E520234,T106962,AUTHORIZED,2026-09-09 09:48:28,2026-09-09 09:48:31,193
E517112,T105901,AUTHORIZED,2026-09-08 13:30:32,2026-09-08 13:31:02,345
E516252,T105605,CREATED,2026-09-08 09:47:47,2026-09-08 09:48:02,163
E518705,T106447,CREATED,2026-09-09 19:50:53,2026-09-09 19:51:06,312
E519753,T106795,SETTLED,2026-09-09 06:45:14,2026-09-09 07:57:14,386
E517767,T106127,AUTHORIZED,2026-09-08 19:44:54,2026-09-08 19:45:12,283
E516327,T105630,SETTLED,2026-09-08 20:22:33,2026-09-08 20:23:06,575
E515990,T105516,CREATED,2026-09-08 16:32:58,2026-09-08 16:33:03,80
E516165,T105575,AUTHORIZED,2026-09-08 12:55:54,2026-09-08 12:56:21,121
E517224,T105940,SETTLED,2026-09-08 18:46:07,2026-09-08 18:46:28,315
E517091,T105893,SETTLED,2026-09-08 07:24:09,2026-09-08 07:24:33,853
E517630,T106078,SETTLED,2026-09-08 18:01:30,2026-09-08 18:01:46,275
E517846,T106155,CREATED,2026-09-08 06:08:58,2026-09-08 06:09:11,168
E519123,T106586,AUTHORIZED,2026-09-09 08:02:26,2026-09-09 08:02:36,404
E516842,T105807,SETTLED,2026-09-08 21:00:32,2026-09-08 21:00:53,107
E520207,T106953,CREATED,2026-09-09 12:28:46,2026-09-09 12:28:53,294
E519763,T106799,CREATED,2026-09-09 14:18:07,2026-09-09 14:18:12,266
E517103,T105897,SETTLED,2026-09-08 20:03:39,2026-09-08 20:41:39,376
E517906,T106175,CREATED,2026-09-08 08:09:07,2026-09-08 08:09:27,58
E520523,T107064,CREATED,2026-09-09 17:35:08,2026-09-09 17:35:10,186
E519020,T106551,CREATED,2026-09-09 07:24:05,2026-09-09 07:24:16,355
E515952,T105503,CREATED,2026-09-08 15:25:25,2026-09-08 15:25:26,173
E518662,T106433,CREATED,2026-09-09 18:11:10,2026-09-09 18:11:16,205
E518423,T106350,CREATED,2026-09-09 09:30:22,2026-09-09 09:30:38,166
E520426,T107030,SETTLED,2026-09-09 13:15:44,2026-09-09 13:16:21,566
E516526,T105699,AUTHORIZED,2026-09-08 07:30:23,2026-09-08 07:30:29,281
E518218,T106280,CREATED,2026-09-08 11:10:37,2026-09-08 11:10:54,363
E517374,T105993,CREATED,2026-09-08 16:09:25,2026-09-08 16:09:38,47
E516502,T105691,CREATED,2026-09-08 06:46:25,2026-09-08 06:46:29,281
E518984,T106539,AUTHORIZED,2026-09-09 19:41:45,2026-09-09 19:41:58,352
E519424,T106687,CREATED,2026-09-09 18:23:37,2026-09-09 18:23:46,366
E516940,T105843,CREATED,2026-09-08 11:48:16,2026-09-08 11:48:29,278
E518777,T106471,CREATED,2026-09-09 06:12:27,2026-09-09 06:12:39,140
E518639,T106425,SETTLED,2026-09-09 09:50:27,2026-09-09 09:50:56,402
E519672,T106768,SETTLED,2026-09-09 18:55:02,2026-09-09 18:55:10,755
E519879,T106839,SETTLED,2026-09-09 11:25:26,2026-09-09 11:26:09,449
E518256,T106293,AUTHORIZED,2026-09-08 09:55:43,2026-09-08 09:55:46,256
E516515,T105695,AUTHORIZED,2026-09-08 09:58:39,2026-09-08 09:59:06,492
E520525,T107064,SETTLED,2026-09-09 17:52:31,2026-09-09 17:52:46,623
E515997,T105518,AUTHORIZED,2026-09-08 15:43:07,2026-09-08 15:43:10,68
E519982,T106874,AUTHORIZED,2026-09-09 15:20:58,2026-09-09 15:21:03,264
E519233,T106622,SETTLED,2026-09-09 21:54:40,2026-09-09 22:12:40,126
E516019,T105525,AUTHORIZED,2026-09-08 13:29:35,2026-09-08 13:29:47,112
E519609,T106747,CREATED,2026-09-09 21:38:04,2026-09-09 21:38:22,121
E518193,T106271,AUTHORIZED,2026-09-08 11:27:51,2026-09-08 11:28:14,204
E519411,T106682,SETTLED,2026-09-09 12:02:41,2026-09-09 12:02:45,588
E516590,T105722,SETTLED,2026-09-08 12:50:18,2026-09-08 12:50:28,445
E518756,T106464,CREATED,2026-09-09 06:55:49,2026-09-09 06:55:52,319
E517080,T105890,CREATED,2026-09-08 17:08:33,2026-09-08 17:08:51,166
E519503,T106712,SETTLED,2026-09-09 16:38:28,2026-09-09 16:38:36,497
E518107,T106242,AUTHORIZED,2026-09-08 22:06:17,2026-09-08 22:06:36,210
E519336,T106657,CREATED,2026-09-09 12:38:36,2026-09-09 12:38:47,326
E516160,T105574,CREATED,2026-09-08 07:18:56,2026-09-08 07:19:07,364
E520141,T106929,AUTHORIZED,2026-09-09 22:17:18,2026-09-09 22:17:45,332
E517945,T106188,SETTLED,2026-09-08 16:26:23,2026-09-08 16:26:50,143
E520402,T107022,AUTHORIZED,2026-09-09 21:20:16,2026-09-09 21:20:45,393
E519331,T106655,AUTHORIZED,2026-09-09 10:52:07,2026-09-09 10:52:36,346
E516508,T105693,CREATED,2026-09-08 08:27:35,2026-09-08 08:27:46,267
E518764,T106466,SETTLED,2026-09-09 09:47:43,2026-09-09 09:48:22,154
E520252,T106969,CREATED,2026-09-09 06:21:23,2026-09-09 06:21:25,325
E518902,T106511,AUTHORIZED,2026-09-09 11:36:56,2026-09-09 11:37:25,20
E517986,T106203,SETTLED,2026-09-08 11:54:43,2026-09-08 11:55:14,724
E516341,T105635,SETTLED,2026-09-08 06:35:00,2026-09-08 06:35:42,303
E518518,T106383,CREATED,2026-09-09 08:51:39,2026-09-09 08:51:41,117
E520160,T106936,AUTHORIZED,2026-09-09 20:58:46,2026-09-09 20:58:50,481
E516903,T105830,CREATED,2026-09-08 09:05:21,2026-09-08 09:05:30,142
E516203,T105588,CREATED,2026-09-08 08:25:19,2026-09-08 08:25:32,229
E520133,T106926,SETTLED,2026-09-09 06:28:10,2026-09-09 06:28:14,754
E518772,T106469,AUTHORIZED,2026-09-09 15:28:02,2026-09-09 15:28:14,56
E519922,T106853,SETTLED,2026-09-09 12:42:13,2026-09-09 12:42:53,827
E520171,T106940,CREATED,2026-09-09 15:32:01,2026-09-09 15:32:20,42
E519904,T106847,SETTLED,2026-09-09 15:34:57,2026-09-09 15:35:28,70
E519966,T106868,AUTHORIZED,2026-09-09 22:16:18,2026-09-09 22:16:37,356
E516074,T105543,SETTLED,2026-09-08 11:03:22,2026-09-08 11:04:06,299
E519383,T106673,AUTHORIZED,2026-09-09 18:41:06,2026-09-09 18:41:32,146
E519307,T106647,AUTHORIZED,2026-09-09 08:05:41,2026-09-09 08:05:44,54
E519225,T106619,SETTLED,2026-09-09 12:05:35,2026-09-09 12:06:03,597
E517577,T106060,SETTLED,2026-09-08 10:44:30,2026-09-08 10:45:05,244
E520044,T106896,CREATED,2026-09-09 12:54:23,2026-09-09 12:54:43,240
E520147,T106931,FAILED,2026-09-09 16:03:30,2026-09-09 16:03:34,428
E519140,T106592,AUTHORIZED,2026-09-09 08:13:14,2026-09-09 08:13:35,272
E516813,T105798,AUTHORIZED,2026-09-08 18:35:07,2026-09-08 18:35:28,452
E518422,T106349,FAILED,2026-09-09 17:43:20,2026-09-09 17:43:48,491
E519653,T106762,AUTHORIZED,2026-09-09 12:03:13,2026-09-09 12:03:22,404
E519324,T106652,SETTLED,2026-09-09 09:05:05,2026-09-09 09:05:34,394
E518150,T106257,CREATED,2026-09-08 09:41:56,2026-09-08 09:42:16,154
E516469,T105680,CREATED,2026-09-08 15:38:59,2026-09-08 15:39:04,200
E519842,T106826,FAILED,2026-09-09 10:19:23,2026-09-09 10:19:31,133
E520063,T106902,SETTLED,2026-09-09 13:57:14,2026-09-09 13:57:30,579
E518829,T106487,AUTHORIZED,2026-09-09 13:58:24,2026-09-09 13:58:44,304
E518576,T106404,AUTHORIZED,2026-09-09 09:57:40,2026-09-09 09:57:51,107
E518690,T106442,CREATED,2026-09-09 21:27:12,2026-09-09 21:27:28,129
E517751,T106121,AUTHORIZED,2026-09-08 18:36:46,2026-09-08 18:37:16,232
E516191,T105583,SETTLED,2026-09-08 21:49:30,2026-09-08 22:17:30,186
E518644,T106427,AUTHORIZED,2026-09-09 16:44:13,2026-09-09 16:44:35,366
E520553,T107075,CREATED,2026-09-09 18:23:23,2026-09-09 18:23:32,225
E516209,T105590,CREATED,2026-09-08 07:58:05,2026-09-08 07:58:16,104
E517147,T105913,SETTLED,2026-09-08 14:26:02,2026-09-08 14:26:19,694
E516452,T105673,SETTLED,2026-09-08 12:41:31,2026-09-08 12:41:47,62
E517450,T106018,CREATED,2026-09-08 15:25:58,2026-09-08 15:26:03,362
E518916,T106516,CREATED,2026-09-09 19:54:42,2026-09-09 19:54:49,329
E517903,T106174,CREATED,2026-09-08 06:41:50,2026-09-08 06:41:52,368
E518969,T106534,CREATED,2026-09-09 06:56:09,2026-09-09 06:56:18,247
E517844,T106154,AUTHORIZED,2026-09-08 06:27:34,2026-09-08 06:27:35,160
E518905,T106512,AUTHORIZED,2026-09-09 17:24:46,2026-09-09 17:25:04,411
E518885,T106506,CREATED,2026-09-09 22:24:35,2026-09-09 22:24:36,85
E519199,T106611,AUTHORIZED,2026-09-09 10:57:39,2026-09-09 10:57:45,69
E517060,T105882,SETTLED,2026-09-08 19:42:54,2026-09-08 19:43:16,150
E516889,T105824,AUTHORIZED,2026-09-08 21:04:27,2026-09-08 21:04:48,453
E518511,T106380,SETTLED,2026-09-09 09:42:33,2026-09-09 09:59:33,528
E517199,T105932,SETTLED,2026-09-08 17:40:12,2026-09-08 17:40:22,469
E520273,T106977,CREATED,2026-09-09 21:34:42,2026-09-09 21:34:43,354
E520290,T106983,CREATED,2026-09-09 14:27:32,2026-09-09 14:27:35,356
E517454,T106019,SETTLED,2026-09-08 07:29:34,2026-09-08 07:30:09,741
E517139,T105910,SETTLED,2026-09-08 18:55:56,2026-09-08 18:56:32,332
E518055,T106226,AUTHORIZED,2026-09-08 17:09:19,2026-09-08 17:09:44,256
E516716,T105765,SETTLED,2026-09-08 20:22:45,2026-09-08 20:32:45,647
E517128,T105906,SETTLED,2026-09-08 11:59:34,2026-09-08 11:59:46,744
E517493,T106032,SETTLED,2026-09-08 21:16:34,2026-09-08 21:17:19,729
E519126,T106587,AUTHORIZED,2026-09-09 14:39:49,2026-09-09 14:40:01,416
E518851,T106494,AUTHORIZED,2026-09-09 16:30:34,2026-09-09 16:30:46,302
E518846,T106492,SETTLED,2026-09-09 13:30:20,2026-09-09 13:30:58,543
E519918,T106852,AUTHORIZED,2026-09-09 12:11:56,2026-09-09 12:11:59,403
E517251,T105950,SETTLED,2026-09-09 16:03:59,2026-09-09 16:04:30,441
E518230,T106284,CREATED,2026-09-08 14:06:45,2026-09-08 14:07:01,372
E518301,T106308,AUTHORIZED,2026-09-09 21:01:04,2026-09-09 21:01:11,208
E517834,T106151,CREATED,2026-09-08 15:27:31,2026-09-08 15:27:38,294
E518904,T106512,CREATED,2026-09-09 17:24:37,2026-09-09 17:24:42,308
E517509,T106038,SETTLED,2026-09-08 12:33:23,2026-09-08 12:33:30,821
E516106,T105555,CREATED,2026-09-08 07:03:41,2026-09-08 07:03:53,82
E519154,T106597,CREATED,2026-09-09 20:36:55,2026-09-09 20:36:57,327
E517918,T106179,CREATED,2026-09-08 06:44:37,2026-09-08 06:44:43,158
E519374,T106670,CREATED,2026-09-09 13:58:04,2026-09-09 13:58:16,371
E519434,T106690,CREATED,2026-09-09 22:54:48,2026-09-09 22:54:55,315
E517569,T106058,SETTLED,2026-09-08 16:40:05,2026-09-08 16:40:38,639
E518124,T106248,CREATED,2026-09-08 06:00:41,2026-09-08 06:00:53,109
E519909,T106849,AUTHORIZED,2026-09-09 14:48:53,2026-09-09 14:49:11,454
E516394,T105653,SETTLED,2026-09-08 23:00:31,2026-09-08 23:01:16,475
E518573,T106403,CREATED,2026-09-09 22:03:53,2026-09-09 22:04:09,223
E519276,T106637,AUTHORIZED,2026-09-09 18:19:29,2026-09-09 18:19:43,248
E518444,T106357,CREATED,2026-09-09 21:27:53,2026-09-09 21:27:54,151
E520557,T107076,SETTLED,2026-09-09 15:06:05,2026-09-09 15:06:16,96
E516792,T105791,CREATED,2026-09-08 08:49:48,2026-09-08 08:49:58,297
E517784,T106133,AUTHORIZED,2026-09-08 06:33:59,2026-09-08 06:34:03,473
E520312,T106990,CREATED,2026-09-09 18:17:13,2026-09-09 18:17:26,147
E518710,T106448,SETTLED,2026-09-09 17:03:38,2026-09-09 17:34:38,820
E516972,T105854,AUTHORIZED,2026-09-08 10:05:23,2026-09-08 10:05:33,359
E517682,T106097,AUTHORIZED,2026-09-08 19:24:04,2026-09-08 19:24:09,386
E517819,T106145,SETTLED,2026-09-08 13:09:09,2026-09-08 13:09:31,113
E517882,T106167,CREATED,2026-09-08 14:03:31,2026-09-08 14:03:35,373
E516011,T105522,SETTLED,2026-09-08 09:00:21,2026-09-08 09:00:52,414
E516641,T105740,SETTLED,2026-09-08 18:12:37,2026-09-08 18:13:21,608
E518674,T106437,CREATED,2026-09-09 06:49:41,2026-09-09 06:49:57,65
E516654,T105745,CREATED,2026-09-08 09:26:28,2026-09-08 09:26:35,383
E520264,T106973,SETTLED,2026-09-09 20:11:30,2026-09-09 20:11:33,356
E520549,T107073,SETTLED,2026-09-09 12:33:42,2026-09-09 12:34:08,756
E517402,T106002,AUTHORIZED,2026-09-08 19:28:37,2026-09-08 19:28:42,290
E516078,T105545,CREATED,2026-09-08 18:30:12,2026-09-08 18:30:32,114
E518856,T106496,CREATED,2026-09-09 07:43:08,2026-09-09 07:43:14,175
E519896,T106845,SETTLED,2026-09-09 11:46:40,2026-09-09 11:47:15,531
E517810,T106142,AUTHORIZED,2026-09-08 22:05:04,2026-09-08 22:05:31,208
E517470,T106025,AUTHORIZED,2026-09-08 18:10:08,2026-09-08 18:10:22,471
E520412,T107025,SETTLED,2026-09-09 06:45:20,2026-09-09 06:45:59,167
E519223,T106619,CREATED,2026-09-09 11:58:21,2026-09-09 11:58:31,230
E517836,T106151,SETTLED,2026-09-08 15:31:44,2026-09-08 15:32:23,495
E517897,T106172,CREATED,2026-09-08 17:21:48,2026-09-08 17:21:49,160
E516490,T105687,CREATED,2026-09-08 15:57:37,2026-09-08 15:57:43,134
E517549,T106052,CREATED,2026-09-08 20:34:16,2026-09-08 20:34:34,49
E519675,T106769,AUTHORIZED,2026-09-09 22:25:32,2026-09-09 22:25:41,141
E518738,T106457,SETTLED,2026-09-09 20:09:50,2026-09-09 20:09:54,746
E519420,T106685,SETTLED,2026-09-09 16:06:39,2026-09-09 16:06:57,846
E516592,T105723,AUTHORIZED,2026-09-08 15:28:37,2026-09-08 15:28:58,214
E519038,T106557,CREATED,2026-09-09 16:53:32,2026-09-09 16:53:42,227
E518841,T106491,CREATED,2026-09-09 15:53:28,2026-09-09 15:53:30,292
E517213,T105937,AUTHORIZED,2026-09-08 08:09:29,2026-09-08 08:09:31,268
E519099,T106577,SETTLED,2026-09-09 16:07:25,2026-09-09 16:08:02,34
E518087,T106236,AUTHORIZED,2026-09-08 17:09:49,2026-09-08 17:09:56,456
E518734,T106456,CREATED,2026-09-09 20:04:07,2026-09-09 20:04:13,279
E520500,T107055,SETTLED,2026-09-09 17:28:50,2026-09-09 17:29:14,565
E516051,T105536,CREATED,2026-09-08 09:59:15,2026-09-08 09:59:27,367
E519139,T106592,CREATED,2026-09-09 08:12:51,2026-09-09 08:12:59,396
E517589,T106065,AUTHORIZED,2026-09-08 15:11:22,2026-09-08 15:11:44,320
E518197,T106273,CREATED,2026-09-08 19:00:55,2026-09-08 19:01:00,232
E519164,T106600,CREATED,2026-09-09 15:41:21,2026-09-09 15:41:29,320
E517009,T105867,AUTHORIZED,2026-09-08 14:28:39,2026-09-08 14:28:52,150
E520516,T107061,CREATED,2026-09-09 14:54:43,2026-09-09 14:55:03,30
E517701,T106104,AUTHORIZED,2026-09-08 09:31:48,2026-09-08 09:32:05,199
E519818,T106817,SETTLED,2026-09-09 07:07:34,2026-09-09 07:07:44,611
E516892,T105825,AUTHORIZED,2026-09-08 13:27:10,2026-09-08 13:27:35,92
E516351,T105639,CREATED,2026-09-08 21:28:52,2026-09-08 21:29:08,195
E519191,T106608,SETTLED,2026-09-09 13:11:39,2026-09-09 13:12:22,433
E519549,T106728,AUTHORIZED,2026-09-09 21:05:21,2026-09-09 21:05:39,466
E517543,T106049,AUTHORIZED,2026-09-08 18:01:42,2026-09-08 18:01:54,158
E516412,T105659,SETTLED,2026-09-08 18:28:01,2026-09-08 18:28:06,662
E519961,T106866,SETTLED,2026-09-09 20:05:05,2026-09-09 20:05:37,209
E519948,T106862,AUTHORIZED,2026-09-09 15:09:04,2026-09-09 15:09:26,88
E518784,T106473,AUTHORIZED,2026-09-09 08:45:37,2026-09-09 08:45:47,259
E519587,T106740,SETTLED,2026-09-09 16:12:53,2026-09-09 16:13:29,875
E517580,T106061,SETTLED,2026-09-08 21:15:55,2026-09-08 21:16:10,357
E519557,T106731,CREATED,2026-09-09 14:46:56,2026-09-09 14:47:09,86
E520265,T106974,CREATED,2026-09-09 09:34:03,2026-09-09 09:34:10,155
E516613,T105731,CREATED,2026-09-08 20:48:59,2026-09-08 20:49:15,55
E519715,T106782,SETTLED,2026-09-09 08:57:54,2026-09-09 08:58:20,285
E520468,T107044,SETTLED,2026-09-09 10:05:10,2026-09-09 10:05:20,341
E517789,T106134,SETTLED,2026-09-08 09:34:40,2026-09-08 09:35:23,740
E518321,T106314,SETTLED,2026-09-09 13:43:37,2026-09-09 13:43:45,259
E519767,T106800,AUTHORIZED,2026-09-09 09:22:54,2026-09-09 09:23:24,138
E520392,T107019,CREATED,2026-09-09 16:23:09,2026-09-09 16:23:13,316
E519460,T106698,SETTLED,2026-09-09 23:06:57,2026-09-09 23:07:37,523
E519884,T106841,AUTHORIZED,2026-09-09 22:22:17,2026-09-09 22:22:33,158
E517993,T106205,SETTLED,2026-09-08 21:28:50,2026-09-08 21:28:54,238
E518345,T106323,AUTHORIZED,2026-09-09 16:14:04,2026-09-09 16:14:29,488
E516539,T105704,CREATED,2026-09-08 13:04:18,2026-09-08 13:04:37,23
E518148,T106256,AUTHORIZED,2026-09-08 06:50:43,2026-09-08 06:50:44,224
E518935,T106522,AUTHORIZED,2026-09-09 07:59:08,2026-09-09 07:59:18,100
E516386,T105651,CREATED,2026-09-08 10:26:49,2026-09-08 10:27:01,257
E517229,T105942,SETTLED,2026-09-08 18:36:43,2026-09-08 18:37:18,560
E518250,T106291,CREATED,2026-09-08 21:29:53,2026-09-08 21:30:01,207
E518804,T106479,SETTLED,2026-09-09 07:42:31,2026-09-09 07:43:01,339
E518080,T106234,CREATED,2026-09-08 11:02:34,2026-09-08 11:02:46,27
E519779,T106803,SETTLED,2026-09-09 09:47:06,2026-09-09 09:47:42,522
E516959,T105850,CREATED,2026-09-08 06:27:17,2026-09-08 06:27:28,136
E518834,T106488,SETTLED,2026-09-09 14:41:57,2026-09-09 14:42:37,777
E519196,T106610,AUTHORIZED,2026-09-09 07:45:24,2026-09-09 07:45:26,48
E517528,T106044,AUTHORIZED,2026-09-08 22:11:39,2026-09-08 22:11:47,243
E516556,T105710,CREATED,2026-09-08 16:22:30,2026-09-08 16:22:40,320
E516814,T105798,SETTLED,2026-09-08 19:01:07,2026-09-08 19:01:48,184
E519968,T106869,CREATED,2026-09-09 16:56:02,2026-09-09 16:56:05,394
E520405,T107023,AUTHORIZED,2026-09-09 20:19:22,2026-09-09 20:19:39,175
E518172,T106264,SETTLED,2026-09-08 09:58:38,2026-09-08 09:58:57,121
E518468,T106365,AUTHORIZED,2026-09-09 22:05:28,2026-09-09 22:05:52,280
E518769,T106468,AUTHORIZED,2026-09-09 14:30:25,2026-09-09 14:30:39,24
E516907,T105831,AUTHORIZED,2026-09-08 21:44:07,2026-09-08 21:44:10,194
E520015,T106885,AUTHORIZED,2026-09-09 12:14:34,2026-09-09 12:14:37,308
E518583,T106406,SETTLED,2026-09-09 16:05:50,2026-09-09 16:06:31,63
E518356,T106327,SETTLED,2026-09-09 22:19:44,2026-09-09 22:20:24,86
E518382,T106336,SETTLED,2026-09-09 10:34:14,2026-09-09 11:57:14,441
E516178,T105579,SETTLED,2026-09-08 15:55:28,2026-09-08 15:55:45,44
E518173,T106265,CREATED,2026-09-08 16:02:21,2026-09-08 16:02:34,124
E518750,T106462,CREATED,2026-09-09 09:44:18,2026-09-09 09:44:21,180
E517752,T106122,CREATED,2026-09-08 14:20:53,2026-09-08 14:21:07,149
E520078,T106907,SETTLED,2026-09-09 14:16:14,2026-09-09 14:16:38,807
E517506,T106037,SETTLED,2026-09-08 22:45:05,2026-09-08 22:45:19,714
E518483,T106370,AUTHORIZED,2026-09-09 20:27:08,2026-09-09 20:27:32,62
E518326,T106316,CREATED,2026-09-09 19:38:36,2026-09-09 19:38:37,138
E518714,T106449,SETTLED,2026-09-09 23:08:59,2026-09-09 23:09:26,428
E518472,T106366,SETTLED,2026-09-09 15:36:16,2026-09-09 15:36:45,308
E519591,T106741,SETTLED,2026-09-09 12:35:49,2026-09-09 12:35:53,341
E518624,T106420,AUTHORIZED,2026-09-09 14:27:18,2026-09-09 14:27:46,232
E518181,T106267,SETTLED,2026-09-08 17:26:57,2026-09-08 17:27:29,132
E518547,T106394,AUTHORIZED,2026-09-09 07:03:06,2026-09-09 07:03:28,90
E518289,T106304,AUTHORIZED,2026-09-09 22:01:06,2026-09-09 22:01:18,99
E518821,T106484,SETTLED,2026-09-09 18:41:47,2026-09-09 18:42:20,756
E520020,T106887,CREATED,2026-09-09 09:50:47,2026-09-09 09:51:02,198
E519371,T106669,CREATED,2026-09-09 22:14:29,2026-09-09 22:14:47,123
E516070,T105542,AUTHORIZED,2026-09-08 22:00:10,2026-09-08 22:00:32,450
E516324,T105629,SETTLED,2026-09-08 21:49:15,2026-09-08 21:49:27,777
E516175,T105578,SETTLED,2026-09-08 16:00:35,2026-09-08 16:01:08,52
E516953,T105848,CREATED,2026-09-08 22:42:17,2026-09-08 22:42:19,313
E517971,T106198,SETTLED,2026-09-08 15:46:04,2026-09-08 16:49:04,88
E520482,T107049,AUTHORIZED,2026-09-09 09:30:54,2026-09-09 09:30:57,230
E520338,T106999,SETTLED,2026-09-09 09:02:15,2026-09-09 09:02:32,568
E517881,T106166,SETTLED,2026-09-08 11:54:35,2026-09-08 11:55:00,777
E517785,T106133,SETTLED,2026-09-08 06:37:59,2026-09-08 06:38:42,637
E519789,T106807,CREATED,2026-09-09 18:18:58,2026-09-09 18:19:13,288
E517070,T105886,CREATED,2026-09-08 18:11:26,2026-09-08 18:11:33,232
E516267,T105610,CREATED,2026-09-08 20:39:49,2026-09-08 20:40:05,158
E515953,T105503,AUTHORIZED,2026-09-08 15:25:56,2026-09-08 15:26:17,38
E519717,T106783,AUTHORIZED,2026-09-09 17:23:52,2026-09-09 17:24:22,391
E520318,T106992,CREATED,2026-09-09 15:12:21,2026-09-09 15:12:31,102
E516661,T105747,AUTHORIZED,2026-09-08 17:24:29,2026-09-08 17:24:40,138
E518199,T106273,SETTLED,2026-09-08 19:20:26,2026-09-08 20:24:26,750
E516965,T105852,CREATED,2026-09-08 09:07:45,2026-09-08 09:08:02,98
E520492,T107053,CREATED,2026-09-09 13:02:42,2026-09-09 13:02:48,125
E516262,T105608,AUTHORIZED,2026-09-08 13:01:04,2026-09-08 13:01:07,402
E518664,T106433,SETTLED,2026-09-09 18:19:37,2026-09-09 18:20:19,860
E518863,T106498,SETTLED,2026-09-09 15:52:44,2026-09-09 15:52:49,277
E519308,T106647,SETTLED,2026-09-09 08:20:41,2026-09-09 08:20:43,889
E517409,T106005,CREATED,2026-09-08 21:50:17,2026-09-08 21:50:30,247
E516301,T105621,SETTLED,2026-09-08 11:38:19,2026-09-08 11:38:42,739
E520430,T107032,CREATED,2026-09-09 09:37:43,2026-09-09 09:37:52,130
E519376,T106670,SETTLED,2026-09-09 14:20:13,2026-09-09 14:20:23,708
E519319,T106651,CREATED,2026-09-09 20:32:19,2026-09-09 20:32:35,38
E517001,T105864,SETTLED,2026-09-08 12:51:10,2026-09-08 12:51:27,774
E520306,T106987,SETTLED,2026-09-09 19:43:41,2026-09-09 19:43:56,282
E518661,T106432,SETTLED,2026-09-09 22:41:45,2026-09-09 22:42:19,79
E519761,T106798,AUTHORIZED,2026-09-09 22:16:33,2026-09-09 22:17:02,214
E519863,T106834,AUTHORIZED,2026-09-09 22:21:44,2026-09-09 22:22:04,239
E517652,T106086,SETTLED,2026-09-08 08:19:41,2026-09-08 08:20:07,534
E516343,T105636,AUTHORIZED,2026-09-08 08:33:00,2026-09-08 08:33:01,473
E515977,T105511,SETTLED,2026-09-08 06:59:04,2026-09-08 07:08:04,897
E519600,T106744,SETTLED,2026-09-09 12:56:35,2026-09-09 12:56:59,717
E519053,T106562,CREATED,2026-09-09 07:10:47,2026-09-09 07:10:52,136
E517544,T106049,SETTLED,2026-09-08 18:09:42,2026-09-08 18:09:53,743
E516944,T105844,FAILED,2026-09-08 20:51:16,2026-09-08 20:51:44,270
E518536,T106390,CREATED,2026-09-09 12:08:41,2026-09-09 12:08:53,74
E519696,T106775,SETTLED,2026-09-09 21:36:24,2026-09-09 21:36:34,828
E516124,T105561,AUTHORIZED,2026-09-08 20:58:03,2026-09-08 20:58:22,351
E520202,T106951,AUTHORIZED,2026-09-09 12:32:18,2026-09-09 12:32:33,357
E519103,T106579,CREATED,2026-09-09 15:05:32,2026-09-09 15:05:46,295
E518556,T106397,AUTHORIZED,2026-09-09 11:28:44,2026-09-09 11:29:14,63
E517990,T106205,CREATED,2026-09-08 19:05:44,2026-09-08 19:06:02,232
E520143,T106930,CREATED,2026-09-09 20:08:54,2026-09-09 20:09:06,399
E517747,T106119,SETTLED,2026-09-08 08:55:07,2026-09-08 08:55:46,555
E518213,T106278,CREATED,2026-09-08 20:27:02,2026-09-08 20:27:11,366
E516020,T105525,SETTLED,2026-09-08 13:56:35,2026-09-08 13:57:20,198
E519547,T106727,FAILED,2026-09-09 19:26:40,2026-09-09 19:27:04,400
E516908,T105831,SETTLED,2026-09-08 21:50:07,2026-09-08 21:50:15,801
E517803,T106139,SETTLED,2026-09-08 10:46:08,2026-09-08 10:46:20,215
E519534,T106723,AUTHORIZED,2026-09-09 19:37:23,2026-09-09 19:37:37,328
E519990,T106877,CREATED,2026-09-09 08:42:47,2026-09-09 08:42:59,103
E516383,T105650,CREATED,2026-09-08 11:28:57,2026-09-08 11:29:03,385
E516504,T105691,SETTLED,2026-09-08 06:55:38,2026-09-08 06:55:55,779
E520214,T106955,CREATED,2026-09-09 10:22:47,2026-09-09 10:23:05,361
E516237,T105600,CREATED,2026-09-08 12:20:55,2026-09-08 12:20:59,287
E518712,T106449,CREATED,2026-09-09 22:51:42,2026-09-09 22:51:50,168
E516595,T105724,FAILED,2026-09-08 07:11:14,2026-09-08 07:11:23,239
E517205,T105934,SETTLED,2026-09-08 09:45:34,2026-09-08 09:45:49,888
E519538,T106724,SETTLED,2026-09-09 18:30:10,2026-09-09 18:30:53,432
E516569,T105715,CREATED,2026-09-08 12:46:28,2026-09-08 12:46:34,95
E516880,T105821,CREATED,2026-09-08 19:30:58,2026-09-08 19:31:15,213
E516239,T105600,SETTLED,2026-09-08 12:44:04,2026-09-08 12:44:11,412
E517366,T105990,AUTHORIZED,2026-09-08 12:04:19,2026-09-08 12:04:36,204
E519245,T106626,AUTHORIZED,2026-09-09 16:17:19,2026-09-09 16:17:26,141
E519736,T106790,CREATED,2026-09-09 12:40:42,2026-09-09 12:40:48,399
E519010,T106547,SETTLED,2026-09-09 21:14:15,2026-09-09 21:14:30,295
E516373,T105647,CREATED,2026-09-08 06:57:09,2026-09-08 06:57:26,42
E519445,T106693,SETTLED,2026-09-09 06:55:16,2026-09-09 06:55:25,651
E517122,T105904,SETTLED,2026-09-08 13:33:42,2026-09-08 13:33:58,820
E518371,T106332,SETTLED,2026-09-09 08:50:30,2026-09-09 08:50:57,45
E518737,T106457,AUTHORIZED,2026-09-09 20:03:50,2026-09-09 20:04:08,402
E516964,T105851,SETTLED,2026-09-08 17:08:36,2026-09-08 17:08:52,160
E517899,T106172,SETTLED,2026-09-08 17:49:04,2026-09-08 17:49:33,230
E519812,T106815,SETTLED,2026-09-09 12:48:28,2026-09-09 12:49:07,469
E517248,T105949,SETTLED,2026-09-08 13:47:49,2026-09-08 13:48:10,858
E518638,T106425,AUTHORIZED,2026-09-09 07:34:27,2026-09-09 07:34:45,184
E518789,T106475,CREATED,2026-09-09 16:03:04,2026-09-09 16:03:21,277
E516279,T105614,AUTHORIZED,2026-09-08 12:28:33,2026-09-08 12:28:49,53
E519349,T106661,SETTLED,2026-09-09 17:16:09,2026-09-09 17:16:50,611
E520498,T107055,CREATED,2026-09-09 17:18:24,2026-09-09 17:18:40,70
E517690,T106100,AUTHORIZED,2026-09-08 17:53:03,2026-09-08 17:53:06,486
E518672,T106436,AUTHORIZED,2026-09-09 09:16:07,2026-09-09 09:16:10,112
E519797,T106810,CREATED,2026-09-09 11:29:19,2026-09-09 11:29:24,133
E517146,T105913,AUTHORIZED,2026-09-08 14:24:02,2026-09-08 14:24:14,330
E518016,T106213,AUTHORIZED,2026-09-08 06:33:25,2026-09-08 06:33:52,31
E518027,T106217,CREATED,2026-09-08 20:02:25,2026-09-08 20:02:45,27
E516424,T105664,CREATED,2026-09-08 21:40:30,2026-09-08 21:40:42,332
E517430,T106011,FAILED,2026-09-08 17:05:59,2026-09-08 17:06:09,33
E517910,T106176,AUTHORIZED,2026-09-08 15:37:39,2026-09-08 15:37:53,196
E518695,T106443,SETTLED,2026-09-09 19:04:13,2026-09-09 19:04:36,879
E516789,T105790,CREATED,2026-09-08 10:58:03,2026-09-08 10:58:19,183
E519167,T106601,CREATED,2026-09-09 19:08:39,2026-09-09 19:08:51,386
E516943,T105844,CREATED,2026-09-08 20:50:53,2026-09-08 20:51:12,252
E519059,T106564,CREATED,2026-09-09 21:20:40,2026-09-09 21:20:42,106
E519421,T106686,CREATED,2026-09-09 12:45:44,2026-09-09 12:46:01,323
E520477,T107047,SETTLED,2026-09-09 20:03:51,2026-09-09 20:04:25,522
E520280,T106979,AUTHORIZED,2026-09-09 07:25:44,2026-09-09 07:25:57,295
E517829,T106149,CREATED,2026-09-08 22:25:08,2026-09-08 22:25:19,70
E517698,T106103,AUTHORIZED,2026-09-08 06:05:39,2026-09-08 06:10:54,336
E517095,T105895,CREATED,2026-09-08 08:29:44,2026-09-08 08:29:54,216
E519013,T106548,SETTLED,2026-09-09 09:12:29,2026-09-09 09:12:47,156
E519436,T106690,SETTLED,2026-09-09 23:12:01,2026-09-09 23:12:27,791
E518151,T106257,AUTHORIZED,2026-09-08 09:42:35,2026-09-08 09:42:56,366
E516330,T105631,SETTLED,2026-09-08 17:48:16,2026-09-08 17:48:23,583
E518394,T106340,SETTLED,2026-09-09 12:47:28,2026-09-09 12:48:06,536
E519363,T106666,CREATED,2026-09-09 21:39:54,2026-09-09 21:40:13,305
E517047,T105878,SETTLED,2026-09-08 12:14:19,2026-09-08 12:14:28,306
E519545,T106726,SETTLED,2026-09-09 06:27:44,2026-09-09 06:27:47,811
E519521,T106718,SETTLED,2026-09-09 18:05:46,2026-09-09 18:06:02,435
E516728,T105769,SETTLED,2026-09-08 13:46:49,2026-09-08 13:46:57,369
E518998,T106543,SETTLED,2026-09-09 16:09:18,2026-09-09 16:09:55,583
E516795,T105792,CREATED,2026-09-08 20:31:35,2026-09-08 20:31:37,356
E517245,T105948,AUTHORIZED,2026-09-08 15:37:10,2026-09-08 15:37:22,280
E520362,T107008,CREATED,2026-09-09 18:31:13,2026-09-09 18:31:23,253
E516826,T105803,CREATED,2026-09-08 06:05:27,2026-09-08 06:05:42,153
E518013,T106212,AUTHORIZED,2026-09-08 09:34:47,2026-09-08 09:35:02,151
E518786,T106474,CREATED,2026-09-09 18:08:29,2026-09-09 18:08:40,100
E519208,T106614,AUTHORIZED,2026-09-09 10:10:36,2026-09-09 10:10:43,471
E520545,T107072,AUTHORIZED,2026-09-09 09:50:39,2026-09-09 09:51:06,83
E517077,T105888,SETTLED,2026-09-08 22:08:55,2026-09-08 22:09:16,598
E516697,T105759,CREATED,2026-09-08 18:33:25,2026-09-08 18:33:33,340
E519481,T106705,SETTLED,2026-09-09 09:56:12,2026-09-09 09:56:15,60
E517800,T106139,CREATED,2026-09-08 09:57:41,2026-09-08 09:57:53,122
E518540,T106391,FAILED,2026-09-09 08:33:08,2026-09-09 08:33:27,347
E520354,T107004,SETTLED,2026-09-09 22:56:33,2026-09-09 22:57:14,679
E517404,T106003,CREATED,2026-09-08 09:42:48,2026-09-08 09:43:05,59
E519793,T106808,AUTHORIZED,2026-09-09 08:07:17,2026-09-09 08:07:42,89
E519034,T106555,SETTLED,2026-09-09 16:29:04,2026-09-09 16:29:28,887
E518400,T106342,SETTLED,2026-09-09 07:22:34,2026-09-09 07:22:56,879
E517445,T106016,AUTHORIZED,2026-09-08 07:28:07,2026-09-08 07:28:33,226
E519029,T106554,AUTHORIZED,2026-09-09 18:13:28,2026-09-09 18:13:43,278
E518039,T106220,SETTLED,2026-09-08 18:05:16,2026-09-08 18:05:35,789
E520156,T106935,CREATED,2026-09-09 09:53:33,2026-09-09 09:53:37,72
E519997,T106879,AUTHORIZED,2026-09-09 19:04:40,2026-09-09 19:04:53,64
E517507,T106038,CREATED,2026-09-08 12:04:50,2026-09-08 12:05:08,103
E516758,T105779,AUTHORIZED,2026-09-08 21:47:40,2026-09-08 21:47:51,310
E520454,T107040,CREATED,2026-09-09 21:19:18,2026-09-09 21:19:23,29
E517853,T106157,AUTHORIZED,2026-09-08 07:23:05,2026-09-08 07:23:33,401
E519306,T106647,CREATED,2026-09-09 08:05:02,2026-09-09 08:05:13,380
E519774,T106802,AUTHORIZED,2026-09-09 17:10:03,2026-09-09 17:10:04,337
E516859,T105813,SETTLED,2026-09-08 07:05:42,2026-09-08 07:36:42,83
E518293,T106305,SETTLED,2026-09-09 08:41:09,2026-09-09 08:41:45,440
E520567,T107080,AUTHORIZED,2026-09-09 10:18:48,2026-09-09 10:19:09,498
E516210,T105590,FAILED,2026-09-08 07:58:44,2026-09-08 07:58:51,480
E517640,T106082,AUTHORIZED,2026-09-08 09:51:38,2026-09-08 09:52:04,451
E516378,T105648,AUTHORIZED,2026-09-08 08:40:07,2026-09-08 08:40:08,51
E520170,T106939,SETTLED,2026-09-09 21:55:40,2026-09-09 21:55:43,330
E518454,T106360,AUTHORIZED,2026-09-09 21:14:10,2026-09-09 21:14:24,188
E518179,T106267,CREATED,2026-09-08 17:12:45,2026-09-08 17:12:55,215
E516608,T105729,CREATED,2026-09-08 06:32:05,2026-09-08 06:32:10,67
E516173,T105578,CREATED,2026-09-08 15:49:25,2026-09-08 15:49:45,257
E516115,T105558,CREATED,2026-09-08 14:53:01,2026-09-08 14:53:19,317
E517938,T106186,SETTLED,2026-09-08 07:24:34,2026-09-08 07:25:19,736
E518052,T106225,CREATED,2026-09-08 15:28:53,2026-09-08 15:29:13,228
E516061,T105539,AUTHORIZED,2026-09-08 07:32:56,2026-09-08 07:33:10,363
E517434,T106013,CREATED,2026-09-08 12:42:22,2026-09-08 12:42:35,238
E516399,T105655,AUTHORIZED,2026-09-08 14:03:06,2026-09-08 14:03:28,237
E519602,T106745,AUTHORIZED,2026-09-09 16:50:29,2026-09-09 16:50:54,474
E516652,T105744,AUTHORIZED,2026-09-08 22:12:24,2026-09-08 22:12:27,431
E520194,T106948,SETTLED,2026-09-09 11:20:07,2026-09-09 11:20:09,412
E516461,T105677,CREATED,2026-09-08 12:37:24,2026-09-08 12:37:44,261
E517227,T105942,CREATED,2026-09-08 18:14:26,2026-09-08 18:14:32,114
E516915,T105834,CREATED,2026-09-08 12:59:34,2026-09-08 12:59:54,356
E519682,T106771,SETTLED,2026-09-09 14:02:56,2026-09-09 14:03:41,688
E518872,T106501,SETTLED,2026-09-09 17:43:26,2026-09-09 17:43:47,822
E520038,T106893,SETTLED,2026-09-09 15:04:48,2026-09-09 15:05:29,654
E518051,T106224,SETTLED,2026-09-08 10:19:45,2026-09-08 10:20:03,385
E520213,T106954,SETTLED,2026-09-09 13:32:52,2026-09-09 13:33:13,889
E518134,T106251,AUTHORIZED,2026-09-08 10:13:03,2026-09-08 10:13:21,301
E518463,T106363,SETTLED,2026-09-09 11:07:03,2026-09-09 11:07:27,670
E520027,T106890,CREATED,2026-09-09 08:51:30,2026-09-09 08:51:37,49
E520356,T107005,FAILED,2026-09-09 06:09:28,2026-09-09 06:09:33,82
E518732,T106455,CREATED,2026-09-09 09:43:31,2026-09-09 09:43:37,28
E517756,T106123,SETTLED,2026-09-08 18:43:49,2026-09-08 18:44:19,677
E519841,T106826,CREATED,2026-09-09 10:19:04,2026-09-09 10:19:16,280
E519738,T106790,SETTLED,2026-09-09 13:00:47,2026-09-09 13:58:47,600
E517466,T106024,CREATED,2026-09-08 08:06:52,2026-09-08 08:07:03,133
E518176,T106266,CREATED,2026-09-08 06:33:56,2026-09-08 06:34:01,148
E519790,T106807,AUTHORIZED,2026-09-09 18:19:25,2026-09-09 18:19:31,389
E517200,T105933,CREATED,2026-09-08 21:36:51,2026-09-08 21:37:11,400
E517195,T105931,AUTHORIZED,2026-09-08 06:49:12,2026-09-08 06:49:13,486
E520129,T106925,AUTHORIZED,2026-09-09 16:02:49,2026-09-09 16:03:00,22
E520398,T107021,CREATED,2026-09-09 20:22:26,2026-09-09 20:22:45,26
E516838,T105806,SETTLED,2026-09-08 14:55:33,2026-09-08 14:55:47,368
E520065,T106903,AUTHORIZED,2026-09-09 09:17:01,2026-09-09 09:17:20,354
E516272,T105612,CREATED,2026-09-08 18:50:39,2026-09-08 18:50:48,332
E520132,T106926,AUTHORIZED,2026-09-09 06:03:10,2026-09-09 06:03:34,150
E517133,T105908,FAILED,2026-09-08 09:43:58,2026-09-08 09:44:26,490
E516145,T105568,SETTLED,2026-09-08 06:52:02,2026-09-08 06:52:09,93
E520420,T107028,FAILED,2026-09-09 21:35:09,2026-09-09 21:35:20,439
E518794,T106476,SETTLED,2026-09-09 22:34:43,2026-09-09 22:35:01,272
E516559,T105711,AUTHORIZED,2026-09-08 22:45:34,2026-09-08 22:45:38,488
E519826,T106820,SETTLED,2026-09-09 17:50:50,2026-09-09 17:51:09,507
E517699,T106103,SETTLED,2026-09-08 06:08:39,2026-09-08 06:09:13,690
E520598,T107091,CREATED,2026-09-09 19:19:35,2026-09-09 19:19:38,130
E517237,T105945,SETTLED,2026-09-08 17:07:04,2026-09-08 17:07:18,449
E517983,T106202,SETTLED,2026-09-08 21:48:08,2026-09-08 21:48:45,291
E519674,T106769,CREATED,2026-09-09 22:25:21,2026-09-09 22:25:35,301
E519310,T106648,AUTHORIZED,2026-09-09 14:38:06,2026-09-09 14:38:13,446
E518806,T106480,CREATED,2026-09-09 21:46:54,2026-09-09 21:47:03,153
E518451,T106359,AUTHORIZED,2026-09-09 20:36:52,2026-09-09 20:37:18,437
E517936,T106186,CREATED,2026-09-08 07:05:15,2026-09-08 07:05:26,127
E518370,T106332,AUTHORIZED,2026-09-09 08:46:30,2026-09-09 08:46:59,328
E517469,T106025,CREATED,2026-09-08 18:09:31,2026-09-08 18:09:37,199
E518398,T106342,CREATED,2026-09-09 07:02:04,2026-09-09 07:02:14,316
E519857,T106832,CREATED,2026-09-09 16:04:16,2026-09-09 16:04:23,261
E518168,T106263,AUTHORIZED,2026-09-08 08:30:37,2026-09-08 08:30:43,341
E515975,T105511,CREATED,2026-09-08 06:49:53,2026-09-08 06:50:06,391
E518817,T106483,AUTHORIZED,2026-09-09 21:49:30,2026-09-09 21:49:53,343
E517608,T106071,SETTLED,2026-09-08 09:58:26,2026-09-08 10:14:26,65
E519093,T106575,SETTLED,2026-09-09 18:24:08,2026-09-09 18:24:18,220
E520305,T106987,SETTLED,2026-09-09 19:41:41,2026-09-09 19:42:22,708
E516226,T105596,AUTHORIZED,2026-09-08 10:55:27,2026-09-08 10:55:46,203
E518092,T106237,SETTLED,2026-09-08 14:24:33,2026-09-08 14:25:17,849
E519477,T106704,AUTHORIZED,2026-09-09 19:33:33,2026-09-09 19:33:42,312
E517074,T105887,FAILED,2026-09-08 15:00:47,2026-09-08 15:00:54,87
E516958,T105849,SETTLED,2026-09-08 22:45:28,2026-09-08 22:46:08,514
E516748,T105776,CREATED,2026-09-08 19:50:23,2026-09-08 19:50:31,283
E516715,T105765,AUTHORIZED,2026-09-08 20:01:45,2026-09-08 20:02:12,254
E519980,T106873,FAILED,2026-09-09 22:51:21,2026-09-09 22:51:36,110
E518820,T106484,AUTHORIZED,2026-09-09 18:27:47,2026-09-09 18:27:54,142
E519936,T106858,AUTHORIZED,2026-09-09 08:29:19,2026-09-09 08:29:23,232
E519650,T106761,AUTHORIZED,2026-09-09 20:36:47,2026-09-09 20:37:00,384
E517514,T106040,AUTHORIZED,2026-09-08 19:16:55,2026-09-08 19:17:17,242
E517755,T106123,AUTHORIZED,2026-09-08 18:28:49,2026-09-08 18:29:15,496
E516000,T105519,AUTHORIZED,2026-09-08 11:33:38,2026-09-08 11:34:06,441
E518264,T106296,AUTHORIZED,2026-09-09 16:01:01,2026-09-09 16:01:26,433
E519469,T106701,SETTLED,2026-09-09 10:53:46,2026-09-09 10:54:11,716
E517780,T106132,CREATED,2026-09-08 10:14:16,2026-09-08 10:14:24,145
E516591,T105723,CREATED,2026-09-08 15:28:18,2026-09-08 15:28:31,258
E516688,T105756,AUTHORIZED,2026-09-08 09:15:32,2026-09-08 09:15:47,356
E518431,T106352,SETTLED,2026-09-09 12:03:22,2026-09-09 12:03:36,480
E518315,T106312,SETTLED,2026-09-09 09:38:46,2026-09-09 09:39:03,112
E516599,T105726,CREATED,2026-09-08 09:17:00,2026-09-08 09:17:16,185
E519654,T106762,SETTLED,2026-09-09 12:16:13,2026-09-09 12:17:42,617
E517970,T106198,AUTHORIZED,2026-09-08 15:30:04,2026-09-08 15:30:09,74
E517272,T105958,CREATED,2026-09-08 18:00:44,2026-09-08 18:00:54,216
E519507,T106713,SETTLED,2026-09-09 19:28:35,2026-09-09 19:28:55,569
E520046,T106896,SETTLED,2026-09-09 13:22:38,2026-09-09 13:22:56,194
E516347,T105637,SETTLED,2026-09-08 13:56:11,2026-09-08 13:56:49,826
E517190,T105929,AUTHORIZED,2026-09-08 09:05:53,2026-09-08 09:05:59,118
E517448,T106017,AUTHORIZED,2026-09-08 20:15:51,2026-09-08 20:15:54,457
E517790,T106135,CREATED,2026-09-08 21:50:50,2026-09-08 21:50:58,386
E519794,T106808,SETTLED,2026-09-09 08:09:17,2026-09-09 08:09:48,448
E519068,T106567,AUTHORIZED,2026-09-09 15:05:12,2026-09-09 15:05:19,213
E517835,T106151,AUTHORIZED,2026-09-08 15:27:44,2026-09-08 15:27:53,232
E519764,T106799,AUTHORIZED,2026-09-09 14:18:17,2026-09-09 14:18:33,409
E520080,T106908,CREATED,2026-09-09 06:26:21,2026-09-09 06:26:27,87
E517157,T105917,AUTHORIZED,2026-09-08 22:06:11,2026-09-08 22:06:32,73
E520495,T107054,CREATED,2026-09-09 09:53:54,2026-09-09 09:54:06,111
E520116,T106920,SETTLED,2026-09-09 09:45:00,2026-09-09 09:45:33,114
E517309,T105971,CREATED,2026-09-08 12:09:23,2026-09-08 12:09:34,270
E517560,T106055,SETTLED,2026-09-08 14:09:39,2026-09-08 14:10:13,737
E517828,T106148,SETTLED,2026-09-08 10:06:13,2026-09-08 10:06:18,189
E517356,T105987,AUTHORIZED,2026-09-08 19:02:46,2026-09-08 19:02:50,322
E518014,T106212,SETTLED,2026-09-08 09:57:47,2026-09-08 09:58:02,402
E518188,T106269,SETTLED,2026-09-08 06:30:02,2026-09-08 06:30:17,803
E516243,T105602,CREATED,2026-09-08 21:12:41,2026-09-08 21:12:43,44
E519033,T106555,AUTHORIZED,2026-09-09 16:16:04,2026-09-09 16:16:23,87
E517948,T106190,CREATED,2026-09-08 08:59:26,2026-09-08 08:59:27,103
E520281,T106979,SETTLED,2026-09-09 07:47:44,2026-09-09 07:47:56,330
E517798,T106138,AUTHORIZED,2026-09-08 18:12:34,2026-09-08 18:12:43,305
E517323,T105976,CREATED,2026-09-08 10:54:28,2026-09-08 10:54:37,157
E516300,T105621,AUTHORIZED,2026-09-08 11:18:19,2026-09-08 11:18:40,305
E516667,T105749,SETTLED,2026-09-08 22:33:42,2026-09-08 22:33:58,373
E519679,T106770,SETTLED,2026-09-09 18:15:38,2026-09-09 19:15:38,602
E518815,T106482,SETTLED,2026-09-09 15:15:15,2026-09-09 15:15:40,47
E519279,T106638,AUTHORIZED,2026-09-09 17:19:06,2026-09-09 17:19:34,138
E520246,T106967,CREATED,2026-09-09 18:57:44,2026-09-09 18:57:51,157
E517436,T106013,SETTLED,2026-09-08 13:02:41,2026-09-08 13:02:53,188
E517270,T105957,AUTHORIZED,2026-09-08 14:50:52,2026-09-08 14:50:53,31
E520561,T107077,SETTLED,2026-09-09 09:58:54,2026-09-09 10:17:54,888
E518927,T106519,SETTLED,2026-09-09 16:33:56,2026-09-09 16:34:10,221
E518555,T106397,CREATED,2026-09-09 11:28:06,2026-09-09 11:28:07,72
E519368,T106668,CREATED,2026-09-09 17:14:49,2026-09-09 17:15:05,296
E517516,T106041,CREATED,2026-09-08 09:56:43,2026-09-08 09:56:51,202
E516732,T105771,CREATED,2026-09-08 11:10:37,2026-09-08 11:10:49,279
E516467,T105679,AUTHORIZED,2026-09-08 09:37:23,2026-09-08 09:37:37,201
E516884,T105822,AUTHORIZED,2026-09-08 13:04:58,2026-09-08 13:05:01,85
E517302,T105969,CREATED,2026-09-08 17:29:43,2026-09-08 17:29:54,57
E520346,T107002,CREATED,2026-09-09 07:19:07,2026-09-09 07:19:11,232
E518842,T106491,AUTHORIZED,2026-09-09 15:53:44,2026-09-09 15:54:03,26
E519612,T106748,CREATED,2026-09-09 16:58:42,2026-09-09 16:58:59,240
E517444,T106016,CREATED,2026-09-08 07:28:00,2026-09-08 07:28:06,396
E517590,T106065,SETTLED,2026-09-08 15:38:22,2026-09-08 15:38:30,835
E519163,T106599,SETTLED,2026-09-09 19:26:10,2026-09-09 19:26:11,485
E520176,T106941,SETTLED,2026-09-09 19:02:58,2026-09-09 19:03:33,816
E518047,T106223,AUTHORIZED,2026-09-08 18:44:28,2026-09-08 18:44:31,273
E516518,T105696,AUTHORIZED,2026-09-08 17:32:25,2026-09-08 17:32:26,43
E519562,T106732,SETTLED,2026-09-09 15:39:19,2026-09-09 15:39:51,409
E516234,T105599,CREATED,2026-09-08 14:16:37,2026-09-08 14:16:47,48
E517492,T106032,AUTHORIZED,2026-09-08 20:57:34,2026-09-08 20:57:51,262
E520393,T107019,AUTHORIZED,2026-09-09 16:23:18,2026-09-09 16:23:19,443
E519081,T106571,SETTLED,2026-09-09 16:23:49,2026-09-09 16:24:30,282
E516709,T105763,AUTHORIZED,2026-09-08 20:36:33,2026-09-08 20:37:00,250
E517552,T106053,CREATED,2026-09-08 14:38:41,2026-09-08 14:38:56,303
E520220,T106957,CREATED,2026-09-09 08:40:28,2026-09-09 08:40:31,284
E519732,T106788,SETTLED,2026-09-09 12:10:25,2026-09-09 12:11:10,892
E516881,T105821,AUTHORIZED,2026-09-08 19:31:30,2026-09-08 19:32:00,193
E518635,T106424,AUTHORIZED,2026-09-09 21:18:17,2026-09-09 21:18:24,36
E516857,T105813,CREATED,2026-09-08 06:58:08,2026-09-08 06:58:13,348
E518102,T106240,SETTLED,2026-09-08 10:56:06,2026-09-08 10:56:24,420
E519273,T106636,AUTHORIZED,2026-09-09 11:23:40,2026-09-09 11:23:47,35
E516288,T105617,AUTHORIZED,2026-09-08 21:22:19,2026-09-08 21:22:40,99
E519719,T106784,CREATED,2026-09-09 09:56:35,2026-09-09 09:56:41,331
E515982,T105513,AUTHORIZED,2026-09-08 15:38:57,2026-09-08 15:39:20,84
E519733,T106789,CREATED,2026-09-09 16:48:53,2026-09-09 16:48:57,348
E517102,T105897,AUTHORIZED,2026-09-08 19:59:39,2026-09-08 19:59:42,439
E517700,T106104,CREATED,2026-09-08 09:31:37,2026-09-08 09:31:40,89
E519238,T106624,CREATED,2026-09-09 12:42:56,2026-09-09 12:43:02,228
E518352,T106326,CREATED,2026-09-09 10:04:39,2026-09-09 10:04:46,55
E517256,T105952,AUTHORIZED,2026-09-08 21:58:58,2026-09-08 21:59:24,48
E520233,T106962,CREATED,2026-09-09 09:48:00,2026-09-09 09:48:07,386
E519746,T106793,AUTHORIZED,2026-09-09 15:02:46,2026-09-09 15:02:56,297
E516544,T105705,SETTLED,2026-09-08 13:06:15,2026-09-08 13:06:51,666
E518031,T106218,AUTHORIZED,2026-09-08 08:28:32,2026-09-08 08:28:37,366
E519472,T106702,SETTLED,2026-09-09 18:43:47,2026-09-09 18:44:04,344
E519577,T106737,SETTLED,2026-09-09 08:09:51,2026-09-09 08:10:32,303
E519186,T106607,AUTHORIZED,2026-09-09 14:41:46,2026-09-09 14:42:15,39
E520510,T107059,CREATED,2026-09-09 15:37:59,2026-09-09 15:38:18,275
E517687,T106099,CREATED,2026-09-08 15:27:10,2026-09-08 15:27:16,285
E519500,T106711,SETTLED,2026-09-09 20:14:57,2026-09-09 20:15:20,165
E518719,T106451,CREATED,2026-09-09 06:01:48,2026-09-09 06:01:52,46
E518994,T106542,SETTLED,2026-09-09 18:00:34,2026-09-09 18:00:58,199
E516071,T105542,SETTLED,2026-09-08 22:27:10,2026-09-08 22:27:52,205
E517842,T106153,SETTLED,2026-09-08 13:08:22,2026-09-08 13:08:55,440
E517163,T105920,CREATED,2026-09-08 16:31:42,2026-09-08 16:31:57,227
E516663,T105748,AUTHORIZED,2026-09-08 13:00:44,2026-09-08 13:01:14,86
E516190,T105583,SETTLED,2026-09-08 21:45:30,2026-09-08 22:35:30,268
E519510,T106714,SETTLED,2026-09-09 18:36:30,2026-09-09 18:36:42,507
E519785,T106805,SETTLED,2026-09-09 13:22:16,2026-09-09 13:22:57,528
E516951,T105847,AUTHORIZED,2026-09-08 18:03:55,2026-09-08 18:04:24,74
E519931,T106856,SETTLED,2026-09-09 18:04:23,2026-09-09 18:04:46,827
E518637,T106425,CREATED,2026-09-09 07:34:04,2026-09-09 07:34:08,174
E516103,T105553,SETTLED,2026-09-08 17:12:17,2026-09-08 17:12:31,94
E519361,T106665,CREATED,2026-09-09 10:12:00,2026-09-09 10:12:16,385
E520531,T107066,SETTLED,2026-09-09 20:51:18,2026-09-09 20:52:01,116
E520574,T107082,SETTLED,2026-09-09 15:58:45,2026-09-09 15:59:18,714
E517358,T105987,SETTLED,2026-09-08 19:22:46,2026-09-08 19:23:31,190
E517648,T106085,CREATED,2026-09-08 19:14:17,2026-09-08 19:14:24,394
E520023,T106888,CREATED,2026-09-09 10:57:49,2026-09-09 10:57:51,49
E519933,T106857,AUTHORIZED,2026-09-09 20:47:54,2026-09-09 20:47:58,60
E518704,T106446,SETTLED,2026-09-09 15:20:34,2026-09-09 15:21:04,613
E516565,T105713,SETTLED,2026-09-08 07:24:48,2026-09-08 07:25:14,835
E519900,T106846,SETTLED,2026-09-09 21:36:02,2026-09-09 21:36:07,41
E518774,T106470,CREATED,2026-09-09 10:08:33,2026-09-09 10:08:50,122
E517100,T105896,SETTLED,2026-09-08 19:32:44,2026-09-08 19:32:49,212
E516882,T105821,SETTLED,2026-09-08 19:33:30,2026-09-08 20:29:30,728
E517215,T105938,CREATED,2026-09-08 08:51:34,2026-09-08 08:51:47,322
E516050,T105535,SETTLED,2026-09-08 13:39:54,2026-09-08 13:40:15,645
E516128,T105563,CREATED,2026-09-08 12:14:43,2026-09-08 12:14:51,309
E515962,T105506,AUTHORIZED,2026-09-08 11:09:01,2026-09-08 11:09:16,20
E516810,T105797,AUTHORIZED,2026-09-08 16:26:23,2026-09-08 16:26:48,140
E519645,T106759,SETTLED,2026-09-09 10:35:00,2026-09-09 10:35:30,376
E516723,T105768,CREATED,2026-09-08 19:08:15,2026-09-08 19:08:24,126
E516481,T105684,CREATED,2026-09-08 22:39:40,2026-09-08 22:39:53,133
E519318,T106650,SETTLED,2026-09-09 13:59:41,2026-09-09 14:00:10,455
E519924,T106854,CREATED,2026-09-09 09:02:26,2026-09-09 09:02:45,172
E518721,T106451,SETTLED,2026-09-09 06:19:20,2026-09-09 06:19:58,562
E516104,T105554,CREATED,2026-09-08 16:47:48,2026-09-08 16:47:55,29
E518138,T106253,CREATED,2026-09-08 13:52:30,2026-09-08 13:52:44,247
E516626,T105736,CREATED,2026-09-08 19:00:22,2026-09-08 19:00:30,336
E518694,T106443,AUTHORIZED,2026-09-09 18:57:13,2026-09-09 18:57:19,390
E516829,T105804,CREATED,2026-09-08 22:31:15,2026-09-08 22:31:35,71
E520014,T106885,CREATED,2026-09-09 12:14:00,2026-09-09 12:14:05,210
E518968,T106533,SETTLED,2026-09-09 08:56:20,2026-09-09 08:56:40,109
E519416,T106684,AUTHORIZED,2026-09-09 13:23:38,2026-09-09 13:23:57,239
E516132,T105564,CREATED,2026-09-08 08:28:39,2026-09-08 08:28:56,328
E516426,T105665,CREATED,2026-09-08 15:55:49,2026-09-08 15:56:02,332
E519275,T106637,CREATED,2026-09-09 18:19:16,2026-09-09 18:19:19,339
E518731,T106454,SETTLED,2026-09-09 12:40:55,2026-09-09 12:41:00,771
E516056,T105537,SETTLED,2026-09-08 07:17:09,2026-09-08 07:17:44,534
E516392,T105653,AUTHORIZED,2026-09-08 22:43:31,2026-09-08 22:43:36,378
E518571,T106402,AUTHORIZED,2026-09-09 07:09:18,2026-09-09 07:09:20,256
E516906,T105831,CREATED,2026-09-08 21:43:39,2026-09-08 21:43:50,227
E517044,T105878,CREATED,2026-09-08 12:03:07,2026-09-08 12:03:09,121
E520113,T106919,SETTLED,2026-09-09 18:35:18,2026-09-09 18:35:36,331
E520539,T107069,SETTLED,2026-09-09 10:11:44,2026-09-09 10:11:49,895
E519480,T106705,AUTHORIZED,2026-09-09 09:44:12,2026-09-09 09:44:21,93
E516962,T105851,CREATED,2026-09-08 16:56:26,2026-09-08 16:56:43,110
E520590,T107088,AUTHORIZED,2026-09-09 12:19:57,2026-09-09 12:20:24,452
E519788,T106806,SETTLED,2026-09-09 22:04:27,2026-09-09 22:05:07,167
E520575,T107083,CREATED,2026-09-09 09:04:14,2026-09-09 09:04:32,208
E517210,T105936,CREATED,2026-09-08 17:27:01,2026-09-08 17:27:11,83
E517905,T106174,SETTLED,2026-09-08 06:53:16,2026-09-08 06:53:22,742
E519256,T106630,FAILED,2026-09-09 18:25:29,2026-09-09 18:25:30,341
E517735,T106115,SETTLED,2026-09-08 19:33:45,2026-09-08 20:52:45,268
E518788,T106474,SETTLED,2026-09-09 18:27:48,2026-09-09 18:28:16,626
E516649,T105743,AUTHORIZED,2026-09-08 11:35:40,2026-09-08 11:35:50,111
E519729,T106787,FAILED,2026-09-09 08:00:54,2026-09-09 08:01:12,42
E516614,T105731,AUTHORIZED,2026-09-08 20:49:34,2026-09-08 20:49:53,430
E516156,T105572,AUTHORIZED,2026-09-08 15:18:41,2026-09-08 15:19:01,302
E520163,T106937,AUTHORIZED,2026-09-09 22:28:55,2026-09-09 22:29:25,457
E517778,T106131,CREATED,2026-09-08 21:11:02,2026-09-08 21:11:20,154
E518776,T106470,SETTLED,2026-09-09 10:19:40,2026-09-09 10:20:25,605
E519357,T106664,CREATED,2026-09-09 16:23:55,2026-09-09 16:24:02,65
E518192,T106271,CREATED,2026-09-08 11:27:21,2026-09-08 11:27:26,23
E517166,T105921,CREATED,2026-09-08 19:26:40,2026-09-08 19:26:54,302
E516933,T105840,AUTHORIZED,2026-09-08 11:00:03,2026-09-08 11:00:25,65
E517662,T106090,AUTHORIZED,2026-09-08 10:18:59,2026-09-08 10:19:22,321
E516428,T105665,SETTLED,2026-09-08 15:59:08,2026-09-08 15:59:35,495
E516577,T105718,CREATED,2026-09-08 09:01:57,2026-09-08 09:02:06,313
E519695,T106775,AUTHORIZED,2026-09-09 21:32:24,2026-09-09 21:32:35,370
E519799,T106811,CREATED,2026-09-09 09:12:17,2026-09-09 09:12:25,68
E520337,T106999,AUTHORIZED,2026-09-09 06:45:15,2026-09-09 06:45:32,338
E517086,T105892,CREATED,2026-09-08 11:15:32,2026-09-08 11:15:50,160
E516684,T105755,CREATED,2026-09-08 21:24:58,2026-09-08 21:25:16,235
E516013,T105523,AUTHORIZED,2026-09-08 20:02:57,2026-09-08 20:03:05,387
E518739,T106458,CREATED,2026-09-09 09:56:52,2026-09-09 09:56:55,128
E518698,T106444,SETTLED,2026-09-09 11:06:53,2026-09-09 11:07:29,208
E518548,T106394,SETTLED,2026-09-09 07:07:06,2026-09-09 07:07:26,213
E518317,T106313,AUTHORIZED,2026-09-09 12:15:59,2026-09-09 12:16:17,450
E517098,T105896,CREATED,2026-09-08 19:14:18,2026-09-08 19:14:24,226
E518297,T106307,CREATED,2026-09-09 19:05:36,2026-09-09 19:05:42,362
E516333,T105633,CREATED,2026-09-08 06:16:51,2026-09-08 06:16:57,361
E516095,T105551,CREATED,2026-09-08 18:35:37,2026-09-08 18:35:49,339
E519973,T106870,SETTLED,2026-09-09 17:51:53,2026-09-09 17:52:36,546
E518976,T106536,AUTHORIZED,2026-09-09 09:14:00,2026-09-09 09:14:07,396
E516177,T105579,AUTHORIZED,2026-09-08 15:36:28,2026-09-08 15:36:49,115
E517220,T105939,SETTLED,2026-09-08 19:51:26,2026-09-08 19:52:02,728
E517033,T105874,SETTLED,2026-09-08 09:38:55,2026-09-08 09:38:58,831
E519498,T106711,CREATED,2026-09-09 19:57:21,2026-09-09 19:57:25,334
E519399,T106678,AUTHORIZED,2026-09-09 08:18:09,2026-09-09 08:18:36,491
E517119,T105904,CREATED,2026-09-08 13:11:11,2026-09-08 13:11:20,331
E518667,T106434,SETTLED,2026-09-09 09:49:56,2026-09-09 09:50:22,193
E518464,T106364,CREATED,2026-09-09 22:31:09,2026-09-09 22:31:29,84
E516825,T105802,FAILED,2026-09-08 18:55:57,2026-09-08 18:56:02,81
E516689,T105756,SETTLED,2026-09-08 09:32:32,2026-09-08 09:33:16,643
E520344,T107001,AUTHORIZED,2026-09-09 21:41:30,2026-09-09 21:41:59,201
E517484,T106029,SETTLED,2026-09-08 14:11:15,2026-09-08 14:11:20,263
E518212,T106277,SETTLED,2026-09-08 15:50:43,2026-09-08 15:51:18,794
E520217,T106956,CREATED,2026-09-09 08:20:14,2026-09-09 08:20:24,326
E517383,T105996,CREATED,2026-09-08 09:34:32,2026-09-08 09:34:45,123
E519613,T106748,AUTHORIZED,2026-09-09 16:58:57,2026-09-09 16:59:20,464
E518259,T106294,AUTHORIZED,2026-09-09 14:37:32,2026-09-09 14:37:50,43
E519000,T106544,AUTHORIZED,2026-09-09 13:41:14,2026-09-09 13:41:36,410
E517398,T106001,CREATED,2026-09-08 12:06:33,2026-09-08 12:06:48,74
E517497,T106034,CREATED,2026-09-08 22:41:11,2026-09-08 22:41:23,225
E520339,T106999,SETTLED,2026-09-09 09:07:15,2026-09-09 09:07:30,110
E518236,T106286,CREATED,2026-09-08 08:39:58,2026-09-08 08:40:08,300
E519058,T106563,SETTLED,2026-09-09 14:06:55,2026-09-09 14:07:08,160
E518026,T106216,SETTLED,2026-09-08 19:40:14,2026-09-08 19:40:22,594
E516938,T105842,AUTHORIZED,2026-09-08 11:18:42,2026-09-08 11:19:09,32
E519530,T106722,CREATED,2026-09-09 08:41:50,2026-09-09 08:41:51,96
E517921,T106180,AUTHORIZED,2026-09-08 09:13:13,2026-09-08 09:13:22,189
E516266,T105609,SETTLED,2026-09-08 21:54:16,2026-09-08 21:54:24,704
E517184,T105927,CREATED,2026-09-08 06:49:37,2026-09-08 06:49:39,132
E519859,T106833,CREATED,2026-09-09 11:19:10,2026-09-09 11:19:19,115
E520558,T107077,CREATED,2026-09-09 09:22:32,2026-09-09 09:22:42,78
E519159,T106598,AUTHORIZED,2026-09-09 18:53:33,2026-09-09 18:53:46,446
E516183,T105581,AUTHORIZED,2026-09-08 06:47:23,2026-09-08 06:47:47,81
E518873,T106502,CREATED,2026-09-09 08:42:19,2026-09-09 08:42:26,347
E516585,T105721,CREATED,2026-09-08 12:24:33,2026-09-08 12:24:50,284
E519883,T106841,CREATED,2026-09-09 22:21:45,2026-09-09 22:21:54,98
E517028,T105873,AUTHORIZED,2026-09-08 11:05:27,2026-09-08 11:05:40,65
E520193,T106948,AUTHORIZED,2026-09-09 11:09:07,2026-09-09 11:09:11,325
E518373,T106333,AUTHORIZED,2026-09-09 17:39:15,2026-09-09 17:39:42,387
E520361,T107007,SETTLED,2026-09-09 11:19:45,2026-09-09 11:20:07,121
E518745,T106460,AUTHORIZED,2026-09-09 07:27:15,2026-09-09 07:27:32,370
E516659,T105746,SETTLED,2026-09-08 07:51:38,2026-09-08 07:52:21,718
E517018,T105870,CREATED,2026-09-08 07:52:33,2026-09-08 07:52:34,108
E519229,T106621,AUTHORIZED,2026-09-09 15:52:19,2026-09-09 15:52:36,484
E519888,T106842,SETTLED,2026-09-09 12:55:24,2026-09-09 12:56:03,566
E517838,T106152,AUTHORIZED,2026-09-08 22:19:30,2026-09-08 22:19:58,91
E520418,T107027,SETTLED,2026-09-09 16:45:22,2026-09-09 16:45:47,811
E518859,T106497,AUTHORIZED,2026-09-09 19:59:33,2026-09-09 19:59:48,379
E518448,T106358,AUTHORIZED,2026-09-09 11:39:15,2026-09-09 11:39:45,303
E517864,T106161,AUTHORIZED,2026-09-08 06:58:10,2026-09-08 06:58:15,410
E518595,T106410,SETTLED,2026-09-09 22:09:29,2026-09-09 22:10:03,320
E520087,T106910,AUTHORIZED,2026-09-09 07:01:16,2026-09-09 07:01:36,487
E518577,T106404,SETTLED,2026-09-09 10:09:40,2026-09-09 10:10:06,161
E518338,T106321,CREATED,2026-09-09 19:09:15,2026-09-09 19:09:22,42
E520127,T106924,SETTLED,2026-09-09 21:13:05,2026-09-09 21:13:06,484
E518606,T106414,AUTHORIZED,2026-09-09 06:31:16,2026-09-09 06:31:30,241
E516144,T105568,AUTHORIZED,2026-09-08 06:40:02,2026-09-08 06:40:05,262
E518265,T106296,SETTLED,2026-09-09 16:03:01,2026-09-09 16:03:17,791
E518914,T106515,AUTHORIZED,2026-09-09 11:35:57,2026-09-09 11:36:10,134
E518554,T106396,SETTLED,2026-09-09 18:28:29,2026-09-09 18:28:42,824
E520109,T106918,CREATED,2026-09-09 18:42:41,2026-09-09 18:42:46,295
E518868,T106500,AUTHORIZED,2026-09-09 11:30:24,2026-09-09 11:30:47,449
E518018,T106214,CREATED,2026-09-08 06:46:54,2026-09-08 06:47:04,332
E519090,T106574,SETTLED,2026-09-09 07:26:14,2026-09-09 07:26:43,262
E520379,T107014,CREATED,2026-09-09 08:43:40,2026-09-09 08:43:59,387
E516717,T105766,CREATED,2026-09-08 22:45:07,2026-09-08 22:45:10,176
E520124,T106923,FAILED,2026-09-09 10:23:12,2026-09-09 10:23:40,239
E519546,T106727,CREATED,2026-09-09 19:26:06,2026-09-09 19:26:13,41
E519473,T106703,CREATED,2026-09-09 17:49:37,2026-09-09 17:49:55,179
E520573,T107082,AUTHORIZED,2026-09-09 15:36:45,2026-09-09 15:36:46,77
E516007,T105521,SETTLED,2026-09-08 12:57:58,2026-09-08 12:58:26,71
E518814,T106482,AUTHORIZED,2026-09-09 15:12:15,2026-09-09 15:12:27,152
E516725,T105768,SETTLED,2026-09-08 19:23:43,2026-09-08 19:24:03,351
E515963,T105506,SETTLED,2026-09-08 11:29:01,2026-09-08 11:29:19,490
E519869,T106836,AUTHORIZED,2026-09-09 18:17:43,2026-09-09 18:18:04,367
E516286,T105616,SETTLED,2026-09-08 19:54:54,2026-09-08 19:55:35,64
E520185,T106945,AUTHORIZED,2026-09-09 08:14:59,2026-09-09 08:15:29,91
E516980,T105857,AUTHORIZED,2026-09-08 22:51:30,2026-09-08 22:51:55,113
E517458,T106021,CREATED,2026-09-08 15:59:22,2026-09-08 15:59:41,30
E519344,T106659,SETTLED,2026-09-09 16:43:06,2026-09-09 16:43:15,628
E520309,T106989,CREATED,2026-09-09 17:01:42,2026-09-09 17:01:57,161
E519097,T106577,CREATED,2026-09-09 15:39:00,2026-09-09 15:39:13,244
E518551,T106395,SETTLED,2026-09-09 10:00:26,2026-09-09 10:00:28,390
E518379,T106335,SETTLED,2026-09-09 10:33:36,2026-09-09 10:34:11,612
E520184,T106945,CREATED,2026-09-09 08:14:27,2026-09-09 08:14:31,278
E520569,T107081,CREATED,2026-09-09 15:57:18,2026-09-09 15:57:25,343
E516513,T105694,SETTLED,2026-09-08 15:31:00,2026-09-08 15:31:21,563
E517342,T105982,AUTHORIZED,2026-09-08 14:01:36,2026-09-08 14:01:58,304
E516861,T105814,AUTHORIZED,2026-09-08 12:39:43,2026-09-08 12:40:02,350
E518688,T106441,SETTLED,2026-09-09 16:34:04,2026-09-09 16:34:27,792
E516287,T105617,CREATED,2026-09-08 21:22:07,2026-09-08 21:22:25,239
E520298,T106985,SETTLED,2026-09-09 10:29:52,2026-09-09 10:30:02,380
E519664,T106766,CREATED,2026-09-09 09:03:41,2026-09-09 09:04:01,233
E520401,T107022,CREATED,2026-09-09 21:19:47,2026-09-09 21:19:56,300
E518610,T106415,SETTLED,2026-09-09 17:41:07,2026-09-09 17:41:31,759
E519730,T106788,CREATED,2026-09-09 11:47:46,2026-09-09 11:48:01,58
E516046,T105534,AUTHORIZED,2026-09-08 06:25:05,2026-09-08 06:25:26,234
E517121,T105904,SETTLED,2026-09-08 13:21:42,2026-09-08 13:21:46,860
E520435,T107033,SETTLED,2026-09-09 12:50:23,2026-09-09 12:50:57,328
E517974,T106199,SETTLED,2026-09-08 21:54:30,2026-09-08 21:54:43,162
E520336,T106999,CREATED,2026-09-09 06:44:52,2026-09-09 06:45:06,37
E517801,T106139,AUTHORIZED,2026-09-08 09:58:08,2026-09-08 09:58:18,414
E516290,T105618,CREATED,2026-09-08 15:54:01,2026-09-08 15:54:15,245
E519665,T106766,AUTHORIZED,2026-09-09 09:04:19,2026-09-09 09:04:28,84
E516292,T105618,SETTLED,2026-09-08 16:18:25,2026-09-08 16:18:54,295
E519375,T106670,AUTHORIZED,2026-09-09 13:58:13,2026-09-09 13:58:27,383
E518251,T106291,FAILED,2026-09-08 21:30:08,2026-09-08 21:30:27,198
E518860,T106497,SETTLED,2026-09-09 20:13:33,2026-09-09 20:14:08,809
E515988,T105515,AUTHORIZED,2026-09-08 21:58:13,2026-09-08 21:58:40,478
E520259,T106971,SETTLED,2026-09-09 18:34:52,2026-09-09 18:35:16,825
E516393,T105653,SETTLED,2026-09-08 22:48:31,2026-09-08 22:48:50,94
E516522,T105698,CREATED,2026-09-08 17:00:09,2026-09-08 17:00:21,186
E518515,T106382,CREATED,2026-09-09 11:24:13,2026-09-09 11:24:15,52
E516978,T105856,SETTLED,2026-09-08 14:33:06,2026-09-08 14:33:08,728
E518632,T106423,AUTHORIZED,2026-09-09 12:32:34,2026-09-09 12:32:49,483
E519356,T106663,SETTLED,2026-09-09 20:30:41,2026-09-09 20:30:59,622
E516982,T105858,CREATED,2026-09-08 22:19:13,2026-09-08 22:19:19,363
E519039,T106557,AUTHORIZED,2026-09-09 16:54:05,2026-09-09 16:54:35,402
E519580,T106738,SETTLED,2026-09-09 06:41:54,2026-09-09 06:42:20,438
E518182,T106268,CREATED,2026-09-08 16:32:42,2026-09-08 16:32:55,349
E517955,T106192,AUTHORIZED,2026-09-08 07:17:11,2026-09-08 07:17:32,253
E520406,T107023,SETTLED,2026-09-09 20:49:22,2026-09-09 20:49:37,242
E518161,T106260,SETTLED,2026-09-08 06:40:14,2026-09-08 06:40:38,360
E517771,T106128,SETTLED,2026-09-08 22:23:44,2026-09-08 22:23:53,326
E516945,T105845,CREATED,2026-09-08 09:56:24,2026-09-08 09:56:43,60
E520284,T106980,SETTLED,2026-09-09 09:32:40,2026-09-09 09:32:43,856
E518958,T106530,SETTLED,2026-09-09 12:40:12,2026-09-09 12:40:46,769
E517695,T106102,CREATED,2026-09-08 11:37:31,2026-09-08 11:37:34,138
E516360,T105642,CREATED,2026-09-08 16:32:05,2026-09-08 16:32:19,85
E518260,T106294,SETTLED,2026-09-10 13:48:32,2026-09-10 13:49:16,77
E517058,T105882,CREATED,2026-09-08 19:21:34,2026-09-08 19:21:54,229
E520247,T106967,AUTHORIZED,2026-09-09 18:58:08,2026-09-09 18:58:15,178
E519814,T106816,AUTHORIZED,2026-09-09 21:24:53,2026-09-09 21:25:12,302
E518460,T106362,SETTLED,2026-09-09 08:04:25,2026-09-09 08:04:36,734
E516625,T105735,FAILED,2026-09-08 10:34:37,2026-09-08 10:34:43,50
E518001,T106208,AUTHORIZED,2026-09-08 20:05:48,2026-09-08 20:06:10,479
E517618,T106074,SETTLED,2026-09-08 10:32:08,2026-09-08 10:32:20,379
E520577,T107083,SETTLED,2026-09-09 09:10:38,2026-09-09 09:10:59,249
E519158,T106598,CREATED,2026-09-09 18:53:11,2026-09-09 18:53:16,307
E520017,T106886,CREATED,2026-09-09 06:45:17,2026-09-09 06:45:37,133
E516615,T105731,SETTLED,2026-09-08 21:07:34,2026-09-08 21:08:05,863
E520145,T106930,SETTLED,2026-09-09 21:34:16,2026-09-09 21:34:46,92
E520045,T106896,AUTHORIZED,2026-09-09 12:54:38,2026-09-09 12:54:41,96
E518481,T106369,SETTLED,2026-09-09 18:39:41,2026-09-09 18:40:20,94
E517792,T106136,CREATED,2026-09-08 20:41:07,2026-09-08 20:41:10,137
E520467,T107044,AUTHORIZED,2026-09-09 09:51:10,2026-09-09 09:51:35,476
E516320,T105628,AUTHORIZED,2026-09-08 13:28:20,2026-09-08 13:28:25,40
E516413,T105660,CREATED,2026-09-08 17:21:46,2026-09-08 17:22:02,281
E519667,T106767,CREATED,2026-09-09 21:15:10,2026-09-09 21:15:26,251
E516739,T105773,AUTHORIZED,2026-09-08 20:53:16,2026-09-08 20:53:30,461
E519745,T106793,CREATED,2026-09-09 15:02:11,2026-09-09 15:02:29,216
E516640,T105740,AUTHORIZED,2026-09-08 17:47:37,2026-09-08 17:47:50,445
E516645,T105742,CREATED,2026-09-08 18:09:05,2026-09-08 18:09:20,120
E518169,T106263,SETTLED,2026-09-08 08:47:37,2026-09-08 08:47:40,331
E519247,T106627,CREATED,2026-09-09 06:39:44,2026-09-09 06:40:02,110
E516012,T105523,CREATED,2026-09-08 20:02:20,2026-09-08 20:02:38,117
E518748,T106461,AUTHORIZED,2026-09-09 15:27:20,2026-09-09 15:27:26,353
E520276,T106978,CREATED,2026-09-09 06:41:51,2026-09-09 06:42:09,266
E516782,T105787,AUTHORIZED,2026-09-08 19:44:03,2026-09-08 19:44:21,346
E516065,T105540,SETTLED,2026-09-08 07:26:05,2026-09-08 07:26:39,183
E518015,T106213,CREATED,2026-09-08 06:32:59,2026-09-08 06:33:19,174
E518557,T106397,SETTLED,2026-09-09 11:47:44,2026-09-09 11:48:25,205
E517108,T105899,AUTHORIZED,2026-09-08 19:10:50,2026-09-08 19:11:08,43
E519817,T106817,AUTHORIZED,2026-09-09 07:04:34,2026-09-09 07:04:52,178
E516560,T105712,CREATED,2026-09-08 17:38:41,2026-09-08 17:39:01,236
E516920,T105836,CREATED,2026-09-08 10:16:46,2026-09-08 10:17:04,146
E517324,T105976,AUTHORIZED,2026-09-08 10:54:54,2026-09-08 10:55:15,65
E520341,T107000,AUTHORIZED,2026-09-09 10:20:59,2026-09-09 10:21:24,252
E516535,T105702,AUTHORIZED,2026-09-08 15:49:30,2026-09-08 15:49:52,219
E516647,T105742,SETTLED,2026-09-08 18:33:36,2026-09-08 18:34:01,858
E516421,T105663,CREATED,2026-09-08 08:44:51,2026-09-08 08:44:56,398
E520358,T107006,AUTHORIZED,2026-09-09 19:41:07,2026-09-09 19:41:09,475
E520507,T107058,CREATED,2026-09-09 06:57:50,2026-09-09 06:57:56,99
E516432,T105667,CREATED,2026-09-08 15:52:28,2026-09-08 15:52:43,70
E520596,T107090,CREATED,2026-09-09 07:42:52,2026-09-09 07:43:06,138
E520455,T107040,AUTHORIZED,2026-09-09 21:19:32,2026-09-09 21:19:45,62
E516512,T105694,AUTHORIZED,2026-09-08 15:03:00,2026-09-08 15:03:04,471
E516618,T105732,SETTLED,2026-09-08 16:08:34,2026-09-08 16:08:50,98
E516902,T105829,SETTLED,2026-09-08 08:02:43,2026-09-08 08:02:56,325
E518262,T106295,AUTHORIZED,2026-09-09 17:11:53,2026-09-09 17:12:05,363
E519054,T106562,AUTHORIZED,2026-09-09 07:10:53,2026-09-09 07:11:20,335
E517090,T105893,AUTHORIZED,2026-09-08 07:13:09,2026-09-08 07:13:26,484
E516411,T105659,AUTHORIZED,2026-09-08 18:04:01,2026-09-08 18:04:08,50
E516742,T105774,AUTHORIZED,2026-09-08 20:05:35,2026-09-08 20:05:36,108
E516655,T105745,AUTHORIZED,2026-09-08 09:26:44,2026-09-08 09:27:02,42
E518761,T106465,SETTLED,2026-09-09 22:08:40,2026-09-09 22:09:09,814
E517795,T106137,CREATED,2026-09-08 20:30:52,2026-09-08 20:30:59,170
E516719,T105766,SETTLED,2026-09-08 23:12:26,2026-09-08 23:13:02,192
E519632,T106755,AUTHORIZED,2026-09-09 10:53:23,2026-09-09 10:53:41,62
E518395,T106341,CREATED,2026-09-09 10:22:34,2026-09-09 10:22:40,384
E520579,T107084,AUTHORIZED,2026-09-09 19:22:21,2026-09-09 19:22:50,177
E517463,T106022,SETTLED,2026-09-08 14:05:40,2026-09-08 14:06:10,133
E516285,T105616,AUTHORIZED,2026-09-08 19:36:54,2026-09-08 19:37:20,98
E520445,T107037,CREATED,2026-09-09 21:10:32,2026-09-09 21:10:49,46
E520295,T106984,SETTLED,2026-09-09 07:53:33,2026-09-09 07:53:45,314
E518630,T106422,SETTLED,2026-09-09 22:06:57,2026-09-09 22:07:32,455
E517031,T105874,CREATED,2026-09-08 09:14:28,2026-09-08 09:14:33,35
E518713,T106449,AUTHORIZED,2026-09-09 22:51:59,2026-09-09 22:52:05,493
E517584,T106063,AUTHORIZED,2026-09-08 14:22:38,2026-09-08 14:22:39,315
E517684,T106098,CREATED,2026-09-08 16:06:46,2026-09-08 16:07:02,61
E520215,T106955,AUTHORIZED,2026-09-09 10:23:15,2026-09-09 10:23:40,121
E517537,T106047,AUTHORIZED,2026-09-08 10:14:36,2026-09-08 10:14:47,442
E516494,T105688,AUTHORIZED,2026-09-08 13:16:24,2026-09-08 13:16:45,223
E519596,T106743,AUTHORIZED,2026-09-09 21:04:19,2026-09-09 21:04:40,313
E518702,T106446,CREATED,2026-09-09 15:06:02,2026-09-09 15:06:06,89
E519522,T106719,CREATED,2026-09-09 18:50:36,2026-09-09 18:50:41,47
E517473,T106026,CREATED,2026-09-08 17:58:10,2026-09-08 17:58:11,59
E517296,T105967,CREATED,2026-09-08 17:19:36,2026-09-08 17:19:53,354
E518469,T106365,SETTLED,2026-09-09 22:30:28,2026-09-09 22:30:58,775
E516296,T105620,CREATED,2026-09-08 10:17:26,2026-09-08 10:17:43,80
E520028,T106890,AUTHORIZED,2026-09-09 08:52:03,2026-09-09 08:52:18,100
E517758,T106124,AUTHORIZED,2026-09-08 21:48:52,2026-09-08 21:49:12,151
E519559,T106731,SETTLED,2026-09-09 14:53:04,2026-09-09 14:53:44,517
E517632,T106079,AUTHORIZED,2026-09-08 09:30:42,2026-09-08 09:31:03,172
E516800,T105793,SETTLED,2026-09-08 18:00:45,2026-09-08 18:01:21,113
E516852,T105811,AUTHORIZED,2026-09-08 12:43:44,2026-09-08 12:43:49,344
E517793,T106136,AUTHORIZED,2026-09-08 20:41:42,2026-09-08 20:42:05,452
E520117,T106921,CREATED,2026-09-09 22:35:06,2026-09-09 22:35:12,392
E519385,T106674,CREATED,2026-09-09 14:38:06,2026-09-09 14:38:19,344
E519456,T106697,SETTLED,2026-09-09 17:05:53,2026-09-09 17:06:33,381
E516471,T105681,CREATED,2026-09-08 09:08:56,2026-09-08 09:09:05,363
E516304,T105622,SETTLED,2026-09-08 07:47:44,2026-09-08 07:48:13,742
E516193,T105584,AUTHORIZED,2026-09-08 17:44:20,2026-09-08 17:44:36,350
E517051,T105880,CREATED,2026-09-08 20:02:46,2026-09-08 20:02:51,360
E517685,T106098,AUTHORIZED,2026-09-08 16:06:55,2026-09-08 16:07:15,138
E518875,T106502,SETTLED,2026-09-09 08:56:44,2026-09-09 08:57:20,750
E518058,T106227,AUTHORIZED,2026-09-08 15:06:38,2026-09-08 15:07:05,404
E518795,T106477,CREATED,2026-09-09 07:48:25,2026-09-09 07:48:36,138
E519112,T106582,CREATED,2026-09-09 06:18:57,2026-09-09 06:19:04,166
E516740,T105773,SETTLED,2026-09-08 21:15:16,2026-09-08 21:15:46,455
E519958,T106865,SETTLED,2026-09-09 08:05:55,2026-09-09 08:06:09,282
E518296,T106306,SETTLED,2026-09-09 15:42:31,2026-09-09 15:42:41,595
E517178,T105925,CREATED,2026-09-08 12:47:47,2026-09-08 12:47:50,293
E518160,T106260,SETTLED,2026-09-08 06:38:14,2026-09-08 06:38:35,32
E519282,T106639,AUTHORIZED,2026-09-09 14:12:21,2026-09-09 14:12:48,44
E519202,T106612,AUTHORIZED,2026-09-09 09:50:15,2026-09-09 09:50:37,456
E517223,T105940,SETTLED,2026-09-08 18:41:07,2026-09-08 18:41:10,252
E519232,T106622,AUTHORIZED,2026-09-09 21:47:40,2026-09-09 21:47:45,191
E516738,T105773,CREATED,2026-09-08 20:52:45,2026-09-08 20:53:03,176
E516145,T105568,SETTLED,2026-09-08 06:52:02,2026-09-08 06:55:09,93
E518089,T106237,CREATED,2026-09-08 11:30:23,2026-09-08 11:30:26,164
E517331,T105978,SETTLED,2026-09-08 14:05:36,2026-09-08 14:05:43,801
E518523,T106385,CREATED,2026-09-09 10:26:49,2026-09-09 10:27:04,352
E518819,T106484,CREATED,2026-09-09 18:27:19,2026-09-09 18:27:26,204
E518287,T106303,SETTLED,2026-09-09 07:04:37,2026-09-09 07:04:38,637
E519554,T106730,CREATED,2026-09-09 07:32:52,2026-09-09 07:33:02,326
E517988,T106204,AUTHORIZED,2026-09-08 21:47:04,2026-09-08 21:47:15,404
E519302,T106645,SETTLED,2026-09-09 18:37:47,2026-09-09 18:38:10,548
E520058,T106901,CREATED,2026-09-09 18:50:28,2026-09-09 18:50:42,92
E517804,T106140,CREATED,2026-09-08 22:04:48,2026-09-08 22:05:02,275
E516463,T105678,CREATED,2026-09-08 12:43:33,2026-09-08 12:43:43,100
E516059,T105538,SETTLED,2026-09-08 16:46:08,2026-09-08 17:02:08,820
E517396,T106000,AUTHORIZED,2026-09-08 07:43:12,2026-09-08 07:43:27,57
E519606,T106746,AUTHORIZED,2026-09-09 14:55:30,2026-09-09 14:55:40,89
E517641,T106082,SETTLED,2026-09-08 10:19:38,2026-09-08 10:20:20,39
E516280,T105614,SETTLED,2026-09-08 12:54:33,2026-09-08 12:55:12,489
E519844,T106827,AUTHORIZED,2026-09-09 10:34:30,2026-09-09 10:34:31,183
E516342,T105636,CREATED,2026-09-08 08:32:46,2026-09-08 08:32:59,104
E516642,T105741,CREATED,2026-09-08 10:51:23,2026-09-08 10:51:30,183
E518309,T106310,SETTLED,2026-09-09 13:02:12,2026-09-09 13:02:45,218
E520092,T106912,CREATED,2026-09-09 12:03:41,2026-09-09 12:03:58,27
E520303,T106987,CREATED,2026-09-09 19:16:13,2026-09-09 19:16:27,266
E519755,T106796,AUTHORIZED,2026-09-09 18:49:12,2026-09-09 18:49:23,287
E519265,T106633,SETTLED,2026-09-09 23:09:17,2026-09-09 23:09:37,896
E520365,T107008,SETTLED,2026-09-09 18:54:49,2026-09-09 18:55:18,519
E520484,T107050,AUTHORIZED,2026-09-09 13:28:17,2026-09-09 13:28:26,112
E520159,T106936,CREATED,2026-09-09 20:58:11,2026-09-09 20:58:30,296
E519830,T106822,AUTHORIZED,2026-09-09 11:26:39,2026-09-09 11:27:08,194
E517512,T106039,SETTLED,2026-09-08 11:52:02,2026-09-08 11:52:15,501
E516387,T105651,AUTHORIZED,2026-09-08 10:27:00,2026-09-08 10:27:09,204
E517616,T106074,CREATED,2026-09-08 10:18:03,2026-09-08 10:18:04,83
E516475,T105682,AUTHORIZED,2026-09-08 21:06:10,2026-09-08 21:06:34,444
E517570,T106059,CREATED,2026-09-08 20:25:26,2026-09-08 20:25:33,249
E517645,T106084,CREATED,2026-09-08 13:53:04,2026-09-08 13:53:23,350
E519079,T106571,CREATED,2026-09-09 16:12:14,2026-09-09 16:12:20,78
E517530,T106045,CREATED,2026-09-08 08:59:47,2026-09-08 08:59:53,110
E520084,T106909,AUTHORIZED,2026-09-09 07:12:50,2026-09-09 07:12:59,296
E520342,T107000,SETTLED,2026-09-09 10:33:59,2026-09-09 10:34:43,366
E517644,T106083,SETTLED,2026-09-09 02:21:59,2026-09-09 02:22:13,49
E516141,T105567,AUTHORIZED,2026-09-08 22:57:45,2026-09-08 22:57:57,209
E520091,T106911,SETTLED,2026-09-09 19:06:27,2026-09-09 19:07:08,691
E516916,T105834,AUTHORIZED,2026-09-08 12:59:54,2026-09-08 13:00:19,411
E520483,T107050,CREATED,2026-09-09 13:27:53,2026-09-09 13:27:54,115
E519266,T106634,CREATED,2026-09-09 13:40:11,2026-09-09 13:40:15,355
E520600,T107091,SETTLED,2026-09-09 19:22:01,2026-09-09 19:22:24,814
E519290,T106641,SETTLED,2026-09-09 22:04:14,2026-09-09 22:04:56,200
E516521,T105697,SETTLED,2026-09-08 13:12:13,2026-09-08 13:12:33,628
E517007,T105866,SETTLED,2026-09-08 21:45:12,2026-09-08 21:45:15,232
E517453,T106019,AUTHORIZED,2026-09-08 07:25:34,2026-09-08 07:25:56,388
E517692,T106101,CREATED,2026-09-08 22:57:57,2026-09-08 22:58:08,89
E518009,T106211,CREATED,2026-09-08 16:59:30,2026-09-08 16:59:35,390
E520049,T106897,SETTLED,2026-09-09 07:24:55,2026-09-09 07:25:21,669
E520293,T106984,CREATED,2026-09-09 07:26:10,2026-09-09 07:26:12,129
E515964,T105507,CREATED,2026-09-08 17:00:37,2026-09-08 17:00:44,327
E518343,T106322,SETTLED,2026-09-09 12:46:56,2026-09-09 12:47:25,50
E516946,T105845,FAILED,2026-09-08 09:57:03,2026-09-08 09:57:08,75
E516122,T105560,SETTLED,2026-09-08 20:04:44,2026-09-08 20:04:46,270
E517236,T105945,AUTHORIZED,2026-09-08 16:47:04,2026-09-08 16:47:19,387
E516258,T105607,CREATED,2026-09-08 17:19:29,2026-09-08 17:19:38,280
E519325,T106653,CREATED,2026-09-09 07:39:45,2026-09-09 07:40:03,371
E520373,T107011,SETTLED,2026-09-09 11:01:29,2026-09-09 11:01:43,719
E518482,T106370,CREATED,2026-09-09 20:26:45,2026-09-09 20:26:46,34
E518325,T106315,SETTLED,2026-09-09 10:38:58,2026-09-09 10:39:05,398
E518204,T106275,CREATED,2026-09-08 13:09:19,2026-09-08 13:09:23,369
E519261,T106632,AUTHORIZED,2026-09-09 10:36:24,2026-09-09 10:36:41,313
E518912,T106514,SETTLED,2026-09-09 16:05:57,2026-09-09 16:06:29,619
E516099,T105552,AUTHORIZED,2026-09-08 15:54:32,2026-09-08 15:54:34,286
E519866,T106835,AUTHORIZED,2026-09-09 22:23:18,2026-09-09 22:23:28,362
E516281,T105615,CREATED,2026-09-08 14:57:38,2026-09-08 14:57:41,226
E519739,T106791,CREATED,2026-09-09 06:16:38,2026-09-09 06:16:39,304
E518512,T106381,CREATED,2026-09-09 14:59:01,2026-09-09 14:59:21,238
E517937,T106186,AUTHORIZED,2026-09-08 07:05:34,2026-09-08 07:05:39,155
E516991,T105861,CREATED,2026-09-08 08:28:43,2026-09-08 08:28:47,336
E520232,T106961,FAILED,2026-09-09 22:12:12,2026-09-09 22:12:22,445
E516776,T105785,AUTHORIZED,2026-09-08 18:24:26,2026-09-08 18:24:28,345
E520253,T106969,AUTHORIZED,2026-09-09 06:21:52,2026-09-09 06:21:58,160
E517581,T106062,CREATED,2026-09-08 11:38:08,2026-09-08 11:38:27,287
E517960,T106194,FAILED,2026-09-08 06:57:20,2026-09-08 06:57:46,487
E519206,T106613,SETTLED,2026-09-09 17:26:01,2026-09-09 17:26:20,193
E520099,T106914,AUTHORIZED,2026-09-09 11:05:40,2026-09-09 11:06:06,288
E518290,T106304,SETTLED,2026-09-09 23:37:06,2026-09-09 23:37:45,92
E516053,T105536,SETTLED,2026-09-08 10:01:37,2026-09-08 10:01:38,469
E516305,T105623,CREATED,2026-09-08 21:25:01,2026-09-08 21:25:15,299
E519689,T106773,SETTLED,2026-09-09 10:22:34,2026-09-09 10:22:47,777
E518361,T106329,AUTHORIZED,2026-09-09 15:13:20,2026-09-09 15:13:37,126
E520519,T107062,AUTHORIZED,2026-09-09 08:55:00,2026-09-09 08:55:29,236
E516319,T105628,CREATED,2026-09-08 13:27:45,2026-09-08 13:27:53,164
E519678,T106770,AUTHORIZED,2026-09-09 17:50:38,2026-09-09 17:50:42,358
E519723,T106785,SETTLED,2026-09-09 08:42:25,2026-09-09 08:42:40,719
E516442,T105670,AUTHORIZED,2026-09-08 18:53:01,2026-09-08 18:53:31,358
E518771,T106469,CREATED,2026-09-09 15:27:27,2026-09-09 15:27:38,357
E516706,T105762,AUTHORIZED,2026-09-08 10:48:28,2026-09-08 10:48:31,271
E516872,T105818,CREATED,2026-09-08 06:16:52,2026-09-08 06:16:59,315
E520488,T107051,SETTLED,2026-09-09 12:22:20,2026-09-09 12:22:50,603
E517985,T106203,AUTHORIZED,2026-09-08 11:47:43,2026-09-08 11:48:08,200
E518078,T106233,SETTLED,2026-09-08 12:47:27,2026-09-08 12:47:52,701
E520559,T107077,AUTHORIZED,2026-09-09 09:22:54,2026-09-09 09:23:24,65
E517460,T106021,SETTLED,2026-09-08 18:19:40,2026-09-08 18:19:56,865
E516622,T105734,AUTHORIZED,2026-09-08 16:47:55,2026-09-08 16:48:25,396
E518691,T106442,AUTHORIZED,2026-09-09 21:27:32,2026-09-09 21:27:55,260
E519322,T106652,CREATED,2026-09-09 08:50:54,2026-09-09 08:50:56,324
E516254,T105605,SETTLED,2026-09-08 10:11:08,2026-09-08 10:11:45,878
E518598,T106411,SETTLED,2026-09-09 16:12:21,2026-09-09 16:13:06,673
E516834,T105805,AUTHORIZED,2026-09-08 08:48:48,2026-09-08 08:48:50,63
E519608,T106746,SETTLED,2026-09-09 15:08:30,2026-09-09 15:09:07,499
E516087,T105547,SETTLED,2026-09-08 14:53:56,2026-09-08 14:54:29,514
E519390,T106675,SETTLED,2026-09-09 12:49:52,2026-09-09 12:50:20,498
E517187,T105928,AUTHORIZED,2026-09-08 12:20:20,2026-09-08 12:20:34,21
E520494,T107053,SETTLED,2026-09-09 13:18:00,2026-09-09 13:18:26,450
E516162,T105574,SETTLED,2026-09-08 07:39:19,2026-09-08 07:49:19,38
E518157,T106259,AUTHORIZED,2026-09-08 21:51:39,2026-09-08 21:51:51,30
E516291,T105618,AUTHORIZED,2026-09-08 15:54:25,2026-09-08 15:54:48,32
E518094,T106238,AUTHORIZED,2026-09-08 13:44:10,2026-09-08 13:44:19,192
E518988,T106540,SETTLED,2026-09-09 10:29:08,2026-09-09 10:29:26,253
E516746,T105775,AUTHORIZED,2026-09-08 10:57:20,2026-09-08 10:57:23,328
E517426,T106010,CREATED,2026-09-08 08:38:43,2026-09-08 08:38:48,224
E515973,T105510,AUTHORIZED,2026-09-08 16:36:06,2026-09-08 16:36:19,100
E516679,T105753,AUTHORIZED,2026-09-08 08:14:44,2026-09-08 08:14:45,289
E519402,T106679,AUTHORIZED,2026-09-09 22:09:20,2026-09-09 22:09:45,493
E519644,T106759,AUTHORIZED,2026-09-09 10:21:00,2026-09-09 10:21:18,495
E520074,T106906,AUTHORIZED,2026-09-09 17:07:43,2026-09-09 17:08:04,395
E518120,T106246,SETTLED,2026-09-08 14:59:27,2026-09-08 14:59:55,458
E519781,T106804,AUTHORIZED,2026-09-09 11:26:25,2026-09-09 11:26:36,291
E517265,T105955,SETTLED,2026-09-08 16:08:26,2026-09-08 16:09:00,670
E520075,T106906,SETTLED,2026-09-09 17:14:43,2026-09-09 17:14:46,398
E518685,T106440,SETTLED,2026-09-09 15:51:42,2026-09-09 15:52:11,807
E518510,T106380,AUTHORIZED,2026-09-09 09:18:33,2026-09-09 09:19:01,71
E518809,T106480,SETTLED,2026-09-09 22:02:12,2026-09-09 22:02:44,455
E516024,T105527,CREATED,2026-09-08 09:02:38,2026-09-08 09:02:53,238
E518376,T106334,FAILED,2026-09-09 10:33:48,2026-09-09 10:34:03,166
E520010,T106883,SETTLED,2026-09-09 14:28:48,2026-09-09 14:29:31,829
E516969,T105853,AUTHORIZED,2026-09-08 19:03:56,2026-09-08 19:04:05,293
E520478,T107048,CREATED,2026-09-09 12:42:49,2026-09-09 12:43:08,50
E519335,T106656,SETTLED,2026-09-09 12:03:02,2026-09-09 12:03:09,639
E517928,T106183,CREATED,2026-09-08 10:14:11,2026-09-08 10:14:27,65
E516992,T105861,AUTHORIZED,2026-09-08 08:28:55,2026-09-08 08:29:01,219
E518669,T106435,AUTHORIZED,2026-09-09 06:41:09,2026-09-09 06:41:34,167
E516325,T105630,CREATED,2026-09-08 20:03:02,2026-09-08 20:03:08,231
E519833,T106823,AUTHORIZED,2026-09-09 13:33:29,2026-09-09 13:33:53,279
E516819,T105800,AUTHORIZED,2026-09-08 15:54:28,2026-09-08 15:54:51,126
E516135,T105565,CREATED,2026-09-08 10:12:00,2026-09-08 10:12:01,357
E517076,T105888,AUTHORIZED,2026-09-08 19:10:55,2026-09-08 19:11:24,316
E516799,T105793,AUTHORIZED,2026-09-08 17:45:45,2026-09-08 17:45:48,115
E516248,T105603,SETTLED,2026-09-08 21:52:07,2026-09-08 23:15:07,282
E518725,T106453,CREATED,2026-09-09 21:28:52,2026-09-09 21:29:11,186
E517542,T106049,CREATED,2026-09-08 18:01:36,2026-09-08 18:01:55,64
E518180,T106267,AUTHORIZED,2026-09-08 17:12:57,2026-09-08 17:13:26,252
E518227,T106283,CREATED,2026-09-08 06:10:43,2026-09-08 06:10:54,86
E518653,T106430,AUTHORIZED,2026-09-09 09:50:15,2026-09-09 09:50:21,176
E518550,T106395,AUTHORIZED,2026-09-09 09:55:26,2026-09-09 09:55:46,111
E519153,T106596,AUTHORIZED,2026-09-09 06:44:04,2026-09-09 06:44:18,104
E518253,T106292,AUTHORIZED,2026-09-08 06:02:10,2026-09-08 06:02:12,135
E519063,T106565,AUTHORIZED,2026-09-09 22:44:23,2026-09-09 22:44:31,427
E519449,T106695,CREATED,2026-09-09 14:25:16,2026-09-09 14:25:25,146
E519037,T106556,SETTLED,2026-09-09 20:17:44,2026-09-09 20:18:08,66
E520301,T106986,AUTHORIZED,2026-09-09 16:21:16,2026-09-09 16:21:22,377
E518993,T106542,AUTHORIZED,2026-09-09 17:36:34,2026-09-09 17:36:43,160
E519960,T106866,AUTHORIZED,2026-09-09 19:45:05,2026-09-09 19:45:31,435
E518185,T106268,SETTLED,2026-09-08 17:07:04,2026-09-08 17:07:30,615
E515955,T105504,CREATED,2026-09-08 17:04:27,2026-09-08 17:04:42,227
E517036,T105875,SETTLED,2026-09-08 15:40:09,2026-09-08 15:40:17,433
E518798,T106478,CREATED,2026-09-09 15:41:35,2026-09-09 15:41:54,212
E520071,T106905,AUTHORIZED,2026-09-09 15:56:06,2026-09-09 15:56:28,180
E517666,T106091,AUTHORIZED,2026-09-08 09:05:34,2026-09-08 09:06:03,118
E517314,T105972,SETTLED,2026-09-08 09:29:50,2026-09-08 09:30:01,895
E516729,T105770,CREATED,2026-09-08 17:57:59,2026-09-08 17:58:17,224
E516380,T105649,CREATED,2026-09-08 20:46:07,2026-09-08 20:46:13,208
E518335,T106320,CREATED,2026-09-09 18:48:21,2026-09-09 18:48:35,225
E519885,T106841,SETTLED,2026-09-09 22:46:17,2026-09-09 22:46:52,770
E516492,T105687,SETTLED,2026-09-08 17:31:14,2026-09-08 17:31:23,86
E517193,T105930,AUTHORIZED,2026-09-08 09:28:00,2026-09-08 09:28:13,233
E517671,T106093,CREATED,2026-09-08 12:05:09,2026-09-08 12:05:20,212
E516604,T105727,SETTLED,2026-09-08 08:46:39,2026-09-08 08:47:22,259
E518529,T106387,CREATED,2026-09-09 17:04:49,2026-09-09 17:05:07,70
E516673,T105751,AUTHORIZED,2026-09-08 11:24:29,2026-09-08 11:24:33,190
E519017,T106550,CREATED,2026-09-09 10:12:48,2026-09-09 10:12:51,102
E516152,T105571,CREATED,2026-09-08 14:17:37,2026-09-08 14:17:42,328
E520302,T106986,SETTLED,2026-09-09 16:34:16,2026-09-09 16:34:54,888
E517386,T105997,CREATED,2026-09-08 17:49:50,2026-09-08 17:50:10,376
E520458,T107041,AUTHORIZED,2026-09-09 17:51:02,2026-09-09 17:51:18,468
E519254,T106629,SETTLED,2026-09-09 16:24:49,2026-09-09 16:30:49,537
E517667,T106092,CREATED,2026-09-08 12:40:56,2026-09-08 12:41:15,268
E518397,T106341,SETTLED,2026-09-09 13:13:46,2026-09-09 13:14:25,701
E516323,T105629,AUTHORIZED,2026-09-08 21:35:15,2026-09-08 21:35:33,155
E520282,T106980,CREATED,2026-09-09 07:06:32,2026-09-09 07:06:36,261
E516138,T105566,CREATED,2026-09-08 18:08:09,2026-09-08 18:08:12,294
E518407,T106345,CREATED,2026-09-09 17:07:39,2026-09-09 17:07:53,41
E516236,T105599,SETTLED,2026-09-08 14:20:04,2026-09-08 14:20:21,322
E519648,T106760,SETTLED,2026-09-09 14:30:44,2026-09-09 14:31:14,588
E517364,T105989,SETTLED,2026-09-08 20:42:17,2026-09-08 20:42:59,116
E518796,T106477,AUTHORIZED,2026-09-09 07:48:53,2026-09-09 07:49:22,176
E516704,T105761,SETTLED,2026-09-08 10:20:51,2026-09-08 10:21:19,596
E519226,T106620,CREATED,2026-09-09 18:18:23,2026-09-09 18:18:35,24
E517840,T106153,CREATED,2026-09-08 12:47:00,2026-09-08 12:47:19,368
E518991,T106541,SETTLED,2026-09-09 21:08:29,2026-09-09 21:09:12,633
E519182,T106606,CREATED,2026-09-09 17:34:16,2026-09-09 17:34:29,306
E516593,T105723,SETTLED,2026-09-08 15:53:37,2026-09-08 15:53:45,657
E518617,T106418,CREATED,2026-09-09 20:52:17,2026-09-09 20:52:19,398
E517759,T106124,SETTLED,2026-09-08 22:15:52,2026-09-08 22:16:16,671
E518130,T106250,CREATED,2026-09-08 16:59:40,2026-09-08 16:59:44,299
E516143,T105568,CREATED,2026-09-08 06:39:42,2026-09-08 06:39:57,38
E516784,T105788,CREATED,2026-09-08 22:09:36,2026-09-08 22:09:55,151
E517291,T105965,CREATED,2026-09-08 18:35:30,2026-09-08 18:35:44,165
E517127,T105906,AUTHORIZED,2026-09-08 11:57:34,2026-09-08 11:57:48,432
E518127,T106249,CREATED,2026-09-08 22:57:16,2026-09-08 22:57:27,48
E517207,T105935,AUTHORIZED,2026-09-08 09:06:15,2026-09-08 09:06:16,196
E518841,T106491,CREATED,2026-09-09 15:53:28,2026-09-09 15:59:30,292
E518781,T106472,AUTHORIZED,2026-09-09 14:26:38,2026-09-09 14:27:05,73
E517087,T105892,AUTHORIZED,2026-09-08 11:16:00,2026-09-08 11:16:05,125
E518368,T106331,SETTLED,2026-09-09 06:53:00,2026-09-09 06:53:37,158
E519807,T106814,CREATED,2026-09-09 13:05:14,2026-09-09 13:05:22,261
E518347,T106324,CREATED,2026-09-09 18:49:09,2026-09-09 18:49:21,56
E516890,T105824,SETTLED,2026-09-08 21:25:27,2026-09-08 21:25:38,439
E519527,T106721,CREATED,2026-09-09 10:04:40,2026-09-09 10:04:46,52
E519351,T106662,AUTHORIZED,2026-09-09 16:40:12,2026-09-09 16:40:25,219
E518030,T106218,CREATED,2026-09-08 08:28:13,2026-09-08 08:28:27,323
E516194,T105584,SETTLED,2026-09-08 17:52:20,2026-09-08 17:52:42,569
E517415,T106007,CREATED,2026-09-08 17:45:23,2026-09-08 17:45:35,56
E517508,T106038,AUTHORIZED,2026-09-08 12:05:23,2026-09-08 12:05:37,489
E518222,T106281,AUTHORIZED,2026-09-08 17:10:23,2026-09-08 17:10:38,81
E520102,T106915,AUTHORIZED,2026-09-09 09:17:42,2026-09-09 09:17:46,422
E517850,T106156,AUTHORIZED,2026-09-08 06:11:10,2026-09-08 06:11:18,252
E517855,T106158,CREATED,2026-09-08 18:53:38,2026-09-08 18:53:40,289
E520377,T107013,AUTHORIZED,2026-09-09 10:11:51,2026-09-09 10:12:18,380
E517939,T106186,SETTLED,2026-09-08 07:28:34,2026-09-08 07:29:17,894
E520128,T106925,CREATED,2026-09-09 16:02:25,2026-09-09 16:02:41,187
E520584,T107086,CREATED,2026-09-09 22:40:31,2026-09-09 22:40:40,113
E518897,T106510,CREATED,2026-09-09 19:43:26,2026-09-09 19:43:31,91
E519262,T106632,SETTLED,2026-09-09 10:43:24,2026-09-09 10:43:50,762
E517708,T106106,AUTHORIZED,2026-09-08 11:19:08,2026-09-08 11:19:37,281
E517459,T106021,AUTHORIZED,2026-09-08 15:59:40,2026-09-08 16:00:03,206
E516627,T105736,AUTHORIZED,2026-09-08 19:00:55,2026-09-08 19:00:58,485
E517769,T106128,CREATED,2026-09-08 22:06:07,2026-09-08 22:06:19,383
E519878,T106839,AUTHORIZED,2026-09-09 11:18:26,2026-09-09 11:18:33,51
E517271,T105957,SETTLED,2026-09-08 14:54:52,2026-09-08 14:55:37,389
E520547,T107073,CREATED,2026-09-09 12:07:12,2026-09-09 12:07:20,184
E517042,T105877,AUTHORIZED,2026-09-08 19:02:38,2026-09-08 19:02:47,476
E516168,T105576,AUTHORIZED,2026-09-08 07:48:46,2026-09-08 07:49:06,74
E518782,T106472,SETTLED,2026-09-09 14:53:38,2026-09-09 14:54:06,456
E518404,T106344,CREATED,2026-09-09 22:30:20,2026-09-09 22:30:34,209
E517594,T106067,CREATED,2026-09-08 14:57:33,2026-09-08 14:57:46,330
E516031,T105529,AUTHORIZED,2026-09-08 16:41:12,2026-09-08 16:41:17,337
E518803,T106479,AUTHORIZED,2026-09-09 07:25:31,2026-09-09 07:25:32,220
E517969,T106198,CREATED,2026-09-08 15:29:34,2026-09-08 15:29:42,201
E518491,T106373,FAILED,2026-09-09 20:23:17,2026-09-09 20:23:37,308
E516092,T105549,SETTLED,2026-09-08 21:05:48,2026-09-08 21:06:14,45
E517724,T106112,CREATED,2026-09-08 14:11:25,2026-09-08 14:11:26,194
E517858,T106159,CREATED,2026-09-08 10:29:19,2026-09-08 10:29:31,151
E519633,T106755,SETTLED,2026-09-09 10:55:23,2026-09-09 10:55:25,582
E519056,T106563,CREATED,2026-09-09 13:59:47,2026-09-09 14:00:04,148
E519671,T106768,AUTHORIZED,2026-09-09 18:51:02,2026-09-09 18:51:16,195
E517013,T105868,AUTHORIZED,2026-09-08 07:12:02,2026-09-08 07:12:19,220
E519129,T106588,AUTHORIZED,2026-09-09 16:28:30,2026-09-09 16:28:44,482
E516651,T105744,CREATED,2026-09-08 22:12:04,2026-09-08 22:12:20,198
E516264,T105609,CREATED,2026-09-08 21:45:37,2026-09-08 21:45:52,379
E516338,T105634,SETTLED,2026-09-08 11:29:36,2026-09-08 11:29:54,728
E517894,T106171,CREATED,2026-09-08 08:33:34,2026-09-08 08:33:52,120
E517447,T106017,CREATED,2026-09-08 20:15:29,2026-09-08 20:15:44,296
E519091,T106575,CREATED,2026-09-09 18:18:30,2026-09-09 18:18:34,272
E517373,T105992,SETTLED,2026-09-08 12:38:17,2026-09-08 12:38:43,132
E516867,T105816,AUTHORIZED,2026-09-08 16:49:20,2026-09-08 16:49:31,252
E518329,T106317,AUTHORIZED,2026-09-09 15:26:11,2026-09-09 15:26:19,261
E519150,T106595,AUTHORIZED,2026-09-09 14:56:24,2026-09-09 14:56:49,128
E516865,T105815,SETTLED,2026-09-08 07:14:27,2026-09-08 07:14:48,648
E516888,T105824,CREATED,2026-09-08 21:04:19,2026-09-08 21:04:29,377
E517117,T105903,AUTHORIZED,2026-09-08 12:45:43,2026-09-08 12:46:01,86
E518649,T106429,CREATED,2026-09-09 14:03:41,2026-09-09 14:03:59,337
E516835,T105805,SETTLED,2026-09-08 08:51:48,2026-09-08 08:52:08,338
E519646,T106760,CREATED,2026-09-09 14:11:09,2026-09-09 14:11:28,135
E520122,T106922,SETTLED,2026-09-09 15:14:16,2026-09-09 15:14:31,131
E516082,T105546,AUTHORIZED,2026-09-08 20:41:26,2026-09-08 20:41:37,321
E518588,T106408,AUTHORIZED,2026-09-09 18:44:21,2026-09-09 18:44:32,239
E519579,T106738,AUTHORIZED,2026-09-09 06:31:54,2026-09-09 06:31:59,500
E516049,T105535,AUTHORIZED,2026-09-08 13:29:54,2026-09-08 13:29:56,89
E517510,T106039,CREATED,2026-09-08 11:36:31,2026-09-08 11:36:35,281
E518939,T106523,SETTLED,2026-09-09 14:55:03,2026-09-09 14:55:35,324
E519855,T106831,CREATED,2026-09-09 11:23:01,2026-09-09 11:23:12,186
E518312,T106311,SETTLED,2026-09-09 08:58:35,2026-09-09 08:59:02,474
E516454,T105674,AUTHORIZED,2026-09-08 22:07:19,2026-09-08 22:07:40,400
E520382,T107015,CREATED,2026-09-09 16:56:34,2026-09-09 16:56:37,298
E516068,T105541,SETTLED,2026-09-08 19:55:57,2026-09-08 19:56:37,459
E518682,T106439,SETTLED,2026-09-09 16:09:04,2026-09-09 16:09:48,825
E518255,T106293,CREATED,2026-09-08 09:55:03,2026-09-08 09:55:08,102
E516968,T105853,CREATED,2026-09-08 19:03:26,2026-09-08 19:03:37,319
E519227,T106620,AUTHORIZED,2026-09-09 18:18:42,2026-09-09 18:19:06,368
E519065,T106566,CREATED,2026-09-09 19:57:22,2026-09-09 19:57:26,369
E519610,T106747,AUTHORIZED,2026-09-09 21:38:40,2026-09-09 21:38:53,90
E516197,T105586,CREATED,2026-09-08 13:21:03,2026-09-08 13:21:05,146
E516678,T105753,CREATED,2026-09-08 08:14:33,2026-09-08 08:14:45,145
E519440,T106692,CREATED,2026-09-09 22:51:49,2026-09-09 22:52:01,24
E516108,T105555,SETTLED,2026-09-08 07:31:47,2026-09-08 07:32:19,656
E519854,T106830,SETTLED,2026-09-10 04:54:18,2026-09-10 04:54:23,395
E519239,T106624,AUTHORIZED,2026-09-09 12:43:32,2026-09-09 12:43:52,166
E518835,T106489,CREATED,2026-09-09 06:47:53,2026-09-09 06:48:11,246
E519849,T106829,CREATED,2026-09-09 09:44:01,2026-09-09 09:44:02,287
E516284,T105616,CREATED,2026-09-08 19:36:16,2026-09-08 19:36:33,157
E519241,T106625,CREATED,2026-09-09 09:12:33,2026-09-09 09:12:44,61
E517757,T106124,CREATED,2026-09-08 21:48:21,2026-09-08 21:48:37,137
E518305,T106309,SETTLED,2026-09-09 18:34:21,2026-09-09 18:34:26,774
E518364,T106330,AUTHORIZED,2026-09-09 14:37:52,2026-09-09 14:38:14,104
E517093,T105894,CREATED,2026-09-08 07:05:51,2026-09-08 07:08:00,331
E519285,T106640,AUTHORIZED,2026-09-09 21:47:45,2026-09-09 21:47:56,143
E516172,T105577,SETTLED,2026-09-08 11:57:07,2026-09-08 11:57:18,265
E519737,T106790,AUTHORIZED,2026-09-09 12:40:47,2026-09-09 12:40:58,499
E516828,T105803,SETTLED,2026-09-08 06:20:37,2026-09-08 06:20:46,381
E519400,T106678,SETTLED,2026-09-09 08:34:09,2026-09-09 08:34:51,30
E519881,T106840,AUTHORIZED,2026-09-09 18:41:45,2026-09-09 18:42:12,233
E516503,T105691,AUTHORIZED,2026-09-08 06:46:38,2026-09-08 06:46:55,124
E519144,T106593,SETTLED,2026-09-09 21:26:43,2026-09-09 22:18:43,298
E517145,T105913,CREATED,2026-09-08 14:23:49,2026-09-08 14:24:09,145
E516303,T105622,AUTHORIZED,2026-09-08 07:33:44,2026-09-08 07:33:58,425
E518952,T106528,SETTLED,2026-09-09 06:27:03,2026-09-09 06:27:46,350
E517600,T106069,CREATED,2026-09-08 11:03:56,2026-09-08 11:04:10,398
E516080,T105545,SETTLED,2026-09-08 19:14:19,2026-09-08 19:14:50,771
E518304,T106309,AUTHORIZED,2026-09-09 18:15:21,2026-09-09 18:15:42,407
E516801,T105794,CREATED,2026-09-08 09:06:40,2026-09-08 09:06:51,324
E518298,T106307,AUTHORIZED,2026-09-09 19:05:53,2026-09-09 19:06:17,481
E519118,T106584,FAILED,2026-09-09 07:24:34,2026-09-09 07:25:01,168
E519747,T106793,SETTLED,2026-09-09 15:22:46,2026-09-09 15:23:28,638
E518412,T106346,SETTLED,2026-09-09 10:57:04,2026-09-09 10:57:24,522
E516410,T105659,CREATED,2026-09-08 18:03:45,2026-09-08 18:04:05,223
E516537,T105703,CREATED,2026-09-08 10:37:54,2026-09-08 10:37:55,357
E517354,T105986,SETTLED,2026-09-08 07:26:53,2026-09-08 07:27:22,812
E516150,T105570,AUTHORIZED,2026-09-08 15:07:09,2026-09-08 15:07:14,112
E516898,T105828,CREATED,2026-09-08 08:40:43,2026-09-08 08:41:03,362
E518435,T106353,SETTLED,2026-09-09 07:21:20,2026-09-09 08:48:20,666
E517959,T106194,CREATED,2026-09-08 06:56:58,2026-09-08 06:57:10,383
E520534,T107067,SETTLED,2026-09-09 17:54:21,2026-09-09 17:54:34,341
E519825,T106820,AUTHORIZED,2026-09-09 17:37:50,2026-09-09 17:38:13,204
E516328,T105631,CREATED,2026-09-08 17:38:48,2026-09-08 17:39:02,99
E516583,T105720,CREATED,2026-09-08 14:49:50,2026-09-08 14:50:07,307
E516486,T105685,SETTLED,2026-09-08 15:44:45,2026-09-08 15:45:13,437
E516658,T105746,AUTHORIZED,2026-09-08 07:43:38,2026-09-08 07:43:49,233
E518417,T106348,CREATED,2026-09-09 17:30:30,2026-09-09 17:30:34,369
E519228,T106621,CREATED,2026-09-09 15:52:02,2026-09-09 15:52:06,203
E517172,T105923,CREATED,2026-09-08 20:35:28,2026-09-08 20:35:43,254
E518146,T106255,SETTLED,2026-09-08 22:48:27,2026-09-08 22:49:05,445
E518228,T106283,AUTHORIZED,2026-09-08 06:11:07,2026-09-08 06:11:35,133
E518562,T106399,AUTHORIZED,2026-09-09 12:05:03,2026-09-09 12:05:21,119
E518156,T106259,CREATED,2026-09-08 21:51:19,2026-09-08 21:51:33,177
E517716,T106109,CREATED,2026-09-08 14:08:00,2026-09-08 14:08:13,201
E516086,T105547,AUTHORIZED,2026-09-08 14:46:56,2026-09-08 14:47:17,248
E520061,T106902,CREATED,2026-09-09 13:48:54,2026-09-09 13:49:07,241
E516487,T105686,CREATED,2026-09-08 20:52:55,2026-09-08 20:53:13,47
E516097,T105551,SETTLED,2026-09-08 18:48:56,2026-09-08 18:49:06,588
E520386,T107016,FAILED,2026-09-09 20:01:58,2026-09-09 20:02:08,167
E516617,T105732,AUTHORIZED,2026-09-08 15:53:34,2026-09-08 15:53:42,329
E516520,T105697,AUTHORIZED,2026-09-08 13:05:13,2026-09-08 13:05:20,461
E517092,T105893,SETTLED,2026-09-08 07:31:09,2026-09-08 07:31:44,84
E519932,T106857,CREATED,2026-09-09 20:47:39,2026-09-09 20:47:56,152
E517568,T106058,AUTHORIZED,2026-09-08 16:27:05,2026-09-08 16:27:19,371
E518683,T106440,CREATED,2026-09-09 15:44:02,2026-09-09 15:44:06,167
E518097,T106239,AUTHORIZED,2026-09-08 14:38:06,2026-09-08 14:38:20,479
E518574,T106403,AUTHORIZED,2026-09-09 22:04:01,2026-09-09 22:04:08,82
E517004,T105865,SETTLED,2026-09-08 20:41:04,2026-09-08 20:41:39,589
E516734,T105771,SETTLED,2026-09-08 11:32:47,2026-09-08 11:33:15,155
E518948,T106527,AUTHORIZED,2026-09-09 22:54:49,2026-09-09 22:55:09,329
E520433,T107033,CREATED,2026-09-09 12:39:46,2026-09-09 12:40:06,309
E520331,T106997,AUTHORIZED,2026-09-09 20:38:40,2026-09-09 20:38:51,267
E517744,T106118,SETTLED,2026-09-08 19:16:35,2026-09-08 19:17:00,840
E518202,T106274,SETTLED,2026-09-08 22:52:02,2026-09-08 22:52:36,808
E518070,T106231,AUTHORIZED,2026-09-08 22:28:05,2026-09-08 22:28:35,278
E517475,T106026,SETTLED,2026-09-08 18:19:22,2026-09-08 18:41:22,790
E520376,T107013,CREATED,2026-09-09 10:11:37,2026-09-09 10:11:43,212
E517209,T105935,SETTLED,2026-09-08 09:17:15,2026-09-08 09:17:50,452
E518768,T106468,CREATED,2026-09-09 14:30:19,2026-09-09 14:30:20,265
E516995,T105862,FAILED,2026-09-08 21:43:53,2026-09-08 21:43:58,231
E519432,T106689,AUTHORIZED,2026-09-09 18:49:38,2026-09-09 18:49:51,351
E518203,T106274,SETTLED,2026-09-08 22:59:02,2026-09-08 22:59:38,141
E517171,T105922,SETTLED,2026-09-08 21:30:40,2026-09-08 21:31:23,374
E518657,T106431,SETTLED,2026-09-09 14:40:12,2026-09-09 14:40:33,95
E520416,T107027,CREATED,2026-09-09 16:40:00,2026-09-09 16:40:16,25
E520230,T106960,SETTLED,2026-09-09 22:22:29,2026-09-09 22:22:39,167
E519617,T106750,CREATED,2026-09-09 12:50:12,2026-09-09 12:50:13,233
E517884,T106167,SETTLED,2026-09-08 14:19:40,2026-09-08 14:20:16,762
E516375,T105647,SETTLED,2026-09-08 07:08:46,2026-09-08 07:09:29,411
E516308,T105624,CREATED,2026-09-08 09:42:26,2026-09-08 09:42:35,163
E516990,T105860,SETTLED,2026-09-08 08:43:50,2026-09-08 09:19:50,529
E518022,T106215,AUTHORIZED,2026-09-08 07:23:59,2026-09-08 07:24:12,152
E517131,T105907,SETTLED,2026-09-08 22:53:19,2026-09-08 22:53:48,857
E518646,T106428,CREATED,2026-09-09 09:17:29,2026-09-09 09:17:34,362
E516974,T105855,AUTHORIZED,2026-09-08 18:01:52,2026-09-08 18:02:14,181
E519025,T106552,SETTLED,2026-09-09 11:13:21,2026-09-09 11:14:06,629
E517279,T105960,SETTLED,2026-09-08 21:20:20,2026-09-08 21:20:43,780
E517078,T105889,CREATED,2026-09-08 18:19:09,2026-09-08 18:19:19,252
E518970,T106534,AUTHORIZED,2026-09-09 06:56:29,2026-09-09 06:56:51,102
E517806,T106141,CREATED,2026-09-08 20:49:15,2026-09-08 20:49:31,208
E518452,T106359,SETTLED,2026-09-09 21:03:52,2026-09-09 21:04:27,347
E519994,T106878,AUTHORIZED,2026-09-09 17:19:47,2026-09-09 17:19:56,225
E517290,T105964,SETTLED,2026-09-08 14:48:31,2026-09-08 15:04:31,800
E517156,T105917,CREATED,2026-09-08 22:05:31,2026-09-08 22:05:50,77
E516793,T105791,AUTHORIZED,2026-09-08 08:50:27,2026-09-08 08:50:46,223
E519623,T106752,AUTHORIZED,2026-09-09 15:59:02,2026-09-09 15:59:14,125
E519197,T106610,SETTLED,2026-09-09 07:47:24,2026-09-09 07:48:03,473
E516005,T105521,CREATED,2026-09-08 12:35:30,2026-09-08 12:35:42,193
E520022,T106887,SETTLED,2026-09-09 09:57:03,2026-09-09 09:57:21,184
E516067,T105541,AUTHORIZED,2026-09-08 19:32:57,2026-09-08 19:33:06,292
E517093,T105894,CREATED,2026-09-08 07:05:51,2026-09-08 07:06:00,331
E520599,T107091,AUTHORIZED,2026-09-09 19:20:01,2026-09-09 19:20:16,317
E517522,T106042,SETTLED,2026-09-08 15:14:37,2026-09-08 15:14:44,859
E519138,T106591,SETTLED,2026-09-09 21:24:14,2026-09-09 21:24:49,758
E520218,T106956,AUTHORIZED,2026-09-09 08:20:35,2026-09-09 08:20:43,364
E518539,T106391,CREATED,2026-09-09 08:32:58,2026-09-09 08:33:06,227
E518159,T106260,AUTHORIZED,2026-09-08 06:16:14,2026-09-08 06:16:31,164
E516118,T105559,CREATED,2026-09-08 07:34:44,2026-09-08 07:34:48,61
E516579,T105718,SETTLED,2026-09-08 09:24:28,2026-09-08 09:25:10,783
E519171,T106602,AUTHORIZED,2026-09-09 08:16:56,2026-09-09 08:17:10,434
E517313,T105972,AUTHORIZED,2026-09-08 09:25:50,2026-09-08 09:25:54,291
E519775,T106802,SETTLED,2026-09-09 17:33:03,2026-09-09 17:33:43,416
E519419,T106685,AUTHORIZED,2026-09-09 15:58:39,2026-09-09 15:58:44,184
E519463,T106699,SETTLED,2026-09-09 13:35:07,2026-09-09 13:35:41,804
E516848,T105809,SETTLED,2026-09-08 08:33:55,2026-09-08 08:34:22,875
E519024,T106552,SETTLED,2026-09-09 11:03:21,2026-09-09 11:03:38,819
E519542,T106726,CREATED,2026-09-09 06:10:16,2026-09-09 06:10:31,342
E517414,T106006,SETTLED,2026-09-08 10:37:04,2026-09-08 10:37:40,353
E518615,T106417,AUTHORIZED,2026-09-09 06:02:37,2026-09-09 06:03:07,396
E520397,T107020,SETTLED,2026-09-09 11:56:33,2026-09-09 11:57:03,35
E517250,T105950,AUTHORIZED,2026-09-08 22:05:59,2026-09-08 22:06:25,366
E515960,T105505,SETTLED,2026-09-08 15:59:56,2026-09-08 16:00:10,589
E517306,T105970,AUTHORIZED,2026-09-08 19:33:13,2026-09-08 19:33:25,434
E516316,T105627,CREATED,2026-09-08 08:03:22,2026-09-08 08:03:38,140
E517679,T106096,AUTHORIZED,2026-09-08 19:52:22,2026-09-08 19:52:23,224
E519895,T106845,AUTHORIZED,2026-09-09 11:31:40,2026-09-09 11:31:49,172
E517412,T106006,CREATED,2026-09-08 10:16:24,2026-09-08 10:16:28,183
E517155,T105916,SETTLED,2026-09-08 18:11:11,2026-09-08 18:11:49,326
E520410,T107025,CREATED,2026-09-09 06:23:47,2026-09-09 06:24:03,161
E516477,T105683,CREATED,2026-09-08 08:59:59,2026-09-08 09:00:10,312
E520029,T106890,SETTLED,2026-09-09 09:05:03,2026-09-09 09:05:46,877
E519240,T106624,SETTLED,2026-09-09 13:08:32,2026-09-09 13:08:57,54
E519146,T106594,CREATED,2026-09-09 17:49:38,2026-09-09 17:49:56,285
E517079,T105889,AUTHORIZED,2026-09-08 18:19:40,2026-09-08 18:19:44,23
E518235,T106285,SETTLED,2026-09-08 10:48:47,2026-09-08 10:48:52,434
E517930,T106184,CREATED,2026-09-08 10:25:09,2026-09-08 10:25:22,113
E517820,T106146,CREATED,2026-09-08 16:37:18,2026-09-08 16:37:25,77
E516221,T105594,SETTLED,2026-09-08 20:38:01,2026-09-08 20:38:14,438
E517982,T106202,AUTHORIZED,2026-09-08 21:31:08,2026-09-08 21:31:17,43
E517712,T106107,SETTLED,2026-09-08 09:16:44,2026-09-08 09:17:28,301
E517203,T105934,CREATED,2026-09-08 09:31:26,2026-09-08 09:31:27,86
E518997,T106543,AUTHORIZED,2026-09-09 15:46:18,2026-09-09 15:46:40,158
E520190,T106947,AUTHORIZED,2026-09-09 14:39:48,2026-09-09 14:40:09,249
E517529,T106044,SETTLED,2026-09-08 22:34:39,2026-09-08 22:35:08,281
E516363,T105643,AUTHORIZED,2026-09-08 09:50:44,2026-09-08 09:50:57,493
E516268,T105610,AUTHORIZED,2026-09-08 20:40:03,2026-09-08 20:40:17,169
E519181,T106605,SETTLED,2026-09-09 19:37:40,2026-09-09 19:38:01,163
E516781,T105787,CREATED,2026-09-08 19:43:47,2026-09-08 19:44:04,291
E519919,T106852,SETTLED,2026-09-09 12:21:56,2026-09-09 12:21:59,377
E519813,T106816,CREATED,2026-09-09 21:24:35,2026-09-09 21:24:53,209
E518145,T106255,AUTHORIZED,2026-09-08 22:28:27,2026-09-08 22:28:34,262
E520077,T106907,AUTHORIZED,2026-09-09 13:55:14,2026-09-09 13:55:37,68
E516448,T105672,AUTHORIZED,2026-09-08 06:59:03,2026-09-08 06:59:28,361
E516396,T105654,AUTHORIZED,2026-09-08 15:25:05,2026-09-08 15:25:30,107
E519992,T106877,SETTLED,2026-09-09 09:04:25,2026-09-09 09:04:40,37
E517557,T106054,SETTLED,2026-09-08 19:30:33,2026-09-08 19:31:00,418
E515989,T105515,SETTLED,2026-09-08 22:22:13,2026-09-08 22:22:21,719
E519124,T106586,SETTLED,2026-09-09 08:08:26,2026-09-09 08:08:27,211
E517651,T106086,AUTHORIZED,2026-09-08 08:00:41,2026-09-08 08:00:49,158
E518319,T106314,CREATED,2026-09-09 13:29:17,2026-09-09 13:29:29,209
E520101,T106915,CREATED,2026-09-09 09:17:34,2026-09-09 09:17:40,139
E518186,T106269,CREATED,2026-09-08 06:07:47,2026-09-08 06:08:05,304
E516017,T105524,SETTLED,2026-09-08 20:50:11,2026-09-08 20:50:29,53
E519766,T106800,CREATED,2026-09-09 09:22:16,2026-09-09 09:22:22,387
E517676,T106095,CREATED,2026-09-08 08:47:16,2026-09-08 08:47:22,369
E519721,T106785,CREATED,2026-09-09 08:23:58,2026-09-09 08:24:06,127
E520461,T107042,AUTHORIZED,2026-09-09 21:38:57,2026-09-09 21:39:06,411
E516686,T105755,SETTLED,2026-09-08 21:32:14,2026-09-08 21:32:43,470
E516274,T105612,SETTLED,2026-09-08 18:53:11,2026-09-08 18:53:46,542
E517260,T105954,CREATED,2026-09-08 19:49:12,2026-09-08 19:49:14,100
E516669,T105750,CREATED,2026-09-08 09:28:09,2026-09-08 09:28:11,170
E516525,T105699,CREATED,2026-09-08 07:29:48,2026-09-08 07:29:50,233
E519905,T106848,CREATED,2026-09-09 16:49:35,2026-09-09 16:49:48,63
E519125,T106587,CREATED,2026-09-09 14:39:32,2026-09-09 14:39:36,254
E518590,T106409,CREATED,2026-09-09 12:02:23,2026-09-09 12:02:24,298
E518067,T106230,AUTHORIZED,2026-09-08 08:20:12,2026-09-08 08:20:20,436
E519876,T106838,SETTLED,2026-09-09 13:55:06,2026-09-09 13:55:18,644
E517106,T105898,SETTLED,2026-09-08 18:10:19,2026-09-08 18:10:53,257
E517839,T106152,SETTLED,2026-09-08 22:47:30,2026-09-08 22:48:15,127
E516038,T105532,CREATED,2026-09-08 22:49:01,2026-09-08 22:49:03,239
E518489,T106372,SETTLED,2026-09-09 07:02:07,2026-09-09 07:02:50,486
E518717,T106450,AUTHORIZED,2026-09-09 11:07:37,2026-09-09 11:07:39,253
E517672,T106093,FAILED,2026-09-08 12:05:49,2026-09-08 12:05:54,324
E517401,T106002,CREATED,2026-09-08 19:28:07,2026-09-08 19:28:19,65
E516760,T105780,CREATED,2026-09-08 17:11:00,2026-09-08 17:11:05,69
E517295,T105966,AUTHORIZED,2026-09-08 12:48:59,2026-09-08 12:49:15,437
E519330,T106655,CREATED,2026-09-09 10:51:52,2026-09-09 10:51:56,244
E519132,T106589,AUTHORIZED,2026-09-09 22:19:49,2026-09-09 22:20:05,63
E519263,T106633,CREATED,2026-09-09 22:52:01,2026-09-09 22:52:07,89
E518513,T106381,AUTHORIZED,2026-09-09 14:59:15,2026-09-09 14:59:22,497
E519085,T106573,CREATED,2026-09-09 14:00:44,2026-09-09 14:01:01,285
E519693,T106774,SETTLED,2026-09-09 18:29:12,2026-09-09 18:29:46,74
E517519,T106042,CREATED,2026-09-08 14:59:31,2026-09-08 14:59:47,223
E516247,T105603,AUTHORIZED,2026-09-08 21:44:07,2026-09-08 21:44:23,192
E519250,T106628,CREATED,2026-09-09 07:07:08,2026-09-09 07:07:18,276
E519113,T106582,AUTHORIZED,2026-09-09 06:19:06,2026-09-09 06:19:13,499
E519576,T106737,AUTHORIZED,2026-09-09 07:56:51,2026-09-09 07:57:12,228
E517297,T105967,AUTHORIZED,2026-09-08 17:19:54,2026-09-08 17:20:16,264
E519086,T106573,AUTHORIZED,2026-09-09 14:00:58,2026-09-09 14:01:19,331
E518825,T106486,CREATED,2026-09-09 10:34:23,2026-09-09 10:34:40,262
E520146,T106931,CREATED,2026-09-09 16:03:16,2026-09-09 16:03:26,299
E519069,T106567,SETTLED,2026-09-09 15:24:12,2026-09-09 15:24:52,661
E520297,T106985,AUTHORIZED,2026-09-09 10:07:52,2026-09-09 10:08:13,174
E517111,T105901,CREATED,2026-09-08 13:30:23,2026-09-08 13:30:26,375
E517606,T106071,CREATED,2026-09-08 09:35:54,2026-09-08 09:36:01,77
E516936,T105841,SETTLED,2026-09-08 07:36:38,2026-09-08 07:36:52,827
E518162,T106261,CREATED,2026-09-08 17:18:57,2026-09-08 17:19:03,43
E518065,T106229,SETTLED,2026-09-08 20:08:05,2026-09-08 20:08:14,159
E518718,T106450,SETTLED,2026-09-09 11:23:37,2026-09-09 11:24:15,750
E519207,T106614,CREATED,2026-09-09 10:10:29,2026-09-09 10:10:35,148
E519417,T106684,SETTLED,2026-09-09 13:32:38,2026-09-09 13:33:04,223
E517604,T106070,AUTHORIZED,2026-09-08 15:25:44,2026-09-08 15:25:58,380
E519213,T106616,CREATED,2026-09-09 15:23:18,2026-09-09 15:23:31,382
E519710,T106781,CREATED,2026-09-09 18:07:35,2026-09-09 18:07:49,243
E518545,T106393,FAILED,2026-09-09 06:58:43,2026-09-09 06:58:50,416
E519570,T106735,AUTHORIZED,2026-09-09 07:40:41,2026-09-09 07:41:00,490
E516157,T105572,SETTLED,2026-09-08 23:49:41,2026-09-09 00:50:41,502
E518679,T106438,SETTLED,2026-09-09 19:16:00,2026-09-09 19:16:29,211
E518673,T106436,SETTLED,2026-09-09 09:20:07,2026-09-09 09:20:21,421
E516961,T105850,SETTLED,2026-09-08 06:42:26,2026-09-08 06:43:11,780
E518366,T106331,CREATED,2026-09-09 06:50:20,2026-09-09 06:50:29,343
E518812,T106481,SETTLED,2026-09-09 19:55:02,2026-09-09 19:55:26,326
E517068,T105885,AUTHORIZED,2026-09-08 17:31:59,2026-09-08 17:32:14,42
E517996,T106206,SETTLED,2026-09-08 08:58:10,2026-09-08 08:58:40,688
E517269,T105957,CREATED,2026-09-08 14:50:13,2026-09-08 14:50:21,72
E520449,T107038,AUTHORIZED,2026-09-09 21:02:06,2026-09-09 21:02:35,177
E518640,T106426,CREATED,2026-09-09 08:10:12,2026-09-09 08:10:32,165
E518878,T106503,SETTLED,2026-09-09 09:12:09,2026-09-09 09:12:10,61
E516635,T105738,SETTLED,2026-09-08 10:40:52,2026-09-08 10:41:18,351
E520476,T107047,AUTHORIZED,2026-09-09 19:47:51,2026-09-09 19:48:12,462
E518921,T106517,SETTLED,2026-09-09 08:35:13,2026-09-09 08:35:52,753
E517232,T105943,SETTLED,2026-09-08 18:20:51,2026-09-08 18:21:15,79
E517851,T106156,SETTLED,2026-09-08 06:36:10,2026-09-08 06:36:15,724
E516932,T105840,CREATED,2026-09-08 10:59:29,2026-09-08 10:59:48,129
E518908,T106513,AUTHORIZED,2026-09-09 12:56:56,2026-09-09 12:57:08,161
E518234,T106285,AUTHORIZED,2026-09-08 10:34:47,2026-09-08 10:34:58,83
E518449,T106358,SETTLED,2026-09-09 14:31:15,2026-09-09 15:09:15,115
E520527,T107065,AUTHORIZED,2026-09-09 08:42:07,2026-09-09 08:42:19,417
E517333,T105979,AUTHORIZED,2026-09-08 19:20:16,2026-09-08 19:20:21,315
E516987,T105859,SETTLED,2026-09-08 16:24:03,2026-09-08 16:24:10,846
E517628,T106078,CREATED,2026-09-08 17:47:19,2026-09-08 17:47:26,235
E519803,T106812,SETTLED,2026-09-09 08:24:52,2026-09-09 08:25:14,292
E516529,T105700,AUTHORIZED,2026-09-08 16:24:38,2026-09-08 16:25:00,423
E517465,T106023,FAILED,2026-09-08 19:08:07,2026-09-08 19:08:17,475
E516228,T105597,CREATED,2026-09-08 22:22:54,2026-09-08 22:23:06,378
E518801,T106478,SETTLED,2026-09-09 16:05:45,2026-09-09 16:06:02,510
E518086,T106236,CREATED,2026-09-08 17:09:09,2026-09-08 17:09:11,96
E517162,T105919,AUTHORIZED,2026-09-08 10:40:36,2026-09-08 10:40:56,143
E520447,T107037,SETTLED,2026-09-09 21:25:38,2026-09-09 21:26:16,444
E519605,T106746,CREATED,2026-09-09 14:55:20,2026-09-09 14:55:36,325
E517825,T106147,SETTLED,2026-09-08 17:20:48,2026-09-08 17:21:04,645
E519744,T106792,SETTLED,2026-09-09 11:30:52,2026-09-09 11:31:10,577
E519535,T106723,SETTLED,2026-09-09 20:04:23,2026-09-09 20:04:58,390
E518257,T106293,SETTLED,2026-09-08 10:09:43,2026-09-08 10:10:22,383
E519235,T106623,CREATED,2026-09-09 17:24:58,2026-09-09 17:25:08,224
E519501,T106712,CREATED,2026-09-09 16:17:08,2026-09-09 16:17:22,343
E518999,T106544,CREATED,2026-09-09 13:40:51,2026-09-09 13:40:55,58
E518611,T106416,CREATED,2026-09-09 09:41:16,2026-09-09 09:41:23,350
E517869,T106163,CREATED,2026-09-08 11:40:53,2026-09-08 11:41:09,165
E516698,T105759,AUTHORIZED,2026-09-08 18:33:41,2026-09-08 18:34:07,24
E516238,T105600,AUTHORIZED,2026-09-08 12:21:04,2026-09-08 12:21:34,377
E519713,T106782,CREATED,2026-09-09 08:51:28,2026-09-09 08:51:46,187
E516931,T105839,SETTLED,2026-09-08 08:08:18,2026-09-08 08:08:45,851
E520517,T107061,FAILED,2026-09-09 14:55:21,2026-09-09 14:55:42,243
E517294,T105966,CREATED,2026-09-08 12:48:20,2026-09-08 12:48:40,182
E520222,T106958,CREATED,2026-09-09 17:59:12,2026-09-09 17:59:22,57
E518818,T106483,SETTLED,2026-09-09 22:12:30,2026-09-09 22:12:50,758
E520580,T107084,SETTLED,2026-09-09 19:36:21,2026-09-09 19:36:22,369
E520195,T106949,CREATED,2026-09-09 14:49:41,2026-09-09 14:49:46,376
E516158,T105573,CREATED,2026-09-08 13:42:22,2026-09-08 13:42:38,231
E519853,T106830,AUTHORIZED,2026-09-09 15:20:18,2026-09-09 15:20:32,71
E520497,T107054,SETTLED,2026-09-09 10:02:09,2026-09-09 10:02:23,83
E517624,T106076,SETTLED,2026-09-08 17:47:38,2026-09-08 17:48:09,516
E518618,T106418,AUTHORIZED,2026-09-09 20:52:24,2026-09-09 20:52:51,478
E518040,T106221,CREATED,2026-09-08 18:28:26,2026-09-08 18:28:45,98
E517099,T105896,AUTHORIZED,2026-09-08 19:14:44,2026-09-08 19:14:56,450
E520436,T107034,CREATED,2026-09-09 07:28:09,2026-09-09 07:28:10,163
E520486,T107051,CREATED,2026-09-09 12:15:08,2026-09-09 12:15:28,331
E516317,T105627,AUTHORIZED,2026-09-08 08:03:53,2026-09-08 08:03:59,208
E516809,T105797,CREATED,2026-09-08 16:25:51,2026-09-08 16:25:55,302
E515969,T105508,SETTLED,2026-09-08 21:04:02,2026-09-08 21:04:18,693
E519179,T106605,CREATED,2026-09-09 19:09:11,2026-09-09 19:09:31,51
E519971,T106870,CREATED,2026-09-09 17:41:17,2026-09-09 17:41:24,247
E518201,T106274,AUTHORIZED,2026-09-08 12:03:02,2026-09-08 12:03:17,332
E517673,T106094,CREATED,2026-09-08 09:29:07,2026-09-08 09:29:13,332
E516589,T105722,AUTHORIZED,2026-09-08 12:46:18,2026-09-08 12:46:23,307
E519288,T106641,AUTHORIZED,2026-09-09 21:38:14,2026-09-09 21:38:30,181
E516180,T105580,AUTHORIZED,2026-09-08 15:22:39,2026-09-08 15:22:55,402
E518336,T106320,AUTHORIZED,2026-09-09 18:48:48,2026-09-09 18:48:49,416
E519565,T106733,SETTLED,2026-09-09 15:17:03,2026-09-09 15:17:09,624
E519082,T106572,CREATED,2026-09-09 11:05:06,2026-09-09 11:05:13,129
E518797,T106477,SETTLED,2026-09-09 08:11:53,2026-09-09 08:12:21,298
E519532,T106722,SETTLED,2026-09-09 09:00:02,2026-09-09 09:00:08,192
E519408,T106681,SETTLED,2026-09-09 11:51:43,2026-09-09 11:52:12,246
E516774,T105784,SETTLED,2026-09-08 15:52:43,2026-09-08 15:52:59,626
E519550,T106728,SETTLED,2026-09-09 21:31:21,2026-09-09 21:31:23,114
E518011,T106211,SETTLED,2026-09-08 17:18:47,2026-09-08 17:19:30,728
E519834,T106823,SETTLED,2026-09-09 13:38:29,2026-09-09 13:38:46,569
E519422,T106686,AUTHORIZED,2026-09-09 12:45:52,2026-09-09 12:45:58,183
E517389,T105998,CREATED,2026-09-08 11:02:17,2026-09-08 11:02:33,188
E517832,T106150,CREATED,2026-09-08 18:19:55,2026-09-08 18:20:09,364
E518310,T106311,CREATED,2026-09-09 08:49:04,2026-09-09 08:49:07,161
E520009,T106883,AUTHORIZED,2026-09-09 14:04:48,2026-09-09 14:05:01,431
E517337,T105980,SETTLED,2026-09-08 13:17:47,2026-09-08 13:18:09,376
E518025,T106216,AUTHORIZED,2026-09-08 19:17:14,2026-09-08 19:17:44,110
E520260,T106972,CREATED,2026-09-09 19:56:47,2026-09-09 19:56:53,99
E518648,T106428,SETTLED,2026-09-09 09:24:03,2026-09-09 09:24:20,402
E516034,T105530,AUTHORIZED,2026-09-08 08:53:53,2026-09-08 08:54:12,486
E517353,T105986,AUTHORIZED,2026-09-08 07:03:53,2026-09-08 07:04:18,464
E516440,T105669,SETTLED,2026-09-08 21:27:31,2026-09-08 21:28:03,289
E517380,T105995,CREATED,2026-09-08 10:57:39,2026-09-08 10:57:44,56
E517702,T106104,SETTLED,2026-09-08 09:56:48,2026-09-08 09:56:52,627
E516707,T105762,SETTLED,2026-09-08 11:12:28,2026-09-08 11:12:41,473
E516561,T105712,AUTHORIZED,2026-09-08 17:38:57,2026-09-08 17:39:23,193
E519455,T106697,AUTHORIZED,2026-09-09 16:54:53,2026-09-09 16:54:57,160
E520192,T106948,CREATED,2026-09-09 11:08:55,2026-09-09 11:09:14,204
E519810,T106815,CREATED,2026-09-09 12:37:15,2026-09-09 12:37:29,296
E519709,T106780,SETTLED,2026-09-09 06:38:42,2026-09-09 06:39:22,752
E519914,T106851,CREATED,2026-09-09 19:11:21,2026-09-09 19:11:33,290
E516214,T105592,CREATED,2026-09-08 10:33:55,2026-09-08 10:34:03,27
E516204,T105588,AUTHORIZED,2026-09-08 08:25:36,2026-09-08 08:25:52,298
E517312,T105972,CREATED,2026-09-08 09:25:37,2026-09-08 09:25:54,80
E517805,T106140,FAILED,2026-09-08 22:05:02,2026-09-08 22:05:20,188
E516853,T105811,SETTLED,2026-09-08 13:10:44,2026-09-08 13:11:05,715
E518062,T106228,SETTLED,2026-09-08 08:26:12,2026-09-08 08:26:54,226
E519950,T106863,CREATED,2026-09-09 09:28:22,2026-09-09 09:28:34,371
E520066,T106903,SETTLED,2026-09-09 09:20:01,2026-09-09 09:20:06,198
E520041,T106895,CREATED,2026-09-09 21:09:41,2026-09-09 21:09:58,266
E519259,T106631,SETTLED,2026-09-09 09:10:50,2026-09-09 09:11:31,636
E517304,T105969,SETTLED,2026-09-08 17:39:09,2026-09-08 17:39:35,416
E516257,T105606,SETTLED,2026-09-08 19:46:54,2026-09-08 19:47:36,57
E519109,T106581,CREATED,2026-09-09 14:55:41,2026-09-09 14:55:48,151
E520270,T106976,CREATED,2026-09-09 18:29:44,2026-09-09 18:29:45,25
E516117,T105558,SETTLED,2026-09-08 15:14:35,2026-09-08 15:15:01,583
E517727,T106113,AUTHORIZED,2026-09-08 16:24:46,2026-09-08 16:24:52,456
E518383,T106337,CREATED,2026-09-09 10:56:51,2026-09-09 10:57:07,42
E519964,T106867,SETTLED,2026-09-09 10:13:10,2026-09-09 10:13:16,632
E517308,T105970,SETTLED,2026-09-08 19:48:13,2026-09-08 19:48:38,655
E516630,T105737,CREATED,2026-09-08 10:16:19,2026-09-08 10:16:37,185
E518957,T106530,AUTHORIZED,2026-09-09 12:31:12,2026-09-09 12:31:27,385
E519516,T106717,CREATED,2026-09-09 22:03:19,2026-09-09 22:03:38,178
E517551,T106052,SETTLED,2026-09-08 20:41:27,2026-09-08 20:41:34,359
E520254,T106969,SETTLED,2026-09-09 06:30:52,2026-09-09 06:30:56,127
E517057,T105881,SETTLED,2026-09-08 11:12:22,2026-09-08 11:12:39,340
E519493,T106709,AUTHORIZED,2026-09-09 15:32:05,2026-09-09 15:32:22,311
E518316,T106313,CREATED,2026-09-09 12:15:21,2026-09-09 12:15:30,53
E520390,T107018,AUTHORIZED,2026-09-09 15:07:45,2026-09-09 15:08:13,489
E516137,T105565,SETTLED,2026-09-08 10:22:18,2026-09-08 10:23:01,683
E516672,T105751,CREATED,2026-09-08 11:24:24,2026-09-08 11:24:33,248
E518855,T106495,SETTLED,2026-09-09 18:54:04,2026-09-09 18:54:31,438
E516905,T105830,SETTLED,2026-09-08 09:24:57,2026-09-08 09:25:10,628
E518500,T106376,AUTHORIZED,2026-09-09 14:50:35,2026-09-09 14:50:42,157
E516619,T105733,CREATED,2026-09-08 07:03:28,2026-09-08 07:03:37,86
E519300,T106645,CREATED,2026-09-09 18:18:38,2026-09-09 18:18:58,170
E519938,T106859,CREATED,2026-09-09 06:26:07,2026-09-09 06:26:11,217
E520067,T106904,CREATED,2026-09-09 10:56:15,2026-09-09 10:56:34,183
E518152,T106257,SETTLED,2026-09-08 09:53:35,2026-09-08 09:54:04,262
E520245,T106966,SETTLED,2026-09-09 07:50:35,2026-09-09 07:51:05,763
E517999,T106207,SETTLED,2026-09-08 13:50:18,2026-09-08 13:50:36,114
E518401,T106343,CREATED,2026-09-09 06:38:37,2026-09-09 06:38:38,113
E518986,T106540,CREATED,2026-09-09 10:14:48,2026-09-09 10:15:00,256
E517966,T106196,SETTLED,2026-09-08 19:06:40,2026-09-08 19:07:16,618
E519397,T106677,SETTLED,2026-09-09 14:26:39,2026-09-09 14:27:08,271
E519185,T106607,CREATED,2026-09-09 14:41:22,2026-09-09 14:41:41,225
E517116,T105903,CREATED,2026-09-08 12:45:37,2026-09-08 12:45:39,213
E520380,T107014,AUTHORIZED,2026-09-09 08:43:47,2026-09-09 08:44:09,312
E519407,T106681,AUTHORIZED,2026-09-09 11:47:43,2026-09-09 11:47:49,193
E516418,T105662,CREATED,2026-09-08 07:13:42,2026-09-08 07:13:49,182
E516937,T105842,CREATED,2026-09-08 11:18:07,2026-09-08 11:18:20,270
E519200,T106611,SETTLED,2026-09-09 11:10:39,2026-09-09 11:11:07,597
E517301,T105968,SETTLED,2026-09-08 15:08:01,2026-09-08 15:08:44,167
E515961,T105506,CREATED,2026-09-08 11:08:30,2026-09-08 11:08:37,258
E518711,T106448,SETTLED,2026-09-09 17:14:38,2026-09-09 17:15:06,763
E517451,T106018,FAILED,2026-09-08 15:26:32,2026-09-08 15:26:34,288
E518866,T106499,SETTLED,2026-09-09 07:20:44,2026-09-09 07:21:15,615
E517873,T106164,CREATED,2026-09-08 10:26:57,2026-09-08 10:27:06,326
E519298,T106644,AUTHORIZED,2026-09-09 13:47:37,2026-09-09 13:47:42,137
E520474,T107046,SETTLED,2026-09-09 09:52:50,2026-09-09 10:23:50,508
E518110,T106243,AUTHORIZED,2026-09-08 18:47:47,2026-09-08 18:47:48,223
E516681,T105754,CREATED,2026-09-08 11:44:29,2026-09-08 11:44:39,196
E518906,T106512,SETTLED,2026-09-09 17:28:46,2026-09-09 17:28:53,94
E516724,T105768,AUTHORIZED,2026-09-08 19:08:43,2026-09-08 19:08:58,421
E518584,T106407,CREATED,2026-09-09 19:27:52,2026-09-09 19:27:55,68
E518785,T106473,SETTLED,2026-09-09 08:51:37,2026-09-09 08:52:16,140
E516514,T105695,CREATED,2026-09-08 09:58:19,2026-09-08 09:58:21,241
E516043,T105533,AUTHORIZED,2026-09-08 13:52:22,2026-09-08 13:52:26,468
E517363,T105989,AUTHORIZED,2026-09-08 20:23:17,2026-09-08 20:23:20,285
E517934,T106185,AUTHORIZED,2026-09-08 19:22:09,2026-09-08 19:22:19,340
E518034,T106219,CREATED,2026-09-08 14:58:04,2026-09-08 14:58:19,123
E519624,T106752,SETTLED,2026-09-09 16:03:02,2026-09-09 17:24:02,83
E517442,T106015,AUTHORIZED,2026-09-08 12:09:41,2026-09-08 12:10:06,389
E518586,T106407,SETTLED,2026-09-09 19:48:08,2026-09-09 19:48:23,476
E519642,T106758,SETTLED,2026-09-09 22:58:21,2026-09-09 23:56:21,236
E516216,T105592,SETTLED,2026-09-08 10:39:35,2026-09-08 10:40:11,262
E517292,T105965,AUTHORIZED,2026-09-08 18:35:41,2026-09-08 18:36:08,408
E517973,T106199,AUTHORIZED,2026-09-08 21:41:30,2026-09-08 21:41:39,391
E520236,T106963,CREATED,2026-09-09 19:49:07,2026-09-09 19:49:09,301
E517629,T106078,AUTHORIZED,2026-09-08 17:47:30,2026-09-08 17:47:59,235
E517872,T106163,SETTLED,2026-09-08 12:09:00,2026-09-08 12:09:13,576
E517904,T106174,AUTHORIZED,2026-09-08 06:42:16,2026-09-08 06:42:22,237
E517110,T105900,AUTHORIZED,2026-09-08 19:24:16,2026-09-08 19:24:27,274
E517559,T106055,AUTHORIZED,2026-09-08 14:03:39,2026-09-08 14:03:49,106
E516633,T105738,CREATED,2026-09-08 10:20:16,2026-09-08 10:20:34,260
E516998,T105863,SETTLED,2026-09-08 07:08:48,2026-09-08 07:09:23,571
E517597,T106068,CREATED,2026-09-08 06:36:29,2026-09-08 06:36:33,184
E518974,T106535,SETTLED,2026-09-09 13:10:01,2026-09-09 13:10:04,32
E519569,T106735,CREATED,2026-09-09 07:40:21,2026-09-09 07:40:40,143
E518457,T106361,SETTLED,2026-09-09 14:18:17,2026-09-09 14:18:42,500
E517249,T105950,CREATED,2026-09-08 22:05:22,2026-09-08 22:05:37,148
E519773,T106802,CREATED,2026-09-09 17:09:38,2026-09-09 17:09:48,363
E516570,T105715,AUTHORIZED,2026-09-08 12:46:47,2026-09-08 12:47:13,60
E516192,T105584,CREATED,2026-09-08 17:43:44,2026-09-08 17:44:04,28
E517002,T105865,CREATED,2026-09-08 20:23:57,2026-09-08 20:24:14,390
E519908,T106849,CREATED,2026-09-09 14:48:21,2026-09-09 14:48:23,352
E517487,T106030,SETTLED,2026-09-08 22:14:54,2026-09-08 22:15:01,862
E515991,T105516,AUTHORIZED,2026-09-08 16:33:18,2026-09-08 16:33:44,271
E517865,T106161,SETTLED,2026-09-08 07:12:10,2026-09-08 07:12:40,486
E517741,T106117,SETTLED,2026-09-08 15:38:13,2026-09-08 15:38:52,432
E518098,T106239,SETTLED,2026-09-08 14:40:06,2026-09-08 14:40:51,643
E519431,T106689,CREATED,2026-09-09 18:49:06,2026-09-09 18:49:11,23
E519999,T106879,SETTLED,2026-09-09 19:18:40,2026-09-09 19:18:56,346
E518359,T106328,SETTLED,2026-09-09 07:52:58,2026-09-09 07:53:29,366
E519638,T106757,AUTHORIZED,2026-09-09 17:22:57,2026-09-09 17:23:14,164
E519475,T106703,SETTLED,2026-09-09 17:58:50,2026-09-09 17:58:58,674
E516765,T105781,SETTLED,2026-09-08 18:37:29,2026-09-08 18:37:56,394
E519621,T106751,SETTLED,2026-09-09 17:39:51,2026-09-09 17:40:11,475
E519170,T106602,CREATED,2026-09-09 08:16:22,2026-09-09 08:16:23,224
E519640,T106758,CREATED,2026-09-09 22:53:16,2026-09-09 22:53:35,292
E519499,T106711,AUTHORIZED,2026-09-09 19:57:57,2026-09-09 19:58:07,229
E519943,T106860,SETTLED,2026-09-09 08:22:02,2026-09-09 08:22:32,265
E519949,T106862,SETTLED,2026-09-09 15:17:04,2026-09-09 16:34:04,299
E516923,T105837,CREATED,2026-09-08 20:26:48,2026-09-08 20:26:56,262
E519654,T106762,SETTLED,2026-09-09 12:16:13,2026-09-09 12:16:42,617
E518393,T106340,AUTHORIZED,2026-09-09 10:06:28,2026-09-09 10:06:31,55
E517192,T105930,CREATED,2026-09-08 09:27:51,2026-09-08 09:27:55,370
E519843,T106827,CREATED,2026-09-09 10:33:55,2026-09-09 10:34:12,43
E519921,T106853,AUTHORIZED,2026-09-09 12:18:13,2026-09-09 12:18:40,164
E518608,T106415,CREATED,2026-09-09 17:37:43,2026-09-09 17:37:52,64
E520256,T106970,AUTHORIZED,2026-09-09 06:36:15,2026-09-09 06:36:32,297
E518391,T106339,SETTLED,2026-09-09 12:58:40,2026-09-09 12:59:20,648
E517257,T105953,CREATED,2026-09-08 12:57:49,2026-09-08 12:58:02,244
E518116,T106245,AUTHORIZED,2026-09-08 06:27:13,2026-09-08 06:27:26,394
E518517,T106382,SETTLED,2026-09-09 11:43:27,2026-09-09 11:43:36,41
E517504,T106037,CREATED,2026-09-08 22:22:41,2026-09-08 22:22:46,312
E516551,T105708,AUTHORIZED,2026-09-08 16:52:33,2026-09-08 16:52:41,391
E519669,T106767,SETTLED,2026-09-09 21:26:30,2026-09-09 21:27:02,865
E517208,T105935,SETTLED,2026-09-08 09:12:15,2026-09-08 09:12:46,698
E517424,T106009,SETTLED,2026-09-08 07:45:23,2026-09-08 07:45:51,864
E518484,T106371,CREATED,2026-09-09 11:23:45,2026-09-09 11:23:51,76
E517417,T106007,SETTLED,2026-09-08 18:09:48,2026-09-08 18:10:33,415
E516787,T105789,AUTHORIZED,2026-09-08 15:59:11,2026-09-08 15:59:38,239
E520582,T107085,AUTHORIZED,2026-09-09 09:20:02,2026-09-09 09:20:13,173
E516010,T105522,AUTHORIZED,2026-09-08 08:37:21,2026-09-08 08:37:45,485
E519454,T106697,CREATED,2026-09-09 16:54:46,2026-09-09 16:54:53,197
E516491,T105687,AUTHORIZED,2026-09-08 15:58:14,2026-09-08 15:58:30,452
E516874,T105818,SETTLED,2026-09-08 06:39:27,2026-09-08 06:40:04,758
E520479,T107048,AUTHORIZED,2026-09-09 12:43:14,2026-09-09 12:43:35,485
E516100,T105552,SETTLED,2026-09-08 16:11:32,2026-09-08 16:12:06,162
E517992,T106205,SETTLED,2026-09-08 21:24:50,2026-09-08 21:25:07,717
E518911,T106514,AUTHORIZED,2026-09-09 15:38:57,2026-09-09 15:39:07,375
E519425,T106687,AUTHORIZED,2026-09-09 18:23:58,2026-09-09 18:24:22,89
E518570,T106402,CREATED,2026-09-09 07:08:54,2026-09-09 07:08:59,202
E517339,T105981,AUTHORIZED,2026-09-08 20:05:35,2026-09-08 20:05:39,72
E516465,T105678,SETTLED,2026-09-08 13:10:49,2026-09-08 13:11:32,482
E519845,T106827,SETTLED,2026-09-09 10:40:30,2026-09-09 10:40:41,51
E518708,T106448,CREATED,2026-09-09 16:53:04,2026-09-09 16:53:22,277
E516576,T105717,SETTLED,2026-09-08 13:35:13,2026-09-08 13:35:23,594
E518485,T106371,AUTHORIZED,2026-09-09 11:24:25,2026-09-09 11:24:36,106
E516039,T105532,AUTHORIZED,2026-09-08 22:49:14,2026-09-08 22:49:16,330
E516414,T105660,AUTHORIZED,2026-09-08 17:22:08,2026-09-08 17:22:23,261
E516727,T105769,AUTHORIZED,2026-09-08 13:39:49,2026-09-08 13:40:03,354
E518430,T106352,AUTHORIZED,2026-09-09 11:44:22,2026-09-09 11:44:29,244
E520509,T107058,SETTLED,2026-09-09 07:26:14,2026-09-09 07:26:34,841
E517274,T105959,CREATED,2026-09-08 14:29:08,2026-09-08 14:29:25,138
E519603,T106745,SETTLED,2026-09-09 16:57:29,2026-09-09 17:31:29,108
E517025,T105872,AUTHORIZED,2026-09-08 20:04:28,2026-09-08 20:04:42,468
E517351,T105985,AUTHORIZED,2026-09-08 13:51:04,2026-09-08 13:51:27,466
E517365,T105990,CREATED,2026-09-08 12:04:04,2026-09-08 12:04:23,189
E518928,T106520,CREATED,2026-09-09 22:09:38,2026-09-09 22:09:46,118
E518241,T106287,SETTLED,2026-09-08 11:09:10,2026-09-08 11:09:40,503
E517347,T105984,CREATED,2026-09-08 14:21:29,2026-09-08 14:21:37,88
E520258,T106971,AUTHORIZED,2026-09-09 18:10:52,2026-09-09 18:10:55,409
E519524,T106719,SETTLED,2026-09-09 19:13:12,2026-09-09 19:13:13,343
E519728,T106787,CREATED,2026-09-09 08:00:41,2026-09-09 08:00:55,235
E519272,T106636,CREATED,2026-09-09 11:23:23,2026-09-09 11:23:29,162
E519283,T106639,SETTLED,2026-09-09 14:29:21,2026-09-09 14:29:49,422
E516395,T105654,CREATED,2026-09-08 15:24:44,2026-09-08 15:24:46,26
E519975,T106871,AUTHORIZED,2026-09-09 06:23:40,2026-09-09 06:23:49,152
E517831,T106149,SETTLED,2026-09-08 22:51:41,2026-09-08 22:51:47,804
E520369,T107010,CREATED,2026-09-09 10:40:22,2026-09-09 10:40:39,113
E518232,T106284,SETTLED,2026-09-08 14:15:21,2026-09-08 15:21:21,259
E520024,T106888,FAILED,2026-09-09 10:58:26,2026-09-09 10:58:32,392
E519823,T106819,AUTHORIZED,2026-09-09 16:39:36,2026-09-09 16:39:51,292
E518306,T106309,SETTLED,2026-09-09 18:43:21,2026-09-09 18:43:41,131
E518647,T106428,AUTHORIZED,2026-09-09 09:18:03,2026-09-09 09:18:22,195
E518754,T106463,AUTHORIZED,2026-09-09 21:13:32,2026-09-09 21:13:44,355
E518983,T106539,CREATED,2026-09-09 19:41:35,2026-09-09 19:41:51,272
E520204,T106952,CREATED,2026-09-09 14:13:36,2026-09-09 14:13:52,287
E516562,T105712,SETTLED,2026-09-08 17:42:57,2026-09-08 17:43:39,849
E518643,T106427,CREATED,2026-09-09 16:43:50,2026-09-09 16:43:59,210
E516528,T105700,CREATED,2026-09-08 16:24:18,2026-09-08 16:24:29,297
E516971,T105854,CREATED,2026-09-08 10:05:12,2026-09-08 10:05:19,44
E520375,T107012,AUTHORIZED,2026-09-09 11:37:04,2026-09-09 11:37:28,219
E516950,T105847,CREATED,2026-09-08 18:03:30,2026-09-08 18:03:33,190
E519815,T106816,SETTLED,2026-09-09 21:29:53,2026-09-09 21:30:14,76
E518865,T106499,AUTHORIZED,2026-09-09 06:57:44,2026-09-09 06:58:09,34
E517924,T106181,AUTHORIZED,2026-09-08 09:55:01,2026-09-08 09:55:27,153
E519483,T106706,CREATED,2026-09-09 14:27:27,2026-09-09 14:27:42,229
E519484,T106706,AUTHORIZED,2026-09-09 14:27:59,2026-09-09 14:28:16,181
E520002,T106881,CREATED,2026-09-09 08:18:38,2026-09-09 08:18:39,394
E517596,T106067,SETTLED,2026-09-08 15:23:02,2026-09-08 15:23:09,686
E517332,T105979,CREATED,2026-09-08 19:19:41,2026-09-08 19:19:54,41
E518344,T106323,CREATED,2026-09-09 16:13:26,2026-09-09 16:13:36,305
E518601,T106412,SETTLED,2026-09-09 21:42:33,2026-09-09 21:42:44,279
E517754,T106123,CREATED,2026-09-08 18:28:43,2026-09-08 18:28:56,259
E517399,T106001,AUTHORIZED,2026-09-08 12:06:52,2026-09-08 12:07:14,94
E519953,T106864,CREATED,2026-09-09 16:07:29,2026-09-09 16:07:33,175
E518709,T106448,AUTHORIZED,2026-09-09 16:53:38,2026-09-09 16:53:59,126
E520374,T107012,CREATED,2026-09-09 11:36:30,2026-09-09 11:36:49,273
E516524,T105698,SETTLED,2026-09-08 17:20:45,2026-09-08 17:20:49,147
E516973,T105855,CREATED,2026-09-08 18:01:30,2026-09-08 18:01:39,131
E515992,T105516,SETTLED,2026-09-08 16:45:18,2026-09-08 16:45:30,136
E518810,T106481,CREATED,2026-09-09 19:42:52,2026-09-09 19:42:55,151
E519634,T106756,CREATED,2026-09-09 15:16:58,2026-09-09 15:17:10,120
E518470,T106366,CREATED,2026-09-09 15:11:04,2026-09-09 15:11:15,339
E516718,T105766,AUTHORIZED,2026-09-08 22:45:26,2026-09-08 22:45:37,237
E518496,T106375,AUTHORIZED,2026-09-09 20:44:31,2026-09-09 20:44:42,413
E516269,T105610,SETTLED,2026-09-08 20:47:03,2026-09-08 20:47:07,286
E517008,T105867,CREATED,2026-09-08 14:28:17,2026-09-08 14:28:22,88
E517476,T106027,CREATED,2026-09-08 10:47:38,2026-09-08 10:47:44,35
E519249,T106627,SETTLED,2026-09-09 07:06:11,2026-09-09 07:06:47,479
E516042,T105533,CREATED,2026-09-08 13:51:55,2026-09-08 13:52:10,335
E520440,T107035,AUTHORIZED,2026-09-09 19:21:52,2026-09-09 19:21:59,58
E516265,T105609,AUTHORIZED,2026-09-08 21:46:16,2026-09-08 21:46:37,146
E516018,T105525,CREATED,2026-09-08 13:29:23,2026-09-08 13:29:36,334
E519873,T106837,SETTLED,2026-09-09 20:55:00,2026-09-09 20:55:03,136
E519137,T106591,AUTHORIZED,2026-09-09 21:15:14,2026-09-09 21:15:36,491
E520210,T106953,SETTLED,2026-09-09 12:46:04,2026-09-09 12:46:10,216
E516030,T105529,CREATED,2026-09-08 16:41:02,2026-09-08 16:41:20,252
E519985,T106875,AUTHORIZED,2026-09-09 19:05:39,2026-09-09 19:05:46,242
E519452,T106696,AUTHORIZED,2026-09-09 17:37:41,2026-09-09 17:38:02,405
E520554,T107075,AUTHORIZED,2026-09-09 18:23:45,2026-09-09 18:24:01,243
E518367,T106331,AUTHORIZED,2026-09-09 06:51:00,2026-09-09 06:51:05,420
E518666,T106434,AUTHORIZED,2026-09-09 09:33:56,2026-09-09 09:34:08,344
E517647,T106084,SETTLED,2026-09-08 14:12:28,2026-09-08 14:12:37,874
E519786,T106806,CREATED,2026-09-09 21:40:53,2026-09-09 21:41:13,297
E516055,T105537,AUTHORIZED,2026-09-08 07:06:09,2026-09-08 07:06:27,37
E518839,T106490,AUTHORIZED,2026-09-09 08:07:00,2026-09-09 08:07:09,93
E520189,T106947,CREATED,2026-09-09 14:39:39,2026-09-09 14:39:57,109
E517164,T105920,AUTHORIZED,2026-09-08 16:32:17,2026-09-08 16:32:26,342
E516499,T105690,CREATED,2026-09-08 14:43:43,2026-09-08 14:44:00,151
E517540,T106048,SETTLED,2026-09-08 17:13:12,2026-09-08 17:13:47,881
E518246,T106289,AUTHORIZED,2026-09-08 07:31:17,2026-09-08 07:31:38,351
E516133,T105564,AUTHORIZED,2026-09-08 08:29:13,2026-09-08 08:29:34,66
E519042,T106558,AUTHORIZED,2026-09-09 18:30:40,2026-09-09 18:31:07,35
E517958,T106193,FAILED,2026-09-08 15:07:36,2026-09-08 15:07:44,27
E520511,T107059,AUTHORIZED,2026-09-09 15:38:31,2026-09-09 15:38:41,220
E520073,T106906,CREATED,2026-09-09 17:07:22,2026-09-09 17:07:29,393
E519401,T106679,CREATED,2026-09-09 22:09:09,2026-09-09 22:09:28,97
E520496,T107054,AUTHORIZED,2026-09-09 09:54:09,2026-09-09 09:54:19,475
E519311,T106648,SETTLED,2026-09-09 14:54:06,2026-09-09 14:54:31,701
E520012,T106884,AUTHORIZED,2026-09-09 22:42:01,2026-09-09 22:42:05,462
E516473,T105681,SETTLED,2026-09-08 09:23:27,2026-09-08 09:23:41,596
E516581,T105719,AUTHORIZED,2026-09-08 17:27:37,2026-09-08 17:28:01,455
E519572,T106736,CREATED,2026-09-09 10:33:42,2026-09-09 10:33:54,212
E517320,T105974,SETTLED,2026-09-08 22:03:22,2026-09-08 22:04:06,594
E519743,T106792,AUTHORIZED,2026-09-09 11:22:52,2026-09-09 11:23:11,187
E517661,T106090,CREATED,2026-09-08 10:18:34,2026-09-08 10:18:37,389
E515996,T105518,CREATED,2026-09-08 15:42:48,2026-09-08 15:43:01,213
E518174,T106265,AUTHORIZED,2026-09-08 16:02:36,2026-09-08 16:03:00,441
E516840,T105807,CREATED,2026-09-08 20:46:03,2026-09-08 20:46:10,45
E519204,T106613,CREATED,2026-09-09 17:02:23,2026-09-09 17:02:31,37
E516275,T105613,CREATED,2026-09-08 06:23:23,2026-09-08 06:23:37,77
E517797,T106138,CREATED,2026-09-08 18:12:26,2026-09-08 18:12:34,395
E519553,T106729,SETTLED,2026-09-09 08:54:56,2026-09-09 08:55:00,629
E516901,T105829,AUTHORIZED,2026-09-08 07:47:43,2026-09-08 07:48:10,101
E516769,T105783,CREATED,2026-09-08 11:40:02,2026-09-08 11:40:20,226
E516895,T105826,SETTLED,2026-09-08 21:36:53,2026-09-08 21:37:08,670
E516260,T105607,SETTLED,2026-09-08 17:22:54,2026-09-08 17:23:17,772
E520540,T107070,CREATED,2026-09-09 06:26:34,2026-09-09 06:26:48,96
E517729,T106114,CREATED,2026-09-08 18:24:34,2026-09-08 18:24:44,122
E519795,T106809,CREATED,2026-09-09 12:01:04,2026-09-09 12:01:20,335
E516927,T105838,AUTHORIZED,2026-09-08 14:53:08,2026-09-08 14:53:21,35
E517501,T106035,SETTLED,2026-09-08 21:26:10,2026-09-08 21:26:24,643
E518077,T106233,AUTHORIZED,2026-09-08 12:27:27,2026-09-08 12:27:29,72
E520100,T106914,SETTLED,2026-09-09 11:32:40,2026-09-09 11:32:57,536
E516427,T105665,AUTHORIZED,2026-09-08 15:56:08,2026-09-08 15:56:17,469
E519342,T106659,CREATED,2026-09-09 16:20:47,2026-09-09 16:20:54,333
E517234,T105944,FAILED,2026-09-08 15:20:53,2026-09-08 15:21:01,428
E519012,T106548,AUTHORIZED,2026-09-09 09:04:29,2026-09-09 09:04:39,340
E517165,T105920,SETTLED,2026-09-08 16:55:17,2026-09-08 16:55:30,46
E516993,T105861,SETTLED,2026-09-08 08:36:55,2026-09-08 08:37:32,306
E518625,T106420,SETTLED,2026-09-09 14:39:18,2026-09-09 15:25:18,535
E520536,T107068,AUTHORIZED,2026-09-09 11:04:13,2026-09-09 11:04:37,396
E517599,T106068,SETTLED,2026-09-08 06:43:55,2026-09-08 06:44:01,406
E517264,T105955,AUTHORIZED,2026-09-08 16:00:26,2026-09-08 16:00:32,270
E518144,T106255,CREATED,2026-09-08 22:28:17,2026-09-08 22:28:31,385
E520489,T107052,CREATED,2026-09-09 18:10:06,2026-09-09 18:10:24,134
E516558,T105711,CREATED,2026-09-08 22:44:57,2026-09-08 22:45:02,132
E519317,T106650,AUTHORIZED,2026-09-09 13:20:41,2026-09-09 13:21:11,383
E516198,T105586,AUTHORIZED,2026-09-08 13:21:38,2026-09-08 13:21:51,498
E519032,T106555,CREATED,2026-09-09 16:15:50,2026-09-09 16:15:59,368
E517989,T106204,SETTLED,2026-09-08 22:03:04,2026-09-08 22:03:21,54
E520275,T106977,SETTLED,2026-09-09 21:52:59,2026-09-09 21:53:41,858
E519299,T106644,SETTLED,2026-09-09 13:53:37,2026-09-09 13:54:10,35
E518331,T106318,CREATED,2026-09-09 21:18:33,2026-09-09 21:18:34,329
E516887,T105823,FAILED,2026-09-08 22:14:04,2026-09-08 22:14:26,277
E519690,T106774,CREATED,2026-09-09 18:15:46,2026-09-09 18:15:55,327
E516466,T105679,CREATED,2026-09-08 09:36:56,2026-09-08 09:37:01,59
E516947,T105846,CREATED,2026-09-08 09:59:03,2026-09-08 09:59:23,205
E520415,T107026,FAILED,2026-09-09 15:53:51,2026-09-09 15:54:01,79
E516358,T105641,CREATED,2026-09-08 19:56:46,2026-09-08 19:56:47,74
E518546,T106394,CREATED,2026-09-09 07:02:26,2026-09-09 07:02:35,30
E517917,T106178,SETTLED,2026-09-09 07:27:04,2026-09-09 07:27:12,690
E517856,T106158,AUTHORIZED,2026-09-08 18:53:52,2026-09-08 18:54:19,245
E517623,T106076,AUTHORIZED,2026-09-08 17:31:38,2026-09-08 17:31:39,376
E515954,T105503,SETTLED,2026-09-08 15:37:56,2026-09-08 15:38:08,336
E517349,T105984,SETTLED,2026-09-08 14:23:45,2026-09-08 14:24:20,621
E520490,T107052,AUTHORIZED,2026-09-09 18:10:34,2026-09-09 18:10:47,424
E519327,T106654,CREATED,2026-09-09 20:08:07,2026-09-09 20:08:24,327
E518937,T106523,CREATED,2026-09-09 12:58:55,2026-09-09 12:59:08,345
E517659,T106089,AUTHORIZED,2026-09-08 15:26:47,2026-09-08 15:27:10,281
E516282,T105615,AUTHORIZED,2026-09-08 14:57:58,2026-09-08 14:58:10,108
E519829,T106822,CREATED,2026-09-09 11:26:23,2026-09-09 11:26:35,355
E516131,T105563,SETTLED,2026-09-08 12:30:00,2026-09-08 12:30:37,496
E518758,T106464,SETTLED,2026-09-09 07:23:04,2026-09-09 07:23:27,727
E518363,T106330,CREATED,2026-09-09 14:37:19,2026-09-09 14:37:37,244
E518813,T106482,CREATED,2026-09-09 15:11:36,2026-09-09 15:11:37,139
E519963,T106867,AUTHORIZED,2026-09-09 10:04:10,2026-09-09 10:04:28,248
E519412,T106683,CREATED,2026-09-09 08:02:43,2026-09-09 08:03:00,221
E516910,T105832,AUTHORIZED,2026-09-08 12:40:55,2026-09-08 12:41:16,97
E518827,T106486,SETTLED,2026-09-09 10:50:37,2026-09-09 10:50:59,596
E518767,T106467,SETTLED,2026-09-09 19:08:03,2026-09-09 19:08:21,380
E519942,T106860,AUTHORIZED,2026-09-09 08:03:02,2026-09-09 08:03:12,334
E519334,T106656,AUTHORIZED,2026-09-09 11:53:02,2026-09-09 11:53:23,321
E520289,T106982,SETTLED,2026-09-09 08:16:47,2026-09-09 08:17:20,816
E518966,T106533,CREATED,2026-09-09 08:27:53,2026-09-09 08:28:04,187
E519611,T106747,SETTLED,2026-09-09 22:04:40,2026-09-09 22:05:10,836
E520238,T106964,CREATED,2026-09-09 21:59:58,2026-09-09 22:00:07,285
E517495,T106033,AUTHORIZED,2026-09-08 09:51:15,2026-09-08 09:51:28,60
E516883,T105822,CREATED,2026-09-08 13:04:33,2026-09-08 13:04:44,93
E516223,T105595,AUTHORIZED,2026-09-08 22:38:36,2026-09-08 22:38:44,282
E519887,T106842,AUTHORIZED,2026-09-09 12:47:24,2026-09-09 12:47:33,146
E519244,T106626,CREATED,2026-09-09 16:16:39,2026-09-09 16:16:46,176
E519523,T106719,AUTHORIZED,2026-09-09 18:51:12,2026-09-09 18:51:30,43
E516069,T105542,CREATED,2026-09-08 21:59:58,2026-09-08 22:00:05,268
E516298,T105620,SETTLED,2026-09-08 10:45:38,2026-09-08 10:46:02,877
E520457,T107041,CREATED,2026-09-09 17:50:53,2026-09-09 17:51:09,290
E516476,T105682,SETTLED,2026-09-08 21:23:10,2026-09-08 21:23:33,663
E519136,T106591,CREATED,2026-09-09 21:14:41,2026-09-09 21:14:56,30
E518687,T106441,AUTHORIZED,2026-09-09 16:10:04,2026-09-09 16:10:21,337
E518167,T106263,CREATED,2026-09-08 08:30:31,2026-09-08 08:30:33,53
E520021,T106887,AUTHORIZED,2026-09-09 09:51:03,2026-09-09 09:51:11,175
E517254,T105951,SETTLED,2026-09-08 11:52:16,2026-09-08 12:52:16,235
E520595,T107089,SETTLED,2026-09-09 10:16:14,2026-09-09 10:16:47,502
E517665,T106091,CREATED,2026-09-08 09:04:54,2026-09-08 09:05:05,49
E517067,T105885,CREATED,2026-09-08 17:31:51,2026-09-08 17:32:02,237
E520349,T107003,CREATED,2026-09-09 13:18:34,2026-09-09 13:18:36,237
E519636,T106756,SETTLED,2026-09-09 15:33:26,2026-09-09 15:34:01,342
E517742,T106118,CREATED,2026-09-08 19:00:08,2026-09-08 19:00:22,79
E517525,T106043,SETTLED,2026-09-08 21:58:15,2026-09-08 21:58:32,588
E517134,T105909,CREATED,2026-09-08 16:35:33,2026-09-08 16:35:53,48
E518440,T106355,FAILED,2026-09-09 09:49:31,2026-09-09 09:49:46,282
E519096,T106576,SETTLED,2026-09-09 11:01:23,2026-09-09 11:01:45,270
E519703,T106778,AUTHORIZED,2026-09-09 13:24:45,2026-09-09 13:25:15,177
E518763,T106466,AUTHORIZED,2026-09-09 09:28:43,2026-09-09 09:28:50,20
E517857,T106158,SETTLED,2026-09-08 19:03:52,2026-09-08 19:04:08,745
E518663,T106433,AUTHORIZED,2026-09-09 18:11:37,2026-09-09 18:11:59,294
E519426,T106687,SETTLED,2026-09-09 18:27:58,2026-09-09 18:28:17,874
E520504,T107057,CREATED,2026-09-09 17:53:53,2026-09-09 17:54:09,155
E520469,T107045,CREATED,2026-09-09 11:35:31,2026-09-09 11:35:50,150
E518428,T106351,SETTLED,2026-09-10 06:05:34,2026-09-10 06:05:37,863
E519752,T106795,AUTHORIZED,2026-09-09 06:37:14,2026-09-09 06:37:40,438
E517268,T105956,SETTLED,2026-09-08 23:13:50,2026-09-08 23:14:03,809
E519536,T106724,CREATED,2026-09-09 18:11:05,2026-09-09 18:11:23,35
E518113,T106244,AUTHORIZED,2026-09-08 15:51:57,2026-09-08 15:52:09,369
E517371,T105992,CREATED,2026-09-08 12:18:07,2026-09-08 12:18:15,167
E517979,T106201,AUTHORIZED,2026-09-08 16:14:36,2026-09-08 16:14:44,364
E517722,T106111,CREATED,2026-09-08 10:15:20,2026-09-08 10:15:40,321
E519641,T106758,AUTHORIZED,2026-09-09 22:53:21,2026-09-09 22:53:33,432
E518420,T106348,SETTLED,2026-09-09 17:41:44,2026-09-09 17:42:04,39
E520186,T106945,SETTLED,2026-09-09 08:38:59,2026-09-09 08:39:15,539
E518418,T106348,AUTHORIZED,2026-09-09 17:30:44,2026-09-09 17:31:14,99
E517483,T106029,AUTHORIZED,2026-09-08 13:47:15,2026-09-08 13:47:24,23
E519956,T106865,CREATED,2026-09-09 06:58:16,2026-09-09 06:58:28,66
E517390,T105998,AUTHORIZED,2026-09-08 11:02:49,2026-09-08 11:02:54,373
E518931,T106521,CREATED,2026-09-09 07:23:17,2026-09-09 07:23:34,73
E518125,T106248,AUTHORIZED,2026-09-08 06:01:10,2026-09-08 06:01:17,158
E516699,T105760,CREATED,2026-09-08 15:09:38,2026-09-08 15:09:56,193
E520514,T107060,AUTHORIZED,2026-09-09 13:14:01,2026-09-09 13:14:22,336
E518563,T106399,SETTLED,2026-09-09 12:13:03,2026-09-09 12:13:14,728
E519892,T106844,CREATED,2026-09-09 07:31:39,2026-09-09 07:31:53,267
E517583,T106063,CREATED,2026-09-08 14:22:20,2026-09-08 14:22:35,355
E519555,T106730,AUTHORIZED,2026-09-09 07:33:09,2026-09-09 07:33:29,29
E516785,T105788,AUTHORIZED,2026-09-08 22:10:14,2026-09-08 22:10:27,229
E516249,T105603,SETTLED,2026-09-08 22:04:07,2026-09-08 22:04:52,210
E516174,T105578,AUTHORIZED,2026-09-08 15:49:35,2026-09-08 15:49:46,419
E516966,T105852,AUTHORIZED,2026-09-08 09:08:17,2026-09-08 09:08:47,464
E517329,T105978,CREATED,2026-09-08 13:51:23,2026-09-08 13:51:24,220
E516788,T105789,SETTLED,2026-09-08 16:03:11,2026-09-08 16:03:46,232
E520251,T106968,SETTLED,2026-09-09 11:14:59,2026-09-09 11:15:29,864
E518720,T106451,AUTHORIZED,2026-09-09 06:02:20,2026-09-09 06:02:49,51
E519901,T106846,SETTLED,2026-09-09 21:46:02,2026-09-09 23:06:02,739
E520153,T106934,CREATED,2026-09-09 13:07:23,2026-09-09 13:07:42,183
E517626,T106077,AUTHORIZED,2026-09-08 19:19:44,2026-09-08 19:20:06,82
E519619,T106751,CREATED,2026-09-09 17:25:21,2026-09-09 17:25:37,213
E519520,T106718,AUTHORIZED,2026-09-09 17:44:46,2026-09-09 17:44:56,372
E519370,T106668,SETTLED,2026-09-09 17:23:03,2026-09-09 17:23:07,567
E518184,T106268,SETTLED,2026-09-08 16:56:04,2026-09-08 16:56:15,276
E518330,T106317,SETTLED,2026-09-09 15:49:11,2026-09-09 15:49:16,276
E516402,T105656,AUTHORIZED,2026-09-08 19:35:14,2026-09-08 19:35:29,45
E516381,T105649,AUTHORIZED,2026-09-08 20:46:25,2026-09-08 20:46:42,161
E518847,T106493,CREATED,2026-09-09 07:41:07,2026-09-09 07:41:13,343
E518979,T106537,AUTHORIZED,2026-09-09 17:31:52,2026-09-09 17:32:16,228
E520042,T106895,AUTHORIZED,2026-09-09 21:09:49,2026-09-09 21:09:55,82
E518494,T106374,SETTLED,2026-09-09 12:54:55,2026-09-09 12:54:57,703
E518063,T106229,CREATED,2026-09-08 20:05:49,2026-09-08 20:06:01,192
E520086,T106910,CREATED,2026-09-09 07:01:09,2026-09-09 07:01:10,91
E516037,T105531,FAILED,2026-09-08 17:07:33,2026-09-08 17:07:58,229
E519156,T106597,SETTLED,2026-09-09 20:53:29,2026-09-09 20:53:58,649
E519514,T106716,CREATED,2026-09-09 13:20:38,2026-09-09 13:20:39,237
E519491,T106708,SETTLED,2026-09-09 18:29:22,2026-09-09 18:29:36,813
E516606,T105728,AUTHORIZED,2026-09-08 09:10:46,2026-09-08 09:11:05,133
E520417,T107027,AUTHORIZED,2026-09-09 16:40:22,2026-09-09 16:40:45,281
E517449,T106017,SETTLED,2026-09-08 20:32:51,2026-09-08 20:33:15,642
E516066,T105541,CREATED,2026-09-08 19:32:20,2026-09-08 19:32:32,216
E516453,T105674,CREATED,2026-09-08 22:06:59,2026-09-08 22:07:04,398
E519586,T106740,AUTHORIZED,2026-09-09 16:10:53,2026-09-09 16:11:10,401
E517706,T106105,SETTLED,2026-09-08 12:49:59,2026-09-08 12:50:17,829
E520168,T106939,CREATED,2026-09-09 21:28:32,2026-09-09 21:28:49,118
E518956,T106530,CREATED,2026-09-09 12:31:00,2026-09-09 12:31:05,361
E519309,T106648,CREATED,2026-09-09 14:38:00,2026-09-09 14:38:15,250
E517513,T106040,CREATED,2026-09-08 19:16:41,2026-09-08 19:16:48,93
E518066,T106230,CREATED,2026-09-08 08:19:49,2026-09-08 08:20:04,216
E518123,T106247,SETTLED,2026-09-08 11:16:37,2026-09-08 11:16:57,626
E518867,T106500,CREATED,2026-09-09 11:30:02,2026-09-09 11:30:22,250
E516885,T105822,SETTLED,2026-09-08 13:10:58,2026-09-08 13:11:39,336
E517843,T106154,CREATED,2026-09-08 06:27:28,2026-09-08 06:27:33,20
E516179,T105580,CREATED,2026-09-08 15:22:11,2026-09-08 15:22:20,305
E516806,T105795,SETTLED,2026-09-08 16:29:49,2026-09-08 16:30:11,807
E519088,T106574,CREATED,2026-09-09 07:22:03,2026-09-09 07:22:18,272
E517438,T106014,AUTHORIZED,2026-09-08 15:58:58,2026-09-08 15:59:01,190
E519072,T106568,SETTLED,2026-09-09 19:51:30,2026-09-09 19:52:09,39
E517954,T106192,CREATED,2026-09-08 07:16:31,2026-09-08 07:16:51,151
E517174,T105923,SETTLED,2026-09-08 20:50:35,2026-09-08 20:51:17,631
E519592,T106742,CREATED,2026-09-09 08:53:22,2026-09-09 08:53:29,257
E516600,T105726,AUTHORIZED,2026-09-08 09:17:09,2026-09-08 09:17:23,273
E516752,T105777,AUTHORIZED,2026-09-08 12:26:24,2026-09-08 12:26:50,478
E518879,T106504,CREATED,2026-09-09 13:16:35,2026-09-09 13:16:38,331
E520107,T106917,CREATED,2026-09-09 11:42:45,2026-09-09 11:42:55,28
E519989,T106876,SETTLED,2026-09-09 20:17:24,2026-09-09 20:32:24,145
E516293,T105619,CREATED,2026-09-08 14:56:16,2026-09-08 14:56:34,116
E520544,T107072,CREATED,2026-09-09 09:50:03,2026-09-09 09:50:07,182
E518240,T106287,AUTHORIZED,2026-09-08 10:49:10,2026-09-08 10:49:26,347
E520403,T107022,SETTLED,2026-09-09 21:41:16,2026-09-09 21:41:59,873
E518992,T106542,CREATED,2026-09-09 17:36:13,2026-09-09 17:36:32,190
E517243,T105947,SETTLED,2026-09-08 09:16:47,2026-09-08 09:17:06,484
E518507,T106379,CREATED,2026-09-09 19:34:30,2026-09-09 19:34:34,51
E518840,T106490,SETTLED,2026-09-09 08:17:00,2026-09-09 08:17:33,714
E520148,T106932,CREATED,2026-09-09 12:06:30,2026-09-09 12:06:35,384
E520000,T106880,CREATED,2026-09-09 15:18:40,2026-09-09 15:18:45,357
E516200,T105587,CREATED,2026-09-08 07:43:24,2026-09-08 07:43:41,117
E516751,T105777,CREATED,2026-09-08 12:26:00,2026-09-08 12:26:13,40
E516690,T105757,CREATED,2026-09-08 10:50:25,2026-09-08 10:50:40,243
E519036,T106556,AUTHORIZED,2026-09-09 19:55:44,2026-09-09 19:55:54,358
E519084,T106572,SETTLED,2026-09-09 11:14:46,2026-09-09 11:15:11,149
E516790,T105790,AUTHORIZED,2026-09-08 10:58:33,2026-09-08 10:58:42,259
E516129,T105563,AUTHORIZED,2026-09-08 12:15:00,2026-09-08 12:15:04,147
E519333,T106656,CREATED,2026-09-09 11:52:29,2026-09-09 11:52:36,321
E516702,T105761,CREATED,2026-09-08 09:58:11,2026-09-08 09:58:17,132
E516063,T105540,CREATED,2026-09-08 07:13:45,2026-09-08 07:13:54,158
E517407,T106004,CREATED,2026-09-08 17:03:32,2026-09-08 17:03:39,66
E520056,T106900,CREATED,2026-09-09 09:09:37,2026-09-09 09:09:54,55
E516244,T105602,AUTHORIZED,2026-09-08 21:13:13,2026-09-08 21:13:20,186
E515981,T105513,CREATED,2026-09-08 15:38:36,2026-09-08 15:38:55,35
E518437,T106354,AUTHORIZED,2026-09-09 06:06:34,2026-09-09 06:06:43,117
E519435,T106690,AUTHORIZED,2026-09-09 22:55:01,2026-09-09 22:55:15,135
E518671,T106436,CREATED,2026-09-09 09:15:32,2026-09-09 09:15:51,127
E515993,T105517,CREATED,2026-09-08 16:00:15,2026-09-08 16:00:25,356
E519494,T106709,SETTLED,2026-09-09 15:55:05,2026-09-09 15:55:25,665
E516009,T105522,CREATED,2026-09-08 08:37:08,2026-09-08 08:37:10,227
E516366,T105644,AUTHORIZED,2026-09-08 21:16:44,2026-09-08 21:16:59,460
E516271,T105611,AUTHORIZED,2026-09-08 12:56:57,2026-09-08 12:57:24,381
E518822,T106485,CREATED,2026-09-09 22:42:55,2026-09-09 22:43:01,159
E519772,T106801,SETTLED,2026-09-09 06:23:35,2026-09-09 06:23:57,368
E517734,T106115,AUTHORIZED,2026-09-08 19:19:45,2026-09-08 19:19:46,42
E520350,T107003,AUTHORIZED,2026-09-09 13:19:12,2026-09-09 13:19:28,140
E519566,T106734,CREATED,2026-09-09 16:04:43,2026-09-09 16:04:49,70
E516970,T105853,SETTLED,2026-09-08 19:14:56,2026-09-08 19:14:57,762
E518564,T106400,CREATED,2026-09-09 08:18:32,2026-09-09 08:18:34,221
E518881,T106504,SETTLED,2026-09-09 13:19:49,2026-09-09 13:20:24,543
E518081,T106234,AUTHORIZED,2026-09-08 11:03:11,2026-09-08 11:03:29,270
E517796,T106137,AUTHORIZED,2026-09-08 20:31:21,2026-09-08 20:31:36,115
E517697,T106103,CREATED,2026-09-08 06:05:26,2026-09-08 06:05:35,33
E516519,T105697,CREATED,2026-09-08 13:04:34,2026-09-08 13:04:43,357
E518059,T106227,SETTLED,2026-09-08 15:12:38,2026-09-08 15:12:56,378
E517760,T106124,SETTLED,2026-09-08 22:17:52,2026-09-08 22:18:36,239
E519278,T106638,CREATED,2026-09-09 17:18:53,2026-09-09 17:19:13,77
E518208,T106276,AUTHORIZED,2026-09-08 20:24:21,2026-09-08 20:24:25,279
E519707,T106780,CREATED,2026-09-09 06:17:08,2026-09-09 06:17:28,193
E519340,T106658,AUTHORIZED,2026-09-09 20:26:49,2026-09-09 20:27:19,430
E516505,T105692,CREATED,2026-09-08 20:30:34,2026-09-08 20:30:44,137
E516127,T105562,FAILED,2026-09-08 16:31:23,2026-09-08 16:31:24,388
E516693,T105757,SETTLED,2026-09-08 11:13:55,2026-09-08 11:14:28,444
E516006,T105521,AUTHORIZED,2026-09-08 12:35:58,2026-09-08 12:36:10,46
E518749,T106461,SETTLED,2026-09-09 15:54:20,2026-09-09 15:54:27,795
E520221,T106957,FAILED,2026-09-09 08:41:03,2026-09-09 08:41:10,221
E517750,T106121,CREATED,2026-09-08 18:36:26,2026-09-08 18:36:30,28
E517443,T106015,SETTLED,2026-09-08 12:12:41,2026-09-08 12:13:12,799
E516359,T105641,AUTHORIZED,2026-09-08 19:57:23,2026-09-08 19:57:41,355
E519658,T106763,SETTLED,2026-09-09 12:40:21,2026-09-09 12:40:24,302
E518971,T106534,SETTLED,2026-09-09 07:10:29,2026-09-09 07:11:11,562
E516377,T105648,CREATED,2026-09-08 08:39:33,2026-09-08 08:39:36,42
E518736,T106457,CREATED,2026-09-09 20:03:25,2026-09-09 20:03:41,135
E516621,T105734,CREATED,2026-09-08 16:47:21,2026-09-08 16:47:30,351
E518175,T106265,SETTLED,2026-09-08 16:13:36,2026-09-08 16:14:03,806
E518703,T106446,AUTHORIZED,2026-09-09 15:06:34,2026-09-09 15:06:40,454
E516058,T105538,AUTHORIZED,2026-09-08 16:27:08,2026-09-08 16:27:22,403
E518206,T106275,SETTLED,2026-09-08 15:30:34,2026-09-08 15:30:59,278
E516527,T105699,SETTLED,2026-09-08 07:56:23,2026-09-08 07:56:50,143
E519537,T106724,AUTHORIZED,2026-09-09 18:11:10,2026-09-09 18:11:29,430
E519198,T106611,CREATED,2026-09-09 10:57:05,2026-09-09 10:57:21,385
E518280,T106301,SETTLED,2026-09-09 10:01:24,2026-09-09 10:02:08,107
E520090,T106911,AUTHORIZED,2026-09-09 18:55:27,2026-09-09 18:55:46,107
E520560,T107077,SETTLED,2026-09-09 09:47:54,2026-09-09 09:48:26,116
E519031,T106554,SETTLED,2026-09-09 18:32:28,2026-09-09 18:32:29,763
E518313,T106312,CREATED,2026-09-09 09:36:19,2026-09-09 09:36:38,181
E517376,T105993,SETTLED,2026-09-08 16:26:52,2026-09-08 16:27:18,681
E518578,T106405,CREATED,2026-09-09 16:31:48,2026-09-09 16:31:59,347
E518877,T106503,AUTHORIZED,2026-09-09 09:06:09,2026-09-09 09:06:36,474
E516008,T105521,SETTLED,2026-09-08 13:02:58,2026-09-08 13:03:15,771
E518701,T106445,SETTLED,2026-09-09 08:57:13,2026-09-09 08:57:39,637
E519822,T106819,CREATED,2026-09-09 16:39:13,2026-09-09 16:39:17,300
E518436,T106354,CREATED,2026-09-09 06:06:07,2026-09-09 06:06:22,202
E520165,T106938,CREATED,2026-09-09 10:55:41,2026-09-09 10:56:00,118
E517261,T105954,AUTHORIZED,2026-09-08 19:49:27,2026-09-08 19:49:28,157
E516532,T105701,AUTHORIZED,2026-09-08 07:30:23,2026-09-08 07:30:32,233
E520054,T106899,AUTHORIZED,2026-09-09 07:34:16,2026-09-09 07:34:19,99
E518589,T106408,SETTLED,2026-09-09 18:50:21,2026-09-09 20:14:21,87
E517114,T105902,AUTHORIZED,2026-09-08 13:31:37,2026-09-08 13:31:46,342
E518967,T106533,AUTHORIZED,2026-09-09 08:28:20,2026-09-09 08:28:35,401
E520149,T106932,FAILED,2026-09-09 12:06:42,2026-09-09 12:06:56,93
E520472,T107046,CREATED,2026-09-09 09:37:26,2026-09-09 09:37:42,44
E517922,T106180,SETTLED,2026-09-08 09:40:13,2026-09-08 09:40:41,207
E519369,T106668,AUTHORIZED,2026-09-09 17:15:03,2026-09-09 17:15:14,258
E518926,T106519,AUTHORIZED,2026-09-09 16:11:56,2026-09-09 16:11:57,95
E516873,T105818,AUTHORIZED,2026-09-08 06:17:27,2026-09-08 06:17:38,195
E517686,T106098,SETTLED,2026-09-08 16:23:55,2026-09-08 16:24:39,398
E517814,T106143,SETTLED,2026-09-08 19:27:12,2026-09-08 19:27:48,822
E516310,T105625,CREATED,2026-09-08 22:34:59,2026-09-08 22:35:14,139
E516336,T105634,CREATED,2026-09-08 11:07:27,2026-09-08 11:07:45,387
E519398,T106678,CREATED,2026-09-09 08:17:39,2026-09-09 08:17:55,55
E516196,T105585,FAILED,2026-09-08 09:31:12,2026-09-08 09:31:18,44
E516942,T105843,SETTLED,2026-09-08 12:02:29,2026-09-08 12:02:32,823
E518291,T106305,CREATED,2026-09-09 07:01:47,2026-09-09 07:02:05,169
E520274,T106977,AUTHORIZED,2026-09-09 21:34:59,2026-09-09 21:35:03,407
E516227,T105596,SETTLED,2026-09-08 11:14:27,2026-09-08 11:14:35,681
E517136,T105910,CREATED,2026-09-08 18:28:44,2026-09-08 18:29:03,225
E516855,T105812,AUTHORIZED,2026-09-08 10:52:24,2026-09-08 10:52:52,354
E518111,T106243,SETTLED,2026-09-08 19:14:47,2026-09-08 20:11:47,509
E517034,T105875,CREATED,2026-09-08 15:35:52,2026-09-08 15:36:12,53
E519712,T106781,SETTLED,2026-09-09 18:11:59,2026-09-09 18:12:29,479
E520285,T106981,CREATED,2026-09-09 15:56:28,2026-09-09 15:56:41,247
E516967,T105852,SETTLED,2026-09-08 09:31:17,2026-09-08 09:32:02,469
E518522,T106384,FAILED,2026-09-09 20:50:15,2026-09-09 20:50:33,358
E516721,T105767,AUTHORIZED,2026-09-08 10:18:46,2026-09-08 10:19:15,231
E519588,T106741,CREATED,2026-09-09 11:57:39,2026-09-09 11:57:55,178
E516215,T105592,AUTHORIZED,2026-09-08 10:34:35,2026-09-08 10:35:02,104
E518755,T106463,SETTLED,2026-09-09 21:41:32,2026-09-09 21:41:41,191
E518913,T106515,CREATED,2026-09-09 11:35:51,2026-09-09 11:35:55,335
E516220,T105594,AUTHORIZED,2026-09-08 20:35:01,2026-09-08 20:35:29,439
E519720,T106784,AUTHORIZED,2026-09-09 09:56:57,2026-09-09 09:57:12,182
E516713,T105764,SETTLED,2026-09-08 15:23:21,2026-09-08 15:23:50,144
E518012,T106212,CREATED,2026-09-08 09:34:13,2026-09-08 09:34:26,262
E516478,T105683,AUTHORIZED,2026-09-08 09:00:38,2026-09-08 09:00:57,174
E517124,T105905,AUTHORIZED,2026-09-08 11:10:26,2026-09-08 11:10:28,83
E518409,T106345,SETTLED,2026-09-09 17:31:53,2026-09-09 17:32:16,770
E517896,T106171,SETTLED,2026-09-08 08:54:13,2026-09-08 08:54:36,769
E518730,T106454,AUTHORIZED,2026-09-09 12:19:55,2026-09-09 12:20:02,257
E520119,T106921,SETTLED,2026-09-09 22:48:13,2026-09-09 22:48:47,265
E518676,T106437,SETTLED,2026-09-09 07:18:18,2026-09-09 07:19:03,130
E519595,T106743,CREATED,2026-09-09 21:03:59,2026-09-09 21:04:07,311
E517477,T106027,AUTHORIZED,2026-09-08 10:47:44,2026-09-08 10:48:03,392
E516831,T105804,SETTLED,2026-09-08 22:42:27,2026-09-08 22:42:30,762
E517765,T106126,AUTHORIZED,2026-09-08 19:58:17,2026-09-08 19:58:18,393
E516140,T105567,CREATED,2026-09-08 22:57:40,2026-09-08 22:57:45,73
E517946,T106189,CREATED,2026-09-08 11:29:30,2026-09-08 11:29:46,135
E517262,T105954,SETTLED,2026-09-08 19:53:27,2026-09-08 19:53:29,268
E518891,T106508,CREATED,2026-09-09 13:59:47,2026-09-09 14:00:05,196
E517815,T106144,CREATED,2026-09-08 08:15:23,2026-09-08 08:15:37,397
E518358,T106328,AUTHORIZED,2026-09-09 07:47:58,2026-09-09 07:48:03,254
E519926,T106855,CREATED,2026-09-09 10:38:50,2026-09-09 10:39:04,293
E519907,T106848,SETTLED,2026-09-09 16:59:45,2026-09-09 16:59:46,225
E516091,T105549,AUTHORIZED,2026-09-08 20:41:48,2026-09-08 20:42:12,452
E516052,T105536,AUTHORIZED,2026-09-08 09:59:37,2026-09-08 09:59:58,295
E516233,T105598,SETTLED,2026-09-08 11:36:50,2026-09-08 11:37:33,728
E517978,T106201,CREATED,2026-09-08 16:14:22,2026-09-08 16:14:35,198
E518392,T106340,CREATED,2026-09-09 10:06:14,2026-09-09 10:06:33,81
E517777,T106130,SETTLED,2026-09-08 10:27:47,2026-09-08 10:28:29,606
E517972,T106199,CREATED,2026-09-08 21:41:02,2026-09-08 21:41:20,170
E518729,T106454,CREATED,2026-09-09 12:19:29,2026-09-09 12:19:43,62
E518178,T106266,SETTLED,2026-09-08 07:58:26,2026-09-08 07:58:59,288
E518514,T106381,SETTLED,2026-09-09 15:17:15,2026-09-09 15:17:35,452
E517499,T106035,CREATED,2026-09-08 21:02:34,2026-09-08 21:02:53,205
E519080,T106571,AUTHORIZED,2026-09-09 16:12:49,2026-09-09 16:13:14,209
E520052,T106898,SETTLED,2026-09-09 10:38:08,2026-09-09 10:38:09,421
E516695,T105758,AUTHORIZED,2026-09-08 14:51:38,2026-09-08 14:52:07,368
E519393,T106676,SETTLED,2026-09-09 18:20:10,2026-09-09 18:20:29,392
E517340,T105981,SETTLED,2026-09-08 20:23:35,2026-09-08 20:23:58,306
E518406,T106344,SETTLED,2026-09-09 22:32:57,2026-09-09 22:33:33,197
E520196,T106949,AUTHORIZED,2026-09-09 14:50:11,2026-09-09 14:50:41,444
E520319,T106992,FAILED,2026-09-09 15:12:29,2026-09-09 15:12:33,66
E516311,T105625,AUTHORIZED,2026-09-08 22:35:31,2026-09-08 22:35:49,353
E517388,T105997,SETTLED,2026-09-08 18:04:19,2026-09-08 18:04:27,117
E518354,T106327,CREATED,2026-09-09 22:06:10,2026-09-09 22:06:11,346
E519043,T106558,SETTLED,2026-09-09 18:39:40,2026-09-09 18:40:04,496
E516329,T105631,AUTHORIZED,2026-09-08 17:39:16,2026-09-08 17:39:42,218
E518811,T106481,AUTHORIZED,2026-09-09 19:43:02,2026-09-09 19:43:21,320
E518567,T106401,CREATED,2026-09-09 06:15:58,2026-09-09 06:16:15,205
E518117,T106245,SETTLED,2026-09-08 06:39:13,2026-09-08 06:39:22,814
E516891,T105825,CREATED,2026-09-08 13:26:53,2026-09-08 13:27:07,118
E517668,T106092,AUTHORIZED,2026-09-08 12:41:17,2026-09-08 12:41:39,168
E516404,T105657,CREATED,2026-09-08 18:52:24,2026-09-08 18:52:31,253
E519589,T106741,AUTHORIZED,2026-09-09 11:57:49,2026-09-09 11:58:11,243
E517929,T106183,FAILED,2026-09-08 10:14:36,2026-09-08 10:14:39,125
E515984,T105514,CREATED,2026-09-08 15:30:56,2026-09-08 15:31:02,109
E516362,T105643,CREATED,2026-09-08 09:50:26,2026-09-08 09:50:46,115
E520057,T106900,AUTHORIZED,2026-09-09 09:10:16,2026-09-09 09:10:33,413
E517617,T106074,AUTHORIZED,2026-09-08 10:18:08,2026-09-08 10:18:23,76
E520209,T106953,SETTLED,2026-09-09 12:38:04,2026-09-09 12:38:35,632
E520528,T107065,SETTLED,2026-09-09 09:03:07,2026-09-09 09:03:33,171
E518006,T106210,CREATED,2026-09-08 21:16:04,2026-09-08 21:16:05,202
E516568,T105714,SETTLED,2026-09-08 13:17:40,2026-09-08 13:17:43,567
E518502,T106377,CREATED,2026-09-09 20:31:57,2026-09-09 20:32:14,344
E520123,T106923,CREATED,2026-09-09 10:22:39,2026-09-09 10:22:45,175
E518668,T106435,CREATED,2026-09-09 06:40:31,2026-09-09 06:40:49,354
E516854,T105812,CREATED,2026-09-08 10:51:46,2026-09-08 10:52:03,51
E518699,T106445,CREATED,2026-09-09 08:32:53,2026-09-09 08:33:04,76
E520591,T107088,SETTLED,2026-09-09 20:30:57,2026-09-09 20:31:23,870
E519698,T106776,FAILED,2026-09-09 18:41:36,2026-09-09 18:41:49,92
E516952,T105847,SETTLED,2026-09-08 18:30:55,2026-09-08 18:31:33,416
E516866,T105816,CREATED,2026-09-08 16:49:06,2026-09-08 16:49:08,368
E519467,T106701,CREATED,2026-09-09 10:33:19,2026-09-09 10:33:33,370
E519160,T106599,CREATED,2026-09-09 19:12:51,2026-09-09 19:13:04,387
E520173,T106940,SETTLED,2026-09-09 15:35:25,2026-09-09 15:36:05,45
E517000,T105864,AUTHORIZED,2026-09-08 12:23:10,2026-09-08 12:23:33,142
E518552,T106396,CREATED,2026-09-09 18:00:03,2026-09-09 18:00:05,140
E520316,T106991,AUTHORIZED,2026-09-09 17:28:27,2026-09-09 17:28:48,282
E519058,T106563,SETTLED,2026-09-09 14:06:55,2026-09-09 14:08:08,160
E519050,T106561,CREATED,2026-09-09 16:57:08,2026-09-09 16:57:27,313
E518219,T106280,AUTHORIZED,2026-09-08 11:11:00,2026-09-08 11:11:27,489
E516406,T105657,SETTLED,2026-09-08 19:15:54,2026-09-08 19:16:24,392
E520572,T107082,CREATED,2026-09-09 15:36:10,2026-09-09 15:36:22,212
E518274,T106299,SETTLED,2026-09-09 14:09:28,2026-09-09 14:09:48,829
E519218,T106617,AUTHORIZED,2026-09-09 07:15:54,2026-09-09 07:15:57,307
E518613,T106416,SETTLED,2026-09-09 09:49:33,2026-09-09 09:49:45,408
E518024,T106216,CREATED,2026-09-08 19:17:04,2026-09-08 19:17:09,258
E519630,T106754,SETTLED,2026-09-09 12:46:17,2026-09-09 12:46:53,709
E520055,T106899,SETTLED,2026-09-09 08:02:16,2026-09-09 08:02:37,389
E516297,T105620,AUTHORIZED,2026-09-08 10:17:38,2026-09-08 10:17:49,475
E517221,T105940,CREATED,2026-09-08 18:26:27,2026-09-08 18:26:33,339
E518456,T106361,AUTHORIZED,2026-09-09 14:00:17,2026-09-09 14:00:45,224
E517140,T105911,CREATED,2026-09-08 07:07:25,2026-09-08 07:07:32,99
E518323,T106315,AUTHORIZED,2026-09-09 10:05:58,2026-09-09 10:06:23,372
E516988,T105860,CREATED,2026-09-08 08:19:43,2026-09-08 08:19:52,289
E517736,T106116,CREATED,2026-09-08 07:52:36,2026-09-08 07:52:45,308
E517379,T105994,SETTLED,2026-09-08 07:00:30,2026-09-08 07:00:33,762
E517300,T105968,AUTHORIZED,2026-09-08 15:02:01,2026-09-08 15:02:14,128
E520427,T107031,CREATED,2026-09-09 11:01:19,2026-09-09 11:01:33,99
E518854,T106495,AUTHORIZED,2026-09-09 18:28:04,2026-09-09 18:28:17,134
E517723,T106111,AUTHORIZED,2026-09-08 10:15:55,2026-09-08 10:16:04,255
E519558,T106731,AUTHORIZED,2026-09-09 14:47:04,2026-09-09 14:47:09,301
E517311,T105971,SETTLED,2026-09-08 12:28:01,2026-09-08 12:28:20,869
E520480,T107048,SETTLED,2026-09-09 12:55:14,2026-09-09 12:55:27,827
E516628,T105736,SETTLED,2026-09-08 19:14:55,2026-09-08 19:14:56,210
E516114,T105557,SETTLED,2026-09-08 20:17:35,2026-09-08 20:18:16,376
E519889,T106843,CREATED,2026-09-09 16:22:44,2026-09-09 16:22:58,309
E520552,T107074,SETTLED,2026-09-09 10:43:22,2026-09-09 10:43:29,211
E517050,T105879,SETTLED,2026-09-08 19:48:14,2026-09-08 19:48:53,83
E519073,T106569,CREATED,2026-09-09 20:26:57,2026-09-09 20:27:16,193
E515979,T105512,AUTHORIZED,2026-09-08 15:25:09,2026-09-08 15:25:20,97
E519628,T106754,CREATED,2026-09-09 12:20:37,2026-09-09 12:20:45,359
E520051,T106898,AUTHORIZED,2026-09-09 10:29:08,2026-09-09 10:29:21,497
E517787,T106134,AUTHORIZED,2026-09-08 09:05:40,2026-09-08 09:05:44,415
E517714,T106108,AUTHORIZED,2026-09-08 08:01:52,2026-09-08 08:01:53,168
E517104,T105898,CREATED,2026-09-08 17:49:12,2026-09-08 17:49:13,336
E520201,T106951,CREATED,2026-09-09 12:31:50,2026-09-09 12:31:57,149
E520451,T107039,CREATED,2026-09-09 15:12:36,2026-09-09 15:12:50,379
E518258,T106294,CREATED,2026-09-09 14:36:55,2026-09-09 14:36:56,233
E519777,T106803,AUTHORIZED,2026-09-09 09:14:06,2026-09-09 09:14:24,42
E519711,T106781,AUTHORIZED,2026-09-09 18:07:59,2026-09-09 18:08:11,237
E518328,T106317,CREATED,2026-09-09 15:25:50,2026-09-09 15:26:04,138
E515956,T105504,AUTHORIZED,2026-09-08 17:04:35,2026-09-08 17:04:46,44
E517142,T105911,SETTLED,2026-09-08 07:11:05,2026-09-08 07:11:33,655
E519183,T106606,AUTHORIZED,2026-09-09 17:34:36,2026-09-09 17:34:49,37
E516607,T105728,SETTLED,2026-09-08 09:25:46,2026-09-08 09:26:10,360
E518857,T106496,AUTHORIZED,2026-09-09 07:43:25,2026-09-09 07:43:45,242
E516755,T105778,AUTHORIZED,2026-09-08 22:59:28,2026-09-08 22:59:30,246
E519647,T106760,AUTHORIZED,2026-09-09 14:11:44,2026-09-09 14:12:04,440
E516361,T105642,AUTHORIZED,2026-09-08 16:32:27,2026-09-08 16:32:28,293
E520586,T107087,CREATED,2026-09-09 07:07:51,2026-09-09 07:08:05,329
E518845,T106492,AUTHORIZED,2026-09-09 13:18:20,2026-09-09 13:18:38,91
E516925,T105837,SETTLED,2026-09-08 20:37:22,2026-09-08 20:37:28,62
E519464,T106700,CREATED,2026-09-09 06:13:21,2026-09-09 06:13:41,159
E517718,T106110,CREATED,2026-09-08 06:21:57,2026-09-08 06:22:06,116
E519447,T106694,AUTHORIZED,2026-09-09 08:47:43,2026-09-09 08:47:55,212
E516823,T105801,SETTLED,2026-09-08 21:39:05,2026-09-08 21:39:14,385
E517170,T105922,AUTHORIZED,2026-09-08 21:15:40,2026-09-08 21:16:09,25
E516847,T105809,AUTHORIZED,2026-09-08 08:08:55,2026-09-08 08:08:59,381
E516563,T105713,CREATED,2026-09-08 07:05:14,2026-09-08 07:05:21,222
E516259,T105607,AUTHORIZED,2026-09-08 17:19:54,2026-09-08 17:20:05,294
E517546,T106050,FAILED,2026-09-08 08:07:01,2026-09-08 08:07:07,331
E517909,T106176,CREATED,2026-09-08 15:37:17,2026-09-08 15:37:20,331
E517440,T106014,SETTLED,2026-09-08 16:16:58,2026-09-08 16:17:20,249
E517871,T106163,SETTLED,2026-09-08 12:01:00,2026-09-08 12:01:05,900
E519816,T106817,CREATED,2026-09-09 07:04:20,2026-09-09 07:04:29,205
E516638,T105739,SETTLED,2026-09-08 16:01:48,2026-09-08 16:02:11,710
E518282,T106302,AUTHORIZED,2026-09-09 18:42:48,2026-09-09 18:43:07,69
E516155,T105572,CREATED,2026-09-08 15:18:19,2026-09-08 15:18:26,169
E516441,T105670,CREATED,2026-09-08 18:52:46,2026-09-08 18:52:55,124
E517267,T105956,AUTHORIZED,2026-09-08 22:50:50,2026-09-08 22:51:20,161
E517355,T105987,CREATED,2026-09-08 19:02:25,2026-09-08 19:02:32,163
E516900,T105829,CREATED,2026-09-08 07:47:36,2026-09-08 07:47:39,319
E518082,T106234,SETTLED,2026-09-08 11:28:11,2026-09-08 11:28:41,709
E519836,T106824,AUTHORIZED,2026-09-09 08:18:32,2026-09-09 08:18:43,154
E518200,T106274,CREATED,2026-09-08 12:02:39,2026-09-08 12:02:41,126
E519912,T106850,AUTHORIZED,2026-09-09 20:31:23,2026-09-09 20:31:26,257
E517643,T106083,AUTHORIZED,2026-09-08 15:23:59,2026-09-08 15:24:02,160
E520424,T107030,CREATED,2026-09-09 12:59:35,2026-09-09 12:59:49,277
E518143,T106254,SETTLED,2026-09-08 21:54:45,2026-09-08 21:54:59,828
E516631,T105737,AUTHORIZED,2026-09-08 10:16:53,2026-09-08 10:17:23,119
E516665,T105749,CREATED,2026-09-08 22:19:36,2026-09-08 22:19:40,391
E520050,T106898,CREATED,2026-09-09 10:28:43,2026-09-09 10:28:59,368
E519443,T106693,CREATED,2026-09-09 06:48:48,2026-09-09 06:49:05,198
E517764,T106126,CREATED,2026-09-08 19:57:45,2026-09-08 19:57:50,228
E518441,T106356,CREATED,2026-09-09 19:05:22,2026-09-09 19:05:40,249
E516480,T105683,SETTLED,2026-09-08 09:10:38,2026-09-08 09:10:59,208
E520200,T106950,SETTLED,2026-09-09 18:35:29,2026-09-09 18:36:11,595
E517328,T105977,SETTLED,2026-09-08 22:53:06,2026-09-08 22:53:40,862
E517289,T105964,AUTHORIZED,2026-09-08 14:35:31,2026-09-08 14:35:51,63
E518122,T106247,AUTHORIZED,2026-09-08 10:58:37,2026-09-08 10:58:58,97
E516773,T105784,AUTHORIZED,2026-09-08 15:26:43,2026-09-08 15:26:59,374
E517950,T106190,SETTLED,2026-09-08 09:14:41,2026-09-08 09:15:20,431
E519727,T106786,SETTLED,2026-09-09 10:08:44,2026-09-09 10:09:10,324
E519373,T106669,SETTLED,2026-09-09 22:30:09,2026-09-09 22:30:42,500
E519835,T106824,CREATED,2026-09-09 08:18:27,2026-09-09 08:18:30,133
E516856,T105812,SETTLED,2026-09-08 11:07:24,2026-09-08 11:07:37,607
E518353,T106326,AUTHORIZED,2026-09-09 10:04:59,2026-09-09 10:05:03,409
E517638,T106081,AUTHORIZED,2026-09-08 17:38:51,2026-09-08 17:39:07,231
E518603,T106413,AUTHORIZED,2026-09-09 10:11:09,2026-09-09 10:11:37,141
E517991,T106205,AUTHORIZED,2026-09-08 19:05:50,2026-09-08 19:05:57,352
E520520,T107062,SETTLED,2026-09-09 09:22:00,2026-09-09 09:22:07,179
E518980,T106537,SETTLED,2026-09-09 17:49:52,2026-09-09 17:50:36,448
E518103,T106241,CREATED,2026-09-08 20:59:26,2026-09-08 20:59:33,378
E516662,T105748,CREATED,2026-09-08 13:00:12,2026-09-08 13:00:17,316
E520317,T106991,SETTLED,2026-09-09 17:38:27,2026-09-09 17:38:32,124
E520114,T106920,CREATED,2026-09-09 09:18:23,2026-09-09 09:18:34,256
E519260,T106632,CREATED,2026-09-09 10:36:09,2026-09-09 10:36:19,257
E518020,T106214,SETTLED,2026-09-08 07:08:21,2026-09-08 07:08:58,869
E518645,T106427,SETTLED,2026-09-09 17:07:13,2026-09-09 17:07:52,879
E518530,T106387,AUTHORIZED,2026-09-09 17:05:23,2026-09-09 17:05:30,188
E515985,T105514,AUTHORIZED,2026-09-08 15:31:23,2026-09-08 15:31:36,277
E520330,T106997,CREATED,2026-09-09 20:38:18,2026-09-09 20:38:23,335
E518129,T106249,SETTLED,2026-09-09 01:18:44,2026-09-09 02:05:44,79
E519952,T106863,SETTLED,2026-09-09 09:36:42,2026-09-09 09:37:13,417
E520093,T106912,AUTHORIZED,2026-09-09 12:04:03,2026-09-09 12:04:27,226
E520040,T106894,AUTHORIZED,2026-09-09 07:15:39,2026-09-09 07:16:05,198
E516850,T105810,AUTHORIZED,2026-09-08 22:40:20,2026-09-08 22:40:30,38
E519979,T106873,CREATED,2026-09-09 22:50:51,2026-09-09 22:50:58,366
E518947,T106527,CREATED,2026-09-09 22:54:18,2026-09-09 22:54:33,132
E518655,T106431,CREATED,2026-09-09 14:12:51,2026-09-09 14:12:55,289
E516555,T105709,SETTLED,2026-09-08 09:10:55,2026-09-08 09:10:56,135
E516213,T105591,SETTLED,2026-09-08 21:23:38,2026-09-08 21:32:02,440
E516357,T105640,SETTLED,2026-09-08 11:57:15,2026-09-08 11:57:53,358
E517935,T106185,SETTLED,2026-09-08 19:40:09,2026-09-08 19:40:20,106
E519284,T106640,CREATED,2026-09-09 21:47:33,2026-09-09 21:47:35,174
E516687,T105756,CREATED,2026-09-08 09:15:20,2026-09-08 09:15:30,341
E517367,T105990,SETTLED,2026-09-08 12:29:19,2026-09-08 13:16:19,861
E518582,T106406,AUTHORIZED,2026-09-09 15:55:50,2026-09-09 15:56:00,364
E519780,T106804,CREATED,2026-09-09 11:26:09,2026-09-09 11:26:23,298
E520004,T106881,SETTLED,2026-09-09 08:21:53,2026-09-09 08:22:00,800
E519840,T106825,SETTLED,2026-09-09 12:12:28,2026-09-09 12:12:37,689
E516877,T105820,CREATED,2026-09-08 20:12:11,2026-09-08 20:12:19,52
E517947,T106189,AUTHORIZED,2026-09-08 11:29:44,2026-09-08 11:30:02,492
E517052,T105880,AUTHORIZED,2026-09-08 20:03:22,2026-09-08 20:03:46,146
E515951,T105502,SETTLED,2026-09-08 08:21:33,2026-09-08 08:22:04,270
E519839,T106825,AUTHORIZED,2026-09-09 11:46:28,2026-09-09 11:46:45,171
E517518,T106041,SETTLED,2026-09-09 00:47:17,2026-09-09 00:47:53,768
E517177,T105924,AUTHORIZED,2026-09-08 08:44:57,2026-09-08 08:45:17,334
E519157,T106597,SETTLED,2026-09-09 20:57:29,2026-09-09 20:57:58,231
E517214,T105937,SETTLED,2026-09-08 08:12:29,2026-09-08 08:12:36,629
E519987,T106876,CREATED,2026-09-09 20:14:49,2026-09-09 20:15:03,107
E516182,T105581,CREATED,2026-09-08 06:47:09,2026-09-08 06:47:17,303
E516603,T105727,AUTHORIZED,2026-09-08 08:19:39,2026-09-08 08:19:57,335
E520242,T106965,FAILED,2026-09-09 16:35:42,2026-09-09 16:36:07,300
E518600,T106412,AUTHORIZED,2026-09-09 21:28:33,2026-09-09 21:28:39,307
E519211,T106615,AUTHORIZED,2026-09-09 13:14:01,2026-09-09 13:14:20,416
E519172,T106602,SETTLED,2026-09-09 10:17:56,2026-09-09 10:18:06,388
E515983,T105513,SETTLED,2026-09-08 16:01:57,2026-09-08 16:02:12,768
E519880,T106840,CREATED,2026-09-09 18:41:32,2026-09-09 18:41:46,118
E517326,T105977,CREATED,2026-09-08 22:50:50,2026-09-08 22:50:54,316
E519257,T106631,CREATED,2026-09-09 08:45:21,2026-09-09 08:45:39,148
E519639,T106757,SETTLED,2026-09-09 17:41:57,2026-09-09 17:42:32,527
E517601,T106069,AUTHORIZED,2026-09-08 11:04:19,2026-09-08 11:04:33,25
E517072,T105886,SETTLED,2026-09-08 18:17:01,2026-09-08 18:17:46,844
E518166,T106262,SETTLED,2026-09-08 13:48:48,2026-09-08 13:49:08,59
E516276,T105613,AUTHORIZED,2026-09-08 06:23:28,2026-09-08 06:23:55,418
E516431,T105666,SETTLED,2026-09-08 09:29:03,2026-09-08 09:29:48,253
E519920,T106853,CREATED,2026-09-09 12:17:41,2026-09-09 12:17:45,303
E519166,T106600,SETTLED,2026-09-09 15:46:57,2026-09-09 15:47:37,346
E517105,T105898,AUTHORIZED,2026-09-08 17:49:19,2026-09-08 17:49:25,483
E516429,T105666,CREATED,2026-09-08 09:25:38,2026-09-08 09:25:43,400
E517385,T105996,SETTLED,2026-09-08 10:00:07,2026-09-08 10:56:07,48
E520031,T106891,FAILED,2026-09-09 14:04:34,2026-09-09 14:04:58,459
E519759,T106797,SETTLED,2026-09-09 06:27:16,2026-09-09 06:27:46,234
E516161,T105574,AUTHORIZED,2026-09-08 07:19:19,2026-09-08 07:19:42,429
E518486,T106371,SETTLED,2026-09-09 11:33:25,2026-09-09 11:34:01,391
E518752,T106462,SETTLED,2026-09-09 09:56:50,2026-09-09 09:57:21,469
E516390,T105652,SETTLED,2026-09-08 14:28:04,2026-09-08 14:28:07,734
E516757,T105779,CREATED,2026-09-08 21:47:04,2026-09-08 21:47:23,151
E518623,T106420,CREATED,2026-09-09 14:26:46,2026-09-09 14:26:51,72
E517235,T105945,CREATED,2026-09-08 16:46:24,2026-09-08 16:46:26,119
E518652,T106430,CREATED,2026-09-09 09:50:00,2026-09-09 09:50:16,162
E520353,T107004,AUTHORIZED,2026-09-09 22:43:33,2026-09-09 22:43:39,205
E516036,T105531,CREATED,2026-09-08 17:07:11,2026-09-08 17:07:19,265
E517875,T106164,SETTLED,2026-09-08 10:39:07,2026-09-08 10:39:52,776
E516151,T105570,SETTLED,2026-09-08 15:11:09,2026-09-08 15:11:29,572
E518083,T106235,CREATED,2026-09-08 06:21:41,2026-09-08 06:21:55,277
E517027,T105873,CREATED,2026-09-08 11:05:02,2026-09-08 11:05:04,21
E519509,T106714,AUTHORIZED,2026-09-09 18:34:30,2026-09-09 18:34:44,237
E519937,T106858,SETTLED,2026-09-09 08:50:19,2026-09-09 08:50:36,236
E519993,T106878,CREATED,2026-09-09 17:19:23,2026-09-09 17:19:38,285
E517740,T106117,AUTHORIZED,2026-09-08 15:22:13,2026-09-08 15:22:15,335
E518585,T106407,AUTHORIZED,2026-09-09 19:28:08,2026-09-09 19:28:09,370
E520499,T107055,AUTHORIZED,2026-09-09 17:18:50,2026-09-09 17:18:57,365
E517083,T105891,CREATED,2026-09-08 21:16:48,2026-09-08 21:16:49,167
E518537,T106390,AUTHORIZED,2026-09-09 12:08:51,2026-09-09 12:09:09,191
E520094,T106912,SETTLED,2026-09-09 12:16:03,2026-09-09 12:16:43,36
E516033,T105530,CREATED,2026-09-08 08:53:25,2026-09-08 08:53:27,171
E517943,T106188,CREATED,2026-09-08 16:15:46,2026-09-08 16:15:50,34
E516202,T105587,SETTLED,2026-09-08 08:10:39,2026-09-08 08:10:57,490
E519345,T106660,CREATED,2026-09-09 08:54:09,2026-09-09 08:54:20,359
E520592,T107088,SETTLED,2026-09-09 20:35:57,2026-09-09 20:36:25,684
E516294,T105619,AUTHORIZED,2026-09-08 14:56:23,2026-09-08 14:56:31,214
E516670,T105750,AUTHORIZED,2026-09-08 09:28:17,2026-09-08 09:28:18,455
E518021,T106215,CREATED,2026-09-08 07:23:20,2026-09-08 07:23:27,378
E519237,T106623,SETTLED,2026-09-09 17:32:20,2026-09-09 17:32:21,310
E516868,T105816,SETTLED,2026-09-08 17:12:20,2026-09-08 17:12:22,638
E518294,T106306,CREATED,2026-09-09 15:34:57,2026-09-09 15:35:11,210
E517809,T106142,CREATED,2026-09-08 22:04:47,2026-09-08 22:04:57,389
E515980,T105512,SETTLED,2026-09-08 15:48:09,2026-09-08 15:48:20,396
E520059,T106901,AUTHORIZED,2026-09-09 18:51:07,2026-09-09 18:51:26,366
E517429,T106011,CREATED,2026-09-08 17:05:20,2026-09-08 17:05:35,183
E519804,T106813,CREATED,2026-09-09 19:46:34,2026-09-09 19:46:44,87
E518136,T106252,CREATED,2026-09-08 20:35:48,2026-09-08 20:36:02,347
E518733,T106455,FAILED,2026-09-09 09:44:03,2026-09-09 09:44:22,288
E516335,T105633,SETTLED,2026-09-08 08:44:11,2026-09-08 08:44:14,502
E518678,T106438,AUTHORIZED,2026-09-09 19:00:00,2026-09-09 19:00:05,416
E518953,T106529,CREATED,2026-09-09 16:51:22,2026-09-09 16:51:33,152
E519697,T106776,CREATED,2026-09-09 18:41:16,2026-09-09 18:41:35,307
E518332,T106318,AUTHORIZED,2026-09-09 21:19:06,2026-09-09 21:19:12,68
E516677,T105752,SETTLED,2026-09-08 20:07:59,2026-09-08 20:23:59,43
E520583,T107085,SETTLED,2026-09-09 09:31:02,2026-09-09 09:31:06,278
E520257,T106971,CREATED,2026-09-09 18:10:24,2026-09-09 18:10:44,207
E520359,T107007,CREATED,2026-09-09 11:11:14,2026-09-09 11:11:16,198
E517020,T105870,SETTLED,2026-09-08 08:05:54,2026-09-08 08:05:58,510
E517822,T106146,SETTLED,2026-09-08 17:05:50,2026-09-08 17:06:24,534
E520364,T107008,SETTLED,2026-09-09 18:49:49,2026-09-09 18:50:30,570
E517968,T106197,FAILED,2026-09-08 08:48:21,2026-09-08 08:48:46,305
E517327,T105977,AUTHORIZED,2026-09-08 22:51:06,2026-09-08 22:51:15,173
E517481,T106028,SETTLED,2026-09-08 06:26:19,2026-09-08 06:26:58,492
E519649,T106761,CREATED,2026-09-09 20:36:42,2026-09-09 20:36:55,236
E516105,T105554,AUTHORIZED,2026-09-08 16:48:20,2026-09-08 16:48:31,196
E519358,T106664,AUTHORIZED,2026-09-09 16:24:25,2026-09-09 16:24:36,383
E519378,T106671,AUTHORIZED,2026-09-09 15:44:34,2026-09-09 15:45:00,421
E517916,T106178,AUTHORIZED,2026-09-08 13:57:04,2026-09-08 13:57:32,200
E518076,T106233,CREATED,2026-09-08 12:27:14,2026-09-08 12:27:32,185
E519677,T106770,CREATED,2026-09-09 17:50:22,2026-09-09 17:50:24,225
E520345,T107001,SETTLED,2026-09-09 21:53:30,2026-09-09 21:53:51,815
E517859,T106159,FAILED,2026-09-08 10:29:37,2026-09-08 10:29:57,396
E516744,T105774,SETTLED,2026-09-08 20:43:35,2026-09-08 20:44:00,524
E516837,T105806,AUTHORIZED,2026-09-08 14:30:33,2026-09-08 14:30:57,252
E520343,T107001,CREATED,2026-09-09 21:41:21,2026-09-09 21:41:33,148
E519175,T106603,SETTLED,2026-09-09 12:38:14,2026-09-09 12:38:55,229
E520563,T107078,AUTHORIZED,2026-09-09 17:00:32,2026-09-09 17:00:51,265
E517138,T105910,SETTLED,2026-09-08 18:50:56,2026-09-08 18:51:17,124
E519413,T106683,AUTHORIZED,2026-09-09 08:03:23,2026-09-09 08:03:40,97
E519094,T106576,CREATED,2026-09-09 10:40:07,2026-09-09 10:40:20,248
E517964,T106196,CREATED,2026-09-08 18:45:15,2026-09-08 18:45:17,146
E519568,T106734,SETTLED,2026-09-09 17:10:04,2026-09-09 17:10:29,490
E518281,T106302,CREATED,2026-09-09 18:42:29,2026-09-09 18:42:32,199
E517452,T106019,CREATED,2026-09-08 07:25:22,2026-09-08 07:25:32,378
E518096,T106239,CREATED,2026-09-08 14:37:41,2026-09-08 14:37:55,25
E516549,T105707,FAILED,2026-09-08 14:35:34,2026-09-08 14:35:43,107
E516367,T105644,SETTLED,2026-09-08 21:31:44,2026-09-08 21:32:15,549
E520328,T106996,AUTHORIZED,2026-09-09 22:31:38,2026-09-09 22:31:53,192
E520155,T106934,SETTLED,2026-09-09 13:34:36,2026-09-09 13:34:39,51
E519680,T106771,CREATED,2026-09-09 13:53:44,2026-09-09 13:53:59,331
E518890,T106507,SETTLED,2026-09-09 09:15:00,2026-09-09 09:15:01,171
E519957,T106865,AUTHORIZED,2026-09-09 06:58:55,2026-09-09 06:59:02,91
E517154,T105916,AUTHORIZED,2026-09-08 17:44:11,2026-09-08 17:44:28,187
E517653,T106087,CREATED,2026-09-08 17:40:25,2026-09-08 17:40:45,98
E517913,T106177,AUTHORIZED,2026-09-08 20:01:29,2026-09-08 20:01:44,200
E517783,T106133,CREATED,2026-09-08 06:33:51,2026-09-08 06:33:53,245
E520491,T107052,SETTLED,2026-09-09 18:35:34,2026-09-09 18:36:19,392
E519548,T106728,CREATED,2026-09-09 21:05:14,2026-09-09 21:05:22,127
E516159,T105573,AUTHORIZED,2026-09-08 13:42:58,2026-09-08 13:43:20,276
E518384,T106337,AUTHORIZED,2026-09-09 10:56:59,2026-09-09 10:57:04,289
E520180,T106943,AUTHORIZED,2026-09-09 18:28:43,2026-09-09 18:28:49,365
E519513,T106715,SETTLED,2026-09-09 20:26:13,2026-09-09 20:26:22,107
E520228,T106960,CREATED,2026-09-09 22:05:56,2026-09-09 22:06:02,104
E518715,T106449,SETTLED,2026-09-09 23:08:59,2026-09-09 23:09:03,144
E516435,T105668,CREATED,2026-09-08 10:09:21,2026-09-08 10:09:39,214
E519981,T106874,CREATED,2026-09-09 15:20:48,2026-09-09 15:21:07,384
E517949,T106190,AUTHORIZED,2026-09-08 08:59:41,2026-09-08 09:00:08,166
E516306,T105623,AUTHORIZED,2026-09-08 21:25:30,2026-09-08 21:25:54,190
E519910,T106849,SETTLED,2026-09-09 14:55:53,2026-09-09 14:55:58,712
E518604,T106413,SETTLED,2026-09-09 12:11:09,2026-09-09 12:11:11,227
E518901,T106511,CREATED,2026-09-09 11:36:20,2026-09-09 11:36:30,395
E520521,T107063,CREATED,2026-09-09 18:36:33,2026-09-09 18:36:52,278
E518940,T106524,CREATED,2026-09-09 11:12:26,2026-09-09 11:12:36,145
E516434,T105667,SETTLED,2026-09-08 15:59:44,2026-09-08 16:00:05,441
E517022,T105871,AUTHORIZED,2026-09-08 17:45:45,2026-09-08 17:46:06,391
E516081,T105546,CREATED,2026-09-08 20:41:07,2026-09-08 20:41:15,270
E517132,T105908,CREATED,2026-09-08 09:43:21,2026-09-08 09:43:33,183
E517548,T106051,AUTHORIZED,2026-09-08 20:47:14,2026-09-08 20:47:21,164
E519708,T106780,AUTHORIZED,2026-09-09 06:17:42,2026-09-09 06:18:09,425
E517416,T106007,AUTHORIZED,2026-09-08 17:45:48,2026-09-08 17:45:52,46
E517244,T105948,CREATED,2026-09-08 15:36:39,2026-09-08 15:36:45,242
E518322,T106315,CREATED,2026-09-09 10:05:23,2026-09-09 10:05:38,113
E517336,T105980,AUTHORIZED,2026-09-08 11:19:47,2026-09-08 11:20:05,322
E519105,T106579,SETTLED,2026-09-09 15:16:47,2026-09-09 15:16:59,55
E518424,T106350,AUTHORIZED,2026-09-09 09:30:34,2026-09-09 09:36:43,410
E518341,T106322,CREATED,2026-09-09 12:43:16,2026-09-09 12:43:28,320
E517288,T105964,CREATED,2026-09-08 14:35:09,2026-09-08 14:35:23,383
E517202,T105933,SETTLED,2026-09-08 21:58:23,2026-09-08 21:58:45,99
E520130,T106925,SETTLED,2026-09-09 16:08:49,2026-09-09 16:09:13,646
E517532,T106045,SETTLED,2026-09-08 09:22:12,2026-09-08 09:22:21,301
E519518,T106717,SETTLED,2026-09-09 22:27:25,2026-09-09 22:28:09,692
E520211,T106954,CREATED,2026-09-09 13:25:24,2026-09-09 13:25:33,282
E519657,T106763,AUTHORIZED,2026-09-09 11:04:21,2026-09-09 11:04:38,148
E518217,T106279,SETTLED,2026-09-08 09:00:55,2026-09-08 09:01:29,107
E518121,T106247,CREATED,2026-09-08 10:58:20,2026-09-08 10:58:26,148
E516041,T105532,SETTLED,2026-09-08 23:20:14,2026-09-08 23:20:26,218
E520263,T106973,AUTHORIZED,2026-09-09 20:03:30,2026-09-09 20:03:34,298
E519714,T106782,AUTHORIZED,2026-09-09 08:51:54,2026-09-09 08:52:23,124
E518254,T106292,SETTLED,2026-09-08 06:15:10,2026-09-08 06:15:51,435
E515972,T105510,CREATED,2026-09-08 16:35:59,2026-09-08 16:36:04,99
E518471,T106366,AUTHORIZED,2026-09-09 15:11:16,2026-09-09 15:11:38,49
E517053,T105880,SETTLED,2026-09-08 20:20:22,2026-09-08 20:21:07,328
E516786,T105789,CREATED,2026-09-08 15:58:36,2026-09-08 15:58:47,119
E518190,T106270,AUTHORIZED,2026-09-08 19:40:09,2026-09-08 19:40:37,462
E517592,T106066,AUTHORIZED,2026-09-08 07:36:46,2026-09-08 07:37:07,398
E517486,T106030,AUTHORIZED,2026-09-08 21:55:54,2026-09-08 21:56:05,74
E519578,T106738,CREATED,2026-09-09 06:31:48,2026-09-09 06:32:02,291
E519471,T106702,AUTHORIZED,2026-09-09 18:29:47,2026-09-09 18:30:08,309
E517345,T105983,AUTHORIZED,2026-09-08 20:11:39,2026-09-08 20:11:45,171
E519517,T106717,AUTHORIZED,2026-09-09 22:03:25,2026-09-09 22:03:45,461
E517496,T106033,SETTLED,2026-09-08 11:45:15,2026-09-08 11:45:48,162
E520437,T107034,AUTHORIZED,2026-09-09 07:28:42,2026-09-09 07:28:43,465
E519872,T106837,AUTHORIZED,2026-09-09 20:50:00,2026-09-09 20:50:23,314
E518276,T106300,AUTHORIZED,2026-09-09 09:11:59,2026-09-09 09:12:24,238
E519762,T106798,SETTLED,2026-09-09 22:33:33,2026-09-09 22:33:49,529
E516956,T105849,CREATED,2026-09-08 22:35:52,2026-09-08 22:36:00,299
E516457,T105675,AUTHORIZED,2026-09-08 20:07:58,2026-09-08 20:08:13,292
E517446,T106016,SETTLED,2026-09-08 07:53:07,2026-09-08 07:53:33,44
E516382,T105649,SETTLED,2026-09-08 21:14:25,2026-09-08 21:14:31,531
E519193,T106609,AUTHORIZED,2026-09-09 20:53:10,2026-09-09 20:53:14,498
E517625,T106077,CREATED,2026-09-08 19:19:08,2026-09-08 19:19:25,62
E517891,T106170,CREATED,2026-09-08 20:32:46,2026-09-08 20:32:58,359
E519911,T106850,CREATED,2026-09-09 20:30:50,2026-09-09 20:31:08,262
E517517,T106041,AUTHORIZED,2026-09-08 09:57:17,2026-09-08 09:57:31,424
E520085,T106909,SETTLED,2026-09-09 07:23:50,2026-09-09 07:24:25,369
E517437,T106014,CREATED,2026-09-08 15:58:53,2026-09-08 15:59:06,294
E519048,T106560,AUTHORIZED,2026-09-09 08:49:14,2026-09-09 08:49:21,333
E517923,T106181,CREATED,2026-09-08 09:54:50,2026-09-08 09:54:56,213
E518118,T106246,CREATED,2026-09-08 14:41:08,2026-09-08 14:41:09,263
E518892,T106508,AUTHORIZED,2026-09-09 14:00:06,2026-09-09 14:00:34,141
E518104,T106241,AUTHORIZED,2026-09-08 20:59:36,2026-09-08 20:59:54,85
E517017,T105869,SETTLED,2026-09-08 09:35:01,2026-09-08 09:35:46,99
E517115,T105902,SETTLED,2026-09-08 13:51:37,2026-09-08 13:52:04,172
E517703,T106104,SETTLED,2026-09-08 09:57:48,2026-09-08 09:58:21,427
E516711,T105764,CREATED,2026-09-08 15:14:53,2026-09-08 15:15:05,171
E520529,T107066,CREATED,2026-09-09 20:42:04,2026-09-09 20:42:13,59
E518209,T106276,SETTLED,2026-09-08 20:48:21,2026-09-08 20:48:26,126
E519544,T106726,SETTLED,2026-09-09 06:24:44,2026-09-09 06:25:10,849
E519391,T106676,CREATED,2026-09-09 18:08:51,2026-09-09 18:08:54,40
E515974,T105510,SETTLED,2026-09-08 17:51:06,2026-09-08 17:51:51,456
E519850,T106829,AUTHORIZED,2026-09-09 09:44:29,2026-09-09 09:44:50,96
E519828,T106821,AUTHORIZED,2026-09-09 15:37:56,2026-09-09 15:37:58,198
E519734,T106789,AUTHORIZED,2026-09-09 16:49:32,2026-09-09 16:49:40,265
E517691,T106100,SETTLED,2026-09-08 18:02:03,2026-09-08 18:02:21,355
E517341,T105982,CREATED,2026-09-08 14:00:59,2026-09-08 14:01:00,301
E518599,T106412,CREATED,2026-09-09 21:28:17,2026-09-09 21:28:37,318
E519332,T106655,SETTLED,2026-09-09 11:12:07,2026-09-09 11:12:26,129
E517081,T105890,AUTHORIZED,2026-09-08 17:09:10,2026-09-08 17:09:15,143
E518579,T106405,AUTHORIZED,2026-09-09 16:32:27,2026-09-09 16:32:50,92
E518054,T106226,CREATED,2026-09-08 17:08:58,2026-09-08 17:09:17,120
E517720,T106110,SETTLED,2026-09-08 06:50:33,2026-09-08 06:50:59,345
E519941,T106860,CREATED,2026-09-09 08:02:49,2026-09-09 08:02:53,292
E517238,T105946,CREATED,2026-09-08 07:00:02,2026-09-08 07:00:22,379
E517478,T106027,SETTLED,2026-09-08 11:13:44,2026-09-08 11:14:15,784
E516919,T105835,AUTHORIZED,2026-09-08 07:53:05,2026-09-08 07:53:22,222
E518893,T106508,SETTLED,2026-09-09 14:05:06,2026-09-09 14:05:33,328
E517239,T105946,AUTHORIZED,2026-09-08 07:00:42,2026-09-08 07:01:07,146
E516977,T105856,SETTLED,2026-09-08 14:26:06,2026-09-08 14:26:25,623
E517252,T105951,CREATED,2026-09-08 11:25:05,2026-09-08 11:25:20,204
E519177,T106604,AUTHORIZED,2026-09-09 18:52:29,2026-09-09 18:52:55,284
E519180,T106605,AUTHORIZED,2026-09-09 19:09:40,2026-09-09 19:09:41,450
E516184,T105581,SETTLED,2026-09-08 06:49:23,2026-09-08 06:49:59,801
E517907,T106175,AUTHORIZED,2026-09-08 08:09:41,2026-09-08 08:09:54,354
E519030,T106554,SETTLED,2026-09-09 18:20:28,2026-09-09 18:20:53,138
E519700,T106777,AUTHORIZED,2026-09-09 20:13:20,2026-09-09 20:13:25,339
E517502,T106036,CREATED,2026-09-08 09:17:58,2026-09-08 09:18:14,117
E519770,T106801,AUTHORIZED,2026-09-09 06:01:35,2026-09-09 06:01:47,193
E518528,T106386,SETTLED,2026-09-09 17:53:55,2026-09-09 17:53:59,814
E517089,T105893,CREATED,2026-09-08 07:12:38,2026-09-08 07:12:48,77
E520452,T107039,AUTHORIZED,2026-09-09 15:12:57,2026-09-09 15:13:09,339
E516676,T105752,AUTHORIZED,2026-09-08 19:44:59,2026-09-08 19:45:20,104
E520199,T106950,AUTHORIZED,2026-09-09 12:20:29,2026-09-09 12:20:40,209
E518402,T106343,AUTHORIZED,2026-09-09 06:39:01,2026-09-09 06:39:16,133
E520395,T107020,CREATED,2026-09-09 11:45:01,2026-09-09 11:45:04,88
E517321,T105975,CREATED,2026-09-08 19:04:44,2026-09-08 19:04:49,198
E515958,T105505,CREATED,2026-09-08 15:46:25,2026-09-08 15:46:33,310
E517603,T106070,CREATED,2026-09-08 15:25:28,2026-09-08 15:25:44,295
E516379,T105648,SETTLED,2026-09-08 08:57:07,2026-09-08 08:57:09,304
E517046,T105878,SETTLED,2026-09-08 12:06:19,2026-09-08 12:06:29,770
E519077,T106570,AUTHORIZED,2026-09-09 20:27:25,2026-09-09 20:27:33,308
E518187,T106269,AUTHORIZED,2026-09-08 06:08:02,2026-09-08 06:08:05,319
E519392,T106676,AUTHORIZED,2026-09-09 18:09:10,2026-09-09 18:09:19,168
E518277,T106300,SETTLED,2026-09-09 09:36:59,2026-09-09 09:37:29,260
E518390,T106339,AUTHORIZED,2026-09-09 12:53:40,2026-09-09 12:53:45,256
E519699,T106777,CREATED,2026-09-09 20:13:01,2026-09-09 20:13:16,228
E516909,T105832,CREATED,2026-09-08 12:40:39,2026-09-08 12:40:48,350
E520006,T106882,AUTHORIZED,2026-09-09 21:54:24,2026-09-09 21:54:32,71
E517812,T106143,CREATED,2026-09-08 18:48:35,2026-09-08 18:48:40,304
E516443,T105670,SETTLED,2026-09-08 19:21:01,2026-09-08 19:21:16,696
E519495,T106710,CREATED,2026-09-09 17:58:51,2026-09-09 17:59:03,147
E518541,T106392,CREATED,2026-09-09 21:42:08,2026-09-09 21:42:21,37
E518284,T106303,CREATED,2026-09-09 06:29:23,2026-09-09 06:29:29,98
E519027,T106553,FAILED,2026-09-09 16:40:41,2026-09-09 16:41:01,42
E517588,T106065,CREATED,2026-09-08 15:11:06,2026-09-08 15:11:21,353
E516187,T105582,SETTLED,2026-09-08 07:33:35,2026-09-08 07:33:41,807
E519898,T106846,CREATED,2026-09-09 21:18:38,2026-09-09 21:18:55,34
E518848,T106493,AUTHORIZED,2026-09-09 07:41:32,2026-09-09 07:42:01,443
E518549,T106395,CREATED,2026-09-09 09:54:50,2026-09-09 09:54:59,249
E518155,T106258,SETTLED,2026-09-08 12:14:11,2026-09-08 12:14:55,479
E519891,T106843,SETTLED,2026-09-09 16:28:01,2026-09-09 16:28:39,802
E520446,T107037,AUTHORIZED,2026-09-09 21:10:38,2026-09-09 21:10:39,216
E518415,T106347,AUTHORIZED,2026-09-09 21:56:23,2026-09-09 21:56:40,23
E517097,T105895,SETTLED,2026-09-08 08:52:16,2026-09-08 08:52:30,297
E519253,T106629,AUTHORIZED,2026-09-09 16:18:49,2026-09-09 16:19:13,23
E517639,T106082,CREATED,2026-09-08 09:51:09,2026-09-08 09:51:14,171
E517609,T106071,SETTLED,2026-09-08 10:04:26,2026-09-08 10:04:47,311
E518605,T106414,CREATED,2026-09-09 06:30:58,2026-09-09 06:31:04,32
E516839,T105806,SETTLED,2026-09-08 15:02:33,2026-09-08 15:55:33,497
E517222,T105940,AUTHORIZED,2026-09-08 18:27:07,2026-09-08 18:27:21,443
E518252,T106292,CREATED,2026-09-08 06:01:58,2026-09-08 06:02:03,329
E517669,T106092,SETTLED,2026-09-08 12:49:17,2026-09-08 12:49:58,651
E518793,T106476,AUTHORIZED,2026-09-09 22:27:43,2026-09-09 22:27:48,477
E519116,T106583,FAILED,2026-09-09 21:52:55,2026-09-09 21:53:21,415
E518388,T106338,SETTLED,2026-09-09 16:46:53,2026-09-09 16:47:33,346
E519552,T106729,AUTHORIZED,2026-09-09 08:49:56,2026-09-09 08:50:08,299
E520450,T107038,SETTLED,2026-09-09 21:29:06,2026-09-09 21:29:45,858
E517094,T105894,AUTHORIZED,2026-09-08 07:06:23,2026-09-08 07:06:37,383
E516079,T105545,AUTHORIZED,2026-09-08 18:30:19,2026-09-08 18:30:49,348
E520428,T107031,AUTHORIZED,2026-09-09 11:01:54,2026-09-09 11:02:20,83
E516219,T105594,CREATED,2026-09-08 20:34:32,2026-09-08 20:34:47,174
E516730,T105770,AUTHORIZED,2026-09-08 17:58:06,2026-09-08 17:58:33,340
E520512,T107059,SETTLED,2026-09-09 15:42:31,2026-09-09 15:42:49,90
E516075,T105544,CREATED,2026-09-08 13:58:35,2026-09-08 13:58:42,168
E520154,T106934,AUTHORIZED,2026-09-09 13:07:36,2026-09-09 13:07:56,309
E520135,T106927,AUTHORIZED,2026-09-09 20:18:42,2026-09-09 20:18:58,228
E519162,T106599,SETTLED,2026-09-09 19:17:10,2026-09-09 19:17:26,77
E517194,T105931,CREATED,2026-09-08 06:48:45,2026-09-08 06:48:53,326
E520098,T106914,CREATED,2026-09-09 11:05:17,2026-09-09 11:05:30,240
E519268,T106634,SETTLED,2026-09-09 13:51:38,2026-09-09 13:51:44,882
E517574,T106060,CREATED,2026-09-08 10:34:15,2026-09-08 10:34:19,379
E517029,T105873,SETTLED,2026-09-08 11:14:27,2026-09-08 11:14:56,315
E519252,T106629,CREATED,2026-09-09 16:18:38,2026-09-09 16:18:57,230
E516756,T105778,SETTLED,2026-09-08 23:21:28,2026-09-08 23:22:06,396
E519040,T106557,SETTLED,2026-09-09 17:02:05,2026-09-09 17:02:07,564
E517421,T106008,SETTLED,2026-09-08 19:59:20,2026-09-08 19:59:24,256
E517890,T106169,SETTLED,2026-09-08 15:29:33,2026-09-08 15:29:46,252
E518224,T106282,CREATED,2026-09-08 09:42:29,2026-09-08 09:42:42,320
E517951,T106191,CREATED,2026-09-08 18:53:04,2026-09-08 18:53:23,313
E517879,T106166,CREATED,2026-09-08 11:34:58,2026-09-08 11:35:14,150
E518461,T106363,CREATED,2026-09-09 11:01:24,2026-09-09 11:01:36,33
E516899,T105828,FAILED,2026-09-08 08:41:04,2026-09-08 08:41:09,21
E520278,T106978,SETTLED,2026-09-09 06:45:59,2026-09-09 06:46:29,286
E518439,T106355,CREATED,2026-09-09 09:49:15,2026-09-09 09:49:18,49
E519343,T106659,AUTHORIZED,2026-09-09 16:21:06,2026-09-09 16:21:22,198
E516683,T105754,SETTLED,2026-09-08 12:10:58,2026-09-08 12:11:28,506
E517159,T105918,CREATED,2026-09-08 16:01:02,2026-09-08 16:01:14,342
E518493,T106374,AUTHORIZED,2026-09-09 12:46:55,2026-09-09 12:47:21,377
E520126,T106924,AUTHORIZED,2026-09-09 20:53:05,2026-09-09 20:53:14,464
E516685,T105755,AUTHORIZED,2026-09-08 21:25:14,2026-09-08 21:25:26,412
E517566,T106057,SETTLED,2026-09-08 23:01:45,2026-09-08 23:02:12,360
E519519,T106718,CREATED,2026-09-09 17:44:39,2026-09-09 17:44:53,241
E518963,T106532,CREATED,2026-09-09 18:01:18,2026-09-09 18:01:38,127
E518008,T106210,SETTLED,2026-09-08 21:22:35,2026-09-08 21:22:56,498
E519541,T106725,SETTLED,2026-09-09 15:38:23,2026-09-09 15:39:08,67
E520076,T106907,CREATED,2026-09-09 13:54:46,2026-09-09 13:54:52,123
E519270,T106635,AUTHORIZED,2026-09-09 11:00:43,2026-09-09 11:00:44,363
E520136,T106927,SETTLED,2026-09-09 20:20:42,2026-09-09 20:21:24,587
E516671,T105750,SETTLED,2026-09-08 09:50:17,2026-09-08 09:50:21,788
E516821,T105801,CREATED,2026-09-08 21:25:55,2026-09-08 21:25:59,90
E516125,T105561,SETTLED,2026-09-08 21:08:03,2026-09-08 21:08:35,363
E518372,T106333,CREATED,2026-09-09 17:39:01,2026-09-09 17:39:15,288
E516493,T105688,CREATED,2026-09-08 13:15:52,2026-09-08 13:15:53,211
E519387,T106674,SETTLED,2026-09-09 15:04:27,2026-09-09 15:04:36,76
E519316,T106650,CREATED,2026-09-09 13:20:25,2026-09-09 13:20:33,132
E519051,T106561,AUTHORIZED,2026-09-09 16:57:39,2026-09-09 16:57:42,286
E519127,T106587,SETTLED,2026-09-09 14:41:49,2026-09-09 14:42:16,474
E518616,T106417,SETTLED,2026-09-09 06:29:37,2026-09-09 06:29:58,411
E517558,T106055,CREATED,2026-09-08 14:03:09,2026-09-08 14:03:17,394
E516636,T105739,CREATED,2026-09-08 15:35:38,2026-09-08 15:35:49,351
E518989,T106541,CREATED,2026-09-09 20:53:18,2026-09-09 20:53:38,71
E518004,T106209,AUTHORIZED,2026-09-08 20:25:22,2026-09-08 20:25:49,106
E520187,T106946,CREATED,2026-09-09 17:40:50,2026-09-09 17:41:02,201
E517976,T106200,AUTHORIZED,2026-09-08 16:30:06,2026-09-08 16:30:12,278
E519930,T106856,AUTHORIZED,2026-09-09 17:55:23,2026-09-09 17:55:27,300
E519754,T106796,CREATED,2026-09-09 18:48:58,2026-09-09 18:49:16,249
E516735,T105772,CREATED,2026-09-08 12:14:35,2026-09-08 12:14:44,129
E517562,T106056,AUTHORIZED,2026-09-08 06:57:10,2026-09-08 06:57:13,277
E519415,T106684,CREATED,2026-09-09 13:23:15,2026-09-09 13:23:25,336
E520016,T106885,SETTLED,2026-09-09 12:23:34,2026-09-09 13:53:34,543
E520594,T107089,AUTHORIZED,2026-09-09 09:53:14,2026-09-09 09:53:37,135
E518780,T106472,CREATED,2026-09-09 14:26:05,2026-09-09 14:26:10,305
E520139,T106928,SETTLED,2026-09-09 17:48:26,2026-09-09 17:48:37,143
E516064,T105540,AUTHORIZED,2026-09-08 07:14:05,2026-09-08 07:14:20,407
E518419,T106348,SETTLED,2026-09-09 17:37:44,2026-09-09 17:38:27,780
E519476,T106704,CREATED,2026-09-09 19:33:01,2026-09-09 19:33:15,61
E518446,T106357,SETTLED,2026-09-09 21:42:21,2026-09-09 21:43:06,626
E516153,T105571,AUTHORIZED,2026-09-08 14:17:52,2026-09-08 14:18:14,295
E518126,T106248,SETTLED,2026-09-08 06:08:10,2026-09-08 06:08:17,489
E516994,T105862,CREATED,2026-09-08 21:43:14,2026-09-08 21:43:24,244
E517317,T105973,SETTLED,2026-09-08 12:59:54,2026-09-08 13:00:29,63
E517933,T106185,CREATED,2026-09-08 19:21:30,2026-09-08 19:21:40,349
E518005,T106209,SETTLED,2026-09-08 20:32:22,2026-09-08 20:32:54,250
E517725,T106112,FAILED,2026-09-08 14:11:48,2026-09-08 14:12:12,282
E519064,T106565,SETTLED,2026-09-09 22:47:23,2026-09-09 22:47:54,780
E517129,T105907,CREATED,2026-09-08 22:34:54,2026-09-08 22:34:57,251
E517707,T106106,CREATED,2026-09-08 11:18:45,2026-09-08 11:18:53,40
E516955,T105848,SETTLED,2026-09-08 22:44:34,2026-09-08 22:44:40,316
E519505,T106713,CREATED,2026-09-09 19:10:03,2026-09-09 19:10:08,162
E516315,T105626,SETTLED,2026-09-08 17:05:16,2026-09-08 17:05:34,140
E519692,T106774,SETTLED,2026-09-09 18:24:12,2026-09-09 18:24:36,773
E516550,T105708,CREATED,2026-09-08 16:52:21,2026-09-08 16:52:32,347
E516989,T105860,AUTHORIZED,2026-09-08 08:19:50,2026-09-08 08:20:18,437
E518790,T106475,AUTHORIZED,2026-09-09 16:03:09,2026-09-09 16:03:15,469
E518380,T106336,CREATED,2026-09-09 10:22:44,2026-09-09 10:22:50,128
E519221,T106618,AUTHORIZED,2026-09-09 11:26:46,2026-09-09 11:27:16,472
E518876,T106503,CREATED,2026-09-09 09:05:47,2026-09-09 09:05:52,155
E518670,T106435,SETTLED,2026-09-09 06:50:09,2026-09-09 06:50:41,94
E519705,T106779,AUTHORIZED,2026-09-09 09:26:31,2026-09-09 09:26:59,282
E518525,T106385,SETTLED,2026-09-09 10:52:54,2026-09-09 10:53:18,317
E517892,T106170,AUTHORIZED,2026-09-08 20:33:02,2026-09-08 20:33:31,447
E519403,T106679,SETTLED,2026-09-09 22:33:20,2026-09-09 22:34:01,481
E519778,T106803,SETTLED,2026-09-09 09:38:06,2026-09-09 09:38:14,840
E517598,T106068,AUTHORIZED,2026-09-08 06:36:55,2026-09-08 06:37:12,390
E520248,T106967,SETTLED,2026-09-09 19:12:08,2026-09-09 19:12:28,154
E517130,T105907,AUTHORIZED,2026-09-08 22:35:19,2026-09-08 22:35:41,253
E518938,T106523,AUTHORIZED,2026-09-09 12:59:03,2026-09-09 12:59:07,141
E516321,T105628,SETTLED,2026-09-08 13:49:20,2026-09-08 13:49:32,94
E517179,T105925,AUTHORIZED,2026-09-08 12:48:08,2026-09-08 12:48:18,27
E517893,T106170,SETTLED,2026-09-08 20:54:02,2026-09-08 20:54:06,741
E517545,T106050,CREATED,2026-09-08 08:06:40,2026-09-08 08:06:59,124
E519141,T106592,SETTLED,2026-09-09 08:41:14,2026-09-09 08:41:23,739
E518799,T106478,AUTHORIZED,2026-09-09 15:41:45,2026-09-09 15:41:55,294
E517026,T105872,SETTLED,2026-09-08 20:08:28,2026-09-08 20:09:13,459
E520487,T107051,AUTHORIZED,2026-09-09 12:15:20,2026-09-09 12:15:33,372
E516703,T105761,AUTHORIZED,2026-09-08 09:58:51,2026-09-08 09:59:16,257
E516949,T105846,SETTLED,2026-09-08 10:27:14,2026-09-08 10:27:20,362
E517394,T105999,SETTLED,2026-09-08 18:02:08,2026-09-08 19:12:08,244
E518996,T106543,CREATED,2026-09-09 15:45:41,2026-09-09 15:45:44,80
E518375,T106334,CREATED,2026-09-09 10:33:27,2026-09-09 10:33:47,194
E516167,T105576,CREATED,2026-09-08 07:48:21,2026-09-08 07:48:36,145
E518543,T106392,SETTLED,2026-09-09 21:49:23,2026-09-09 21:49:26,803
E520308,T106988,FAILED,2026-09-09 20:34:11,2026-09-09 20:34:18,371
E518561,T106399,CREATED,2026-09-09 12:04:36,2026-09-09 12:04:55,291
E518965,T106532,SETTLED,2026-09-09 18:22:26,2026-09-09 18:22:59,340
E518924,T106518,SETTLED,2026-09-09 20:33:41,2026-09-09 20:33:59,212
E518362,T106329,SETTLED,2026-09-09 15:36:20,2026-09-09 15:36:22,865
E516425,T105664,AUTHORIZED,2026-09-08 21:40:54,2026-09-08 21:41:09,341
E520537,T107069,CREATED,2026-09-09 09:44:19,2026-09-09 09:44:33,353
E516896,T105827,CREATED,2026-09-08 20:05:38,2026-09-08 20:05:57,173
E518587,T106408,CREATED,2026-09-09 18:43:49,2026-09-09 18:44:09,360
E516232,T105598,AUTHORIZED,2026-09-08 11:22:50,2026-09-08 11:23:09,293
E520182,T106944,AUTHORIZED,2026-09-09 09:31:35,2026-09-09 09:31:39,468
E517049,T105879,AUTHORIZED,2026-09-08 19:23:14,2026-09-08 19:23:21,216
E520568,T107080,SETTLED,2026-09-09 10:33:48,2026-09-09 10:33:56,506
E518591,T106409,AUTHORIZED,2026-09-09 12:02:52,2026-09-09 12:02:55,364
E519683,T106771,SETTLED,2026-09-09 14:04:56,2026-09-09 14:05:31,554
E518886,T106506,AUTHORIZED,2026-09-09 22:25:00,2026-09-09 22:25:23,466
E518153,T106258,CREATED,2026-09-08 12:03:06,2026-09-08 12:03:13,371
E519637,T106757,CREATED,2026-09-09 17:22:21,2026-09-09 17:22:31,264
E520334,T106998,AUTHORIZED,2026-09-09 10:30:20,2026-09-09 10:30:31,181
E519433,T106689,SETTLED,2026-09-09 19:16:38,2026-09-09 19:16:55,786
E516139,T105566,AUTHORIZED,2026-09-08 18:08:29,2026-09-08 18:08:31,83
E516436,T105668,AUTHORIZED,2026-09-08 10:09:36,2026-09-08 10:09:47,51
E518099,T106239,SETTLED,2026-09-08 14:51:06,2026-09-08 14:51:12,91
E519354,T106663,AUTHORIZED,2026-09-09 20:14:41,2026-09-09 20:14:59,69
E520332,T106997,SETTLED,2026-09-09 23:18:40,2026-09-09 23:18:52,93
E519972,T106870,AUTHORIZED,2026-09-09 17:41:53,2026-09-09 17:41:58,468
E516110,T105556,AUTHORIZED,2026-09-08 06:31:16,2026-09-08 06:31:23,374
E517631,T106079,CREATED,2026-09-08 09:30:08,2026-09-08 09:30:24,145
E519756,T106796,SETTLED,2026-09-09 18:58:12,2026-09-09 18:58:41,716
E519083,T106572,AUTHORIZED,2026-09-09 11:05:46,2026-09-09 11:05:48,206
E518488,T106372,AUTHORIZED,2026-09-09 06:48:07,2026-09-09 06:48:19,284
E518387,T106338,AUTHORIZED,2026-09-09 16:38:53,2026-09-09 16:39:01,363
E517382,T105995,SETTLED,2026-09-08 11:14:53,2026-09-08 11:15:08,807
E518300,T106308,CREATED,2026-09-09 21:00:42,2026-09-09 21:00:52,174
E516016,T105524,AUTHORIZED,2026-09-08 20:43:11,2026-09-08 20:43:18,248
E519005,T106546,CREATED,2026-09-09 17:48:46,2026-09-09 17:49:01,162
E516283,T105615,SETTLED,2026-09-08 15:19:58,2026-09-08 15:20:33,115
E518882,T106505,CREATED,2026-09-09 19:11:39,2026-09-09 19:11:55,307
E515994,T105517,AUTHORIZED,2026-09-08 16:00:20,2026-09-08 16:00:39,209
E515968,T105508,AUTHORIZED,2026-09-08 20:50:02,2026-09-08 20:50:07,149
E519502,T106712,AUTHORIZED,2026-09-09 16:17:28,2026-09-09 16:17:34,436
E517307,T105970,SETTLED,2026-09-08 19:48:13,2026-09-08 19:48:46,549
E516307,T105623,SETTLED,2026-09-08 21:31:30,2026-09-08 21:32:12,630
E518158,T106260,CREATED,2026-09-08 06:15:56,2026-09-08 06:16:08,378
E519189,T106608,CREATED,2026-09-09 12:45:08,2026-09-09 12:45:18,336
E518421,T106349,CREATED,2026-09-09 17:43:11,2026-09-09 17:43:12,183
E516918,T105835,CREATED,2026-09-08 07:52:29,2026-09-08 07:52:42,279
E518665,T106434,CREATED,2026-09-09 09:33:20,2026-09-09 09:33:37,204
E516798,T105793,CREATED,2026-09-08 17:45:29,2026-09-08 17:45:39,276
E516295,T105619,SETTLED,2026-09-08 17:20:23,2026-09-08 17:20:32,683
E517035,T105875,AUTHORIZED,2026-09-08 15:36:09,2026-09-08 15:36:12,141
E516644,T105741,SETTLED,2026-09-08 11:08:42,2026-09-08 11:08:56,68
E519101,T106578,AUTHORIZED,2026-09-09 22:19:22,2026-09-09 22:19:26,247
E518833,T106488,SETTLED,2026-09-09 14:40:57,2026-09-09 14:41:33,420
E516692,T105757,SETTLED,2026-09-08 11:07:55,2026-09-08 11:08:36,715
E516498,T105689,SETTLED,2026-09-08 15:21:51,2026-09-08 15:22:08,543
E517161,T105919,CREATED,2026-09-08 10:40:26,2026-09-08 10:40:27,234
E516754,T105778,CREATED,2026-09-08 22:59:03,2026-09-08 22:59:16,298
E519874,T106838,CREATED,2026-09-09 13:52:57,2026-09-09 13:53:01,55
E520283,T106980,AUTHORIZED,2026-09-09 07:06:40,2026-09-09 07:06:49,159
E517791,T106135,AUTHORIZED,2026-09-08 21:51:24,2026-09-08 21:51:47,323
E519820,T106818,AUTHORIZED,2026-09-09 09:38:42,2026-09-09 09:39:07,131
E517266,T105956,CREATED,2026-09-08 22:50:27,2026-09-08 22:50:42,147
E516875,T105819,CREATED,2026-09-08 21:42:24,2026-09-08 21:42:44,79
E519945,T106861,AUTHORIZED,2026-09-09 21:01:50,2026-09-09 21:02:12,305
E518960,T106531,AUTHORIZED,2026-09-09 22:13:13,2026-09-09 22:13:39,340
E519511,T106715,CREATED,2026-09-09 19:58:43,2026-09-09 19:58:47,327
E518050,T106224,AUTHORIZED,2026-09-08 10:11:45,2026-09-08 10:11:58,399
E520083,T106909,CREATED,2026-09-09 07:12:28,2026-09-09 07:12:38,331
E517746,T106119,AUTHORIZED,2026-09-08 08:45:07,2026-09-08 08:45:10,473
E520464,T107043,CREATED,2026-09-09 17:57:59,2026-09-09 17:58:09,324
E519242,T106625,AUTHORIZED,2026-09-09 09:12:56,2026-09-09 09:13:11,336
E519446,T106694,CREATED,2026-09-09 08:47:15,2026-09-09 08:47:27,382
E518650,T106429,AUTHORIZED,2026-09-09 14:04:09,2026-09-09 14:04:16,369
E516726,T105769,CREATED,2026-09-08 13:39:25,2026-09-08 13:39:37,239
E516420,T105662,SETTLED,2026-09-08 07:34:11,2026-09-08 07:34:39,882
E519988,T106876,AUTHORIZED,2026-09-09 20:15:24,2026-09-09 20:15:35,213
E519487,T106707,AUTHORIZED,2026-09-09 06:21:15,2026-09-09 06:21:16,421
E517175,T105923,SETTLED,2026-09-08 20:58:35,2026-09-08 20:59:10,176
E518503,T106377,AUTHORIZED,2026-09-09 20:32:11,2026-09-09 20:32:22,340
E520581,T107085,CREATED,2026-09-09 09:19:31,2026-09-09 09:19:48,119
E517774,T106129,SETTLED,2026-09-08 13:51:19,2026-09-08 13:51:39,216
E518964,T106532,AUTHORIZED,2026-09-09 18:01:26,2026-09-09 18:01:51,149
E518581,T106406,CREATED,2026-09-09 15:55:37,2026-09-09 15:55:44,121
E519224,T106619,AUTHORIZED,2026-09-09 11:58:35,2026-09-09 11:58:43,442
E518071,T106231,SETTLED,2026-09-08 22:43:05,2026-09-08 22:43:15,834
E520079,T106907,SETTLED,2026-09-09 14:23:14,2026-09-09 14:23:24,203
E518163,T106261,FAILED,2026-09-08 17:19:23,2026-09-08 17:19:49,172
E516147,T105569,AUTHORIZED,2026-09-08 13:12:56,2026-09-08 13:13:15,39
E516797,T105792,SETTLED,2026-09-08 20:39:45,2026-09-08 20:39:53,765
E516650,T105743,SETTLED,2026-09-08 11:37:40,2026-09-08 11:38:22,163
E518223,T106281,SETTLED,2026-09-09 04:45:23,2026-09-09 05:20:23,867
E519660,T106764,FAILED,2026-09-09 20:39:10,2026-09-09 20:39:31,249
E516025,T105527,AUTHORIZED,2026-09-08 09:02:57,2026-09-08 09:03:13,247
E520134,T106927,CREATED,2026-09-09 20:18:16,2026-09-09 20:18:28,64
E516289,T105617,SETTLED,2026-09-08 21:48:19,2026-09-08 21:49:04,718
E515998,T105518,SETTLED,2026-09-08 15:58:07,2026-09-08 15:58:36,30
E519593,T106742,AUTHORIZED,2026-09-09 08:53:51,2026-09-09 08:54:10,48
E516205,T105588,SETTLED,2026-09-08 08:32:36,2026-09-08 08:33:04,493
E516975,T105856,CREATED,2026-09-08 14:03:48,2026-09-08 14:03:58,226
E518377,T106335,CREATED,2026-09-09 10:07:30,2026-09-09 10:07:32,328
E517350,T105985,CREATED,2026-09-08 13:50:54,2026-09-08 13:51:06,283
E517039,T105876,SETTLED,2026-09-09 01:15:26,2026-09-09 01:15:39,675
E518506,T106378,AUTHORIZED,2026-09-09 22:23:18,2026-09-09 22:23:44,233
E516213,T105591,SETTLED,2026-09-08 21:23:38,2026-09-08 21:24:02,440
E519478,T106704,SETTLED,2026-09-09 19:52:33,2026-09-09 19:52:52,392
E519724,T106786,CREATED,2026-09-09 10:01:38,2026-09-09 10:01:52,309
E516864,T105815,AUTHORIZED,2026-09-08 07:12:27,2026-09-08 07:12:50,409
E515986,T105514,SETTLED,2026-09-08 15:35:23,2026-09-08 15:35:41,465
E519366,T106667,AUTHORIZED,2026-09-09 09:42:19,2026-09-09 09:42:30,116
E517284,T105962,AUTHORIZED,2026-09-08 22:48:43,2026-09-08 22:49:13,104
E516596,T105725,CREATED,2026-09-08 11:24:11,2026-09-08 11:24:20,259
E519195,T106610,CREATED,2026-09-09 07:45:08,2026-09-09 07:45:28,391
E517705,T106105,AUTHORIZED,2026-09-08 12:31:59,2026-09-08 12:32:13,160
E517063,T105883,SETTLED,2026-09-08 22:02:35,2026-09-08 22:02:40,450
E516388,T105652,CREATED,2026-09-08 14:25:49,2026-09-08 14:26:04,358
E518286,T106303,SETTLED,2026-09-09 06:55:37,2026-09-09 06:56:12,805
E518869,T106500,SETTLED,2026-09-09 11:38:24,2026-09-09 11:38:48,872
E517802,T106139,SETTLED,2026-09-08 10:38:08,2026-09-08 10:38:24,826
E518802,T106479,CREATED,2026-09-09 07:25:17,2026-09-09 07:25:29,203
E520118,T106921,AUTHORIZED,2026-09-09 22:35:13,2026-09-09 22:35:20,75
E516482,T105684,AUTHORIZED,2026-09-08 22:39:55,2026-09-08 22:40:12,219
E518057,T106227,CREATED,2026-09-08 15:06:08,2026-09-08 15:06:18,103
E518560,T106398,SETTLED,2026-09-10 10:34:56,2026-09-10 10:35:08,686
E518424,T106350,AUTHORIZED,2026-09-09 09:30:34,2026-09-09 09:30:43,410
E517285,T105962,SETTLED,2026-09-08 23:08:43,2026-09-08 23:08:55,74
E519296,T106643,SETTLED,2026-09-09 08:04:16,2026-09-09 08:04:46,710
E519372,T106669,AUTHORIZED,2026-09-09 22:15:09,2026-09-09 22:15:10,434
E520315,T106991,CREATED,2026-09-09 17:28:21,2026-09-09 17:28:40,381
E518355,T106327,AUTHORIZED,2026-09-09 22:06:44,2026-09-09 22:07:04,270
E520543,T107071,FAILED,2026-09-09 10:42:34,2026-09-09 10:42:48,118
E519666,T106766,SETTLED,2026-09-09 09:06:19,2026-09-09 09:06:53,132
E518985,T106539,SETTLED,2026-09-09 19:43:45,2026-09-09 19:44:30,136
E518198,T106273,AUTHORIZED,2026-09-08 19:01:26,2026-09-08 19:01:46,488
E517650,T106086,CREATED,2026-09-08 08:00:17,2026-09-08 08:00:35,83
E519006,T106546,AUTHORIZED,2026-09-09 17:49:25,2026-09-09 17:49:43,294
E516439,T105669,AUTHORIZED,2026-09-08 21:13:31,2026-09-08 21:13:55,274
E519286,T106640,SETTLED,2026-09-09 22:02:45,2026-09-09 22:03:13,196
E517614,T106073,AUTHORIZED,2026-09-08 22:28:15,2026-09-08 22:28:37,378
E517694,T106101,SETTLED,2026-09-08 23:20:33,2026-09-08 23:21:12,334
E517359,T105988,CREATED,2026-09-08 17:42:13,2026-09-08 17:42:27,136
E518566,T106400,SETTLED,2026-09-09 08:40:10,2026-09-09 08:40:35,75
E518853,T106495,CREATED,2026-09-09 18:27:54,2026-09-09 18:28:11,239
E517032,T105874,AUTHORIZED,2026-09-08 09:14:55,2026-09-08 09:14:59,24
E515995,T105517,SETTLED,2026-09-08 16:07:20,2026-09-08 16:07:46,668
E518445,T106357,AUTHORIZED,2026-09-09 21:28:21,2026-09-09 21:28:36,483
E518043,T106222,CREATED,2026-09-08 10:13:08,2026-09-08 10:13:11,308
E516113,T105557,AUTHORIZED,2026-09-08 19:49:35,2026-09-08 19:49:45,249
E519066,T106566,FAILED,2026-09-09 19:58:00,2026-09-09 19:58:15,264
E517619,T106075,CREATED,2026-09-08 11:47:37,2026-09-08 11:47:52,224
E518612,T106416,AUTHORIZED,2026-09-09 09:41:33,2026-09-09 09:42:03,467
E516302,T105622,CREATED,2026-09-08 07:33:32,2026-09-08 07:33:48,110
E516014,T105523,SETTLED,2026-09-08 20:26:57,2026-09-08 20:27:35,546
E518288,T106304,CREATED,2026-09-09 22:00:38,2026-09-09 22:00:40,309
E520294,T106984,AUTHORIZED,2026-09-09 07:26:33,2026-09-09 07:26:55,267
E519808,T106814,AUTHORIZED,2026-09-09 13:05:38,2026-09-09 13:06:00,152
E516376,T105647,SETTLED,2026-09-08 07:10:46,2026-09-08 07:11:22,406
E517607,T106071,AUTHORIZED,2026-09-08 09:36:26,2026-09-08 09:36:33,263
E516468,T105679,SETTLED,2026-09-08 09:59:23,2026-09-08 09:59:52,713
E516391,T105653,CREATED,2026-09-08 22:43:10,2026-09-08 22:43:19,131
E516032,T105529,SETTLED,2026-09-08 16:48:12,2026-09-08 16:48:35,888
E517369,T105991,AUTHORIZED,2026-09-08 06:37:00,2026-09-08 06:37:06,350
E519784,T106805,AUTHORIZED,2026-09-09 12:55:16,2026-09-09 12:55:42,363
E516222,T105595,CREATED,2026-09-08 22:38:06,2026-09-08 22:38:13,355
E516085,T105547,CREATED,2026-09-08 14:46:40,2026-09-08 14:46:41,199
E518378,T106335,AUTHORIZED,2026-09-09 10:07:36,2026-09-09 10:07:44,253
E518318,T106313,SETTLED,2026-09-09 12:26:59,2026-09-09 12:27:37,259
E519479,T106705,CREATED,2026-09-09 09:43:58,2026-09-09 09:44:14,172
E518447,T106358,CREATED,2026-09-09 11:38:54,2026-09-09 11:39:05,284
E520370,T107010,FAILED,2026-09-09 10:40:44,2026-09-09 10:40:45,24
E518828,T106487,CREATED,2026-09-09 13:58:06,2026-09-09 13:58:08,299
E516181,T105580,SETTLED,2026-09-08 15:39:39,2026-09-08 15:39:44,137
E519802,T106812,AUTHORIZED,2026-09-09 08:05:52,2026-09-09 08:06:07,381
E520360,T107007,AUTHORIZED,2026-09-09 11:11:45,2026-09-09 11:11:50,245
E520048,T106897,AUTHORIZED,2026-09-09 07:22:55,2026-09-09 07:23:12,288
E519236,T106623,AUTHORIZED,2026-09-09 17:25:20,2026-09-09 17:25:50,204
E515999,T105519,CREATED,2026-09-08 11:33:03,2026-09-08 11:33:17,251
