settlement_id,transaction_id,settlement_ts,settlement_amount,settlement_status,settlement_batch
S900001,T100001,2026-09-01 10:55:43,93723.11,SETTLED,B20260901-5
S900002,T100002,2026-09-01 16:16:43,3894.34,SETTLED,B20260901-4
S900003,T100003,2026-09-01 11:00:41,20089.26,SETTLED,B20260901-2
S900004,T100004,2026-09-01 13:43:16,1556.27,SETTLED,B20260901-1
S900005,T100005,2026-09-01 19:37:11,190770.83,SETTLED,B20260901-1
S900006,T100006,2026-09-01 16:47:44,347550.22,SETTLED,B20260901-4
S900007,T100008,2026-09-01 07:39:14,338020.83,SETTLED,B20260901-5
S900008,T100009,2026-09-01 20:34:13,5148.12,SETTLED,B20260901-6
S900009,T100010,2026-09-01 09:52:19,317873.23,SETTLED,B20260901-4
S900010,T100011,2026-09-01 10:18:24,2243.20,SETTLED,B20260901-6
S900011,T100012,2026-09-01 19:56:45,341678.72,SETTLED,B20260901-3
S900012,T100013,2026-09-01 17:28:36,2286.87,SETTLED,B20260901-5
S900013,T100014,2026-09-01 19:36:39,24742.19,SETTLED,B20260901-2
S900014,T100015,2026-09-01 12:59:00,860.83,SETTLED,B20260901-2
S900015,T100016,2026-09-01 11:45:24,2066.37,SETTLED,B20260901-6
S900016,T100017,2026-09-01 08:00:50,90943.82,SETTLED,B20260901-5
S900017,T100019,2026-09-01 17:41:32,853.36,SETTLED,B20260901-3
S900018,T100020,2026-09-01 20:37:38,3853.30,SETTLED,B20260901-3
S900019,T100022,2026-09-01 21:36:19,34501.96,SETTLED,B20260901-1
S900020,T100023,2026-09-01 14:03:44,577.76,SETTLED,B20260901-2
S900021,T100024,2026-09-01 11:21:00,48006.19,SETTLED,B20260901-6
S900022,T100025,2026-09-01 08:42:20,2479.57,SETTLED,B20260901-1
S900023,T100026,2026-09-02 16:35:05,209689.30,SETTLED,B20260902-6
S900024,T100027,2026-09-01 21:46:23,295951.10,SETTLED,B20260901-1
S900025,T100027,2026-09-01 21:54:23,73987.77,SETTLED,B20260901-5
S900026,T100028,2026-09-01 12:45:59,207560.61,SETTLED,B20260901-1
S900027,T100028,2026-09-01 12:56:59,51890.15,SETTLED,B20260901-4
S900028,T100029,2026-09-01 22:35:35,179010.68,SETTLED,B20260901-4
S900029,T100030,2026-09-01 18:31:32,35890.22,SETTLED,B20260901-5
S900030,T100031,2026-09-01 17:22:58,282423.17,SETTLED,B20260901-3
S900031,T100033,2026-09-01 15:32:49,1292.38,SETTLED,B20260901-3
S900032,T100034,2026-09-01 18:30:49,372276.57,SETTLED,B20260901-1
S900033,T100035,2026-09-01 22:08:03,2310.39,SETTLED,B20260901-1
S900034,T100036,2026-09-01 07:50:48,3396.91,SETTLED,B20260901-1
S900035,T100039,2026-09-01 17:14:42,169191.97,PENDING,B20260901-2
S900036,T100040,2026-09-01 21:32:23,351615.82,SETTLED,B20260901-2
S900037,T100041,2026-09-01 10:19:46,188810.80,SETTLED,B20260901-4
S900038,T100042,2026-09-01 11:12:43,50855.52,PENDING,B20260901-1
S900039,T100043,2026-09-01 12:39:18,1907.17,SETTLED,B20260901-5
S900040,T100045,2026-09-01 10:30:57,19096.71,SETTLED,B20260901-1
S900041,T100046,2026-09-01 18:22:06,2532.77,SETTLED,B20260901-6
S900042,T100047,2026-09-01 06:41:07,25547.02,SETTLED,B20260901-5
S900043,T100047,2026-09-01 06:52:07,6386.75,SETTLED,B20260901-2
S900044,T100049,2026-09-01 22:09:58,1397.69,SETTLED,B20260901-6
S900045,T100050,2026-09-01 09:54:51,2435.18,SETTLED,B20260901-6
S900046,T100051,2026-09-01 16:26:01,23150.35,SETTLED,B20260901-6
S900047,T100052,2026-09-01 16:06:17,275201.06,SETTLED,B20260901-1
S900048,T100053,2026-09-01 23:21:57,26256.98,SETTLED,B20260901-1
S900049,T100053,2026-09-01 23:26:57,6564.25,SETTLED,B20260901-6
S900050,T100054,2026-09-01 10:27:27,112922.24,SETTLED,B20260901-1
S900051,T100055,2026-09-01 21:56:12,385772.99,SETTLED,B20260901-1
S900052,T100056,2026-09-01 16:39:37,702.29,SETTLED,B20260901-1
S900053,T100058,2026-09-01 20:51:39,52831.40,SETTLED,B20260901-6
S900054,T100060,2026-09-01 12:41:42,13061.24,SETTLED,B20260901-1
S900055,T100061,2026-09-01 10:51:06,118294.55,SETTLED,B20260901-3
S900056,T100062,2026-09-01 13:26:22,305815.47,SETTLED,B20260901-5
S900057,T100063,2026-09-01 11:04:03,54460.24,FAILED,B20260901-1
S900058,T100064,2026-09-01 20:05:51,1418.66,SETTLED,B20260901-4
S900059,T100065,2026-09-01 14:41:42,2800.51,SETTLED,B20260901-1
S900060,T100066,2026-09-01 14:30:04,26818.72,SETTLED,B20260901-4
S900061,T100068,2026-09-01 15:21:18,2978.44,SETTLED,B20260901-1
S900062,T100069,2026-09-01 07:35:51,841.86,SETTLED,B20260901-6
S900063,T100069,2026-09-01 07:37:51,210.47,SETTLED,B20260901-4
S900064,T100070,2026-09-01 10:38:59,3664.04,SETTLED,B20260901-2
S900065,T100071,2026-09-01 07:16:26,46408.06,SETTLED,B20260901-1
S900066,T100072,2026-09-01 21:30:10,68008.50,SETTLED,B20260901-6
S900067,T100073,2026-09-01 17:13:31,106164.05,SETTLED,B20260901-2
S900068,T100074,2026-09-01 08:00:08,263195.87,SETTLED,B20260901-1
S900069,T100076,2026-09-01 15:43:39,12636.27,SETTLED,B20260901-2
S900070,T100077,2026-09-01 16:25:32,392713.06,SETTLED,B20260901-4
S900071,T100078,2026-09-01 19:28:20,154102.28,SETTLED,B20260901-2
S900072,T100079,2026-09-01 08:02:26,3549.08,SETTLED,B20260901-1
S900073,T100080,2026-09-01 18:37:35,73389.20,SETTLED,B20260901-3
S900074,T100081,2026-09-01 16:57:13,29820.26,FAILED,B20260901-2
S900075,T100082,2026-09-01 07:54:09,15924.48,SETTLED,B20260901-4
S900076,T100083,2026-09-01 09:05:33,3034.12,SETTLED,B20260901-5
S900077,T100084,2026-09-01 06:49:19,33637.63,SETTLED,B20260901-2
S900078,T100085,2026-09-01 16:44:38,966.40,SETTLED,B20260901-1
S900079,T100086,2026-09-01 21:22:12,6338.62,PENDING,B20260901-5
S900080,T100087,2026-09-01 15:00:01,2624.62,SETTLED,B20260901-1
S900081,T100088,2026-09-01 15:58:33,5943.65,SETTLED,B20260901-4
S900082,T100089,2026-09-01 21:13:21,3674.12,SETTLED,B20260901-4
S900083,T100090,2026-09-01 12:03:39,1811.16,SETTLED,B20260901-2
S900084,T100091,2026-09-01 20:04:57,43833.84,SETTLED,B20260901-5
S900085,T100092,2026-09-01 17:21:03,1704.92,SETTLED,B20260901-6
S900086,T100093,2026-09-01 19:42:03,364469.95,SETTLED,B20260901-1
S900087,T100095,2026-09-01 06:31:47,46034.49,SETTLED,B20260901-5
S900088,T100096,2026-09-01 17:40:56,39961.35,SETTLED,B20260901-3
S900089,T100097,2026-09-01 12:59:20,111122.02,PENDING,B20260901-4
S900090,T100098,2026-09-01 14:16:24,-26656.68,SETTLED,B20260901-3
S900091,T100099,2026-09-01 11:56:45,60368.33,SETTLED,B20260901-5
S900092,T100100,2026-09-01 11:34:24,8878.06,SETTLED,B20260901-1
S900093,T100101,2026-09-01 09:46:13,1883.21,SETTLED,B20260901-4
S900094,T100102,2026-09-01 11:40:23,23011.92,SETTLED,B20260901-5
S900095,T100104,2026-09-01 19:22:56,1520.12,SETTLED,B20260901-6
S900096,T100105,2026-09-01 18:40:10,2431.18,SETTLED,B20260901-2
S900097,T100106,2026-09-01 18:49:58,30006.88,SETTLED,B20260901-1
S900098,T100107,2026-09-01 08:16:33,42503.08,SETTLED,B20260901-5
S900099,T100108,2026-09-01 12:01:19,6502.99,SETTLED,B20260901-1
S900100,T100109,2026-09-01 06:37:59,10946.20,SETTLED,B20260901-4
S900101,T100110,2026-09-01 23:14:11,773.82,SETTLED,B20260901-5
S900102,T100111,2026-09-01 22:04:57,2943.22,SETTLED,B20260901-4
S900103,T100112,2026-09-01 13:34:11,5060.25,SETTLED,B20260901-1
S900104,T100113,2026-09-01 07:30:35,96007.69,SETTLED,B20260901-3
S900105,T100114,2026-09-01 17:23:30,105825.85,SETTLED,B20260901-5
S900106,T100115,2026-09-01 23:07:47,108362.30,SETTLED,B20260901-1
S900107,T100116,2026-09-01 08:15:18,288479.43,SETTLED,B20260901-3
S900108,T100117,2026-09-01 07:08:10,32828.13,SETTLED,B20260901-2
S900109,T100118,2026-09-01 11:27:02,34298.01,SETTLED,B20260901-6
S900110,T100118,2026-09-01 11:27:02,8574.50,SETTLED,B20260901-3
S900111,T100120,2026-09-01 16:52:40,163366.35,SETTLED,B20260901-6
S900112,T100121,2026-09-01 11:15:38,1335.41,SETTLED,B20260901-1
S900113,T100121,2026-09-01 11:18:38,333.85,SETTLED,B20260901-1
S900114,T100123,2026-09-01 09:36:30,1778.34,SETTLED,B20260901-1
S900115,T100124,2026-09-01 07:20:18,241878.14,SETTLED,B20260901-3
S900116,T100125,2026-09-01 17:37:41,162430.92,SETTLED,B20260901-6
S900117,T100126,2026-09-01 07:26:32,18409.06,SETTLED,B20260901-1
S900118,T100127,2026-09-01 20:38:46,1170.67,SETTLED,B20260901-6
S900119,T100129,2026-09-01 09:28:09,110107.89,SETTLED,B20260901-4
S900120,T100130,2026-09-01 07:32:35,22776.06,SETTLED,B20260901-4
S900121,T100131,2026-09-01 13:10:39,1791.78,SETTLED,B20260901-4
S900122,T100132,2026-09-01 10:37:25,214962.85,SETTLED,B20260901-6
S900123,T100133,2026-09-01 22:09:13,16767.30,SETTLED,B20260901-6
S900124,T100134,2026-09-01 22:12:17,31685.05,PENDING,B20260901-1
S900125,T100136,2026-09-02 05:29:27,333251.81,SETTLED,B20260902-4
S900126,T100137,2026-09-01 18:25:28,1168.35,SETTLED,B20260901-6
S900127,T100138,2026-09-01 15:43:22,383765.90,SETTLED,B20260901-6
S900128,T100139,2026-09-01 18:15:17,47976.15,SETTLED,B20260901-2
S900129,T100140,2026-09-01 16:26:25,427.56,SETTLED,B20260901-3
S900130,T100140,2026-09-01 16:30:25,106.89,SETTLED,B20260901-5
S900131,T100141,2026-09-01 21:32:42,33763.86,SETTLED,B20260901-1
S900132,T100141,2026-09-01 21:39:42,8440.96,SETTLED,B20260901-2
S900133,T100142,2026-09-01 12:17:20,34762.79,SETTLED,B20260901-4
S900134,T100143,2026-09-01 10:36:23,1939.00,SETTLED,B20260901-2
S900135,T100144,2026-09-01 14:50:09,148810.69,PENDING,B20260901-6
S900136,T100145,2026-09-01 17:04:39,3161.18,SETTLED,B20260901-1
S900137,T100146,2026-09-01 09:10:58,965.95,PENDING,B20260901-1
S900138,T100147,2026-09-01 21:46:13,21224.28,SETTLED,B20260901-2
S900139,T100149,2026-09-01 11:10:09,168137.34,SETTLED,B20260901-2
S900140,T100150,2026-09-01 23:12:12,59918.19,SETTLED,B20260901-5
S900141,T100151,2026-09-01 22:59:20,1872.83,SETTLED,B20260901-6
S900142,T100152,2026-09-01 16:14:15,2102.75,SETTLED,B20260901-5
S900143,T100154,2026-09-01 07:46:38,82414.75,SETTLED,B20260901-1
S900144,T100155,2026-09-01 17:24:19,46694.36,SETTLED,B20260901-5
S900145,T100156,2026-09-01 17:44:34,47113.85,SETTLED,B20260901-6
S900146,T100157,2026-09-01 09:22:36,42947.75,SETTLED,B20260901-4
S900147,T100158,2026-09-01 20:24:21,141248.58,SETTLED,B20260901-5
S900148,T100160,2026-09-01 22:56:27,1132.66,SETTLED,B20260901-1
S900149,T100161,2026-09-01 19:22:05,47960.05,SETTLED,B20260901-4
S900150,T100161,2026-09-01 19:23:05,11990.01,SETTLED,B20260901-2
S900151,T100162,2026-09-01 06:33:45,247905.53,SETTLED,B20260901-1
S900152,T100162,2026-09-01 06:35:45,61976.38,SETTLED,B20260901-2
S900153,T100163,2026-09-01 15:44:00,214514.72,SETTLED,B20260901-5
S900154,T100164,2026-09-01 15:23:10,32538.54,SETTLED,B20260901-2
S900155,T100165,2026-09-01 11:00:02,56857.74,PENDING,B20260901-3
S900156,T100166,2026-09-01 07:26:36,356765.17,SETTLED,B20260901-4
S900157,T100167,2026-09-02 18:04:07,147220.31,FAILED,B20260902-6
S900158,T100168,2026-09-01 17:00:11,51754.14,SETTLED,B20260901-2
S900159,T100169,2026-09-01 11:22:36,225877.12,SETTLED,B20260901-1
S900160,T100170,2026-09-01 13:39:42,76587.93,SETTLED,B20260901-5
S900161,T100171,2026-09-01 20:36:19,70952.35,SETTLED,B20260901-5
S900162,T100172,2026-09-01 09:03:56,8379.28,SETTLED,B20260901-6
S900163,T100173,2026-09-01 16:02:25,139238.41,SETTLED,B20260901-5
S900164,T100174,2026-09-01 07:15:45,2082.08,SETTLED,B20260901-6
S900165,T100176,2026-09-01 10:51:55,10520.71,SETTLED,B20260901-2
S900166,T100177,2026-09-01 21:01:44,242090.25,SETTLED,B20260901-4
S900167,T100177,2026-09-01 21:07:44,60522.56,SETTLED,B20260901-5
S900168,T100178,2026-09-01 09:28:52,327723.79,SETTLED,B20260901-6
S900169,T100179,2026-09-01 08:45:27,272195.65,SETTLED,B20260901-1
S900170,T100181,2026-09-02 15:07:12,47847.44,SETTLED,B20260902-1
S900171,T100182,2026-09-01 08:22:13,23197.36,SETTLED,B20260901-2
S900172,T100183,2026-09-01 15:08:23,48222.96,SETTLED,B20260901-1
S900173,T100185,2026-09-01 07:38:50,56914.71,SETTLED,B20260901-3
S900174,T100186,2026-09-01 07:23:04,2819.96,SETTLED,B20260901-1
S900175,T100187,2026-09-01 07:45:50,757.55,SETTLED,B20260901-3
S900176,T100191,2026-09-01 13:54:20,134788.94,SETTLED,B20260901-5
S900177,T100194,2026-09-01 13:25:33,158794.30,SETTLED,B20260901-3
S900178,T100195,2026-09-01 07:17:24,58634.24,SETTLED,B20260901-3
S900179,T100196,2026-09-01 06:50:17,3216.10,SETTLED,B20260901-3
S900180,T100197,2026-09-01 17:56:51,2035.11,SETTLED,B20260901-6
S900181,T100198,2026-09-01 14:04:53,2005.18,SETTLED,B20260901-4
S900182,T100199,2026-09-01 09:58:33,1462.50,SETTLED,B20260901-5
S900183,T100200,2026-09-01 07:51:44,158899.46,SETTLED,B20260901-6
S900184,T100201,2026-09-01 18:31:44,128173.34,SETTLED,B20260901-5
S900185,T100202,2026-09-01 06:46:19,-1359.42,SETTLED,B20260901-4
S900186,T100203,2026-09-01 19:18:05,1272.84,SETTLED,B20260901-2
S900187,T100205,2026-09-01 22:06:48,342522.29,SETTLED,B20260901-1
S900188,T100206,2026-09-01 15:52:04,361814.12,SETTLED,B20260901-2
S900189,T100208,2026-09-01 07:16:29,2048.40,SETTLED,B20260901-5
S900190,T100209,2026-09-01 08:27:43,254821.74,SETTLED,B20260901-4
S900191,T100210,2026-09-01 13:41:34,1496.91,SETTLED,B20260901-6
S900192,T100212,2026-09-01 18:19:22,3393.61,SETTLED,B20260901-3
S900193,T100213,2026-09-01 20:16:22,2722.78,SETTLED,B20260901-4
S900194,T100214,2026-09-01 16:24:43,101229.33,SETTLED,B20260901-3
S900195,T100215,2026-09-01 14:17:51,57384.46,SETTLED,B20260901-1
S900196,T100216,2026-09-01 09:52:44,1206.08,SETTLED,B20260901-1
S900197,T100217,2026-09-01 15:39:52,239819.91,SETTLED,B20260901-1
S900198,T100218,2026-09-01 12:21:53,5990.60,SETTLED,B20260901-6
S900199,T100219,2026-09-01 23:09:39,351.68,SETTLED,B20260901-3
S900200,T100220,2026-09-01 20:39:36,184121.58,SETTLED,B20260901-1
S900201,T100221,2026-09-01 22:13:45,104079.83,SETTLED,B20260901-1
S900202,T100222,2026-09-01 20:43:44,349603.83,SETTLED,B20260901-2
S900203,T100223,2026-09-01 07:01:24,42234.34,SETTLED,B20260901-5
S900204,T100226,2026-09-01 07:16:31,2494.19,SETTLED,B20260901-4
S900205,T100227,2026-09-01 06:55:38,22468.61,SETTLED,B20260901-5
S900206,T100228,2026-09-01 13:10:11,292362.10,SETTLED,B20260901-1
S900207,T100229,2026-09-01 19:03:47,1172.50,SETTLED,B20260901-6
S900208,T100230,2026-09-01 18:46:31,15637.08,SETTLED,B20260901-6
S900209,T100231,2026-09-01 19:09:11,364837.18,SETTLED,B20260901-6
S900210,T100233,2026-09-01 14:39:29,94323.89,SETTLED,B20260901-2
S900211,T100235,2026-09-01 14:08:58,127603.02,SETTLED,B20260901-3
S900212,T100236,2026-09-01 09:11:17,5292.41,SETTLED,B20260901-2
S900213,T100237,2026-09-01 08:29:08,156956.56,SETTLED,B20260901-3
S900214,T100238,2026-09-01 08:00:02,79452.37,SETTLED,B20260901-6
S900215,T100239,2026-09-01 19:34:17,1040.12,SETTLED,B20260901-1
S900216,T100240,2026-09-01 08:19:51,3935.69,SETTLED,B20260901-4
S900217,T100241,2026-09-01 17:33:10,1751.60,SETTLED,B20260901-4
S900218,T100242,2026-09-01 11:02:17,39907.37,SETTLED,B20260901-1
S900219,T100243,2026-09-01 14:23:27,17767.48,SETTLED,B20260901-3
S900220,T100244,2026-09-01 16:40:46,427.30,SETTLED,B20260901-2
S900221,T100245,2026-09-01 15:27:48,302746.88,SETTLED,B20260901-2
S900222,T100246,2026-09-01 08:15:56,388896.11,SETTLED,B20260901-6
S900223,T100247,2026-09-01 09:39:48,1232.40,SETTLED,B20260901-1
S900224,T100248,2026-09-01 08:59:06,52137.53,FAILED,B20260901-5
S900225,T100249,2026-09-02 12:01:17,5183.25,SETTLED,B20260902-3
S900226,T100250,2026-09-01 21:26:34,463.19,SETTLED,B20260901-3
S900227,T100251,2026-09-01 10:45:55,320.99,SETTLED,B20260901-5
S900228,T100252,2026-09-01 12:56:37,1293.01,SETTLED,B20260901-4
S900229,T100253,2026-09-01 19:17:20,30631.52,PENDING,B20260901-2
S900230,T100254,2026-09-01 09:55:21,5251.49,SETTLED,B20260901-1
S900231,T100255,2026-09-01 19:15:16,2654.31,SETTLED,B20260901-4
S900232,T100256,2026-09-01 16:17:27,3056.44,SETTLED,B20260901-4
S900233,T100257,2026-09-01 11:27:23,342701.59,SETTLED,B20260901-5
S900234,T100258,2026-09-01 21:16:58,50784.42,SETTLED,B20260901-2
S900235,T100259,2026-09-01 19:50:34,18060.94,SETTLED,B20260901-5
S900236,T100260,2026-09-01 15:10:15,50964.00,SETTLED,B20260901-4
S900237,T100261,2026-09-01 09:40:28,60049.08,SETTLED,B20260901-2
S900238,T100262,2026-09-01 23:24:05,250237.37,SETTLED,B20260901-3
S900239,T100263,2026-09-01 13:14:24,18508.93,SETTLED,B20260901-6
S900240,T100263,2026-09-01 13:15:24,4627.23,SETTLED,B20260901-4
S900241,T100265,2026-09-01 14:39:03,113930.44,SETTLED,B20260901-6
S900242,T100266,2026-09-01 18:17:03,3873.08,SETTLED,B20260901-6
S900243,T100269,2026-09-01 09:51:28,4618.38,SETTLED,B20260901-2
S900244,T100270,2026-09-01 16:07:12,168122.59,SETTLED,B20260901-1
S900245,T100271,2026-09-01 07:34:49,280072.79,SETTLED,B20260901-6
S900246,T100272,2026-09-01 06:49:41,2010.72,SETTLED,B20260901-1
S900247,T100273,2026-09-01 20:37:27,36309.99,FAILED,B20260901-3
S900248,T100274,2026-09-01 06:26:56,395905.39,SETTLED,B20260901-5
S900249,T100276,2026-09-01 14:15:11,86209.54,SETTLED,B20260901-3
S900250,T100277,2026-09-01 09:18:41,270600.44,SETTLED,B20260901-1
S900251,T100279,2026-09-01 09:39:32,41975.01,SETTLED,B20260901-1
S900252,T100280,2026-09-01 17:44:26,245596.40,SETTLED,B20260901-2
S900253,T100281,2026-09-01 18:30:37,2506.55,SETTLED,B20260901-4
S900254,T100281,2026-09-01 18:39:37,626.64,SETTLED,B20260901-5
S900255,T100282,2026-09-01 22:55:10,523.64,SETTLED,B20260901-3
S900256,T100283,2026-09-01 11:41:07,2022.68,SETTLED,B20260901-2
S900257,T100284,2026-09-01 21:01:48,228214.10,SETTLED,B20260901-4
S900258,T100285,2026-09-01 22:35:37,157238.26,SETTLED,B20260901-4
S900259,T100287,2026-09-01 22:55:34,-6790.78,SETTLED,B20260901-4
S900260,T100288,2026-09-01 08:32:01,182251.59,SETTLED,B20260901-4
S900261,T100289,2026-09-01 14:21:51,426.93,SETTLED,B20260901-2
S900262,T100290,2026-09-01 13:12:20,2707.53,SETTLED,B20260901-4
S900263,T100290,2026-09-01 13:17:20,676.88,SETTLED,B20260901-4
S900264,T100292,2026-09-01 20:26:27,42233.03,SETTLED,B20260901-2
S900265,T100293,2026-09-01 22:40:15,197590.77,SETTLED,B20260901-1
S900266,T100294,2026-09-01 07:18:56,79090.34,SETTLED,B20260901-6
S900267,T100295,2026-09-01 09:33:25,217287.12,SETTLED,B20260901-1
S900268,T100296,2026-09-01 12:48:18,264953.59,SETTLED,B20260901-5
S900269,T100297,2026-09-01 18:22:23,2030.97,SETTLED,B20260901-1
S900270,T100299,2026-09-01 10:24:04,1624.31,SETTLED,B20260901-4
S900271,T100300,2026-09-01 14:24:35,47822.73,SETTLED,B20260901-5
S900272,T100300,2026-09-01 14:31:35,11955.68,SETTLED,B20260901-1
S900273,T100301,2026-09-01 06:50:47,160340.65,SETTLED,B20260901-5
S900274,T100302,2026-09-01 12:18:24,1602.95,SETTLED,B20260901-2
S900275,T100304,2026-09-01 21:32:07,25488.43,SETTLED,B20260901-6
S900276,T100305,2026-09-01 11:43:46,20646.24,SETTLED,B20260901-4
S900277,T100306,2026-09-01 08:47:08,36303.18,SETTLED,B20260901-4
S900278,T100306,2026-09-01 08:52:08,9075.79,SETTLED,B20260901-6
S900279,T100307,2026-09-01 22:25:16,92391.11,SETTLED,B20260901-5
S900280,T100308,2026-09-01 23:10:55,3338.74,SETTLED,B20260901-5
S900281,T100310,2026-09-01 15:23:41,53951.51,SETTLED,B20260901-4
S900282,T100312,2026-09-01 16:01:53,18844.37,PENDING,B20260901-1
S900283,T100314,2026-09-01 22:32:51,605.57,SETTLED,B20260901-5
S900284,T100315,2026-09-01 11:00:16,381601.21,SETTLED,B20260901-1
S900285,T100316,2026-09-01 20:24:46,256770.99,SETTLED,B20260901-1
S900286,T100317,2026-09-01 11:22:02,159139.35,SETTLED,B20260901-2
S900287,T100318,2026-09-01 11:49:44,1835.85,SETTLED,B20260901-2
S900288,T100319,2026-09-01 06:45:19,277424.98,SETTLED,B20260901-5
S900289,T100320,2026-09-01 15:08:15,48320.56,SETTLED,B20260901-5
S900290,T100323,2026-09-01 18:19:03,40772.38,SETTLED,B20260901-2
S900291,T100324,2026-09-01 11:41:49,51941.76,SETTLED,B20260901-4
S900292,T100325,2026-09-01 08:29:56,11130.63,SETTLED,B20260901-3
S900293,T100326,2026-09-01 18:29:57,254493.01,SETTLED,B20260901-3
S900294,T100327,2026-09-01 08:16:54,25197.09,SETTLED,B20260901-1
S900295,T100327,2026-09-01 08:24:54,6299.27,SETTLED,B20260901-6
S900296,T100328,2026-09-01 18:51:38,2716.10,SETTLED,B20260901-1
S900297,T100328,2026-09-01 18:58:38,679.03,SETTLED,B20260901-4
S900298,T100329,2026-09-01 15:32:49,291703.77,SETTLED,B20260901-3
S900299,T100330,2026-09-01 10:36:44,665.96,SETTLED,B20260901-3
S900300,T100331,2026-09-01 13:07:05,3967.91,SETTLED,B20260901-4
S900301,T100332,2026-09-01 10:01:17,7198.40,SETTLED,B20260901-2
S900302,T100333,2026-09-02 00:36:08,235038.61,SETTLED,B20260902-3
S900303,T100334,2026-09-01 12:03:46,202294.85,SETTLED,B20260901-1
S900304,T100337,2026-09-01 23:58:09,1488.30,PENDING,B20260901-5
S900305,T100338,2026-09-01 12:13:15,19538.17,SETTLED,B20260901-4
S900306,T100339,2026-09-01 12:24:29,130102.21,SETTLED,B20260901-6
S900307,T100340,2026-09-01 18:14:42,35334.47,SETTLED,B20260901-4
S900308,T100341,2026-09-01 14:49:47,7334.62,SETTLED,B20260901-5
S900309,T100342,2026-09-01 16:04:56,38065.10,SETTLED,B20260901-4
S900310,T100343,2026-09-01 18:28:09,45967.02,SETTLED,B20260901-1
S900311,T100343,2026-09-01 18:39:09,11491.75,SETTLED,B20260901-1
S900312,T100344,2026-09-01 11:43:40,3644.79,SETTLED,B20260901-6
S900313,T100345,2026-09-01 13:06:49,2664.27,SETTLED,B20260901-5
S900314,T100346,2026-09-01 13:02:56,369392.52,SETTLED,B20260901-4
S900315,T100347,2026-09-01 13:25:42,341655.04,SETTLED,B20260901-1
S900316,T100348,2026-09-01 19:11:33,59201.27,SETTLED,B20260901-4
S900317,T100349,2026-09-01 19:19:08,456.37,SETTLED,B20260901-5
S900318,T100350,2026-09-01 16:49:16,10718.22,SETTLED,B20260901-5
S900319,T100351,2026-09-01 06:46:06,321652.65,SETTLED,B20260901-3
S900320,T100352,2026-09-01 17:45:50,44514.66,SETTLED,B20260901-6
S900321,T100353,2026-09-01 17:39:27,3374.78,SETTLED,B20260901-5
S900322,T100354,2026-09-01 18:46:36,10990.02,SETTLED,B20260901-5
S900323,T100355,2026-09-01 19:23:01,1254.05,SETTLED,B20260901-1
S900324,T100356,2026-09-01 22:46:58,6591.00,SETTLED,B20260901-6
S900325,T100357,2026-09-01 13:27:34,2404.39,SETTLED,B20260901-4
S900326,T100357,2026-09-01 13:35:34,601.10,SETTLED,B20260901-2
S900327,T100358,2026-09-01 19:55:00,53791.23,SETTLED,B20260901-2
S900328,T100359,2026-09-01 18:02:28,3206.60,SETTLED,B20260901-6
S900329,T100360,2026-09-01 21:16:53,14146.55,SETTLED,B20260901-1
S900330,T100361,2026-09-01 17:17:42,225737.86,SETTLED,B20260901-5
S900331,T100364,2026-09-01 19:58:27,58048.07,SETTLED,B20260901-2
S900332,T100365,2026-09-01 10:50:45,11539.60,SETTLED,B20260901-5
S900333,T100366,2026-09-01 19:12:09,26186.32,SETTLED,B20260901-6
S900334,T100367,2026-09-01 20:24:27,344650.65,SETTLED,B20260901-6
S900335,T100368,2026-09-01 16:55:12,1454.57,SETTLED,B20260901-6
S900336,T100369,2026-09-01 15:52:33,39683.10,SETTLED,B20260901-1
S900337,T100370,2026-09-01 09:47:41,99486.61,SETTLED,B20260901-4
S900338,T100371,2026-09-01 16:09:34,3753.71,SETTLED,B20260901-4
S900339,T100373,2026-09-01 10:15:55,10527.36,SETTLED,B20260901-4
S900340,T100374,2026-09-01 07:46:17,54468.86,FAILED,B20260901-4
S900341,T100375,2026-09-01 14:49:11,2511.36,SETTLED,B20260901-5
S900342,T100376,2026-09-01 17:47:05,44359.58,SETTLED,B20260901-4
S900343,T100377,2026-09-01 11:00:55,2723.43,SETTLED,B20260901-3
S900344,T100378,2026-09-01 10:21:58,8352.44,SETTLED,B20260901-1
S900345,T100378,2026-09-01 10:31:58,2088.11,SETTLED,B20260901-6
S900346,T100379,2026-09-01 07:23:52,284246.97,SETTLED,B20260901-4
S900347,T100380,2026-09-01 11:59:42,46111.13,FAILED,B20260901-5
S900348,T100380,2026-09-01 12:09:42,11527.78,SETTLED,B20260901-1
S900349,T100381,2026-09-01 06:19:40,2739.27,SETTLED,B20260901-1
S900350,T100382,2026-09-01 18:19:15,803.66,SETTLED,B20260901-4
S900351,T100383,2026-09-01 11:16:19,49810.68,SETTLED,B20260901-4
S900352,T100384,2026-09-01 18:18:44,289997.59,SETTLED,B20260901-6
S900353,T100386,2026-09-01 22:27:20,3983.56,SETTLED,B20260901-1
S900354,T100387,2026-09-01 15:49:07,56897.99,SETTLED,B20260901-4
S900355,T100388,2026-09-01 15:48:45,9051.66,SETTLED,B20260901-2
S900356,T100389,2026-09-01 22:27:13,1351.06,SETTLED,B20260901-6
S900357,T100390,2026-09-01 08:48:21,58571.16,SETTLED,B20260901-4
S900358,T100391,2026-09-01 20:16:50,7722.52,SETTLED,B20260901-1
S900359,T100393,2026-09-01 20:52:17,100510.10,SETTLED,B20260901-2
S900360,T100394,2026-09-01 22:11:55,396072.69,SETTLED,B20260901-3
S900361,T100395,2026-09-01 17:37:36,96690.25,SETTLED,B20260901-2
S900362,T100395,2026-09-01 17:49:36,24172.56,SETTLED,B20260901-6
S900363,T100396,2026-09-01 10:51:58,876.88,SETTLED,B20260901-1
S900364,T100397,2026-09-01 21:12:51,37766.24,SETTLED,B20260901-1
S900365,T100398,2026-09-01 10:31:22,3355.16,SETTLED,B20260901-3
S900366,T100399,2026-09-01 08:40:34,302454.14,SETTLED,B20260901-3
S900367,T100400,2026-09-01 20:01:35,1165.61,SETTLED,B20260901-3
S900368,T100402,2026-09-01 17:14:31,347383.81,SETTLED,B20260901-3
S900369,T100403,2026-09-01 09:02:00,1727.41,PENDING,B20260901-2
S900370,T100404,2026-09-01 12:53:11,57497.06,PENDING,B20260901-5
S900371,T100405,2026-09-01 08:25:03,2620.26,SETTLED,B20260901-5
S900372,T100406,2026-09-01 16:23:46,111198.03,SETTLED,B20260901-4
S900373,T100407,2026-09-01 19:55:43,440.03,SETTLED,B20260901-3
S900374,T100408,2026-09-01 14:06:07,379220.05,SETTLED,B20260901-3
S900375,T100409,2026-09-01 08:03:52,2194.61,SETTLED,B20260901-6
S900376,T100410,2026-09-01 07:59:37,49468.21,SETTLED,B20260901-4
S900377,T100411,2026-09-01 21:22:58,1494.98,SETTLED,B20260901-2
S900378,T100411,2026-09-01 21:31:58,373.74,SETTLED,B20260901-5
S900379,T100412,2026-09-01 15:50:17,2743.98,SETTLED,B20260901-2
S900380,T100413,2026-09-01 19:43:41,19541.73,SETTLED,B20260901-4
S900381,T100415,2026-09-01 06:23:08,-53435.17,SETTLED,B20260901-4
S900382,T100416,2026-09-01 22:55:13,59800.31,SETTLED,B20260901-1
S900383,T100417,2026-09-01 06:50:43,267832.46,SETTLED,B20260901-2
S900384,T100417,2026-09-01 07:00:43,66958.12,SETTLED,B20260901-1
S900385,T100418,2026-09-01 16:32:44,33037.67,SETTLED,B20260901-5
S900386,T100419,2026-09-01 12:32:24,160823.76,SETTLED,B20260901-3
S900387,T100420,2026-09-01 16:03:03,24769.05,SETTLED,B20260901-3
S900388,T100421,2026-09-01 19:14:10,341943.96,SETTLED,B20260901-6
S900389,T100423,2026-09-02 03:04:37,346072.33,SETTLED,B20260902-6
S900390,T100424,2026-09-01 15:19:47,27514.37,SETTLED,B20260901-6
S900391,T100426,2026-09-01 12:44:54,163251.63,SETTLED,B20260901-2
S900392,T100427,2026-09-01 09:29:45,2213.62,SETTLED,B20260901-3
S900393,T100429,2026-09-01 11:19:17,3429.97,PENDING,B20260901-6
S900394,T100430,2026-09-01 11:52:40,2595.45,SETTLED,B20260901-1
S900395,T100431,2026-09-01 20:18:50,56239.82,SETTLED,B20260901-6
S900396,T100432,2026-09-01 14:17:24,1075.08,SETTLED,B20260901-3
S900397,T100433,2026-09-01 11:27:08,1001.38,SETTLED,B20260901-4
S900398,T100434,2026-09-01 17:11:51,2617.70,SETTLED,B20260901-4
S900399,T100435,2026-09-01 17:38:33,38508.61,SETTLED,B20260901-2
S900400,T100436,2026-09-01 11:35:46,2400.08,SETTLED,B20260901-1
S900401,T100437,2026-09-01 22:07:10,3769.16,SETTLED,B20260901-6
S900402,T100438,2026-09-01 19:58:39,261213.06,SETTLED,B20260901-2
S900403,T100439,2026-09-01 20:34:49,40186.42,SETTLED,B20260901-4
S900404,T100441,2026-09-01 14:49:02,12083.10,SETTLED,B20260901-4
S900405,T100442,2026-09-01 07:51:13,5904.15,SETTLED,B20260901-5
S900406,T100443,2026-09-01 18:38:15,129721.55,SETTLED,B20260901-6
S900407,T100443,2026-09-01 18:42:15,32430.39,SETTLED,B20260901-5
S900408,T100444,2026-09-01 13:24:42,46464.31,SETTLED,B20260901-6
S900409,T100445,2026-09-01 06:59:15,47428.96,SETTLED,B20260901-6
S900410,T100447,2026-09-01 14:33:37,3899.82,SETTLED,B20260901-1
S900411,T100448,2026-09-01 13:52:25,8308.15,SETTLED,B20260901-4
S900412,T100450,2026-09-01 09:30:43,123603.21,PENDING,B20260901-4
S900413,T100451,2026-09-01 08:15:42,283833.56,SETTLED,B20260901-5
S900414,T100452,2026-09-01 13:42:20,23526.57,SETTLED,B20260901-4
S900415,T100453,2026-09-01 13:34:41,176920.97,SETTLED,B20260901-2
S900416,T100454,2026-09-01 20:06:40,126444.03,SETTLED,B20260901-6
S900417,T100455,2026-09-01 15:56:25,30649.70,SETTLED,B20260901-6
S900418,T100456,2026-09-01 18:17:34,51281.93,SETTLED,B20260901-1
S900419,T100457,2026-09-01 14:47:35,1832.94,SETTLED,B20260901-5
S900420,T100459,2026-09-01 20:38:49,3002.34,SETTLED,B20260901-1
S900421,T100461,2026-09-01 16:44:46,98266.85,SETTLED,B20260901-6
S900422,T100462,2026-09-01 06:58:29,233180.28,SETTLED,B20260901-2
S900423,T100463,2026-09-01 21:29:11,73114.02,SETTLED,B20260901-4
S900424,T100464,2026-09-01 21:18:20,213987.54,SETTLED,B20260901-6
S900425,T100466,2026-09-01 10:33:42,157829.31,SETTLED,B20260901-1
S900426,T100467,2026-09-01 20:25:03,72169.95,SETTLED,B20260901-4
S900427,T100468,2026-09-01 20:46:43,370091.91,SETTLED,B20260901-4
S900428,T100469,2026-09-01 17:33:23,53083.71,SETTLED,B20260901-3
S900429,T100470,2026-09-01 16:59:16,41933.00,SETTLED,B20260901-3
S900430,T100471,2026-09-01 13:35:24,142548.64,SETTLED,B20260901-4
S900431,T100472,2026-09-01 09:49:56,59233.61,SETTLED,B20260901-2
S900432,T100473,2026-09-01 09:44:05,37370.03,SETTLED,B20260901-5
S900433,T100474,2026-09-01 10:54:44,147216.32,SETTLED,B20260901-3
S900434,T100475,2026-09-01 08:02:04,68032.69,SETTLED,B20260901-4
S900435,T100476,2026-09-01 19:19:50,46497.34,SETTLED,B20260901-2
S900436,T100477,2026-09-01 22:58:29,193105.16,SETTLED,B20260901-5
S900437,T100478,2026-09-01 13:16:49,3815.07,SETTLED,B20260901-5
S900438,T100479,2026-09-01 13:56:47,296.04,SETTLED,B20260901-5
S900439,T100480,2026-09-01 22:36:27,33953.26,SETTLED,B20260901-6
S900440,T100480,2026-09-01 22:43:27,8488.31,SETTLED,B20260901-3
S900441,T100481,2026-09-01 15:50:30,170681.41,SETTLED,B20260901-6
S900442,T100483,2026-09-01 20:44:16,388164.75,SETTLED,B20260901-2
S900443,T100484,2026-09-01 16:40:13,55134.61,SETTLED,B20260901-6
S900444,T100486,2026-09-01 15:47:37,371954.98,SETTLED,B20260901-6
S900445,T100487,2026-09-01 18:29:28,609.97,SETTLED,B20260901-5
S900446,T100488,2026-09-01 18:54:28,92816.12,SETTLED,B20260901-2
S900447,T100489,2026-09-01 07:24:43,44087.51,SETTLED,B20260901-3
S900448,T100490,2026-09-01 11:24:41,90072.42,SETTLED,B20260901-1
S900449,T100491,2026-09-01 22:25:39,997.85,SETTLED,B20260901-4
S900450,T100492,2026-09-01 11:13:01,39684.41,SETTLED,B20260901-1
S900451,T100493,2026-09-01 12:19:56,27736.58,SETTLED,B20260901-4
S900452,T100494,2026-09-02 05:02:01,188755.27,SETTLED,B20260902-4
S900453,T100498,2026-09-01 18:36:07,225504.09,SETTLED,B20260901-4
S900454,T100499,2026-09-01 10:48:38,117710.94,SETTLED,B20260901-3
S900455,T100501,2026-09-01 16:38:15,190443.30,SETTLED,B20260901-3
S900456,T100502,2026-09-01 11:43:17,3296.17,SETTLED,B20260901-3
S900457,T100503,2026-09-01 19:06:27,119106.24,SETTLED,B20260901-5
S900458,T100504,2026-09-01 21:38:27,3200.59,SETTLED,B20260901-6
S900459,T100505,2026-09-01 06:27:52,116774.42,SETTLED,B20260901-1
S900460,T100506,2026-09-01 09:44:33,2392.03,SETTLED,B20260901-6
S900461,T100507,2026-09-01 06:38:15,2461.31,SETTLED,B20260901-1
S900462,T100508,2026-09-01 21:26:35,180699.77,SETTLED,B20260901-3
S900463,T100510,2026-09-01 09:36:20,2861.43,SETTLED,B20260901-2
S900464,T100511,2026-09-01 12:41:29,168320.26,SETTLED,B20260901-2
S900465,T100511,2026-09-01 12:42:29,42080.06,SETTLED,B20260901-3
S900466,T100512,2026-09-01 07:08:24,3958.93,SETTLED,B20260901-3
S900467,T100513,2026-09-01 22:17:38,1531.50,SETTLED,B20260901-1
S900468,T100514,2026-09-01 23:56:04,377.97,SETTLED,B20260901-1
S900469,T100514,2026-09-02 00:08:04,94.49,SETTLED,B20260902-1
S900470,T100515,2026-09-01 14:16:23,56623.91,SETTLED,B20260901-1
S900471,T100516,2026-09-01 15:36:42,27341.71,SETTLED,B20260901-6
S900472,T100516,2026-09-01 15:46:42,6835.43,SETTLED,B20260901-1
S900473,T100517,2026-09-01 22:22:49,1655.35,SETTLED,B20260901-3
S900474,T100518,2026-09-01 17:10:10,70319.66,SETTLED,B20260901-1
S900475,T100519,2026-09-01 17:19:50,56358.46,SETTLED,B20260901-4
S900476,T100520,2026-09-01 13:08:56,156.00,SETTLED,B20260901-1
S900477,T100521,2026-09-01 11:57:20,235651.71,SETTLED,B20260901-6
S900478,T100522,2026-09-01 19:16:54,471.15,SETTLED,B20260901-2
S900479,T100523,2026-09-01 08:17:12,2729.14,SETTLED,B20260901-5
S900480,T100524,2026-09-01 12:57:54,113603.32,SETTLED,B20260901-1
S900481,T100525,2026-09-01 20:59:45,3233.20,SETTLED,B20260901-6
S900482,T100526,2026-09-01 14:19:36,320132.00,SETTLED,B20260901-2
S900483,T100527,2026-09-01 20:00:39,47743.66,SETTLED,B20260901-1
S900484,T100528,2026-09-01 16:32:15,1099.36,SETTLED,B20260901-2
S900485,T100529,2026-09-01 15:21:40,378962.52,SETTLED,B20260901-5
S900486,T100530,2026-09-01 22:34:02,267272.38,SETTLED,B20260901-5
S900487,T100531,2026-09-01 23:27:30,121902.64,SETTLED,B20260901-4
S900488,T100532,2026-09-01 12:46:30,3569.22,SETTLED,B20260901-1
S900489,T100533,2026-09-01 08:51:42,24020.56,SETTLED,B20260901-5
S900490,T100534,2026-09-01 20:44:00,18569.65,SETTLED,B20260901-6
S900491,T100536,2026-09-01 09:50:55,391149.45,SETTLED,B20260901-2
S900492,T100537,2026-09-01 22:36:58,113741.14,SETTLED,B20260901-1
S900493,T100537,2026-09-01 22:42:58,28435.28,SETTLED,B20260901-1
S900494,T100538,2026-09-01 06:53:29,36571.75,SETTLED,B20260901-3
S900495,T100539,2026-09-01 17:47:22,3521.61,SETTLED,B20260901-4
S900496,T100540,2026-09-01 18:15:06,358076.25,SETTLED,B20260901-3
S900497,T100541,2026-09-01 23:09:04,1021.59,SETTLED,B20260901-4
S900498,T100542,2026-09-01 15:20:16,34027.26,SETTLED,B20260901-6
S900499,T100542,2026-09-01 15:31:16,8506.82,FAILED,B20260901-1
S900500,T100543,2026-09-01 13:16:35,102796.25,SETTLED,B20260901-2
S900501,T100544,2026-09-01 22:22:20,1956.52,SETTLED,B20260901-5
S900502,T100545,2026-09-01 07:05:00,14143.52,SETTLED,B20260901-5
S900503,T100546,2026-09-01 22:21:01,1364.62,FAILED,B20260901-6
S900504,T100547,2026-09-01 16:31:22,2256.16,SETTLED,B20260901-2
S900505,T100548,2026-09-01 08:42:23,81843.79,SETTLED,B20260901-2
S900506,T100548,2026-09-01 08:42:23,20460.95,PENDING,B20260901-1
S900507,T100550,2026-09-01 14:26:07,913.03,SETTLED,B20260901-1
S900508,T100551,2026-09-01 08:40:47,38774.45,SETTLED,B20260901-4
S900509,T100552,2026-09-01 12:16:09,336256.22,SETTLED,B20260901-5
S900510,T100553,2026-09-01 22:28:30,1252.07,SETTLED,B20260901-4
S900511,T100554,2026-09-01 16:35:12,45469.19,SETTLED,B20260901-2
S900512,T100555,2026-09-01 20:19:43,3434.01,SETTLED,B20260901-2
S900513,T100557,2026-09-01 16:13:37,321388.16,SETTLED,B20260901-2
S900514,T100558,2026-09-01 06:31:55,1767.90,SETTLED,B20260901-6
S900515,T100559,2026-09-01 12:55:31,354057.62,SETTLED,B20260901-6
S900516,T100560,2026-09-01 17:46:37,667.00,SETTLED,B20260901-5
S900517,T100561,2026-09-01 10:50:41,33666.21,SETTLED,B20260901-3
S900518,T100562,2026-09-01 19:25:43,2720.89,SETTLED,B20260901-1
S900519,T100563,2026-09-01 18:09:48,354485.07,SETTLED,B20260901-2
S900520,T100564,2026-09-01 19:46:05,147262.64,SETTLED,B20260901-3
S900521,T100564,2026-09-01 19:57:05,36815.66,SETTLED,B20260901-4
S900522,T100565,2026-09-01 09:41:11,1785.13,SETTLED,B20260901-1
S900523,T100566,2026-09-01 16:52:27,338740.92,SETTLED,B20260901-5
S900524,T100567,2026-09-01 20:42:01,5616.08,SETTLED,B20260901-6
S900525,T100568,2026-09-01 20:26:54,27184.08,SETTLED,B20260901-5
S900526,T100569,2026-09-01 18:25:31,1077.27,FAILED,B20260901-1
S900527,T100570,2026-09-01 06:47:43,282015.31,SETTLED,B20260901-4
S900528,T100571,2026-09-01 22:08:49,87626.45,SETTLED,B20260901-2
S900529,T100572,2026-09-01 10:50:57,391608.65,SETTLED,B20260901-4
S900530,T100573,2026-09-01 09:38:12,37129.49,SETTLED,B20260901-4
S900531,T100574,2026-09-01 22:25:38,131736.67,SETTLED,B20260901-3
S900532,T100576,2026-09-01 19:46:10,14930.18,SETTLED,B20260901-2
S900533,T100577,2026-09-01 10:17:41,2575.23,SETTLED,B20260901-4
S900534,T100579,2026-09-01 11:53:34,361507.78,SETTLED,B20260901-2
S900535,T100580,2026-09-01 06:32:54,168135.93,SETTLED,B20260901-3
S900536,T100581,2026-09-01 12:57:24,37801.57,SETTLED,B20260901-5
S900537,T100582,2026-09-01 16:45:11,195763.30,SETTLED,B20260901-3
S900538,T100583,2026-09-01 06:33:01,79163.70,SETTLED,B20260901-6
S900539,T100584,2026-09-01 11:47:49,115768.42,SETTLED,B20260901-5
S900540,T100585,2026-09-01 23:03:36,364123.86,SETTLED,B20260901-5
S900541,T100586,2026-09-01 13:07:54,335562.03,SETTLED,B20260901-1
S900542,T100588,2026-09-01 14:15:33,2049.68,SETTLED,B20260901-2
S900543,T100589,2026-09-01 11:09:33,283812.48,SETTLED,B20260901-4
S900544,T100590,2026-09-01 12:43:35,3510.11,SETTLED,B20260901-5
S900545,T100591,2026-09-01 16:17:12,2920.87,FAILED,B20260901-5
S900546,T100591,2026-09-01 16:28:12,730.22,SETTLED,B20260901-4
S900547,T100592,2026-09-01 20:20:47,253475.33,SETTLED,B20260901-1
S900548,T100593,2026-09-02 09:29:02,20090.03,SETTLED,B20260902-2
S900549,T100595,2026-09-01 21:25:28,138100.97,SETTLED,B20260901-6
S900550,T100596,2026-09-01 07:27:03,3805.18,SETTLED,B20260901-4
S900551,T100597,2026-09-01 20:03:06,2533.80,SETTLED,B20260901-2
S900552,T100598,2026-09-01 08:36:53,2233.63,SETTLED,B20260901-6
S900553,T100599,2026-09-01 20:33:19,59184.90,SETTLED,B20260901-2
S900554,T100599,2026-09-01 20:36:19,14796.23,SETTLED,B20260901-4
S900555,T100600,2026-09-01 07:27:40,311359.29,SETTLED,B20260901-6
S900556,T100601,2026-09-01 17:16:19,52818.72,SETTLED,B20260901-5
S900557,T100602,2026-09-01 16:35:23,54169.85,SETTLED,B20260901-6
S900558,T100603,2026-09-01 15:05:25,9096.65,PENDING,B20260901-4
S900559,T100605,2026-09-01 12:20:39,339418.95,SETTLED,B20260901-5
S900560,T100606,2026-09-01 17:47:10,136304.01,SETTLED,B20260901-2
S900561,T100607,2026-09-01 17:35:44,209102.68,SETTLED,B20260901-4
S900562,T100608,2026-09-01 10:16:42,2393.04,SETTLED,B20260901-6
S900563,T100609,2026-09-01 21:48:22,40273.81,SETTLED,B20260901-1
S900564,T100610,2026-09-01 11:22:23,41717.29,SETTLED,B20260901-1
S900565,T100610,2026-09-01 11:32:23,10429.32,SETTLED,B20260901-2
S900566,T100611,2026-09-01 08:04:39,141703.65,SETTLED,B20260901-5
S900567,T100612,2026-09-01 19:59:28,289872.54,SETTLED,B20260901-5
S900568,T100613,2026-09-01 06:37:44,216341.85,SETTLED,B20260901-6
S900569,T100614,2026-09-01 14:00:03,163019.16,SETTLED,B20260901-1
S900570,T100615,2026-09-01 10:32:22,15329.24,SETTLED,B20260901-4
S900571,T100616,2026-09-01 21:15:24,221849.85,SETTLED,B20260901-6
S900572,T100617,2026-09-01 15:15:14,180248.67,SETTLED,B20260901-1
S900573,T100618,2026-09-01 08:50:03,284064.65,SETTLED,B20260901-6
S900574,T100620,2026-09-01 11:31:03,24985.91,SETTLED,B20260901-2
S900575,T100622,2026-09-01 20:24:16,15635.50,SETTLED,B20260901-2
S900576,T100623,2026-09-01 08:22:53,48089.67,PENDING,B20260901-1
S900577,T100624,2026-09-01 06:27:13,48526.81,SETTLED,B20260901-3
S900578,T100625,2026-09-01 13:34:52,24741.35,SETTLED,B20260901-2
S900579,T100628,2026-09-01 22:34:35,1625.26,SETTLED,B20260901-5
S900580,T100629,2026-09-01 11:59:59,388605.51,SETTLED,B20260901-1
S900581,T100630,2026-09-01 06:12:51,398227.63,SETTLED,B20260901-1
S900582,T100631,2026-09-01 19:15:05,54213.20,SETTLED,B20260901-6
S900583,T100632,2026-09-01 11:38:57,2896.75,SETTLED,B20260901-2
S900584,T100633,2026-09-01 11:48:27,45312.62,SETTLED,B20260901-2
S900585,T100635,2026-09-01 10:27:53,117684.68,SETTLED,B20260901-3
S900586,T100636,2026-09-01 20:08:05,403.19,SETTLED,B20260901-3
S900587,T100637,2026-09-01 17:38:05,16039.28,SETTLED,B20260901-6
S900588,T100637,2026-09-01 17:41:05,4009.82,SETTLED,B20260901-6
S900589,T100638,2026-09-01 09:18:09,2562.24,SETTLED,B20260901-1
S900590,T100639,2026-09-02 09:58:22,3662.79,PENDING,B20260902-5
S900591,T100640,2026-09-01 16:09:06,16709.89,SETTLED,B20260901-2
S900592,T100641,2026-09-01 10:19:50,255552.19,SETTLED,B20260901-4
S900593,T100642,2026-09-01 15:52:37,31666.59,SETTLED,B20260901-5
S900594,T100643,2026-09-01 10:38:22,3291.43,SETTLED,B20260901-3
S900595,T100644,2026-09-01 17:55:23,108986.84,SETTLED,B20260901-1
S900596,T100645,2026-09-01 09:51:34,3014.79,SETTLED,B20260901-6
S900597,T100646,2026-09-01 16:39:13,47230.63,SETTLED,B20260901-1
S900598,T100647,2026-09-01 18:24:53,24995.47,SETTLED,B20260901-5
S900599,T100648,2026-09-01 13:48:31,3897.95,SETTLED,B20260901-1
S900600,T100650,2026-09-01 17:13:57,2120.75,SETTLED,B20260901-4
S900601,T100651,2026-09-01 13:17:11,2450.64,PENDING,B20260901-3
S900602,T100652,2026-09-01 07:38:24,3184.98,SETTLED,B20260901-1
S900603,T100654,2026-09-01 14:01:11,3339.76,SETTLED,B20260901-1
S900604,T100655,2026-09-01 07:57:46,1301.77,SETTLED,B20260901-3
S900605,T100656,2026-09-01 12:26:11,158766.69,SETTLED,B20260901-3
S900606,T100657,2026-09-01 21:58:33,196277.05,SETTLED,B20260901-2
S900607,T100658,2026-09-01 19:06:10,159036.77,SETTLED,B20260901-2
S900608,T100659,2026-09-01 20:21:27,194272.89,SETTLED,B20260901-2
S900609,T100660,2026-09-01 14:08:37,130560.79,SETTLED,B20260901-3
S900610,T100662,2026-09-01 09:19:37,2313.84,SETTLED,B20260901-1
S900611,T100663,2026-09-01 22:07:09,887.62,SETTLED,B20260901-2
S900612,T100664,2026-09-01 21:27:21,29332.48,SETTLED,B20260901-2
S900613,T100665,2026-09-01 15:37:07,918.19,SETTLED,B20260901-4
S900614,T100666,2026-09-01 10:58:14,85888.36,SETTLED,B20260901-5
S900615,T100667,2026-09-01 13:24:33,9548.75,SETTLED,B20260901-4
S900616,T100668,2026-09-01 11:48:20,1158.05,SETTLED,B20260901-5
S900617,T100669,2026-09-01 21:26:05,2492.03,SETTLED,B20260901-6
S900618,T100670,2026-09-01 17:04:28,89065.86,SETTLED,B20260901-6
S900619,T100671,2026-09-01 20:01:41,3802.31,SETTLED,B20260901-1
S900620,T100672,2026-09-01 16:26:56,408.13,SETTLED,B20260901-4
S900621,T100673,2026-09-01 16:23:39,9447.13,SETTLED,B20260901-3
S900622,T100674,2026-09-01 09:05:02,239333.59,SETTLED,B20260901-4
S900623,T100675,2026-09-01 09:54:28,49516.74,SETTLED,B20260901-4
S900624,T100676,2026-09-01 11:16:58,25523.50,SETTLED,B20260901-1
S900625,T100677,2026-09-01 08:13:30,392624.50,SETTLED,B20260901-6
S900626,T100678,2026-09-01 08:36:37,1672.57,SETTLED,B20260901-2
S900627,T100679,2026-09-01 22:06:36,1320.26,SETTLED,B20260901-2
S900628,T100680,2026-09-01 17:07:54,121032.49,SETTLED,B20260901-5
S900629,T100681,2026-09-01 06:55:41,1395.36,SETTLED,B20260901-4
S900630,T100682,2026-09-01 21:18:47,154752.18,SETTLED,B20260901-1
S900631,T100684,2026-09-01 12:44:11,850.34,SETTLED,B20260901-5
S900632,T100685,2026-09-01 07:50:59,296179.37,SETTLED,B20260901-4
S900633,T100686,2026-09-01 22:31:27,542.90,SETTLED,B20260901-3
S900634,T100688,2026-09-01 18:23:25,129060.07,SETTLED,B20260901-3
S900635,T100689,2026-09-01 18:52:45,1472.14,SETTLED,B20260901-1
S900636,T100690,2026-09-01 20:42:18,305413.90,SETTLED,B20260901-3
S900637,T100691,2026-09-01 22:04:44,351536.08,SETTLED,B20260901-1
S900638,T100692,2026-09-01 08:46:48,57685.60,SETTLED,B20260901-1
S900639,T100693,2026-09-01 13:08:15,54790.46,SETTLED,B20260901-4
S900640,T100694,2026-09-01 07:54:09,21712.99,SETTLED,B20260901-5
S900641,T100695,2026-09-01 06:42:04,95291.17,SETTLED,B20260901-6
S900642,T100696,2026-09-01 17:58:15,103368.01,SETTLED,B20260901-4
S900643,T100697,2026-09-01 09:58:52,1022.19,SETTLED,B20260901-3
S900644,T100697,2026-09-01 09:58:52,255.55,SETTLED,B20260901-4
S900645,T100698,2026-09-01 11:07:14,27786.15,SETTLED,B20260901-3
S900646,T100699,2026-09-01 09:05:23,2594.49,SETTLED,B20260901-1
S900647,T100700,2026-09-01 12:49:02,36713.41,SETTLED,B20260901-5
S900648,T100701,2026-09-01 12:07:08,1339.90,SETTLED,B20260901-6
S900649,T100702,2026-09-01 10:56:28,30818.85,SETTLED,B20260901-2
S900650,T100703,2026-09-01 09:55:34,284743.65,SETTLED,B20260901-3
S900651,T100704,2026-09-01 11:21:43,111331.20,SETTLED,B20260901-5
S900652,T100704,2026-09-01 11:29:43,27832.80,SETTLED,B20260901-2
S900653,T100705,2026-09-01 06:39:36,-42836.06,SETTLED,B20260901-1
S900654,T100706,2026-09-01 20:29:17,2698.60,SETTLED,B20260901-3
S900655,T100707,2026-09-01 17:26:28,1349.99,SETTLED,B20260901-2
S900656,T100708,2026-09-01 19:11:59,1267.32,SETTLED,B20260901-5
S900657,T100709,2026-09-01 11:04:09,31391.53,PENDING,B20260901-1
S900658,T100710,2026-09-01 15:17:32,50628.94,SETTLED,B20260901-4
S900659,T100711,2026-09-01 11:06:36,2508.96,SETTLED,B20260901-5
S900660,T100713,2026-09-01 17:56:15,19645.63,SETTLED,B20260901-6
S900661,T100714,2026-09-01 20:25:52,329673.62,SETTLED,B20260901-6
S900662,T928110,2026-09-01 18:00:00,1474.69,SETTLED,B20260901-9
S900663,T926150,2026-09-01 20:00:00,10034.94,SETTLED,B20260901-9
S900664,T976798,2026-09-01 15:00:00,2871.74,SETTLED,B20260901-9
S900665,T953316,2026-09-01 16:00:00,6703.86,SETTLED,B20260901-9
S900666,T100715,2026-09-02 12:57:27,2135.94,SETTLED,B20260902-6
S900667,T100715,2026-09-02 13:00:27,533.99,PENDING,B20260902-1
S900668,T100716,2026-09-02 17:12:45,265932.66,SETTLED,B20260902-4
S900669,T100717,2026-09-02 20:32:14,61568.84,SETTLED,B20260902-2
S900670,T100722,2026-09-02 15:32:27,3112.42,SETTLED,B20260902-1
S900671,T100723,2026-09-02 21:04:17,13596.70,SETTLED,B20260902-5
S900672,T100724,2026-09-02 10:07:49,2479.91,SETTLED,B20260902-6
S900673,T100725,2026-09-02 14:11:40,48056.25,SETTLED,B20260902-2
S900674,T100726,2026-09-02 17:02:46,6203.07,SETTLED,B20260902-5
S900675,T100727,2026-09-02 13:39:51,970.09,SETTLED,B20260902-2
S900676,T100728,2026-09-02 11:12:55,3563.66,SETTLED,B20260902-5
S900677,T100729,2026-09-02 11:18:52,9485.87,SETTLED,B20260902-4
S900678,T100730,2026-09-02 19:13:32,3868.08,SETTLED,B20260902-3
S900679,T100731,2026-09-02 18:13:56,357.13,SETTLED,B20260902-5
S900680,T100732,2026-09-02 22:59:20,8835.53,SETTLED,B20260902-3
S900681,T100733,2026-09-02 10:15:09,36210.84,SETTLED,B20260902-5
S900682,T100734,2026-09-02 11:04:21,2348.54,SETTLED,B20260902-3
S900683,T100735,2026-09-02 08:47:04,317236.88,SETTLED,B20260902-6
S900684,T100736,2026-09-02 23:02:17,1275.04,SETTLED,B20260902-5
S900685,T100737,2026-09-02 19:52:04,2962.48,SETTLED,B20260902-3
S900686,T100738,2026-09-02 19:13:10,712.69,SETTLED,B20260902-5
S900687,T100739,2026-09-02 20:14:55,47421.19,SETTLED,B20260902-5
S900688,T100741,2026-09-02 07:15:34,38518.55,SETTLED,B20260902-1
S900689,T100742,2026-09-02 07:28:30,45115.23,SETTLED,B20260902-1
S900690,T100743,2026-09-02 14:34:55,185936.10,SETTLED,B20260902-3
S900691,T100744,2026-09-02 14:19:01,377391.85,SETTLED,B20260902-5
S900692,T100745,2026-09-02 23:03:58,314520.84,SETTLED,B20260902-6
S900693,T100746,2026-09-02 18:33:44,53989.46,SETTLED,B20260902-5
S900694,T100747,2026-09-02 07:30:09,368215.51,SETTLED,B20260902-2
S900695,T100748,2026-09-02 18:35:34,4204.64,SETTLED,B20260902-3
S900696,T100749,2026-09-02 11:35:36,412.83,SETTLED,B20260902-1
S900697,T100751,2026-09-02 14:19:07,255803.50,SETTLED,B20260902-1
S900698,T100752,2026-09-02 14:33:48,3473.00,SETTLED,B20260902-2
S900699,T100753,2026-09-02 15:27:22,3112.94,SETTLED,B20260902-3
S900700,T100754,2026-09-02 15:13:59,212344.45,SETTLED,B20260902-3
S900701,T100755,2026-09-02 19:52:14,59882.87,SETTLED,B20260902-2
S900702,T100756,2026-09-02 13:22:30,2508.69,SETTLED,B20260902-4
S900703,T100757,2026-09-02 13:07:02,3668.94,SETTLED,B20260902-4
S900704,T100759,2026-09-02 20:03:44,53717.92,SETTLED,B20260902-6
S900705,T100760,2026-09-02 16:25:09,175199.94,SETTLED,B20260902-2
S900706,T100760,2026-09-02 16:29:09,43799.99,SETTLED,B20260902-2
S900707,T100761,2026-09-02 16:21:05,2179.78,SETTLED,B20260902-5
S900708,T100763,2026-09-02 12:06:53,5989.64,SETTLED,B20260902-6
S900709,T100763,2026-09-02 12:16:53,1497.41,SETTLED,B20260902-1
S900710,T100764,2026-09-02 15:06:53,24464.80,SETTLED,B20260902-2
S900711,T100765,2026-09-02 06:17:57,22279.62,SETTLED,B20260902-1
S900712,T100767,2026-09-02 21:07:59,22667.30,SETTLED,B20260902-2
S900713,T100768,2026-09-02 10:07:09,147213.80,SETTLED,B20260902-4
S900714,T100769,2026-09-02 19:43:18,20398.61,SETTLED,B20260902-4
S900715,T100770,2026-09-02 07:04:05,2214.33,SETTLED,B20260902-3
S900716,T100771,2026-09-02 14:07:25,34947.24,SETTLED,B20260902-6
S900717,T100772,2026-09-02 10:38:42,3968.93,SETTLED,B20260902-2
S900718,T100773,2026-09-02 16:47:49,2239.67,SETTLED,B20260902-2
S900719,T100774,2026-09-02 16:18:14,161491.38,SETTLED,B20260902-6
S900720,T100776,2026-09-02 17:19:23,59025.11,SETTLED,B20260902-5
S900721,T100777,2026-09-02 11:27:00,85362.71,SETTLED,B20260902-6
S900722,T100777,2026-09-02 11:32:00,21340.68,SETTLED,B20260902-4
S900723,T100778,2026-09-02 12:04:41,156727.34,SETTLED,B20260902-4
S900724,T100780,2026-09-02 22:03:13,245418.37,SETTLED,B20260902-2
S900725,T100781,2026-09-02 18:18:00,3414.36,SETTLED,B20260902-1
S900726,T100782,2026-09-02 12:57:56,2908.34,SETTLED,B20260902-6
S900727,T100782,2026-09-02 12:59:56,727.09,SETTLED,B20260902-4
S900728,T100783,2026-09-02 18:10:18,1645.76,SETTLED,B20260902-1
S900729,T100783,2026-09-02 18:11:18,411.44,SETTLED,B20260902-3
S900730,T100785,2026-09-02 09:23:10,102075.17,SETTLED,B20260902-5
S900731,T100786,2026-09-02 11:02:34,523.46,SETTLED,B20260902-4
S900732,T100787,2026-09-02 17:30:02,146588.72,SETTLED,B20260902-6
S900733,T100788,2026-09-02 06:42:42,236562.63,SETTLED,B20260902-1
S900734,T100789,2026-09-02 18:48:40,109130.13,SETTLED,B20260902-4
S900735,T100789,2026-09-02 18:49:40,27282.53,SETTLED,B20260902-5
S900736,T100790,2026-09-02 23:02:17,39455.33,SETTLED,B20260902-4
S900737,T100791,2026-09-02 20:58:51,68209.46,SETTLED,B20260902-5
S900738,T100792,2026-09-02 16:29:37,19506.10,SETTLED,B20260902-5
S900739,T100793,2026-09-02 18:16:22,3190.88,SETTLED,B20260902-3
S900740,T100794,2026-09-02 21:14:59,1040.38,SETTLED,B20260902-6
S900741,T100795,2026-09-02 11:54:36,289243.21,SETTLED,B20260902-1
S900742,T100796,2026-09-02 21:40:33,160561.35,PENDING,B20260902-5
S900743,T100797,2026-09-02 07:47:03,137960.41,SETTLED,B20260902-5
S900744,T100798,2026-09-02 15:30:25,58959.23,SETTLED,B20260902-6
S900745,T100799,2026-09-02 06:50:14,53882.55,SETTLED,B20260902-3
S900746,T100800,2026-09-02 21:29:57,137121.81,PENDING,B20260902-6
S900747,T100801,2026-09-02 15:09:15,85661.24,SETTLED,B20260902-5
S900748,T100801,2026-09-02 15:13:15,21415.31,SETTLED,B20260902-2
S900749,T100804,2026-09-02 18:23:57,1731.97,SETTLED,B20260902-3
S900750,T100805,2026-09-02 07:56:02,3696.81,SETTLED,B20260902-5
S900751,T100806,2026-09-02 07:41:05,6541.84,SETTLED,B20260902-3
S900752,T100807,2026-09-02 10:18:00,30315.91,SETTLED,B20260902-5
S900753,T100808,2026-09-02 08:28:56,26130.06,SETTLED,B20260902-4
S900754,T100809,2026-09-02 15:37:38,204288.41,SETTLED,B20260902-2
S900755,T100810,2026-09-02 09:28:18,32054.18,SETTLED,B20260902-3
S900756,T100811,2026-09-02 13:50:35,3333.26,SETTLED,B20260902-1
S900757,T100812,2026-09-02 07:57:14,39971.09,SETTLED,B20260902-3
S900758,T100813,2026-09-02 08:54:09,135321.20,SETTLED,B20260902-4
S900759,T100815,2026-09-02 18:25:41,966.06,SETTLED,B20260902-5
S900760,T100816,2026-09-02 15:13:32,3475.63,SETTLED,B20260902-4
S900761,T100817,2026-09-02 16:03:01,347298.57,SETTLED,B20260902-1
S900762,T100818,2026-09-02 16:17:59,50153.04,SETTLED,B20260902-5
S900763,T100819,2026-09-02 11:44:08,43423.06,SETTLED,B20260902-1
S900764,T100820,2026-09-02 13:49:25,57478.57,SETTLED,B20260902-6
S900765,T100822,2026-09-02 11:43:09,74096.49,SETTLED,B20260902-3
S900766,T100824,2026-09-02 14:20:57,239200.70,SETTLED,B20260902-6
S900767,T100826,2026-09-02 16:41:30,100601.82,SETTLED,B20260902-1
S900768,T100827,2026-09-02 07:53:00,44512.74,SETTLED,B20260902-6
S900769,T100828,2026-09-02 09:45:43,146999.89,SETTLED,B20260902-6
S900770,T100829,2026-09-02 22:23:46,120965.41,SETTLED,B20260902-4
S900771,T100830,2026-09-03 00:40:17,20119.75,SETTLED,B20260903-3
S900772,T100830,2026-09-03 00:52:17,5029.94,FAILED,B20260903-3
S900773,T100831,2026-09-03 12:36:54,31263.30,FAILED,B20260903-6
S900774,T100832,2026-09-03 03:43:55,745.93,SETTLED,B20260903-2
S900775,T100834,2026-09-02 12:46:59,46061.44,SETTLED,B20260902-1
S900776,T100835,2026-09-02 16:25:07,3087.37,SETTLED,B20260902-5
S900777,T100836,2026-09-02 18:49:11,32656.13,SETTLED,B20260902-6
S900778,T100837,2026-09-02 16:08:51,13965.44,SETTLED,B20260902-6
S900779,T100837,2026-09-02 16:08:51,3491.36,SETTLED,B20260902-4
S900780,T100838,2026-09-02 16:41:05,122861.15,SETTLED,B20260902-2
S900781,T100839,2026-09-02 12:37:56,3048.07,SETTLED,B20260902-3
S900782,T100840,2026-09-02 09:20:23,14433.87,SETTLED,B20260902-5
S900783,T100841,2026-09-02 21:59:50,1688.46,SETTLED,B20260902-3
S900784,T100842,2026-09-02 14:48:15,2039.20,SETTLED,B20260902-4
S900785,T100844,2026-09-02 15:29:24,682.82,SETTLED,B20260902-5
S900786,T100845,2026-09-02 18:24:05,85537.58,SETTLED,B20260902-1
S900787,T100845,2026-09-02 18:30:05,21384.39,SETTLED,B20260902-6
S900788,T100846,2026-09-02 19:54:29,1770.67,SETTLED,B20260902-3
S900789,T100847,2026-09-02 22:26:43,45708.24,SETTLED,B20260902-4
S900790,T100847,2026-09-02 22:34:43,11427.06,SETTLED,B20260902-1
S900791,T100849,2026-09-02 07:47:48,343104.03,SETTLED,B20260902-5
S900792,T100850,2026-09-02 07:00:50,1769.77,SETTLED,B20260902-3
S900793,T100851,2026-09-02 06:27:27,55861.58,SETTLED,B20260902-2
S900794,T100852,2026-09-02 13:35:44,3395.23,SETTLED,B20260902-1
S900795,T100853,2026-09-02 20:05:13,339391.10,SETTLED,B20260902-2
S900796,T100854,2026-09-02 09:24:24,187799.68,SETTLED,B20260902-2
S900797,T100855,2026-09-02 21:59:59,45918.50,SETTLED,B20260902-5
S900798,T100855,2026-09-02 22:11:59,11479.62,SETTLED,B20260902-4
S900799,T100856,2026-09-02 13:02:06,39949.46,SETTLED,B20260902-2
S900800,T100857,2026-09-02 16:38:12,213851.59,SETTLED,B20260902-2
S900801,T100858,2026-09-02 12:31:07,259922.72,SETTLED,B20260902-1
S900802,T100859,2026-09-02 22:37:21,270834.42,SETTLED,B20260902-6
S900803,T100861,2026-09-02 14:39:13,155048.48,SETTLED,B20260902-1
S900804,T100862,2026-09-02 17:45:50,391754.97,SETTLED,B20260902-5
S900805,T100863,2026-09-02 11:53:35,168606.10,SETTLED,B20260902-3
S900806,T100864,2026-09-02 17:23:39,24655.64,SETTLED,B20260902-2
S900807,T100865,2026-09-02 14:53:41,1162.57,SETTLED,B20260902-4
S900808,T100865,2026-09-02 15:00:41,290.64,SETTLED,B20260902-4
S900809,T100866,2026-09-02 22:58:10,17756.50,SETTLED,B20260902-6
S900810,T100867,2026-09-02 17:08:56,1784.51,SETTLED,B20260902-2
S900811,T100868,2026-09-02 22:08:29,287145.67,SETTLED,B20260902-1
S900812,T100869,2026-09-02 18:35:17,183956.48,SETTLED,B20260902-3
S900813,T100870,2026-09-02 20:30:07,683.74,SETTLED,B20260902-6
S900814,T100870,2026-09-02 20:40:07,170.94,SETTLED,B20260902-5
S900815,T100871,2026-09-02 20:24:47,53265.71,SETTLED,B20260902-3
S900816,T100872,2026-09-02 19:37:23,2387.24,PENDING,B20260902-4
S900817,T100873,2026-09-02 12:25:37,102903.48,SETTLED,B20260902-1
S900818,T100874,2026-09-02 08:20:11,21272.40,SETTLED,B20260902-5
S900819,T100875,2026-09-02 10:11:41,166.47,SETTLED,B20260902-1
S900820,T100876,2026-09-02 16:27:09,52247.09,SETTLED,B20260902-5
S900821,T100877,2026-09-02 21:20:35,36700.70,SETTLED,B20260902-2
S900822,T100877,2026-09-02 21:31:35,9175.18,SETTLED,B20260902-2
S900823,T100878,2026-09-02 18:58:02,19148.32,SETTLED,B20260902-3
S900824,T100879,2026-09-02 06:44:13,85199.48,SETTLED,B20260902-3
S900825,T100881,2026-09-02 18:00:29,29772.91,SETTLED,B20260902-3
S900826,T100881,2026-09-02 18:02:29,7443.23,SETTLED,B20260902-4
S900827,T100882,2026-09-02 21:38:23,290203.59,SETTLED,B20260902-2
S900828,T100883,2026-09-02 11:19:02,1528.14,SETTLED,B20260902-2
S900829,T100884,2026-09-02 16:12:40,46917.27,SETTLED,B20260902-3
S900830,T100885,2026-09-02 09:52:48,12600.13,SETTLED,B20260902-6
S900831,T100887,2026-09-02 11:38:09,31263.01,SETTLED,B20260902-4
S900832,T100889,2026-09-02 16:12:17,42776.58,SETTLED,B20260902-2
S900833,T100890,2026-09-02 20:19:22,207406.25,SETTLED,B20260902-4
S900834,T100891,2026-09-02 18:48:55,28477.10,SETTLED,B20260902-5
S900835,T100892,2026-09-02 21:52:51,472.88,SETTLED,B20260902-6
S900836,T100893,2026-09-02 20:09:23,221699.10,PENDING,B20260902-4
S900837,T100895,2026-09-02 08:20:23,33251.76,SETTLED,B20260902-2
S900838,T100897,2026-09-02 11:01:04,18511.32,SETTLED,B20260902-3
S900839,T100898,2026-09-02 23:02:10,227665.96,SETTLED,B20260902-4
S900840,T100899,2026-09-02 16:53:21,336459.06,SETTLED,B20260902-5
S900841,T100901,2026-09-02 15:34:07,6948.00,SETTLED,B20260902-2
S900842,T100902,2026-09-02 22:44:11,54244.29,SETTLED,B20260902-6
S900843,T100903,2026-09-02 09:47:39,166544.60,SETTLED,B20260902-3
S900844,T100904,2026-09-02 16:30:48,282489.87,SETTLED,B20260902-2
S900845,T100905,2026-09-02 14:56:08,44364.20,SETTLED,B20260902-3
S900846,T100906,2026-09-02 19:36:16,46728.10,SETTLED,B20260902-2
S900847,T100907,2026-09-02 21:59:40,43445.67,SETTLED,B20260902-3
S900848,T100908,2026-09-02 16:53:54,22285.80,SETTLED,B20260902-6
S900849,T100909,2026-09-02 17:24:42,3496.69,SETTLED,B20260902-4
S900850,T100910,2026-09-02 19:04:24,3402.56,SETTLED,B20260902-3
S900851,T100913,2026-09-02 10:32:27,1594.87,SETTLED,B20260902-6
S900852,T100914,2026-09-02 09:28:39,2790.62,SETTLED,B20260902-6
S900853,T100916,2026-09-02 11:43:54,59640.56,SETTLED,B20260902-6
S900854,T100917,2026-09-02 21:53:58,1817.74,SETTLED,B20260902-3
S900855,T100918,2026-09-02 12:16:41,151294.53,SETTLED,B20260902-1
S900856,T100919,2026-09-03 00:55:57,55481.88,PENDING,B20260903-6
S900857,T100920,2026-09-02 20:52:41,1366.55,SETTLED,B20260902-6
S900858,T100921,2026-09-02 08:33:14,240522.85,SETTLED,B20260902-2
S900859,T100922,2026-09-02 13:35:20,628.04,SETTLED,B20260902-1
S900860,T100923,2026-09-02 16:41:53,19582.57,SETTLED,B20260902-6
S900861,T100924,2026-09-02 19:59:59,3572.25,SETTLED,B20260902-1
S900862,T100925,2026-09-02 11:46:03,106313.68,SETTLED,B20260902-5
S900863,T100926,2026-09-02 21:51:17,394262.66,SETTLED,B20260902-5
S900864,T100927,2026-09-02 09:49:44,-1209.26,SETTLED,B20260902-5
S900865,T100928,2026-09-02 12:55:55,208083.00,SETTLED,B20260902-2
S900866,T100929,2026-09-02 15:22:14,44040.51,SETTLED,B20260902-4
S900867,T100930,2026-09-02 22:59:14,2531.96,SETTLED,B20260902-6
S900868,T100931,2026-09-02 09:45:47,265036.44,SETTLED,B20260902-6
S900869,T100932,2026-09-02 10:26:06,192563.32,SETTLED,B20260902-3
S900870,T100933,2026-09-02 11:05:54,9683.01,SETTLED,B20260902-5
S900871,T100934,2026-09-02 20:52:34,46747.53,SETTLED,B20260902-5
S900872,T100936,2026-09-02 20:27:00,43548.35,SETTLED,B20260902-2
S900873,T100937,2026-09-02 19:30:47,2258.87,SETTLED,B20260902-2
S900874,T100938,2026-09-02 19:27:42,2659.62,SETTLED,B20260902-3
S900875,T100939,2026-09-02 13:26:07,2209.11,SETTLED,B20260902-1
S900876,T100940,2026-09-02 22:39:18,2951.52,SETTLED,B20260902-4
S900877,T100941,2026-09-02 12:11:33,45716.03,SETTLED,B20260902-5
S900878,T100942,2026-09-02 11:21:40,2067.94,SETTLED,B20260902-6
S900879,T100943,2026-09-02 22:33:26,2628.67,SETTLED,B20260902-6
S900880,T100944,2026-09-02 22:16:42,280044.34,SETTLED,B20260902-5
S900881,T100945,2026-09-02 14:26:23,3732.51,SETTLED,B20260902-2
S900882,T100946,2026-09-02 20:08:35,191772.02,SETTLED,B20260902-3
S900883,T100947,2026-09-02 12:34:40,58365.31,SETTLED,B20260902-4
S900884,T100948,2026-09-02 22:04:43,188225.42,SETTLED,B20260902-5
S900885,T100950,2026-09-02 16:01:37,21353.64,SETTLED,B20260902-1
S900886,T100951,2026-09-02 07:44:36,2979.57,SETTLED,B20260902-5
S900887,T100952,2026-09-02 13:52:28,28061.28,PENDING,B20260902-2
S900888,T100953,2026-09-02 14:14:28,875.76,SETTLED,B20260902-2
S900889,T100954,2026-09-02 11:50:04,1879.61,SETTLED,B20260902-5
S900890,T100955,2026-09-02 15:08:20,34381.56,SETTLED,B20260902-3
S900891,T100956,2026-09-02 15:24:02,9423.59,SETTLED,B20260902-3
S900892,T100957,2026-09-02 12:29:21,1366.87,SETTLED,B20260902-3
S900893,T100959,2026-09-02 11:09:27,18643.97,SETTLED,B20260902-4
S900894,T100960,2026-09-02 09:11:25,340335.55,SETTLED,B20260902-6
S900895,T100961,2026-09-02 11:18:25,121028.91,SETTLED,B20260902-3
S900896,T100962,2026-09-02 09:11:06,10454.94,SETTLED,B20260902-1
S900897,T100963,2026-09-02 10:59:04,45863.81,SETTLED,B20260902-1
S900898,T100965,2026-09-02 16:45:44,257677.91,SETTLED,B20260902-4
S900899,T100966,2026-09-02 20:30:35,41431.34,SETTLED,B20260902-4
S900900,T100967,2026-09-02 17:26:55,261452.14,SETTLED,B20260902-3
S900901,T100968,2026-09-02 18:33:24,31477.62,SETTLED,B20260902-3
S900902,T100969,2026-09-02 20:14:47,19630.15,SETTLED,B20260902-2
S900903,T100970,2026-09-02 10:56:07,2374.85,SETTLED,B20260902-4
S900904,T100972,2026-09-02 22:53:59,47796.76,SETTLED,B20260902-3
S900905,T100975,2026-09-02 09:41:22,3222.25,SETTLED,B20260902-2
S900906,T100976,2026-09-02 07:13:04,367356.96,SETTLED,B20260902-1
S900907,T100977,2026-09-02 11:49:56,22320.62,SETTLED,B20260902-1
S900908,T100978,2026-09-02 16:14:46,84956.62,SETTLED,B20260902-3
S900909,T100979,2026-09-02 22:02:18,39791.99,SETTLED,B20260902-4
S900910,T100980,2026-09-02 18:44:29,5942.38,SETTLED,B20260902-5
S900911,T100981,2026-09-02 17:38:42,1625.72,SETTLED,B20260902-3
S900912,T100982,2026-09-02 22:27:36,39156.40,SETTLED,B20260902-6
S900913,T100983,2026-09-02 16:38:23,735.56,SETTLED,B20260902-5
S900914,T100984,2026-09-02 07:52:34,200014.98,SETTLED,B20260902-1
S900915,T100985,2026-09-02 20:03:19,48042.79,SETTLED,B20260902-6
S900916,T100986,2026-09-02 07:08:47,412.87,SETTLED,B20260902-4
S900917,T100988,2026-09-02 13:39:19,33531.98,SETTLED,B20260902-4
S900918,T100989,2026-09-02 11:35:17,247969.97,SETTLED,B20260902-5
S900919,T100992,2026-09-02 16:40:01,402.29,SETTLED,B20260902-3
S900920,T100993,2026-09-02 23:08:29,1451.30,SETTLED,B20260902-1
S900921,T100994,2026-09-02 13:07:31,362208.17,SETTLED,B20260902-5
S900922,T100995,2026-09-02 07:03:59,280174.46,SETTLED,B20260902-6
S900923,T100996,2026-09-02 14:08:23,48983.24,SETTLED,B20260902-4
S900924,T100997,2026-09-02 06:17:41,66875.17,SETTLED,B20260902-4
S900925,T100998,2026-09-02 06:37:29,26161.03,SETTLED,B20260902-6
S900926,T100999,2026-09-02 13:38:33,29051.61,SETTLED,B20260902-3
S900927,T101000,2026-09-02 13:41:51,359004.48,SETTLED,B20260902-5
S900928,T101001,2026-09-02 10:48:14,3364.69,SETTLED,B20260902-4
S900929,T101002,2026-09-02 06:45:42,1165.78,SETTLED,B20260902-3
S900930,T101004,2026-09-02 17:36:54,45425.33,SETTLED,B20260902-3
S900931,T101005,2026-09-02 17:01:02,266814.83,SETTLED,B20260902-4
S900932,T101006,2026-09-02 13:50:33,49618.80,SETTLED,B20260902-1
S900933,T101007,2026-09-02 17:02:31,2663.35,SETTLED,B20260902-2
S900934,T101008,2026-09-02 22:40:46,62994.95,PENDING,B20260902-6
S900935,T101009,2026-09-02 12:45:19,238527.28,SETTLED,B20260902-4
S900936,T101010,2026-09-02 17:23:14,112303.89,SETTLED,B20260902-5
S900937,T101010,2026-09-02 17:31:14,28075.97,SETTLED,B20260902-4
S900938,T101011,2026-09-02 17:53:13,59708.63,SETTLED,B20260902-2
S900939,T101012,2026-09-02 20:03:18,10335.63,SETTLED,B20260902-3
S900940,T101013,2026-09-02 16:41:43,54463.20,SETTLED,B20260902-5
S900941,T101014,2026-09-02 22:40:53,1808.89,SETTLED,B20260902-5
S900942,T101016,2026-09-02 07:55:43,2910.98,SETTLED,B20260902-6
S900943,T101016,2026-09-02 08:04:43,727.75,SETTLED,B20260902-3
S900944,T101017,2026-09-02 07:09:24,225584.17,SETTLED,B20260902-3
S900945,T101018,2026-09-02 17:34:26,33394.30,SETTLED,B20260902-5
S900946,T101019,2026-09-02 21:22:59,1437.64,SETTLED,B20260902-5
S900947,T101020,2026-09-02 18:53:15,40829.03,SETTLED,B20260902-1
S900948,T101021,2026-09-02 13:56:36,95926.36,SETTLED,B20260902-4
S900949,T101022,2026-09-02 23:11:19,37858.38,SETTLED,B20260902-3
S900950,T101023,2026-09-02 11:43:54,18908.25,SETTLED,B20260902-3
S900951,T101024,2026-09-02 12:03:09,177351.19,SETTLED,B20260902-2
S900952,T101024,2026-09-02 12:11:09,44337.80,SETTLED,B20260902-2
S900953,T101025,2026-09-02 14:36:09,2557.03,SETTLED,B20260902-5
S900954,T101025,2026-09-02 14:44:09,639.26,SETTLED,B20260902-6
S900955,T101026,2026-09-02 10:02:42,10505.16,SETTLED,B20260902-6
S900956,T101027,2026-09-02 09:07:39,26886.56,SETTLED,B20260902-1
S900957,T101029,2026-09-02 13:48:27,94651.93,SETTLED,B20260902-3
S900958,T101030,2026-09-02 11:50:36,7337.92,SETTLED,B20260902-5
S900959,T101031,2026-09-02 15:04:49,225382.30,SETTLED,B20260902-1
S900960,T101032,2026-09-02 20:07:14,130997.04,SETTLED,B20260902-3
S900961,T101033,2026-09-02 20:25:01,25713.28,SETTLED,B20260902-1
S900962,T101034,2026-09-02 11:27:59,164387.83,SETTLED,B20260902-3
S900963,T101035,2026-09-02 20:59:24,179732.13,SETTLED,B20260902-3
S900964,T101036,2026-09-02 13:47:07,1523.40,SETTLED,B20260902-6
S900965,T101037,2026-09-02 17:03:23,809.86,SETTLED,B20260902-5
S900966,T101038,2026-09-02 06:54:43,83370.35,SETTLED,B20260902-4
S900967,T101039,2026-09-02 22:51:11,2819.68,SETTLED,B20260902-1
S900968,T101040,2026-09-02 18:09:54,294111.34,SETTLED,B20260902-1
S900969,T101041,2026-09-02 22:54:09,53057.89,SETTLED,B20260902-5
S900970,T101042,2026-09-02 11:22:02,874.00,SETTLED,B20260902-3
S900971,T101043,2026-09-02 21:09:14,888.49,SETTLED,B20260902-5
S900972,T101044,2026-09-02 19:49:44,12424.63,SETTLED,B20260902-1
S900973,T101045,2026-09-02 08:32:07,2082.12,SETTLED,B20260902-1
S900974,T101046,2026-09-02 12:21:15,642.56,SETTLED,B20260902-3
S900975,T101047,2026-09-02 15:45:22,49377.85,SETTLED,B20260902-6
S900976,T101049,2026-09-02 18:26:15,27184.21,SETTLED,B20260902-6
S900977,T101050,2026-09-02 15:31:35,291356.84,SETTLED,B20260902-1
S900978,T101051,2026-09-02 17:05:47,27359.26,SETTLED,B20260902-3
S900979,T101052,2026-09-02 10:36:21,1616.79,SETTLED,B20260902-2
S900980,T101053,2026-09-02 11:37:59,2885.30,SETTLED,B20260902-1
S900981,T101053,2026-09-02 11:44:59,721.33,SETTLED,B20260902-5
S900982,T101054,2026-09-02 07:18:06,33447.02,SETTLED,B20260902-6
S900983,T101054,2026-09-02 07:25:06,8361.75,SETTLED,B20260902-5
S900984,T101057,2026-09-02 16:06:23,66744.95,SETTLED,B20260902-2
S900985,T101058,2026-09-02 16:21:46,51730.93,SETTLED,B20260902-6
S900986,T101060,2026-09-02 17:25:35,369293.31,SETTLED,B20260902-1
S900987,T101061,2026-09-02 21:50:11,16111.86,SETTLED,B20260902-5
S900988,T101061,2026-09-02 21:53:11,4027.97,SETTLED,B20260902-6
S900989,T101062,2026-09-02 07:58:47,29819.41,SETTLED,B20260902-2
S900990,T101063,2026-09-02 17:38:17,97299.54,SETTLED,B20260902-5
S900991,T101064,2026-09-02 20:42:32,25454.64,SETTLED,B20260902-4
S900992,T101065,2026-09-02 10:51:23,1300.20,SETTLED,B20260902-6
S900993,T101066,2026-09-02 21:10:41,40564.99,SETTLED,B20260902-5
S900994,T101067,2026-09-02 07:21:47,58915.39,SETTLED,B20260902-5
S900995,T101068,2026-09-02 21:43:18,3130.47,SETTLED,B20260902-1
S900996,T101069,2026-09-02 09:13:32,1779.78,SETTLED,B20260902-1
S900997,T101069,2026-09-02 09:22:32,444.94,SETTLED,B20260902-3
S900998,T101070,2026-09-03 01:31:21,1395.13,SETTLED,B20260903-5
S900999,T101071,2026-09-02 09:13:51,38555.01,SETTLED,B20260902-4
S901000,T101072,2026-09-02 12:31:10,27329.72,SETTLED,B20260902-4
S901001,T101073,2026-09-02 17:04:51,54927.01,SETTLED,B20260902-1
S901002,T101074,2026-09-02 07:10:06,2393.87,PENDING,B20260902-6
S901003,T101076,2026-09-03 05:12:04,771.71,SETTLED,B20260903-5
S901004,T101077,2026-09-02 19:55:14,1875.08,SETTLED,B20260902-4
S901005,T101078,2026-09-02 21:06:10,18306.79,SETTLED,B20260902-1
S901006,T101079,2026-09-02 06:56:27,310.89,SETTLED,B20260902-6
S901007,T101080,2026-09-02 06:16:59,896.84,SETTLED,B20260902-2
S901008,T101081,2026-09-02 13:37:54,398275.18,SETTLED,B20260902-6
S901009,T101082,2026-09-02 13:25:51,26522.60,SETTLED,B20260902-2
S901010,T101083,2026-09-02 16:04:34,801.47,SETTLED,B20260902-5
S901011,T101084,2026-09-02 18:37:42,374189.50,SETTLED,B20260902-4
S901012,T101085,2026-09-02 07:08:16,316668.45,SETTLED,B20260902-3
S901013,T101086,2026-09-02 06:48:17,354619.80,SETTLED,B20260902-3
S901014,T101087,2026-09-02 19:42:36,119237.56,SETTLED,B20260902-5
S901015,T101088,2026-09-02 22:26:24,11983.37,SETTLED,B20260902-5
S901016,T101090,2026-09-02 22:11:12,32051.31,SETTLED,B20260902-2
S901017,T101091,2026-09-02 10:10:10,109998.23,SETTLED,B20260902-5
S901018,T101092,2026-09-02 16:35:37,385849.28,SETTLED,B20260902-4
S901019,T101093,2026-09-02 09:28:11,3545.99,SETTLED,B20260902-3
S901020,T101094,2026-09-02 21:28:54,335.87,PENDING,B20260902-1
S901021,T101095,2026-09-02 06:46:28,244366.52,PENDING,B20260902-4
S901022,T101096,2026-09-02 14:18:01,35058.46,SETTLED,B20260902-5
S901023,T101097,2026-09-02 09:24:33,345.70,SETTLED,B20260902-5
S901024,T101100,2026-09-02 19:54:04,2097.79,SETTLED,B20260902-3
S901025,T101101,2026-09-02 09:52:01,81805.82,SETTLED,B20260902-6
S901026,T101102,2026-09-02 11:03:24,30377.86,SETTLED,B20260902-3
S901027,T101103,2026-09-02 16:54:30,48519.41,SETTLED,B20260902-2
S901028,T101104,2026-09-02 20:05:12,46958.27,SETTLED,B20260902-1
S901029,T101106,2026-09-02 14:47:29,16966.11,SETTLED,B20260902-1
S901030,T101107,2026-09-02 15:11:22,12461.84,SETTLED,B20260902-5
S901031,T101109,2026-09-02 10:35:47,315622.07,SETTLED,B20260902-2
S901032,T101111,2026-09-02 16:29:40,46057.96,SETTLED,B20260902-4
S901033,T101112,2026-09-02 11:34:01,42957.77,SETTLED,B20260902-1
S901034,T101113,2026-09-02 13:09:53,91448.19,SETTLED,B20260902-4
S901035,T101114,2026-09-02 06:28:28,29138.38,SETTLED,B20260902-5
S901036,T101115,2026-09-02 21:55:21,2138.50,SETTLED,B20260902-2
S901037,T101116,2026-09-02 19:25:34,3626.88,SETTLED,B20260902-5
S901038,T101117,2026-09-02 15:35:49,3050.59,SETTLED,B20260902-1
S901039,T101118,2026-09-02 07:45:02,39827.93,SETTLED,B20260902-4
S901040,T101119,2026-09-02 13:53:06,68136.60,SETTLED,B20260902-6
S901041,T101120,2026-09-02 11:52:35,18857.83,SETTLED,B20260902-2
S901042,T101121,2026-09-02 09:34:05,40160.77,SETTLED,B20260902-6
S901043,T101122,2026-09-02 13:09:14,7239.70,SETTLED,B20260902-4
S901044,T101123,2026-09-02 14:28:52,239812.86,SETTLED,B20260902-4
S901045,T101123,2026-09-02 14:36:52,59953.22,SETTLED,B20260902-2
S901046,T101125,2026-09-02 06:59:12,137774.93,SETTLED,B20260902-3
S901047,T101126,2026-09-02 09:31:24,134226.07,SETTLED,B20260902-6
S901048,T101127,2026-09-02 16:24:23,359887.21,SETTLED,B20260902-3
S901049,T101128,2026-09-02 06:38:05,41296.77,SETTLED,B20260902-3
S901050,T101130,2026-09-02 06:33:36,57070.17,SETTLED,B20260902-2
S901051,T101131,2026-09-02 11:23:44,11376.50,SETTLED,B20260902-1
S901052,T101132,2026-09-02 20:34:04,2563.23,SETTLED,B20260902-4
S901053,T101133,2026-09-03 02:43:06,173.03,SETTLED,B20260903-4
S901054,T101134,2026-09-02 08:40:41,602.21,SETTLED,B20260902-2
S901055,T101135,2026-09-02 09:28:31,383533.48,SETTLED,B20260902-3
S901056,T101136,2026-09-02 13:03:54,2282.69,SETTLED,B20260902-6
S901057,T101137,2026-09-02 14:23:59,1602.72,SETTLED,B20260902-5
S901058,T101138,2026-09-02 17:31:23,205959.97,SETTLED,B20260902-3
S901059,T101139,2026-09-02 23:08:54,195611.51,FAILED,B20260902-1
S901060,T101140,2026-09-02 12:34:13,145830.76,SETTLED,B20260902-6
S901061,T101142,2026-09-02 09:39:42,-2864.96,PENDING,B20260902-2
S901062,T101144,2026-09-02 13:05:54,19248.93,SETTLED,B20260902-6
S901063,T101145,2026-09-02 11:32:24,34568.43,SETTLED,B20260902-4
S901064,T101146,2026-09-02 22:56:46,138601.34,SETTLED,B20260902-2
S901065,T101147,2026-09-02 09:53:52,3550.71,SETTLED,B20260902-2
S901066,T101148,2026-09-02 12:24:34,50319.86,FAILED,B20260902-2
S901067,T101149,2026-09-02 13:11:03,50222.57,SETTLED,B20260902-6
S901068,T101150,2026-09-02 22:59:03,43545.36,SETTLED,B20260902-1
S901069,T101151,2026-09-02 07:11:18,269807.45,SETTLED,B20260902-2
S901070,T101152,2026-09-02 14:29:52,3428.03,SETTLED,B20260902-6
S901071,T101153,2026-09-02 12:21:40,2946.43,SETTLED,B20260902-1
S901072,T101154,2026-09-02 15:18:08,1916.92,SETTLED,B20260902-2
S901073,T101155,2026-09-02 08:18:17,45126.65,SETTLED,B20260902-6
S901074,T101158,2026-09-02 17:30:14,210687.94,SETTLED,B20260902-6
S901075,T101159,2026-09-02 07:26:11,1741.88,SETTLED,B20260902-3
S901076,T101160,2026-09-02 10:35:57,223061.64,SETTLED,B20260902-5
S901077,T101161,2026-09-02 20:13:46,268678.16,SETTLED,B20260902-1
S901078,T101162,2026-09-02 07:11:04,12146.38,SETTLED,B20260902-3
S901079,T101163,2026-09-02 13:39:52,16661.95,SETTLED,B20260902-1
S901080,T101163,2026-09-02 13:45:52,4165.49,SETTLED,B20260902-3
S901081,T101164,2026-09-03 16:27:28,49678.90,SETTLED,B20260903-2
S901082,T101165,2026-09-02 21:20:02,1948.91,SETTLED,B20260902-4
S901083,T101166,2026-09-02 07:23:35,3233.96,SETTLED,B20260902-5
S901084,T101167,2026-09-02 17:39:11,283048.06,SETTLED,B20260902-6
S901085,T101169,2026-09-02 21:56:39,417.41,SETTLED,B20260902-1
S901086,T101170,2026-09-02 16:06:05,13927.53,SETTLED,B20260902-4
S901087,T101171,2026-09-02 14:39:16,379.13,SETTLED,B20260902-5
S901088,T101172,2026-09-02 15:48:18,6957.13,SETTLED,B20260902-6
S901089,T101173,2026-09-02 11:33:29,678.73,SETTLED,B20260902-4
S901090,T101174,2026-09-02 07:06:07,27570.28,SETTLED,B20260902-1
S901091,T101175,2026-09-02 07:46:06,1501.10,SETTLED,B20260902-2
S901092,T101175,2026-09-02 07:48:06,375.28,SETTLED,B20260902-4
S901093,T101176,2026-09-02 08:51:35,53216.16,SETTLED,B20260902-6
S901094,T101177,2026-09-02 14:43:45,1134.80,SETTLED,B20260902-4
S901095,T101178,2026-09-02 10:38:02,1619.44,SETTLED,B20260902-1
S901096,T101179,2026-09-02 18:08:23,111135.47,SETTLED,B20260902-2
S901097,T101179,2026-09-02 18:20:23,27783.87,SETTLED,B20260902-3
S901098,T101180,2026-09-02 15:37:58,243131.40,SETTLED,B20260902-3
S901099,T101181,2026-09-02 11:48:01,850.49,SETTLED,B20260902-5
S901100,T101181,2026-09-02 11:54:01,212.62,SETTLED,B20260902-4
S901101,T101182,2026-09-03 00:33:15,19692.12,SETTLED,B20260903-3
S901102,T101182,2026-09-03 00:37:15,4923.03,SETTLED,B20260903-4
S901103,T101183,2026-09-02 14:04:01,30727.41,SETTLED,B20260902-3
S901104,T101184,2026-09-02 21:34:57,186578.09,SETTLED,B20260902-4
S901105,T101185,2026-09-02 08:07:48,1242.89,SETTLED,B20260902-2
S901106,T101186,2026-09-02 12:25:38,46928.86,SETTLED,B20260902-6
S901107,T101187,2026-09-02 08:12:56,298610.40,SETTLED,B20260902-4
S901108,T101188,2026-09-02 11:44:03,268663.12,SETTLED,B20260902-2
S901109,T101189,2026-09-02 23:00:58,1093.83,SETTLED,B20260902-1
S901110,T101190,2026-09-02 12:28:00,921.27,SETTLED,B20260902-5
S901111,T101190,2026-09-02 12:39:00,230.32,SETTLED,B20260902-4
S901112,T101191,2026-09-02 11:41:53,8326.00,SETTLED,B20260902-5
S901113,T101192,2026-09-02 17:01:19,352670.32,SETTLED,B20260902-4
S901114,T101193,2026-09-02 08:40:19,18811.61,SETTLED,B20260902-1
S901115,T101194,2026-09-02 08:39:04,213180.60,SETTLED,B20260902-1
S901116,T101195,2026-09-02 07:52:25,45175.25,SETTLED,B20260902-2
S901117,T101196,2026-09-02 06:40:37,1002.87,SETTLED,B20260902-3
S901118,T101196,2026-09-02 06:42:37,250.72,SETTLED,B20260902-1
S901119,T101197,2026-09-02 16:58:09,46777.57,SETTLED,B20260902-1
S901120,T101199,2026-09-02 21:33:12,3683.48,SETTLED,B20260902-2
S901121,T101200,2026-09-02 07:00:31,837.08,SETTLED,B20260902-3
S901122,T101201,2026-09-02 12:18:06,14469.50,SETTLED,B20260902-6
S901123,T101201,2026-09-02 12:24:06,3617.37,SETTLED,B20260902-5
S901124,T101202,2026-09-02 09:35:51,917.96,SETTLED,B20260902-2
S901125,T101203,2026-09-02 14:42:53,195363.26,SETTLED,B20260902-2
S901126,T101204,2026-09-03 18:05:03,2702.37,SETTLED,B20260903-5
S901127,T101205,2026-09-02 12:16:47,289421.26,SETTLED,B20260902-4
S901128,T101206,2026-09-02 17:55:41,22642.64,SETTLED,B20260902-6
S901129,T101206,2026-09-02 18:06:41,5660.66,PENDING,B20260902-2
S901130,T101207,2026-09-02 11:18:06,2921.87,SETTLED,B20260902-1
S901131,T101209,2026-09-02 16:23:31,154674.10,SETTLED,B20260902-2
S901132,T101211,2026-09-02 16:03:07,22511.40,PENDING,B20260902-4
S901133,T101212,2026-09-02 07:24:29,523.02,SETTLED,B20260902-5
S901134,T101213,2026-09-02 08:49:21,130248.04,SETTLED,B20260902-6
S901135,T101215,2026-09-02 20:17:32,21837.17,SETTLED,B20260902-4
S901136,T101216,2026-09-02 07:12:04,720.52,SETTLED,B20260902-3
S901137,T101216,2026-09-02 07:21:04,180.13,SETTLED,B20260902-4
S901138,T101217,2026-09-02 09:30:41,16086.41,SETTLED,B20260902-5
S901139,T101218,2026-09-02 10:59:58,14080.26,SETTLED,B20260902-5
S901140,T101219,2026-09-02 18:35:53,40111.25,SETTLED,B20260902-2
S901141,T101220,2026-09-02 08:46:39,299487.39,SETTLED,B20260902-4
S901142,T101221,2026-09-02 14:19:31,158636.05,SETTLED,B20260902-6
S901143,T101222,2026-09-02 18:15:33,5478.45,SETTLED,B20260902-6
S901144,T101223,2026-09-02 09:04:24,921.91,SETTLED,B20260902-3
S901145,T101224,2026-09-02 21:18:11,3447.62,SETTLED,B20260902-3
S901146,T101225,2026-09-02 08:31:23,219464.34,SETTLED,B20260902-1
S901147,T101226,2026-09-02 17:59:41,378081.52,SETTLED,B20260902-6
S901148,T101227,2026-09-02 22:47:31,2772.10,FAILED,B20260902-3
S901149,T101228,2026-09-02 20:30:14,3333.21,SETTLED,B20260902-1
S901150,T101229,2026-09-02 15:00:56,1998.48,SETTLED,B20260902-4
S901151,T101230,2026-09-02 10:56:18,40925.10,SETTLED,B20260902-3
S901152,T101231,2026-09-02 17:14:05,43377.51,SETTLED,B20260902-2
S901153,T101232,2026-09-02 19:41:29,33581.71,SETTLED,B20260902-5
S901154,T101233,2026-09-02 12:04:23,3629.14,SETTLED,B20260902-2
S901155,T101234,2026-09-02 22:30:11,59252.19,SETTLED,B20260902-3
S901156,T101235,2026-09-02 13:45:08,2610.71,SETTLED,B20260902-1
S901157,T101236,2026-09-02 21:43:31,242393.61,SETTLED,B20260902-2
S901158,T101237,2026-09-02 09:48:38,1602.78,SETTLED,B20260902-4
S901159,T101238,2026-09-02 14:51:10,361911.25,SETTLED,B20260902-5
S901160,T101239,2026-09-02 08:20:19,378731.97,SETTLED,B20260902-2
S901161,T101240,2026-09-02 11:29:06,11107.40,SETTLED,B20260902-3
S901162,T101241,2026-09-02 18:15:25,2766.04,SETTLED,B20260902-4
S901163,T101243,2026-09-02 07:00:53,10817.25,SETTLED,B20260902-4
S901164,T101243,2026-09-02 07:11:53,2704.31,SETTLED,B20260902-2
S901165,T101244,2026-09-02 15:53:12,859.49,SETTLED,B20260902-6
S901166,T101245,2026-09-02 07:55:23,15313.74,SETTLED,B20260902-4
S901167,T101246,2026-09-02 21:39:03,1919.01,SETTLED,B20260902-2
S901168,T101247,2026-09-02 08:50:07,396335.80,SETTLED,B20260902-5
S901169,T101248,2026-09-02 20:32:31,11934.27,SETTLED,B20260902-5
S901170,T101249,2026-09-02 14:10:05,28012.14,SETTLED,B20260902-6
S901171,T101250,2026-09-02 22:05:57,40979.72,SETTLED,B20260902-4
S901172,T101251,2026-09-02 19:02:34,491.95,SETTLED,B20260902-5
S901173,T101253,2026-09-02 14:20:13,214766.94,SETTLED,B20260902-1
S901174,T101254,2026-09-02 15:36:00,31908.83,SETTLED,B20260902-4
S901175,T101255,2026-09-02 14:20:15,28735.48,FAILED,B20260902-6
S901176,T101256,2026-09-02 12:00:38,10409.01,SETTLED,B20260902-2
S901177,T101257,2026-09-02 06:49:51,416.30,SETTLED,B20260902-2
S901178,T101258,2026-09-03 15:48:53,3840.38,SETTLED,B20260903-3
S901179,T101259,2026-09-02 14:05:35,36892.13,SETTLED,B20260902-5
S901180,T101260,2026-09-02 14:49:40,1200.34,SETTLED,B20260902-1
S901181,T101261,2026-09-02 14:15:41,3086.44,FAILED,B20260902-6
S901182,T101262,2026-09-02 09:17:32,3273.17,SETTLED,B20260902-1
S901183,T101263,2026-09-02 15:43:41,190952.98,SETTLED,B20260902-3
S901184,T101264,2026-09-02 11:00:49,29675.41,SETTLED,B20260902-1
S901185,T101265,2026-09-02 06:45:37,224541.25,SETTLED,B20260902-3
S901186,T101266,2026-09-02 12:00:27,16795.27,SETTLED,B20260902-1
S901187,T101267,2026-09-02 17:03:51,2760.60,SETTLED,B20260902-3
S901188,T101268,2026-09-02 22:42:32,45973.50,SETTLED,B20260902-5
S901189,T101269,2026-09-02 07:24:40,1943.98,SETTLED,B20260902-6
S901190,T101269,2026-09-02 07:28:40,485.99,SETTLED,B20260902-3
S901191,T101270,2026-09-02 11:32:42,359.66,SETTLED,B20260902-4
S901192,T101271,2026-09-02 06:49:19,24871.84,SETTLED,B20260902-1
S901193,T101273,2026-09-02 12:43:47,478.13,SETTLED,B20260902-6
S901194,T101273,2026-09-02 12:48:47,119.53,SETTLED,B20260902-5
S901195,T101274,2026-09-02 12:53:13,12219.51,SETTLED,B20260902-6
S901196,T101276,2026-09-02 20:25:52,2221.80,SETTLED,B20260902-2
S901197,T101277,2026-09-02 22:29:49,46367.19,SETTLED,B20260902-6
S901198,T101279,2026-09-02 11:58:04,485.94,SETTLED,B20260902-4
S901199,T101280,2026-09-02 13:51:33,471.85,SETTLED,B20260902-5
S901200,T101281,2026-09-02 11:06:52,363094.87,SETTLED,B20260902-1
S901201,T101282,2026-09-02 20:28:26,24932.02,SETTLED,B20260902-1
S901202,T101283,2026-09-02 20:36:29,36982.15,SETTLED,B20260902-2
S901203,T101285,2026-09-02 21:15:18,159627.40,SETTLED,B20260902-4
S901204,T101287,2026-09-03 12:27:42,355032.89,SETTLED,B20260903-5
S901205,T101288,2026-09-02 21:42:56,275491.73,SETTLED,B20260902-2
S901206,T101289,2026-09-02 13:53:49,308784.57,SETTLED,B20260902-6
S901207,T101290,2026-09-02 11:34:47,389723.73,SETTLED,B20260902-2
S901208,T101291,2026-09-02 11:38:34,18601.22,SETTLED,B20260902-4
S901209,T101292,2026-09-02 11:54:54,175.28,SETTLED,B20260902-2
S901210,T101293,2026-09-02 15:04:56,3709.55,SETTLED,B20260902-6
S901211,T101294,2026-09-02 16:00:12,98219.51,SETTLED,B20260902-3
S901212,T101295,2026-09-02 07:35:38,32828.56,SETTLED,B20260902-5
S901213,T101296,2026-09-02 22:37:13,386924.11,SETTLED,B20260902-1
S901214,T101297,2026-09-02 06:14:27,37462.14,SETTLED,B20260902-2
S901215,T101298,2026-09-02 16:34:09,58382.63,SETTLED,B20260902-2
S901216,T101299,2026-09-02 20:38:13,199346.19,SETTLED,B20260902-2
S901217,T101299,2026-09-02 20:40:13,49836.55,SETTLED,B20260902-2
S901218,T101300,2026-09-02 14:42:24,133473.04,SETTLED,B20260902-3
S901219,T101301,2026-09-02 08:55:41,19166.52,SETTLED,B20260902-3
S901220,T101302,2026-09-02 19:44:17,2615.11,SETTLED,B20260902-4
S901221,T101303,2026-09-02 17:15:27,461.38,SETTLED,B20260902-2
S901222,T101303,2026-09-02 17:17:27,115.34,SETTLED,B20260902-1
S901223,T101304,2026-09-02 15:24:22,303240.45,SETTLED,B20260902-6
S901224,T101305,2026-09-02 14:25:19,58898.69,SETTLED,B20260902-6
S901225,T101306,2026-09-02 22:25:22,345.13,SETTLED,B20260902-5
S901226,T101307,2026-09-02 22:47:54,13602.75,SETTLED,B20260902-2
S901227,T101308,2026-09-02 21:15:15,504.36,SETTLED,B20260902-1
S901228,T101309,2026-09-02 06:17:41,2605.01,SETTLED,B20260902-3
S901229,T101310,2026-09-02 19:22:28,2295.98,SETTLED,B20260902-6
S901230,T101310,2026-09-02 19:29:28,574.00,SETTLED,B20260902-2
S901231,T101311,2026-09-02 15:25:06,225357.84,SETTLED,B20260902-5
S901232,T101312,2026-09-02 08:41:21,2865.18,SETTLED,B20260902-6
S901233,T101313,2026-09-02 21:58:39,3722.17,SETTLED,B20260902-4
S901234,T101314,2026-09-02 17:40:31,2966.72,SETTLED,B20260902-6
S901235,T101315,2026-09-02 15:33:01,684.62,SETTLED,B20260902-5
S901236,T101315,2026-09-02 15:43:01,171.16,SETTLED,B20260902-5
S901237,T101317,2026-09-02 12:12:51,41887.95,SETTLED,B20260902-2
S901238,T101317,2026-09-02 12:12:51,10471.99,SETTLED,B20260902-4
S901239,T101318,2026-09-02 17:32:40,1837.01,SETTLED,B20260902-3
S901240,T101319,2026-09-02 08:04:27,172629.33,SETTLED,B20260902-6
S901241,T101320,2026-09-02 15:31:33,202199.94,SETTLED,B20260902-3
S901242,T101321,2026-09-02 06:29:10,53879.03,SETTLED,B20260902-5
S901243,T101322,2026-09-02 18:50:36,76092.97,SETTLED,B20260902-5
S901244,T101323,2026-09-02 16:18:17,251628.18,SETTLED,B20260902-5
S901245,T101323,2026-09-02 16:24:17,62907.04,SETTLED,B20260902-5
S901246,T101325,2026-09-02 09:40:02,3610.95,SETTLED,B20260902-6
S901247,T101326,2026-09-02 15:26:20,3136.39,SETTLED,B20260902-4
S901248,T101327,2026-09-02 12:31:49,152752.40,SETTLED,B20260902-3
S901249,T101328,2026-09-02 09:53:55,252848.32,SETTLED,B20260902-1
S901250,T101329,2026-09-02 22:44:01,171156.44,SETTLED,B20260902-2
S901251,T101330,2026-09-02 19:10:39,324031.50,SETTLED,B20260902-2
S901252,T101331,2026-09-02 09:19:08,1257.97,SETTLED,B20260902-4
S901253,T101333,2026-09-02 09:34:33,898.74,SETTLED,B20260902-3
S901254,T101334,2026-09-02 07:33:32,21330.80,SETTLED,B20260902-1
S901255,T101336,2026-09-02 10:16:26,336606.86,SETTLED,B20260902-1
S901256,T101337,2026-09-02 06:34:57,170336.78,SETTLED,B20260902-6
S901257,T101337,2026-09-02 06:38:57,42584.19,SETTLED,B20260902-1
S901258,T101339,2026-09-02 14:22:40,42199.21,SETTLED,B20260902-1
S901259,T101340,2026-09-02 15:10:16,2049.61,SETTLED,B20260902-6
S901260,T101341,2026-09-02 12:07:03,48868.96,SETTLED,B20260902-5
S901261,T101342,2026-09-02 21:07:04,708.52,SETTLED,B20260902-1
S901262,T101342,2026-09-02 21:09:04,177.13,SETTLED,B20260902-6
S901263,T101343,2026-09-02 09:03:59,6719.67,SETTLED,B20260902-1
S901264,T101344,2026-09-02 09:49:08,118835.73,SETTLED,B20260902-1
S901265,T101345,2026-09-02 13:47:41,138300.80,SETTLED,B20260902-6
S901266,T101346,2026-09-02 18:15:20,142013.87,SETTLED,B20260902-4
S901267,T101346,2026-09-02 18:18:20,35503.47,SETTLED,B20260902-1
S901268,T101347,2026-09-02 15:34:16,3616.43,SETTLED,B20260902-6
S901269,T101348,2026-09-02 12:20:48,324971.60,SETTLED,B20260902-2
S901270,T101349,2026-09-02 09:46:27,2512.81,SETTLED,B20260902-2
S901271,T101350,2026-09-02 09:14:05,3608.95,SETTLED,B20260902-4
S901272,T101351,2026-09-02 07:58:57,323764.32,SETTLED,B20260902-3
S901273,T101353,2026-09-02 22:21:09,2222.93,SETTLED,B20260902-3
S901274,T101354,2026-09-02 09:32:50,163746.54,PENDING,B20260902-4
S901275,T101355,2026-09-02 13:22:26,232247.63,SETTLED,B20260902-6
S901276,T101357,2026-09-02 14:44:24,83071.70,SETTLED,B20260902-5
S901277,T101358,2026-09-02 13:23:36,341469.77,SETTLED,B20260902-5
S901278,T101359,2026-09-02 10:51:21,15835.36,SETTLED,B20260902-6
S901279,T101360,2026-09-02 17:55:36,3290.78,SETTLED,B20260902-2
S901280,T101361,2026-09-02 20:52:18,586.87,SETTLED,B20260902-3
S901281,T101362,2026-09-02 07:50:49,14221.48,SETTLED,B20260902-4
S901282,T101363,2026-09-02 12:09:09,37573.97,SETTLED,B20260902-5
S901283,T101364,2026-09-02 23:33:34,32829.92,SETTLED,B20260902-4
S901284,T101365,2026-09-02 11:28:54,3023.93,SETTLED,B20260902-1
S901285,T101367,2026-09-02 23:03:37,27681.62,SETTLED,B20260902-6
S901286,T101368,2026-09-02 07:39:52,2845.30,SETTLED,B20260902-6
S901287,T101369,2026-09-02 09:50:45,362002.52,SETTLED,B20260902-1
S901288,T101370,2026-09-02 16:52:35,219739.04,SETTLED,B20260902-3
S901289,T101372,2026-09-02 19:54:41,34494.60,SETTLED,B20260902-3
S901290,T101373,2026-09-02 13:55:59,89116.81,SETTLED,B20260902-2
S901291,T101374,2026-09-02 06:38:30,38394.75,SETTLED,B20260902-4
S901292,T101376,2026-09-02 22:10:15,225248.14,SETTLED,B20260902-5
S901293,T101377,2026-09-02 10:23:46,16144.70,SETTLED,B20260902-6
S901294,T101377,2026-09-02 10:23:46,4036.18,SETTLED,B20260902-1
S901295,T101379,2026-09-02 06:44:28,306083.08,SETTLED,B20260902-4
S901296,T101381,2026-09-02 17:35:15,1793.60,SETTLED,B20260902-4
S901297,T101383,2026-09-02 23:16:06,364138.59,SETTLED,B20260902-3
S901298,T101384,2026-09-02 06:43:50,36420.35,SETTLED,B20260902-4
S901299,T101386,2026-09-02 07:25:14,1540.55,SETTLED,B20260902-4
S901300,T101387,2026-09-02 15:45:06,10760.98,SETTLED,B20260902-2
S901301,T101388,2026-09-02 14:48:42,2974.78,SETTLED,B20260902-4
S901302,T101389,2026-09-02 06:54:07,3972.87,SETTLED,B20260902-2
S901303,T101390,2026-09-02 18:45:42,291528.06,SETTLED,B20260902-2
S901304,T101391,2026-09-02 11:59:24,2565.51,SETTLED,B20260902-3
S901305,T101393,2026-09-02 13:09:52,23573.96,SETTLED,B20260902-2
S901306,T101394,2026-09-02 20:23:15,3018.55,SETTLED,B20260902-3
S901307,T101395,2026-09-02 13:57:28,74159.67,SETTLED,B20260902-2
S901308,T101397,2026-09-02 08:22:49,771.72,SETTLED,B20260902-4
S901309,T101398,2026-09-02 14:07:26,45476.95,SETTLED,B20260902-3
S901310,T101399,2026-09-02 16:31:53,1244.88,SETTLED,B20260902-5
S901311,T101400,2026-09-02 08:50:09,1233.16,SETTLED,B20260902-5
S901312,T101401,2026-09-02 14:29:42,25937.38,SETTLED,B20260902-5
S901313,T101402,2026-09-02 22:35:49,230873.57,SETTLED,B20260902-2
S901314,T101403,2026-09-02 11:55:12,1647.97,SETTLED,B20260902-5
S901315,T101405,2026-09-02 16:31:15,1410.29,SETTLED,B20260902-6
S901316,T101406,2026-09-02 12:49:40,320714.89,SETTLED,B20260902-6
S901317,T101407,2026-09-02 14:44:18,53777.71,SETTLED,B20260902-1
S901318,T101408,2026-09-02 14:31:25,12061.20,SETTLED,B20260902-3
S901319,T101409,2026-09-02 11:16:50,2985.51,SETTLED,B20260902-1
S901320,T101412,2026-09-02 16:02:03,20660.07,SETTLED,B20260902-4
S901321,T101413,2026-09-02 15:02:21,1418.50,SETTLED,B20260902-3
S901322,T101414,2026-09-02 12:36:32,187803.33,SETTLED,B20260902-2
S901323,T101415,2026-09-02 16:13:14,30903.98,SETTLED,B20260902-3
S901324,T101416,2026-09-02 11:27:22,73172.74,SETTLED,B20260902-6
S901325,T101417,2026-09-02 13:10:59,2365.03,SETTLED,B20260902-3
S901326,T101418,2026-09-02 22:26:33,24930.66,SETTLED,B20260902-4
S901327,T101420,2026-09-02 13:22:28,21352.32,SETTLED,B20260902-5
S901328,T101421,2026-09-02 09:05:14,23992.24,SETTLED,B20260902-6
S901329,T101422,2026-09-02 17:32:26,223.53,SETTLED,B20260902-6
S901330,T101423,2026-09-02 23:10:02,202971.75,SETTLED,B20260902-2
S901331,T101424,2026-09-02 19:34:49,2216.08,SETTLED,B20260902-5
S901332,T101425,2026-09-02 12:56:01,1864.91,SETTLED,B20260902-5
S901333,T101425,2026-09-02 13:03:01,466.23,SETTLED,B20260902-3
S901334,T101426,2026-09-02 06:32:13,34914.19,SETTLED,B20260902-1
S901335,T101427,2026-09-02 12:21:22,136530.14,SETTLED,B20260902-4
S901336,T101428,2026-09-02 18:53:52,55510.74,SETTLED,B20260902-5
S901337,T101429,2026-09-02 14:47:41,127858.37,SETTLED,B20260902-6
S901338,T101430,2026-09-02 13:39:09,1574.48,SETTLED,B20260902-3
S901339,T101431,2026-09-02 20:00:06,350531.22,SETTLED,B20260902-4
S901340,T101432,2026-09-02 07:21:09,3778.52,SETTLED,B20260902-6
S901341,T101433,2026-09-02 21:29:53,2291.97,SETTLED,B20260902-3
S901342,T101434,2026-09-02 16:14:07,271540.07,SETTLED,B20260902-2
S901343,T101435,2026-09-02 07:19:51,2859.17,SETTLED,B20260902-5
S901344,T101436,2026-09-02 22:39:25,343135.67,PENDING,B20260902-3
S901345,T101437,2026-09-02 17:52:08,821.30,SETTLED,B20260902-1
S901346,T101438,2026-09-02 17:50:00,3881.48,SETTLED,B20260902-6
S901347,T101440,2026-09-02 16:52:22,237060.22,SETTLED,B20260902-2
S901348,T101441,2026-09-02 19:32:21,409.69,SETTLED,B20260902-5
S901349,T101443,2026-09-02 18:56:58,1304.01,SETTLED,B20260902-2
S901350,T101444,2026-09-02 16:11:58,283725.08,SETTLED,B20260902-5
S901351,T101445,2026-09-02 14:58:55,39400.96,SETTLED,B20260902-4
S901352,T101446,2026-09-02 17:21:57,2728.22,SETTLED,B20260902-6
S901353,T101446,2026-09-02 17:31:57,682.05,SETTLED,B20260902-3
S901354,T101447,2026-09-02 18:20:37,31788.94,SETTLED,B20260902-5
S901355,T101448,2026-09-02 19:06:13,2376.06,SETTLED,B20260902-2
S901356,T101451,2026-09-02 12:44:50,2946.24,SETTLED,B20260902-5
S901357,T101453,2026-09-02 16:31:24,2265.92,SETTLED,B20260902-2
S901358,T101454,2026-09-02 12:29:54,53102.78,SETTLED,B20260902-5
S901359,T101455,2026-09-02 14:40:12,1934.40,SETTLED,B20260902-2
S901360,T101456,2026-09-02 15:01:22,53782.94,SETTLED,B20260902-5
S901361,T101460,2026-09-02 20:27:41,1895.11,SETTLED,B20260902-2
S901362,T101461,2026-09-02 10:53:54,1582.36,SETTLED,B20260902-5
S901363,T101462,2026-09-02 21:50:53,90871.39,SETTLED,B20260902-6
S901364,T101462,2026-09-02 21:50:53,22717.85,SETTLED,B20260902-1
S901365,T101463,2026-09-02 11:51:10,2131.69,SETTLED,B20260902-3
S901366,T101463,2026-09-02 11:57:10,532.92,SETTLED,B20260902-1
S901367,T101464,2026-09-02 09:42:43,11360.57,SETTLED,B20260902-3
S901368,T101465,2026-09-02 17:14:32,3806.35,SETTLED,B20260902-1
S901369,T101466,2026-09-02 23:01:26,3713.32,SETTLED,B20260902-4
S901370,T101467,2026-09-02 10:01:21,347984.59,SETTLED,B20260902-3
S901371,T101468,2026-09-02 11:40:20,86951.11,SETTLED,B20260902-3
S901372,T101469,2026-09-02 08:21:24,137839.89,SETTLED,B20260902-2
S901373,T101470,2026-09-02 17:50:25,46602.44,SETTLED,B20260902-4
S901374,T101471,2026-09-02 19:44:58,40819.64,SETTLED,B20260902-4
S901375,T101472,2026-09-02 13:06:34,1577.20,SETTLED,B20260902-1
S901376,T101473,2026-09-02 16:17:37,397357.70,SETTLED,B20260902-2
S901377,T101474,2026-09-02 19:33:16,2332.37,SETTLED,B20260902-1
S901378,T101475,2026-09-02 07:20:16,31050.44,SETTLED,B20260902-6
S901379,T101475,2026-09-02 07:21:16,7762.61,SETTLED,B20260902-6
S901380,T101476,2026-09-02 22:27:41,5620.20,SETTLED,B20260902-4
S901381,T101477,2026-09-02 17:17:44,38383.67,SETTLED,B20260902-1
S901382,T101478,2026-09-02 18:21:08,205339.40,SETTLED,B20260902-2
S901383,T101480,2026-09-02 18:55:13,57112.31,SETTLED,B20260902-5
S901384,T101481,2026-09-02 13:06:53,58976.65,SETTLED,B20260902-3
S901385,T101482,2026-09-02 19:20:36,3069.54,SETTLED,B20260902-3
S901386,T101483,2026-09-02 17:22:45,3047.83,SETTLED,B20260902-1
S901387,T101483,2026-09-02 17:27:45,761.96,SETTLED,B20260902-6
S901388,T101484,2026-09-02 17:27:49,28275.19,SETTLED,B20260902-6
S901389,T101485,2026-09-02 07:50:05,2478.86,SETTLED,B20260902-1
S901390,T101486,2026-09-02 22:30:04,3603.47,SETTLED,B20260902-2
S901391,T101487,2026-09-02 14:01:42,245825.19,SETTLED,B20260902-2
S901392,T101488,2026-09-02 21:31:01,25677.45,SETTLED,B20260902-4
S901393,T101490,2026-09-02 10:38:04,285615.31,SETTLED,B20260902-6
S901394,T101491,2026-09-02 08:45:56,23264.61,SETTLED,B20260902-4
S901395,T101492,2026-09-02 14:34:53,85738.69,SETTLED,B20260902-1
S901396,T101493,2026-09-02 19:27:40,10799.11,SETTLED,B20260902-5
S901397,T101494,2026-09-02 10:01:10,1370.91,SETTLED,B20260902-1
S901398,T101494,2026-09-02 10:05:10,342.73,SETTLED,B20260902-4
S901399,T101495,2026-09-02 19:34:15,53092.83,SETTLED,B20260902-5
S901400,T101496,2026-09-02 14:33:08,243308.76,SETTLED,B20260902-2
S901401,T101496,2026-09-02 14:37:08,60827.19,SETTLED,B20260902-6
S901402,T101497,2026-09-02 17:41:31,46337.50,SETTLED,B20260902-3
S901403,T101498,2026-09-02 15:49:20,208200.77,SETTLED,B20260902-4
S901404,T101499,2026-09-02 09:27:33,287995.65,SETTLED,B20260902-2
S901405,T101500,2026-09-02 08:40:29,2881.13,SETTLED,B20260902-3
S901406,T101501,2026-09-03 02:06:54,341607.69,SETTLED,B20260903-3
S901407,T101502,2026-09-02 08:07:00,309980.09,SETTLED,B20260902-1
S901408,T101503,2026-09-02 12:37:14,1958.33,SETTLED,B20260902-4
S901409,T101504,2026-09-02 18:54:02,43082.69,SETTLED,B20260902-4
S901410,T101505,2026-09-02 06:45:15,2546.70,SETTLED,B20260902-3
S901411,T101506,2026-09-02 20:32:41,3977.89,SETTLED,B20260902-4
S901412,T101507,2026-09-02 12:25:51,20002.20,SETTLED,B20260902-6
S901413,T101508,2026-09-02 06:33:49,24590.85,SETTLED,B20260902-3
S901414,T101509,2026-09-02 20:23:18,137057.82,SETTLED,B20260902-4
S901415,T101510,2026-09-02 16:54:17,6355.71,SETTLED,B20260902-6
S901416,T101511,2026-09-02 18:34:35,29414.15,PENDING,B20260902-3
S901417,T101513,2026-09-02 20:17:40,103510.81,SETTLED,B20260902-3
S901418,T101515,2026-09-02 11:01:28,183180.97,SETTLED,B20260902-1
S901419,T101516,2026-09-02 17:36:39,39264.00,SETTLED,B20260902-5
S901420,T101518,2026-09-02 22:33:39,28622.86,PENDING,B20260902-5
S901421,T101519,2026-09-02 12:35:34,132826.37,SETTLED,B20260902-6
S901422,T101520,2026-09-02 21:38:36,45000.58,SETTLED,B20260902-3
S901423,T101521,2026-09-02 16:46:30,48128.76,SETTLED,B20260902-2
S901424,T101522,2026-09-02 06:26:45,22088.97,SETTLED,B20260902-4
S901425,T101523,2026-09-02 19:35:08,4153.56,SETTLED,B20260902-4
S901426,T101524,2026-09-02 13:56:20,97961.49,SETTLED,B20260902-2
S901427,T101524,2026-09-02 14:05:20,24490.37,SETTLED,B20260902-3
S901428,T101525,2026-09-02 09:02:37,380936.61,SETTLED,B20260902-3
S901429,T101526,2026-09-02 22:27:05,3130.14,SETTLED,B20260902-2
S901430,T101527,2026-09-02 18:35:17,119433.24,SETTLED,B20260902-5
S901431,T101528,2026-09-02 16:10:33,104570.74,SETTLED,B20260902-1
S901432,T101529,2026-09-02 16:20:53,48376.50,SETTLED,B20260902-6
S901433,T101531,2026-09-02 13:09:40,13076.14,SETTLED,B20260902-4
S901434,T101533,2026-09-02 09:57:49,20795.06,SETTLED,B20260902-2
S901435,T101534,2026-09-02 22:55:17,11618.43,SETTLED,B20260902-4
S901436,T101535,2026-09-02 21:27:45,133159.78,SETTLED,B20260902-3
S901437,T101535,2026-09-02 21:31:45,33289.95,SETTLED,B20260902-4
S901438,T101536,2026-09-02 06:35:32,2246.76,SETTLED,B20260902-5
S901439,T101537,2026-09-02 10:56:26,36924.91,SETTLED,B20260902-6
S901440,T101538,2026-09-02 09:13:36,41041.79,SETTLED,B20260902-6
S901441,T101539,2026-09-02 21:55:20,1175.00,SETTLED,B20260902-1
S901442,T101539,2026-09-02 22:04:20,293.75,SETTLED,B20260902-1
S901443,T101540,2026-09-02 17:09:52,25801.23,PENDING,B20260902-1
S901444,T101541,2026-09-02 15:40:35,1012.47,SETTLED,B20260902-4
S901445,T101543,2026-09-02 10:13:00,2913.24,SETTLED,B20260902-2
S901446,T101544,2026-09-02 18:28:44,1770.20,SETTLED,B20260902-6
S901447,T101546,2026-09-02 17:29:08,32569.09,SETTLED,B20260902-2
S901448,T101547,2026-09-02 12:04:37,32241.32,SETTLED,B20260902-2
S901449,T101548,2026-09-02 16:20:37,32493.33,FAILED,B20260902-4
S901450,T101549,2026-09-02 11:43:58,120594.18,SETTLED,B20260902-2
S901451,T101549,2026-09-02 11:47:58,-30148.54,SETTLED,B20260902-2
S901452,T101550,2026-09-02 21:21:57,269671.81,SETTLED,B20260902-6
S901453,T101550,2026-09-02 21:27:57,67417.95,SETTLED,B20260902-2
S901454,T101552,2026-09-02 07:11:25,52453.73,SETTLED,B20260902-4
S901455,T101553,2026-09-02 15:22:20,29533.20,SETTLED,B20260902-2
S901456,T101554,2026-09-02 17:33:26,3050.62,SETTLED,B20260902-5
S901457,T101556,2026-09-02 08:24:47,29856.77,SETTLED,B20260902-3
S901458,T101557,2026-09-02 08:59:32,359163.31,PENDING,B20260902-5
S901459,T101558,2026-09-02 09:08:18,148080.21,SETTLED,B20260902-5
S901460,T101559,2026-09-02 21:24:29,254480.79,SETTLED,B20260902-2
S901461,T101560,2026-09-02 14:16:01,575.62,SETTLED,B20260902-2
S901462,T101561,2026-09-02 21:36:16,10583.29,SETTLED,B20260902-6
S901463,T101562,2026-09-02 22:21:23,232056.62,SETTLED,B20260902-5
S901464,T101563,2026-09-02 15:16:44,94614.78,SETTLED,B20260902-6
S901465,T101563,2026-09-02 15:23:44,23653.69,SETTLED,B20260902-2
S901466,T101564,2026-09-02 14:31:01,338792.17,SETTLED,B20260902-5
S901467,T101565,2026-09-02 11:27:57,248527.11,SETTLED,B20260902-4
S901468,T101566,2026-09-02 20:50:34,3587.50,SETTLED,B20260902-2
S901469,T101567,2026-09-02 09:28:02,266319.03,SETTLED,B20260902-6
S901470,T101568,2026-09-02 10:14:46,386427.35,SETTLED,B20260902-1
S901471,T101569,2026-09-02 14:45:18,91825.81,SETTLED,B20260902-1
S901472,T101571,2026-09-02 07:21:29,326231.67,SETTLED,B20260902-3
S901473,T101572,2026-09-02 12:03:30,3089.74,SETTLED,B20260902-6
S901474,T101573,2026-09-02 20:31:36,1097.13,SETTLED,B20260902-5
S901475,T101574,2026-09-02 06:53:48,2293.23,SETTLED,B20260902-4
S901476,T101575,2026-09-02 18:56:29,375584.33,SETTLED,B20260902-5
S901477,T101576,2026-09-02 09:53:46,305989.35,SETTLED,B20260902-3
S901478,T101576,2026-09-02 10:05:46,76497.34,SETTLED,B20260902-3
S901479,T101577,2026-09-02 07:22:03,2842.23,SETTLED,B20260902-6
S901480,T101578,2026-09-02 16:07:21,81009.77,FAILED,B20260902-6
S901481,T101579,2026-09-02 13:19:57,2208.89,SETTLED,B20260902-2
S901482,T101579,2026-09-02 13:25:57,552.22,SETTLED,B20260902-4
S901483,T101580,2026-09-02 21:31:23,2991.19,SETTLED,B20260902-1
S901484,T101581,2026-09-02 10:56:11,328430.72,SETTLED,B20260902-3
S901485,T101582,2026-09-02 20:46:33,11331.81,SETTLED,B20260902-2
S901486,T101584,2026-09-02 06:43:19,272461.70,SETTLED,B20260902-3
S901487,T101585,2026-09-02 06:55:51,38643.31,SETTLED,B20260902-5
S901488,T101586,2026-09-02 09:13:38,45891.42,SETTLED,B20260902-5
S901489,T101587,2026-09-02 16:17:31,12333.25,SETTLED,B20260902-3
S901490,T101588,2026-09-02 20:16:18,36329.56,SETTLED,B20260902-3
S901491,T101589,2026-09-02 16:38:21,30184.32,SETTLED,B20260902-1
S901492,T101590,2026-09-02 06:40:51,55684.77,SETTLED,B20260902-6
S901493,T101591,2026-09-02 07:07:05,22654.66,SETTLED,B20260902-1
S901494,T101592,2026-09-02 18:40:08,2098.99,SETTLED,B20260902-1
S901495,T101593,2026-09-02 08:35:10,271156.26,SETTLED,B20260902-6
S901496,T101594,2026-09-02 15:16:08,3258.48,SETTLED,B20260902-6
S901497,T101595,2026-09-02 12:16:01,224894.45,PENDING,B20260902-4
S901498,T101596,2026-09-02 06:47:57,58659.77,SETTLED,B20260902-4
S901499,T101597,2026-09-02 10:31:14,2656.70,SETTLED,B20260902-3
S901500,T101598,2026-09-02 06:16:58,1641.15,SETTLED,B20260902-4
S901501,T101599,2026-09-02 20:51:38,355331.83,SETTLED,B20260902-2
S901502,T902135,2026-09-02 18:00:00,18714.57,SETTLED,B20260902-9
S901503,T952223,2026-09-02 16:00:00,11390.15,SETTLED,B20260902-9
S901504,T976389,2026-09-02 14:00:00,7340.96,SETTLED,B20260902-9
S901505,T939080,2026-09-02 10:00:00,9042.90,SETTLED,B20260902-9
S901506,T101601,2026-09-03 18:06:32,337985.32,SETTLED,B20260903-6
S901507,T101602,2026-09-03 12:41:45,2989.73,SETTLED,B20260903-6
S901508,T101603,2026-09-04 17:36:38,2171.24,SETTLED,B20260904-1
S901509,T101604,2026-09-03 06:11:14,24075.99,SETTLED,B20260903-1
S901510,T101605,2026-09-03 13:24:59,117304.74,SETTLED,B20260903-5
S901511,T101606,2026-09-03 08:27:17,146914.14,SETTLED,B20260903-2
S901512,T101607,2026-09-03 22:23:48,470.89,SETTLED,B20260903-1
S901513,T101608,2026-09-03 20:23:33,30060.97,SETTLED,B20260903-1
S901514,T101609,2026-09-03 18:31:50,2383.73,SETTLED,B20260903-1
S901515,T101609,2026-09-03 18:41:50,595.93,PENDING,B20260903-6
S901516,T101612,2026-09-03 13:24:34,238600.10,SETTLED,B20260903-5
S901517,T101613,2026-09-03 17:54:33,3309.93,SETTLED,B20260903-4
S901518,T101614,2026-09-03 20:51:00,50221.29,SETTLED,B20260903-5
S901519,T101615,2026-09-03 11:09:38,5687.61,SETTLED,B20260903-1
S901520,T101616,2026-09-03 19:38:10,38485.81,SETTLED,B20260903-5
S901521,T101617,2026-09-03 07:54:57,323799.95,SETTLED,B20260903-1
S901522,T101618,2026-09-03 12:57:01,43883.42,SETTLED,B20260903-4
S901523,T101619,2026-09-03 07:04:46,40979.59,SETTLED,B20260903-6
S901524,T101620,2026-09-03 09:37:51,3165.63,SETTLED,B20260903-4
S901525,T101621,2026-09-03 17:02:11,198919.74,SETTLED,B20260903-2
S901526,T101621,2026-09-03 17:04:11,49729.93,SETTLED,B20260903-4
S901527,T101623,2026-09-03 14:44:31,12795.09,PENDING,B20260903-6
S901528,T101624,2026-09-03 19:11:49,43553.17,SETTLED,B20260903-2
S901529,T101625,2026-09-03 10:51:56,113149.29,SETTLED,B20260903-1
S901530,T101626,2026-09-03 11:08:04,254011.09,SETTLED,B20260903-1
S901531,T101627,2026-09-03 17:23:57,269083.46,SETTLED,B20260903-1
S901532,T101628,2026-09-03 22:43:06,50720.01,SETTLED,B20260903-3
S901533,T101629,2026-09-03 21:44:09,456.46,PENDING,B20260903-1
S901534,T101629,2026-09-03 21:56:09,114.11,PENDING,B20260903-1
S901535,T101630,2026-09-03 21:59:02,236817.78,SETTLED,B20260903-3
S901536,T101631,2026-09-03 15:30:56,13743.91,SETTLED,B20260903-5
S901537,T101631,2026-09-03 15:35:56,3435.98,SETTLED,B20260903-4
S901538,T101632,2026-09-03 11:12:07,270919.25,SETTLED,B20260903-1
S901539,T101633,2026-09-03 22:20:30,50220.13,SETTLED,B20260903-5
S901540,T101634,2026-09-03 13:59:30,12780.29,SETTLED,B20260903-1
S901541,T101635,2026-09-03 07:58:31,42205.47,SETTLED,B20260903-6
S901542,T101636,2026-09-03 22:27:28,43992.44,SETTLED,B20260903-3
S901543,T101638,2026-09-03 18:02:35,3551.84,SETTLED,B20260903-6
S901544,T101639,2026-09-03 15:34:31,19553.91,SETTLED,B20260903-2
S901545,T101640,2026-09-03 11:35:45,167576.78,SETTLED,B20260903-5
S901546,T101641,2026-09-03 17:45:36,-299556.34,SETTLED,B20260903-4
S901547,T101642,2026-09-03 15:36:14,1829.06,SETTLED,B20260903-1
S901548,T101644,2026-09-03 06:35:23,2348.73,SETTLED,B20260903-1
S901549,T101645,2026-09-03 18:42:41,30220.68,SETTLED,B20260903-6
S901550,T101648,2026-09-03 14:00:53,30023.89,SETTLED,B20260903-2
S901551,T101652,2026-09-03 10:07:12,3303.82,SETTLED,B20260903-3
S901552,T101653,2026-09-03 22:23:33,48491.87,SETTLED,B20260903-5
S901553,T101654,2026-09-03 09:01:08,205758.26,SETTLED,B20260903-3
S901554,T101655,2026-09-03 06:27:33,798.25,SETTLED,B20260903-2
S901555,T101656,2026-09-03 21:36:38,240821.02,SETTLED,B20260903-3
S901556,T101657,2026-09-03 17:26:03,2740.10,SETTLED,B20260903-2
S901557,T101657,2026-09-03 17:30:03,685.02,SETTLED,B20260903-1
S901558,T101658,2026-09-03 19:45:45,47175.21,SETTLED,B20260903-4
S901559,T101659,2026-09-03 18:56:08,27745.20,SETTLED,B20260903-4
S901560,T101660,2026-09-03 11:59:17,2810.65,SETTLED,B20260903-1
S901561,T101660,2026-09-03 12:01:17,702.66,SETTLED,B20260903-1
S901562,T101663,2026-09-03 15:32:34,194031.39,SETTLED,B20260903-1
S901563,T101664,2026-09-03 23:12:10,58978.83,SETTLED,B20260903-5
S901564,T101665,2026-09-03 13:29:46,3654.62,SETTLED,B20260903-1
S901565,T101666,2026-09-03 11:57:03,24754.58,SETTLED,B20260903-2
S901566,T101667,2026-09-03 18:43:33,2214.79,SETTLED,B20260903-2
S901567,T101668,2026-09-03 20:27:11,124093.82,SETTLED,B20260903-6
S901568,T101669,2026-09-03 13:04:01,449.44,SETTLED,B20260903-1
S901569,T101670,2026-09-03 06:14:02,397357.00,SETTLED,B20260903-5
S901570,T101671,2026-09-03 20:40:54,20600.96,SETTLED,B20260903-1
S901571,T101672,2026-09-03 12:21:40,20876.89,SETTLED,B20260903-4
S901572,T101673,2026-09-03 19:52:08,57226.80,SETTLED,B20260903-6
S901573,T101674,2026-09-03 15:19:10,4573.88,SETTLED,B20260903-1
S901574,T101675,2026-09-03 10:59:27,7570.74,SETTLED,B20260903-4
S901575,T101676,2026-09-03 15:43:29,27922.23,SETTLED,B20260903-5
S901576,T101676,2026-09-03 15:44:29,6980.56,SETTLED,B20260903-6
S901577,T101677,2026-09-03 09:26:50,2085.97,SETTLED,B20260903-5
S901578,T101678,2026-09-03 16:27:50,1190.39,SETTLED,B20260903-6
S901579,T101679,2026-09-03 13:03:57,347808.62,SETTLED,B20260903-1
S901580,T101680,2026-09-03 11:24:42,385375.03,SETTLED,B20260903-3
S901581,T101681,2026-09-03 06:40:35,381207.83,SETTLED,B20260903-6
S901582,T101682,2026-09-03 13:52:45,41152.47,SETTLED,B20260903-3
S901583,T101683,2026-09-03 16:37:50,1792.03,SETTLED,B20260903-2
S901584,T101684,2026-09-03 13:25:54,1625.39,SETTLED,B20260903-1
S901585,T101685,2026-09-03 18:15:31,36211.79,SETTLED,B20260903-2
S901586,T101686,2026-09-03 19:58:37,2292.19,SETTLED,B20260903-4
S901587,T101687,2026-09-03 12:28:32,2813.80,SETTLED,B20260903-5
S901588,T101688,2026-09-03 20:15:11,388916.73,SETTLED,B20260903-3
S901589,T101689,2026-09-03 14:44:03,305798.93,SETTLED,B20260903-1
S901590,T101691,2026-09-03 09:18:58,29772.99,SETTLED,B20260903-6
S901591,T101692,2026-09-03 09:48:38,189753.01,SETTLED,B20260903-4
S901592,T101693,2026-09-03 09:34:20,57474.53,SETTLED,B20260903-6
S901593,T101694,2026-09-03 11:37:34,3127.47,SETTLED,B20260903-2
S901594,T101695,2026-09-03 06:24:41,28141.74,SETTLED,B20260903-3
S901595,T101696,2026-09-04 11:12:12,3406.93,SETTLED,B20260904-6
S901596,T101698,2026-09-03 16:07:26,6966.37,SETTLED,B20260903-5
S901597,T101699,2026-09-03 16:59:24,287322.87,SETTLED,B20260903-5
S901598,T101700,2026-09-03 14:45:12,1092.58,SETTLED,B20260903-2
S901599,T101700,2026-09-03 14:57:12,273.14,PENDING,B20260903-2
S901600,T101701,2026-09-03 16:41:03,2209.60,SETTLED,B20260903-1
S901601,T101702,2026-09-03 12:12:02,3723.57,SETTLED,B20260903-3
S901602,T101703,2026-09-03 17:51:54,258547.05,SETTLED,B20260903-2
S901603,T101705,2026-09-03 19:59:31,42505.99,SETTLED,B20260903-5
S901604,T101707,2026-09-03 09:47:58,257635.74,SETTLED,B20260903-2
S901605,T101707,2026-09-03 09:48:58,64408.93,SETTLED,B20260903-2
S901606,T101708,2026-09-03 08:57:42,2499.25,SETTLED,B20260903-5
S901607,T101709,2026-09-03 18:51:55,365324.32,SETTLED,B20260903-1
S901608,T101711,2026-09-03 14:38:55,39768.91,SETTLED,B20260903-5
S901609,T101712,2026-09-03 20:21:12,1030.53,SETTLED,B20260903-5
S901610,T101713,2026-09-03 06:22:29,28226.55,SETTLED,B20260903-6
S901611,T101714,2026-09-03 06:33:21,222319.09,SETTLED,B20260903-6
S901612,T101715,2026-09-03 22:32:35,22564.87,SETTLED,B20260903-5
S901613,T101716,2026-09-03 07:52:51,143434.33,SETTLED,B20260903-6
S901614,T101717,2026-09-04 01:58:43,1634.72,SETTLED,B20260904-4
S901615,T101718,2026-09-03 13:23:28,3605.59,PENDING,B20260903-3
S901616,T101721,2026-09-03 23:10:48,272481.55,SETTLED,B20260903-1
S901617,T101722,2026-09-03 21:53:31,395776.62,SETTLED,B20260903-5
S901618,T101723,2026-09-03 20:17:00,314416.98,SETTLED,B20260903-3
S901619,T101726,2026-09-03 20:39:41,32621.65,SETTLED,B20260903-4
S901620,T101727,2026-09-03 07:20:43,2103.32,SETTLED,B20260903-2
S901621,T101728,2026-09-03 13:37:39,51122.82,SETTLED,B20260903-2
S901622,T101730,2026-09-03 20:33:14,242676.96,SETTLED,B20260903-4
S901623,T101731,2026-09-03 20:17:07,308483.34,SETTLED,B20260903-6
S901624,T101731,2026-09-03 20:22:07,77120.83,SETTLED,B20260903-3
S901625,T101733,2026-09-03 06:40:42,3095.28,SETTLED,B20260903-6
S901626,T101734,2026-09-03 22:28:28,2878.24,SETTLED,B20260903-2
S901627,T101735,2026-09-03 22:54:21,42967.05,SETTLED,B20260903-2
S901628,T101736,2026-09-03 20:06:48,355856.69,SETTLED,B20260903-6
S901629,T101737,2026-09-03 19:37:01,3595.65,SETTLED,B20260903-1
S901630,T101738,2026-09-03 07:07:12,306158.75,PENDING,B20260903-4
S901631,T101739,2026-09-03 09:28:24,174623.37,SETTLED,B20260903-6
S901632,T101740,2026-09-03 16:34:01,293.37,SETTLED,B20260903-5
S901633,T101741,2026-09-03 20:53:30,40109.13,SETTLED,B20260903-5
S901634,T101743,2026-09-03 14:39:01,55661.20,SETTLED,B20260903-4
S901635,T101744,2026-09-03 07:14:03,2338.58,SETTLED,B20260903-2
S901636,T101745,2026-09-04 02:39:01,1571.77,SETTLED,B20260904-5
S901637,T101746,2026-09-03 11:36:25,211097.02,SETTLED,B20260903-5
S901638,T101747,2026-09-03 14:42:58,771.15,SETTLED,B20260903-4
S901639,T101748,2026-09-03 11:33:39,229706.36,SETTLED,B20260903-4
S901640,T101749,2026-09-03 17:03:04,14506.66,SETTLED,B20260903-4
S901641,T101750,2026-09-03 11:11:46,197705.31,SETTLED,B20260903-2
S901642,T101751,2026-09-03 16:08:42,41028.28,SETTLED,B20260903-1
S901643,T101752,2026-09-03 10:16:29,1625.76,SETTLED,B20260903-5
S901644,T101753,2026-09-03 22:08:54,1210.37,SETTLED,B20260903-3
S901645,T101753,2026-09-03 22:19:54,302.59,SETTLED,B20260903-5
S901646,T101754,2026-09-03 11:09:15,320375.61,SETTLED,B20260903-6
S901647,T101755,2026-09-03 19:32:38,1436.16,SETTLED,B20260903-1
S901648,T101756,2026-09-03 14:42:34,2460.06,SETTLED,B20260903-6
S901649,T101758,2026-09-03 07:38:04,5832.36,SETTLED,B20260903-6
S901650,T101759,2026-09-03 17:10:40,19395.02,SETTLED,B20260903-1
S901651,T101760,2026-09-03 07:34:47,187922.87,SETTLED,B20260903-6
S901652,T101761,2026-09-03 16:12:13,211811.47,SETTLED,B20260903-4
S901653,T101762,2026-09-03 11:42:56,447.76,SETTLED,B20260903-6
S901654,T101764,2026-09-03 12:45:09,21761.30,SETTLED,B20260903-1
S901655,T101765,2026-09-03 09:50:06,3519.70,SETTLED,B20260903-2
S901656,T101766,2026-09-03 07:48:43,43156.02,SETTLED,B20260903-5
S901657,T101767,2026-09-03 14:34:13,3144.97,SETTLED,B20260903-6
S901658,T101768,2026-09-03 23:00:50,40703.89,SETTLED,B20260903-5
S901659,T101769,2026-09-03 20:55:49,16172.68,SETTLED,B20260903-5
S901660,T101770,2026-09-03 12:31:02,1127.57,SETTLED,B20260903-1
S901661,T101771,2026-09-03 14:11:48,224866.19,SETTLED,B20260903-6
S901662,T101772,2026-09-03 19:51:40,12030.55,SETTLED,B20260903-5
S901663,T101773,2026-09-03 11:43:51,57586.47,PENDING,B20260903-5
S901664,T101774,2026-09-03 13:32:18,303385.90,SETTLED,B20260903-6
S901665,T101775,2026-09-03 14:04:15,250431.48,SETTLED,B20260903-5
S901666,T101776,2026-09-03 17:54:59,58898.60,SETTLED,B20260903-5
S901667,T101778,2026-09-03 22:41:47,2598.49,SETTLED,B20260903-4
S901668,T101779,2026-09-03 06:55:40,242297.08,SETTLED,B20260903-3
S901669,T101780,2026-09-03 08:07:29,330109.41,SETTLED,B20260903-3
S901670,T101781,2026-09-03 08:57:47,324818.75,SETTLED,B20260903-4
S901671,T101782,2026-09-03 16:10:38,7023.90,SETTLED,B20260903-5
S901672,T101784,2026-09-03 14:17:42,396463.78,SETTLED,B20260903-2
S901673,T101785,2026-09-03 16:16:22,298.17,SETTLED,B20260903-1
S901674,T101786,2026-09-03 13:54:01,62245.41,SETTLED,B20260903-4
S901675,T101788,2026-09-03 19:14:24,233429.52,SETTLED,B20260903-3
S901676,T101789,2026-09-03 19:57:40,189458.82,SETTLED,B20260903-5
S901677,T101790,2026-09-03 14:16:36,306366.86,SETTLED,B20260903-6
S901678,T101791,2026-09-03 17:37:45,42660.75,SETTLED,B20260903-2
S901679,T101792,2026-09-03 10:37:22,2236.85,SETTLED,B20260903-3
S901680,T101794,2026-09-03 21:16:03,43033.51,SETTLED,B20260903-3
S901681,T101795,2026-09-03 17:00:40,290193.17,SETTLED,B20260903-5
S901682,T101796,2026-09-03 15:48:09,352288.50,SETTLED,B20260903-4
S901683,T101797,2026-09-03 18:49:28,3454.44,SETTLED,B20260903-1
S901684,T101798,2026-09-03 10:01:23,1253.32,SETTLED,B20260903-1
S901685,T101799,2026-09-03 10:28:41,17831.77,SETTLED,B20260903-2
S901686,T101800,2026-09-03 11:26:07,901.63,SETTLED,B20260903-1
S901687,T101801,2026-09-03 07:56:16,178085.64,SETTLED,B20260903-3
S901688,T101802,2026-09-03 14:46:58,34637.33,SETTLED,B20260903-1
S901689,T101803,2026-09-03 14:27:03,100574.58,SETTLED,B20260903-3
S901690,T101804,2026-09-03 13:32:43,2353.53,SETTLED,B20260903-1
S901691,T101805,2026-09-03 21:10:36,115858.65,SETTLED,B20260903-6
S901692,T101806,2026-09-03 12:25:11,188430.38,SETTLED,B20260903-5
S901693,T101807,2026-09-03 07:11:57,15695.79,SETTLED,B20260903-1
S901694,T101808,2026-09-03 21:53:37,219505.58,SETTLED,B20260903-1
S901695,T101809,2026-09-03 18:46:21,68644.47,SETTLED,B20260903-5
S901696,T101811,2026-09-03 09:15:51,51478.31,SETTLED,B20260903-1
S901697,T101812,2026-09-04 05:48:15,253274.10,SETTLED,B20260904-1
S901698,T101813,2026-09-03 22:16:04,38122.58,SETTLED,B20260903-4
S901699,T101814,2026-09-03 07:11:59,1218.01,SETTLED,B20260903-5
S901700,T101815,2026-09-03 19:55:35,377.31,SETTLED,B20260903-6
S901701,T101816,2026-09-03 22:38:06,19664.29,SETTLED,B20260903-2
S901702,T101817,2026-09-03 10:13:26,85764.82,SETTLED,B20260903-5
S901703,T101818,2026-09-03 12:05:54,45786.78,SETTLED,B20260903-4
S901704,T101819,2026-09-03 10:14:13,17716.05,SETTLED,B20260903-6
S901705,T101819,2026-09-03 10:24:13,4429.01,SETTLED,B20260903-6
S901706,T101820,2026-09-03 07:36:28,591.96,SETTLED,B20260903-3
S901707,T101822,2026-09-03 15:27:01,3227.92,SETTLED,B20260903-1
S901708,T101823,2026-09-03 18:29:56,380528.53,SETTLED,B20260903-3
S901709,T101824,2026-09-03 16:18:22,411.23,SETTLED,B20260903-6
S901710,T101824,2026-09-03 16:21:22,102.81,SETTLED,B20260903-5
S901711,T101825,2026-09-03 12:55:52,107483.00,SETTLED,B20260903-2
S901712,T101826,2026-09-03 19:46:20,46344.14,SETTLED,B20260903-6
S901713,T101826,2026-09-03 19:52:20,11586.03,SETTLED,B20260903-3
S901714,T101827,2026-09-03 21:03:03,4305.76,SETTLED,B20260903-3
S901715,T101828,2026-09-03 19:14:11,3435.96,SETTLED,B20260903-6
S901716,T101829,2026-09-03 23:08:31,30636.50,SETTLED,B20260903-1
S901717,T101830,2026-09-03 22:15:00,111513.40,SETTLED,B20260903-3
S901718,T101831,2026-09-03 19:55:19,11135.00,SETTLED,B20260903-4
S901719,T101832,2026-09-03 21:13:39,44769.39,SETTLED,B20260903-1
S901720,T101833,2026-09-03 19:21:27,22102.78,SETTLED,B20260903-5
S901721,T101834,2026-09-03 12:42:07,3335.89,SETTLED,B20260903-6
S901722,T101836,2026-09-03 16:06:09,7230.67,SETTLED,B20260903-2
S901723,T101837,2026-09-03 21:23:18,1029.09,SETTLED,B20260903-4
S901724,T101839,2026-09-03 18:15:19,301.09,SETTLED,B20260903-5
S901725,T101840,2026-09-03 08:17:39,306252.24,SETTLED,B20260903-1
S901726,T101841,2026-09-03 07:37:54,58532.85,SETTLED,B20260903-5
S901727,T101842,2026-09-03 15:54:16,101955.94,SETTLED,B20260903-4
S901728,T101843,2026-09-03 12:42:04,725.13,SETTLED,B20260903-3
S901729,T101843,2026-09-03 12:44:04,-181.28,PENDING,B20260903-2
S901730,T101845,2026-09-03 22:04:38,315456.51,SETTLED,B20260903-5
S901731,T101846,2026-09-03 22:35:22,13639.22,SETTLED,B20260903-2
S901732,T101847,2026-09-03 17:32:34,3905.40,SETTLED,B20260903-2
S901733,T101848,2026-09-03 10:18:57,1874.00,SETTLED,B20260903-5
S901734,T101850,2026-09-03 13:24:53,3519.94,SETTLED,B20260903-5
S901735,T101851,2026-09-03 14:54:02,96932.48,SETTLED,B20260903-5
S901736,T101852,2026-09-03 19:59:18,22134.95,SETTLED,B20260903-2
S901737,T101853,2026-09-03 21:47:14,1121.46,PENDING,B20260903-1
S901738,T101854,2026-09-03 10:52:13,52152.75,SETTLED,B20260903-5
S901739,T101855,2026-09-03 09:37:51,248550.15,SETTLED,B20260903-3
S901740,T101856,2026-09-03 22:05:43,125678.22,SETTLED,B20260903-6
S901741,T101857,2026-09-03 13:48:42,143353.32,SETTLED,B20260903-6
S901742,T101858,2026-09-03 22:44:48,43881.76,SETTLED,B20260903-1
S901743,T101858,2026-09-03 22:55:48,10970.44,SETTLED,B20260903-6
S901744,T101859,2026-09-03 09:34:46,383568.57,SETTLED,B20260903-4
S901745,T101860,2026-09-03 09:56:37,99320.96,SETTLED,B20260903-2
S901746,T101860,2026-09-03 09:59:37,24830.24,SETTLED,B20260903-5
S901747,T101861,2026-09-03 19:44:08,50487.14,SETTLED,B20260903-4
S901748,T101862,2026-09-03 13:00:21,37877.22,SETTLED,B20260903-6
S901749,T101862,2026-09-03 13:06:21,9469.31,SETTLED,B20260903-2
S901750,T101863,2026-09-03 10:13:33,52161.28,SETTLED,B20260903-1
S901751,T101864,2026-09-03 22:12:11,67923.72,SETTLED,B20260903-5
S901752,T101865,2026-09-03 09:23:28,2443.81,SETTLED,B20260903-1
S901753,T101867,2026-09-03 20:22:51,138830.16,SETTLED,B20260903-5
S901754,T101868,2026-09-03 19:38:45,54272.58,SETTLED,B20260903-1
S901755,T101869,2026-09-03 15:44:15,241.35,SETTLED,B20260903-1
S901756,T101871,2026-09-03 17:55:17,339421.24,SETTLED,B20260903-1
S901757,T101872,2026-09-03 10:40:43,45304.18,SETTLED,B20260903-3
S901758,T101872,2026-09-03 10:44:43,11326.05,SETTLED,B20260903-1
S901759,T101873,2026-09-03 12:43:37,108651.19,SETTLED,B20260903-1
S901760,T101874,2026-09-03 11:48:24,211174.66,SETTLED,B20260903-4
S901761,T101875,2026-09-03 16:06:10,2915.26,SETTLED,B20260903-1
S901762,T101875,2026-09-03 16:13:10,728.81,SETTLED,B20260903-5
S901763,T101877,2026-09-03 11:04:36,1979.15,SETTLED,B20260903-2
S901764,T101878,2026-09-03 18:47:31,13861.42,PENDING,B20260903-5
S901765,T101879,2026-09-03 16:58:36,43103.27,SETTLED,B20260903-4
S901766,T101880,2026-09-03 13:16:28,1537.75,FAILED,B20260903-5
S901767,T101881,2026-09-03 19:51:41,228476.57,SETTLED,B20260903-4
S901768,T101882,2026-09-03 16:21:19,28204.71,SETTLED,B20260903-6
S901769,T101883,2026-09-03 06:33:59,12084.10,SETTLED,B20260903-6
S901770,T101883,2026-09-03 06:33:59,3021.03,SETTLED,B20260903-5
S901771,T101884,2026-09-03 11:58:56,125102.96,SETTLED,B20260903-4
S901772,T101885,2026-09-03 10:28:02,280096.13,SETTLED,B20260903-1
S901773,T101885,2026-09-03 10:29:02,70024.03,SETTLED,B20260903-4
S901774,T101886,2026-09-03 19:57:32,1307.74,SETTLED,B20260903-5
S901775,T101887,2026-09-03 13:51:37,666.37,SETTLED,B20260903-2
S901776,T101887,2026-09-03 13:53:37,166.59,SETTLED,B20260903-3
S901777,T101888,2026-09-03 13:20:40,121477.49,SETTLED,B20260903-1
S901778,T101888,2026-09-03 13:32:40,30369.37,SETTLED,B20260903-3
S901779,T101889,2026-09-03 14:45:37,54912.01,SETTLED,B20260903-4
S901780,T101890,2026-09-03 12:18:48,831.61,SETTLED,B20260903-3
S901781,T101890,2026-09-03 12:30:48,207.90,FAILED,B20260903-4
S901782,T101891,2026-09-03 21:00:03,2302.06,SETTLED,B20260903-6
S901783,T101894,2026-09-03 07:23:36,3414.22,SETTLED,B20260903-3
S901784,T101895,2026-09-03 14:47:09,1298.27,SETTLED,B20260903-1
S901785,T101896,2026-09-03 19:38:53,144006.52,SETTLED,B20260903-3
S901786,T101897,2026-09-03 09:18:25,3311.98,SETTLED,B20260903-3
S901787,T101898,2026-09-03 14:01:22,59126.41,SETTLED,B20260903-4
S901788,T101899,2026-09-03 20:45:02,59954.21,SETTLED,B20260903-5
S901789,T101900,2026-09-03 23:15:17,3361.14,SETTLED,B20260903-5
S901790,T101901,2026-09-03 07:07:50,392198.02,SETTLED,B20260903-1
S901791,T101902,2026-09-03 23:14:08,223016.77,SETTLED,B20260903-4
S901792,T101903,2026-09-03 20:54:21,317299.53,SETTLED,B20260903-5
S901793,T101904,2026-09-03 22:52:15,89910.87,SETTLED,B20260903-5
S901794,T101905,2026-09-03 06:47:37,2198.81,SETTLED,B20260903-3
S901795,T101907,2026-09-03 13:18:46,2170.38,SETTLED,B20260903-4
S901796,T101908,2026-09-03 12:01:19,7485.84,SETTLED,B20260903-1
S901797,T101909,2026-09-03 22:14:25,206456.67,SETTLED,B20260903-4
S901798,T101910,2026-09-03 21:04:29,337625.16,SETTLED,B20260903-3
S901799,T101911,2026-09-03 22:51:23,195085.93,SETTLED,B20260903-2
S901800,T101911,2026-09-03 22:59:23,48771.48,SETTLED,B20260903-4
S901801,T101912,2026-09-03 10:10:30,342127.90,SETTLED,B20260903-5
S901802,T101913,2026-09-03 20:39:56,3053.26,SETTLED,B20260903-1
S901803,T101915,2026-09-03 23:22:21,112105.77,SETTLED,B20260903-6
S901804,T101916,2026-09-03 16:48:16,2877.75,SETTLED,B20260903-6
S901805,T101917,2026-09-03 10:56:23,54768.27,SETTLED,B20260903-3
S901806,T101918,2026-09-03 17:24:59,42172.39,SETTLED,B20260903-1
S901807,T101919,2026-09-03 20:19:13,46517.86,SETTLED,B20260903-1
S901808,T101920,2026-09-03 17:11:42,99736.68,SETTLED,B20260903-2
S901809,T101921,2026-09-03 09:13:08,2686.74,SETTLED,B20260903-5
S901810,T101922,2026-09-03 12:57:17,341016.42,SETTLED,B20260903-6
S901811,T101923,2026-09-03 17:56:57,2926.54,SETTLED,B20260903-2
S901812,T101923,2026-09-03 18:05:57,731.63,SETTLED,B20260903-2
S901813,T101924,2026-09-03 16:55:07,1268.19,SETTLED,B20260903-1
S901814,T101925,2026-09-03 21:07:18,3848.53,SETTLED,B20260903-2
S901815,T101926,2026-09-03 10:03:57,39901.71,SETTLED,B20260903-5
S901816,T101926,2026-09-03 10:03:57,9975.43,SETTLED,B20260903-5
S901817,T101928,2026-09-03 19:53:10,2348.70,SETTLED,B20260903-4
S901818,T101929,2026-09-03 14:29:03,1439.40,SETTLED,B20260903-5
S901819,T101930,2026-09-03 07:50:36,19611.15,SETTLED,B20260903-6
S901820,T101931,2026-09-03 14:15:51,93802.45,SETTLED,B20260903-2
S901821,T101932,2026-09-04 01:26:15,246599.60,SETTLED,B20260904-1
S901822,T101933,2026-09-03 10:04:55,311896.45,SETTLED,B20260903-1
S901823,T101934,2026-09-03 20:23:06,128473.03,SETTLED,B20260903-2
S901824,T101935,2026-09-03 20:29:45,3722.18,SETTLED,B20260903-1
S901825,T101936,2026-09-03 22:15:58,6426.12,SETTLED,B20260903-2
S901826,T101937,2026-09-03 23:06:56,44606.53,SETTLED,B20260903-1
S901827,T101938,2026-09-03 17:20:31,3768.35,SETTLED,B20260903-2
S901828,T101939,2026-09-03 09:31:28,47818.13,SETTLED,B20260903-5
S901829,T101940,2026-09-03 12:04:58,586.22,SETTLED,B20260903-5
S901830,T101941,2026-09-03 20:38:20,55459.21,SETTLED,B20260903-6
S901831,T101943,2026-09-03 15:04:39,4451.42,SETTLED,B20260903-1
S901832,T101946,2026-09-03 13:27:39,106631.10,SETTLED,B20260903-2
S901833,T101947,2026-09-03 18:16:35,410.44,SETTLED,B20260903-2
S901834,T101950,2026-09-03 11:10:18,551.05,SETTLED,B20260903-2
S901835,T101952,2026-09-03 16:23:07,2881.82,SETTLED,B20260903-5
S901836,T101954,2026-09-03 22:21:14,1409.14,SETTLED,B20260903-2
S901837,T101957,2026-09-03 22:00:56,55443.84,SETTLED,B20260903-1
S901838,T101959,2026-09-03 16:51:21,3531.07,SETTLED,B20260903-3
S901839,T101960,2026-09-03 15:13:21,314228.54,SETTLED,B20260903-4
S901840,T101962,2026-09-03 10:57:30,859.08,SETTLED,B20260903-3
S901841,T101963,2026-09-03 17:18:53,2437.57,SETTLED,B20260903-2
S901842,T101964,2026-09-03 13:43:41,54498.05,SETTLED,B20260903-6
S901843,T101965,2026-09-03 06:54:24,224674.28,SETTLED,B20260903-1
S901844,T101967,2026-09-03 09:39:07,330332.30,SETTLED,B20260903-5
S901845,T101968,2026-09-03 14:56:29,44775.37,SETTLED,B20260903-1
S901846,T101968,2026-09-03 14:59:29,11193.84,SETTLED,B20260903-2
S901847,T101969,2026-09-03 16:12:32,3910.50,SETTLED,B20260903-4
S901848,T101970,2026-09-03 07:59:15,57478.56,SETTLED,B20260903-5
S901849,T101971,2026-09-03 13:53:46,4503.53,SETTLED,B20260903-1
S901850,T101972,2026-09-03 16:01:28,392767.83,SETTLED,B20260903-3
S901851,T101973,2026-09-03 18:53:36,108618.47,SETTLED,B20260903-3
S901852,T101974,2026-09-03 18:50:37,53166.24,SETTLED,B20260903-2
S901853,T101975,2026-09-03 18:11:17,8276.21,SETTLED,B20260903-3
S901854,T101976,2026-09-03 12:58:13,2250.37,PENDING,B20260903-3
S901855,T101977,2026-09-03 11:14:57,347307.35,SETTLED,B20260903-6
S901856,T101978,2026-09-03 21:27:11,58238.83,SETTLED,B20260903-2
S901857,T101979,2026-09-03 11:06:51,2563.82,SETTLED,B20260903-1
S901858,T101980,2026-09-03 12:55:06,3491.57,SETTLED,B20260903-1
S901859,T101980,2026-09-03 12:59:06,872.89,SETTLED,B20260903-3
S901860,T101981,2026-09-03 22:54:48,395449.79,SETTLED,B20260903-5
S901861,T101982,2026-09-03 06:40:12,56957.43,SETTLED,B20260903-1
S901862,T101983,2026-09-03 18:34:14,30588.04,SETTLED,B20260903-5
S901863,T101984,2026-09-03 11:51:34,352890.77,SETTLED,B20260903-6
S901864,T101985,2026-09-03 13:46:30,3938.96,SETTLED,B20260903-6
S901865,T101986,2026-09-03 19:27:32,26482.64,SETTLED,B20260903-6
S901866,T101987,2026-09-03 19:50:26,99430.69,SETTLED,B20260903-4
S901867,T101989,2026-09-03 10:09:27,748.81,SETTLED,B20260903-4
S901868,T101990,2026-09-03 11:43:42,6151.31,SETTLED,B20260903-4
S901869,T101992,2026-09-03 13:28:32,33410.44,SETTLED,B20260903-3
S901870,T101993,2026-09-03 06:40:01,126437.41,SETTLED,B20260903-6
S901871,T101994,2026-09-03 14:57:02,808.86,SETTLED,B20260903-4
S901872,T101994,2026-09-03 15:08:02,202.22,SETTLED,B20260903-5
S901873,T101995,2026-09-03 11:29:07,250699.14,SETTLED,B20260903-4
S901874,T101996,2026-09-03 19:17:07,58247.83,PENDING,B20260903-2
S901875,T101997,2026-09-03 11:14:52,45100.87,SETTLED,B20260903-2
S901876,T101998,2026-09-03 22:51:22,251197.00,SETTLED,B20260903-3
S901877,T101999,2026-09-03 18:54:07,102409.87,SETTLED,B20260903-4
S901878,T102000,2026-09-03 19:07:58,101862.64,SETTLED,B20260903-5
S901879,T102001,2026-09-03 18:32:31,56735.07,SETTLED,B20260903-5
S901880,T102002,2026-09-03 14:30:34,1745.88,SETTLED,B20260903-5
S901881,T102003,2026-09-03 09:07:08,86302.14,SETTLED,B20260903-6
S901882,T102004,2026-09-03 15:19:40,47241.02,SETTLED,B20260903-1
S901883,T102005,2026-09-03 09:38:53,42491.31,SETTLED,B20260903-4
S901884,T102006,2026-09-03 11:06:41,3675.98,SETTLED,B20260903-6
S901885,T102007,2026-09-04 05:52:19,279853.97,SETTLED,B20260904-3
S901886,T102008,2026-09-03 07:32:52,98710.08,SETTLED,B20260903-5
S901887,T102008,2026-09-03 07:39:52,24677.52,SETTLED,B20260903-2
S901888,T102009,2026-09-03 10:01:46,1333.40,SETTLED,B20260903-6
S901889,T102009,2026-09-03 10:05:46,333.35,SETTLED,B20260903-4
S901890,T102010,2026-09-03 12:47:20,69746.32,SETTLED,B20260903-1
S901891,T102011,2026-09-03 15:36:02,293875.61,SETTLED,B20260903-5
S901892,T102012,2026-09-03 13:23:57,138093.58,FAILED,B20260903-5
S901893,T102014,2026-09-03 12:58:41,65017.29,SETTLED,B20260903-5
S901894,T102015,2026-09-03 22:39:02,44511.14,SETTLED,B20260903-2
S901895,T102016,2026-09-03 20:45:12,352454.98,SETTLED,B20260903-6
S901896,T102017,2026-09-03 19:14:28,50903.08,SETTLED,B20260903-2
S901897,T102018,2026-09-03 18:35:45,304271.71,SETTLED,B20260903-6
S901898,T102019,2026-09-03 16:34:47,1478.66,SETTLED,B20260903-4
S901899,T102021,2026-09-03 13:16:54,16651.40,SETTLED,B20260903-1
S901900,T102023,2026-09-03 20:15:34,150323.37,SETTLED,B20260903-1
S901901,T102024,2026-09-03 19:26:39,2051.29,SETTLED,B20260903-1
S901902,T102025,2026-09-03 10:19:41,323787.61,SETTLED,B20260903-3
S901903,T102027,2026-09-03 22:35:38,149938.00,SETTLED,B20260903-6
S901904,T102028,2026-09-03 11:45:24,18890.22,SETTLED,B20260903-4
S901905,T102029,2026-09-03 08:33:31,39357.58,SETTLED,B20260903-3
S901906,T102030,2026-09-03 18:25:44,259644.75,SETTLED,B20260903-1
S901907,T102030,2026-09-03 18:26:44,64911.19,SETTLED,B20260903-1
S901908,T102031,2026-09-03 08:41:45,2657.78,SETTLED,B20260903-3
S901909,T102032,2026-09-03 20:20:10,1625.89,SETTLED,B20260903-1
S901910,T102034,2026-09-03 12:51:15,1228.19,SETTLED,B20260903-3
S901911,T102035,2026-09-03 11:54:34,3089.53,SETTLED,B20260903-1
S901912,T102036,2026-09-03 22:08:39,915.70,SETTLED,B20260903-3
S901913,T102037,2026-09-03 06:20:10,324500.01,SETTLED,B20260903-1
S901914,T102038,2026-09-03 18:29:12,11832.28,SETTLED,B20260903-1
S901915,T102038,2026-09-03 18:32:12,2958.07,SETTLED,B20260903-3
S901916,T102039,2026-09-03 09:33:07,22345.49,SETTLED,B20260903-4
S901917,T102040,2026-09-03 15:28:12,32298.70,SETTLED,B20260903-4
S901918,T102040,2026-09-03 15:40:12,8074.67,SETTLED,B20260903-6
S901919,T102041,2026-09-03 19:57:27,374632.93,SETTLED,B20260903-3
S901920,T102042,2026-09-03 15:56:27,2486.49,SETTLED,B20260903-3
S901921,T102043,2026-09-03 10:37:09,1080.22,SETTLED,B20260903-3
S901922,T102044,2026-09-03 08:08:30,43713.27,SETTLED,B20260903-3
S901923,T102045,2026-09-03 07:51:18,4496.84,SETTLED,B20260903-5
S901924,T102046,2026-09-03 06:39:54,35764.40,SETTLED,B20260903-1
S901925,T102047,2026-09-03 13:24:27,1753.38,SETTLED,B20260903-5
S901926,T102048,2026-09-03 22:50:41,4454.21,SETTLED,B20260903-5
S901927,T102050,2026-09-03 18:07:47,3879.96,SETTLED,B20260903-5
S901928,T102052,2026-09-03 08:01:05,74500.10,SETTLED,B20260903-2
S901929,T102053,2026-09-03 07:42:00,48954.21,SETTLED,B20260903-4
S901930,T102054,2026-09-03 22:14:21,6570.91,SETTLED,B20260903-5
S901931,T102054,2026-09-03 22:24:21,1642.73,SETTLED,B20260903-3
S901932,T102056,2026-09-03 18:39:10,40600.83,SETTLED,B20260903-3
S901933,T102058,2026-09-03 09:35:24,325.61,SETTLED,B20260903-4
S901934,T102060,2026-09-03 19:31:38,3510.39,SETTLED,B20260903-6
S901935,T102061,2026-09-03 10:03:05,42368.13,SETTLED,B20260903-2
S901936,T102062,2026-09-03 08:17:37,2911.53,SETTLED,B20260903-6
S901937,T102063,2026-09-03 15:56:08,1463.05,SETTLED,B20260903-5
S901938,T102064,2026-09-03 09:00:18,39937.59,SETTLED,B20260903-1
S901939,T102065,2026-09-03 13:02:41,577.08,SETTLED,B20260903-5
S901940,T102067,2026-09-03 10:59:35,53213.29,SETTLED,B20260903-3
S901941,T102068,2026-09-03 17:26:19,2383.77,SETTLED,B20260903-5
S901942,T102069,2026-09-03 06:24:59,44928.68,SETTLED,B20260903-3
S901943,T102070,2026-09-03 22:34:23,390125.10,SETTLED,B20260903-5
S901944,T102071,2026-09-04 01:07:36,39722.84,SETTLED,B20260904-6
S901945,T102072,2026-09-03 19:24:24,3138.17,SETTLED,B20260903-2
S901946,T102072,2026-09-03 19:25:24,784.54,SETTLED,B20260903-5
S901947,T102073,2026-09-03 21:23:46,3367.95,SETTLED,B20260903-4
S901948,T102074,2026-09-03 09:40:07,24165.18,SETTLED,B20260903-6
S901949,T102075,2026-09-03 17:22:48,1257.66,SETTLED,B20260903-1
S901950,T102076,2026-09-03 08:49:39,3055.66,SETTLED,B20260903-6
S901951,T102077,2026-09-03 23:09:17,70702.30,SETTLED,B20260903-1
S901952,T102078,2026-09-03 11:46:19,1097.22,SETTLED,B20260903-3
S901953,T102079,2026-09-03 17:32:08,10791.01,SETTLED,B20260903-5
S901954,T102079,2026-09-03 17:33:08,2697.75,SETTLED,B20260903-5
S901955,T102081,2026-09-03 23:18:22,6294.31,SETTLED,B20260903-6
S901956,T102082,2026-09-03 18:34:44,98323.32,SETTLED,B20260903-3
S901957,T102083,2026-09-03 18:39:23,374365.77,SETTLED,B20260903-2
S901958,T102084,2026-09-03 09:19:46,56974.66,SETTLED,B20260903-5
S901959,T102086,2026-09-03 15:44:47,3746.58,SETTLED,B20260903-2
S901960,T102087,2026-09-03 07:58:00,70243.06,SETTLED,B20260903-3
S901961,T102088,2026-09-03 07:43:38,389.63,SETTLED,B20260903-4
S901962,T102090,2026-09-03 11:10:56,2058.28,SETTLED,B20260903-1
S901963,T102091,2026-09-03 20:00:55,52868.44,SETTLED,B20260903-1
S901964,T102092,2026-09-03 12:24:53,1969.17,PENDING,B20260903-1
S901965,T102093,2026-09-04 12:31:29,140157.13,SETTLED,B20260904-2
S901966,T102094,2026-09-03 21:36:27,-3107.55,SETTLED,B20260903-1
S901967,T102095,2026-09-03 11:10:08,272518.89,SETTLED,B20260903-3
S901968,T102096,2026-09-03 12:01:43,389627.34,SETTLED,B20260903-1
S901969,T102097,2026-09-03 09:09:33,21200.25,SETTLED,B20260903-5
S901970,T102098,2026-09-03 16:23:30,3739.18,SETTLED,B20260903-1
S901971,T102099,2026-09-03 19:27:54,208954.72,SETTLED,B20260903-6
S901972,T102100,2026-09-03 20:48:29,259.75,SETTLED,B20260903-2
S901973,T102101,2026-09-03 12:55:56,376355.24,SETTLED,B20260903-4
S901974,T102102,2026-09-03 08:03:40,28489.03,SETTLED,B20260903-3
S901975,T102103,2026-09-03 12:42:40,2491.53,SETTLED,B20260903-2
S901976,T102104,2026-09-03 10:21:57,172141.25,SETTLED,B20260903-6
S901977,T102106,2026-09-03 18:31:37,207865.11,SETTLED,B20260903-4
S901978,T102107,2026-09-03 17:34:26,205558.61,SETTLED,B20260903-4
S901979,T102108,2026-09-03 18:52:24,188907.81,SETTLED,B20260903-2
S901980,T102109,2026-09-03 22:53:12,2161.36,SETTLED,B20260903-6
S901981,T102110,2026-09-03 09:58:03,2356.50,SETTLED,B20260903-3
S901982,T102111,2026-09-03 14:55:41,8222.66,SETTLED,B20260903-5
S901983,T102112,2026-09-03 16:27:29,183.01,SETTLED,B20260903-2
S901984,T102113,2026-09-03 19:38:07,2575.78,SETTLED,B20260903-3
S901985,T102114,2026-09-03 12:29:46,3816.55,SETTLED,B20260903-2
S901986,T102115,2026-09-03 19:46:38,3815.18,SETTLED,B20260903-1
S901987,T102116,2026-09-03 17:35:27,2205.09,SETTLED,B20260903-1
S901988,T102118,2026-09-03 08:53:25,12225.56,SETTLED,B20260903-4
S901989,T102119,2026-09-03 16:34:37,155939.76,SETTLED,B20260903-1
S901990,T102120,2026-09-03 16:03:59,120972.68,SETTLED,B20260903-2
S901991,T102120,2026-09-03 16:12:59,30243.17,SETTLED,B20260903-6
S901992,T102123,2026-09-03 15:54:50,355622.39,SETTLED,B20260903-4
S901993,T102124,2026-09-03 12:48:48,20752.01,SETTLED,B20260903-5
S901994,T102125,2026-09-03 21:16:11,805.74,SETTLED,B20260903-4
S901995,T102126,2026-09-03 18:58:21,74058.31,SETTLED,B20260903-2
S901996,T102126,2026-09-03 19:09:21,18514.58,SETTLED,B20260903-3
S901997,T102127,2026-09-03 11:34:58,325964.93,SETTLED,B20260903-3
S901998,T102129,2026-09-03 22:15:04,313156.05,SETTLED,B20260903-1
S901999,T102129,2026-09-03 22:19:04,78289.01,SETTLED,B20260903-2
S902000,T102130,2026-09-03 18:51:07,3785.23,SETTLED,B20260903-2
S902001,T102131,2026-09-04 06:00:12,50224.10,SETTLED,B20260904-3
S902002,T102132,2026-09-03 18:04:37,36808.71,SETTLED,B20260903-3
S902003,T102133,2026-09-03 18:43:40,32361.45,SETTLED,B20260903-4
S902004,T102134,2026-09-03 21:31:04,363692.55,SETTLED,B20260903-1
S902005,T102135,2026-09-03 20:31:20,137379.97,SETTLED,B20260903-2
S902006,T102136,2026-09-03 13:39:46,55536.96,SETTLED,B20260903-1
S902007,T102138,2026-09-03 06:35:38,6413.81,SETTLED,B20260903-1
S902008,T102139,2026-09-03 18:40:05,279088.48,SETTLED,B20260903-5
S902009,T102140,2026-09-03 12:54:37,1266.49,SETTLED,B20260903-3
S902010,T102141,2026-09-03 15:45:54,192170.38,SETTLED,B20260903-1
S902011,T102142,2026-09-03 14:17:22,5733.73,SETTLED,B20260903-5
S902012,T102143,2026-09-03 19:04:08,39071.57,SETTLED,B20260903-4
S902013,T102144,2026-09-03 07:37:24,119536.11,SETTLED,B20260903-1
S902014,T102146,2026-09-03 13:13:30,84117.13,SETTLED,B20260903-1
S902015,T102147,2026-09-03 20:16:44,41640.11,SETTLED,B20260903-5
S902016,T102147,2026-09-03 20:24:44,10410.03,SETTLED,B20260903-2
S902017,T102148,2026-09-03 11:50:20,59648.01,SETTLED,B20260903-1
S902018,T102149,2026-09-03 22:02:10,3865.99,SETTLED,B20260903-6
S902019,T102150,2026-09-03 09:20:29,3764.28,SETTLED,B20260903-2
S902020,T102151,2026-09-03 07:18:25,518.23,SETTLED,B20260903-6
S902021,T102152,2026-09-03 10:10:23,381233.02,SETTLED,B20260903-4
S902022,T102153,2026-09-03 14:29:30,109446.56,SETTLED,B20260903-4
S902023,T102154,2026-09-03 18:34:22,8455.27,SETTLED,B20260903-3
S902024,T102155,2026-09-03 19:29:55,46738.63,SETTLED,B20260903-2
S902025,T102156,2026-09-03 20:15:20,50665.26,SETTLED,B20260903-6
S902026,T102157,2026-09-03 08:21:09,86840.00,SETTLED,B20260903-2
S902027,T102158,2026-09-03 11:31:49,34756.75,SETTLED,B20260903-4
S902028,T102159,2026-09-03 12:29:49,270512.23,SETTLED,B20260903-6
S902029,T102160,2026-09-03 08:17:27,155038.34,SETTLED,B20260903-3
S902030,T102160,2026-09-03 08:27:27,38759.58,SETTLED,B20260903-5
S902031,T102161,2026-09-03 17:34:07,-630.41,SETTLED,B20260903-4
S902032,T102166,2026-09-03 12:07:45,220146.30,SETTLED,B20260903-1
S902033,T102167,2026-09-03 19:48:16,325455.31,SETTLED,B20260903-4
S902034,T102168,2026-09-03 10:10:57,1623.11,SETTLED,B20260903-2
S902035,T102169,2026-09-03 18:52:26,41984.66,SETTLED,B20260903-2
S902036,T102170,2026-09-03 18:44:35,68873.59,SETTLED,B20260903-6
S902037,T102171,2026-09-03 21:34:33,105291.36,SETTLED,B20260903-5
S902038,T102172,2026-09-03 19:34:15,14346.31,SETTLED,B20260903-2
S902039,T102173,2026-09-03 12:48:11,1669.41,SETTLED,B20260903-5
S902040,T102174,2026-09-03 10:18:25,332230.03,SETTLED,B20260903-1
S902041,T102175,2026-09-03 16:57:57,1547.83,SETTLED,B20260903-3
S902042,T102175,2026-09-03 17:05:57,386.96,SETTLED,B20260903-6
S902043,T102176,2026-09-03 06:45:23,231258.77,SETTLED,B20260903-3
S902044,T102177,2026-09-03 11:52:35,50989.83,SETTLED,B20260903-1
S902045,T102178,2026-09-03 21:07:02,5833.55,SETTLED,B20260903-6
S902046,T102179,2026-09-03 12:48:52,1584.28,SETTLED,B20260903-5
S902047,T102180,2026-09-03 18:12:26,123572.59,SETTLED,B20260903-1
S902048,T102181,2026-09-03 06:57:30,12775.99,SETTLED,B20260903-5
S902049,T102182,2026-09-03 20:21:07,29389.27,SETTLED,B20260903-6
S902050,T102183,2026-09-03 19:45:40,283.46,SETTLED,B20260903-1
S902051,T102183,2026-09-03 19:49:40,70.87,SETTLED,B20260903-4
S902052,T102184,2026-09-04 02:09:20,1104.87,SETTLED,B20260904-4
S902053,T102185,2026-09-03 09:43:54,2006.25,SETTLED,B20260903-1
S902054,T102186,2026-09-03 23:16:16,1189.27,SETTLED,B20260903-3
S902055,T102187,2026-09-03 20:14:37,1897.62,SETTLED,B20260903-5
S902056,T102189,2026-09-03 17:44:41,225006.00,SETTLED,B20260903-2
S902057,T102190,2026-09-03 19:09:36,115468.79,SETTLED,B20260903-6
S902058,T102191,2026-09-03 19:02:12,1513.61,SETTLED,B20260903-2
S902059,T102192,2026-09-03 11:33:18,35560.52,SETTLED,B20260903-1
S902060,T102193,2026-09-03 21:50:13,376727.87,SETTLED,B20260903-1
S902061,T102194,2026-09-03 06:16:51,297740.62,SETTLED,B20260903-2
S902062,T102195,2026-09-03 18:14:56,342314.00,SETTLED,B20260903-4
S902063,T102196,2026-09-03 14:24:20,99197.37,SETTLED,B20260903-4
S902064,T102198,2026-09-03 06:41:49,12679.93,SETTLED,B20260903-6
S902065,T102199,2026-09-03 08:47:01,340927.15,SETTLED,B20260903-1
S902066,T102200,2026-09-03 16:42:04,336620.82,SETTLED,B20260903-1
S902067,T102201,2026-09-03 19:24:57,340196.98,SETTLED,B20260903-3
S902068,T102202,2026-09-03 16:30:13,1363.14,SETTLED,B20260903-2
S902069,T102203,2026-09-03 21:31:31,1044.19,SETTLED,B20260903-6
S902070,T102204,2026-09-03 16:19:05,162005.81,SETTLED,B20260903-5
S902071,T102205,2026-09-03 18:23:41,30393.55,SETTLED,B20260903-4
S902072,T102205,2026-09-03 18:27:41,7598.39,SETTLED,B20260903-2
S902073,T102206,2026-09-03 22:30:23,2290.29,SETTLED,B20260903-5
S902074,T102207,2026-09-03 06:22:31,252681.27,SETTLED,B20260903-6
S902075,T102208,2026-09-03 18:52:16,1749.49,SETTLED,B20260903-1
S902076,T102208,2026-09-03 18:52:16,437.37,SETTLED,B20260903-5
S902077,T102209,2026-09-03 19:21:09,2474.77,SETTLED,B20260903-2
S902078,T102210,2026-09-03 10:51:52,29021.22,SETTLED,B20260903-3
S902079,T102211,2026-09-03 09:07:02,293588.93,SETTLED,B20260903-6
S902080,T102212,2026-09-03 13:40:46,2406.68,SETTLED,B20260903-5
S902081,T102212,2026-09-03 13:44:46,601.67,SETTLED,B20260903-6
S902082,T102213,2026-09-03 08:56:52,270656.58,SETTLED,B20260903-4
S902083,T102214,2026-09-03 21:13:08,12190.16,SETTLED,B20260903-5
S902084,T102215,2026-09-03 06:39:19,292335.83,SETTLED,B20260903-4
S902085,T102217,2026-09-03 13:47:40,290940.33,SETTLED,B20260903-2
S902086,T102218,2026-09-03 15:34:53,199154.37,SETTLED,B20260903-1
S902087,T102220,2026-09-03 07:31:22,36273.22,SETTLED,B20260903-5
S902088,T102221,2026-09-03 19:01:58,29043.59,SETTLED,B20260903-3
S902089,T102222,2026-09-03 12:08:12,96749.49,SETTLED,B20260903-1
S902090,T102223,2026-09-03 15:23:47,57996.80,SETTLED,B20260903-2
S902091,T102225,2026-09-03 13:19:17,3690.94,SETTLED,B20260903-1
S902092,T102226,2026-09-03 11:25:35,399802.85,SETTLED,B20260903-5
S902093,T102227,2026-09-03 22:54:06,831.84,SETTLED,B20260903-2
S902094,T102228,2026-09-03 11:32:06,252764.86,SETTLED,B20260903-1
S902095,T102229,2026-09-03 10:57:19,58479.31,SETTLED,B20260903-5
S902096,T102230,2026-09-03 11:07:35,93602.32,SETTLED,B20260903-1
S902097,T102231,2026-09-03 16:24:24,3950.78,SETTLED,B20260903-3
S902098,T102232,2026-09-03 13:17:02,119458.45,SETTLED,B20260903-2
S902099,T102234,2026-09-03 12:18:23,102768.97,SETTLED,B20260903-3
S902100,T102234,2026-09-03 12:18:23,25692.24,SETTLED,B20260903-1
S902101,T102235,2026-09-03 21:29:25,7491.97,SETTLED,B20260903-5
S902102,T102236,2026-09-03 12:29:39,320916.43,SETTLED,B20260903-3
S902103,T102237,2026-09-03 13:53:31,2934.51,SETTLED,B20260903-3
S902104,T102239,2026-09-03 19:00:20,149599.18,SETTLED,B20260903-3
S902105,T102240,2026-09-03 11:36:15,3737.85,SETTLED,B20260903-2
S902106,T102241,2026-09-03 16:38:42,54333.59,SETTLED,B20260903-1
S902107,T102242,2026-09-03 09:26:02,2547.13,SETTLED,B20260903-3
S902108,T102242,2026-09-03 09:26:02,636.78,SETTLED,B20260903-5
S902109,T102244,2026-09-03 12:27:44,2107.74,SETTLED,B20260903-3
S902110,T102245,2026-09-04 00:40:59,240390.02,SETTLED,B20260904-4
S902111,T102245,2026-09-04 00:51:59,60097.50,SETTLED,B20260904-1
S902112,T102246,2026-09-03 16:56:39,399452.28,SETTLED,B20260903-4
S902113,T102247,2026-09-03 14:37:30,589.90,SETTLED,B20260903-4
S902114,T102248,2026-09-03 13:49:49,56419.91,SETTLED,B20260903-6
S902115,T102249,2026-09-03 17:07:53,227187.99,SETTLED,B20260903-6
S902116,T102250,2026-09-03 10:12:39,54750.28,SETTLED,B20260903-5
S902117,T102251,2026-09-04 11:12:08,181822.52,SETTLED,B20260904-5
S902118,T102252,2026-09-03 22:57:39,179666.60,SETTLED,B20260903-1
S902119,T102254,2026-09-03 08:38:10,2249.24,SETTLED,B20260903-5
S902120,T102255,2026-09-03 22:13:11,183196.38,SETTLED,B20260903-4
S902121,T102255,2026-09-03 22:20:11,45799.10,SETTLED,B20260903-6
S902122,T102256,2026-09-03 20:39:37,327287.23,SETTLED,B20260903-6
S902123,T102257,2026-09-03 22:30:37,15133.66,SETTLED,B20260903-3
S902124,T102259,2026-09-03 11:16:28,15980.33,SETTLED,B20260903-4
S902125,T102260,2026-09-03 12:54:11,133413.00,SETTLED,B20260903-2
S902126,T102261,2026-09-03 13:48:52,319670.13,SETTLED,B20260903-3
S902127,T102263,2026-09-03 20:35:02,33790.05,SETTLED,B20260903-4
S902128,T102265,2026-09-03 16:38:26,81726.25,SETTLED,B20260903-4
S902129,T102266,2026-09-03 07:40:55,73167.06,SETTLED,B20260903-6
S902130,T102268,2026-09-03 14:00:17,167901.95,SETTLED,B20260903-3
S902131,T102269,2026-09-03 18:04:25,945.77,SETTLED,B20260903-5
S902132,T102270,2026-09-03 08:15:42,1163.34,SETTLED,B20260903-6
S902133,T102271,2026-09-03 16:21:40,3519.49,SETTLED,B20260903-1
S902134,T102272,2026-09-03 16:25:31,235474.21,SETTLED,B20260903-1
S902135,T102273,2026-09-03 20:17:34,80936.39,SETTLED,B20260903-4
S902136,T102274,2026-09-03 10:57:05,46001.54,SETTLED,B20260903-3
S902137,T102274,2026-09-03 11:04:05,11500.38,SETTLED,B20260903-6
S902138,T102276,2026-09-03 09:12:22,2567.34,SETTLED,B20260903-2
S902139,T102277,2026-09-03 08:27:32,33568.18,SETTLED,B20260903-2
S902140,T102277,2026-09-03 08:33:32,8392.04,SETTLED,B20260903-5
S902141,T102278,2026-09-03 13:37:13,35503.88,SETTLED,B20260903-4
S902142,T102279,2026-09-03 21:00:19,35407.89,SETTLED,B20260903-1
S902143,T102280,2026-09-03 11:41:00,3963.96,SETTLED,B20260903-3
S902144,T102283,2026-09-03 15:06:51,46812.91,SETTLED,B20260903-1
S902145,T102283,2026-09-03 15:06:51,11703.23,SETTLED,B20260903-4
S902146,T102285,2026-09-03 22:19:05,3147.79,SETTLED,B20260903-6
S902147,T102286,2026-09-03 08:38:02,1664.08,SETTLED,B20260903-4
S902148,T102287,2026-09-03 07:39:48,13290.34,SETTLED,B20260903-5
S902149,T102288,2026-09-03 23:01:19,14688.98,SETTLED,B20260903-2
S902150,T102289,2026-09-03 16:35:33,3674.70,SETTLED,B20260903-5
S902151,T102290,2026-09-03 18:19:40,5984.09,SETTLED,B20260903-4
S902152,T102293,2026-09-03 22:14:58,196041.24,SETTLED,B20260903-4
S902153,T102296,2026-09-03 07:53:44,134109.95,SETTLED,B20260903-2
S902154,T102297,2026-09-03 17:41:31,11768.88,SETTLED,B20260903-4
S902155,T102298,2026-09-03 08:28:07,24613.86,SETTLED,B20260903-4
S902156,T102299,2026-09-03 21:18:40,1001.82,SETTLED,B20260903-2
S902157,T102300,2026-09-03 21:03:50,118712.71,SETTLED,B20260903-6
S902158,T102300,2026-09-03 21:14:50,29678.18,SETTLED,B20260903-5
S902159,T102301,2026-09-03 16:02:40,14072.97,SETTLED,B20260903-2
S902160,T102302,2026-09-03 11:28:43,1404.59,SETTLED,B20260903-1
S902161,T102303,2026-09-03 09:03:29,3484.31,SETTLED,B20260903-3
S902162,T102304,2026-09-03 10:19:29,44541.81,SETTLED,B20260903-2
S902163,T102305,2026-09-03 19:00:07,49240.55,SETTLED,B20260903-3
S902164,T102306,2026-09-03 22:28:00,609.24,SETTLED,B20260903-2
S902165,T102307,2026-09-03 20:57:26,335936.22,SETTLED,B20260903-6
S902166,T102308,2026-09-03 20:17:32,9145.12,SETTLED,B20260903-4
S902167,T102309,2026-09-03 20:48:34,323816.98,SETTLED,B20260903-3
S902168,T102310,2026-09-03 07:00:13,14571.95,SETTLED,B20260903-3
S902169,T102311,2026-09-03 15:05:49,98223.18,SETTLED,B20260903-4
S902170,T102312,2026-09-03 08:48:07,59439.27,SETTLED,B20260903-6
S902171,T102313,2026-09-03 15:41:06,306614.91,SETTLED,B20260903-5
S902172,T102314,2026-09-03 15:52:07,59960.37,SETTLED,B20260903-5
S902173,T102315,2026-09-03 18:05:33,2454.90,SETTLED,B20260903-1
S902174,T102316,2026-09-03 06:10:43,2500.42,SETTLED,B20260903-5
S902175,T102317,2026-09-03 20:42:25,1440.05,SETTLED,B20260903-2
S902176,T102318,2026-09-04 16:28:57,316786.07,SETTLED,B20260904-4
S902177,T102319,2026-09-03 06:21:15,48529.49,SETTLED,B20260903-6
S902178,T102320,2026-09-03 09:09:53,28506.41,SETTLED,B20260903-5
S902179,T102321,2026-09-03 09:35:48,32671.74,SETTLED,B20260903-4
S902180,T102322,2026-09-03 13:59:43,63936.45,SETTLED,B20260903-5
S902181,T102323,2026-09-03 08:50:33,3979.95,SETTLED,B20260903-6
S902182,T950055,2026-09-03 19:00:00,8793.86,SETTLED,B20260903-9
S902183,T965565,2026-09-03 20:00:00,6413.34,SETTLED,B20260903-9
S902184,T942125,2026-09-03 18:00:00,6641.29,SETTLED,B20260903-9
S902185,T926235,2026-09-03 17:00:00,7876.83,SETTLED,B20260903-9
S902186,T102324,2026-09-04 21:35:53,1294.23,SETTLED,B20260904-6
S902187,T102325,2026-09-04 15:33:37,1088.04,SETTLED,B20260904-6
S902188,T102326,2026-09-04 14:10:18,31326.71,SETTLED,B20260904-4
S902189,T102327,2026-09-04 06:56:04,56815.77,SETTLED,B20260904-3
S902190,T102328,2026-09-04 11:29:08,196173.64,SETTLED,B20260904-5
S902191,T102329,2026-09-04 23:08:38,20606.96,SETTLED,B20260904-1
S902192,T102331,2026-09-04 14:15:51,3874.20,SETTLED,B20260904-6
S902193,T102332,2026-09-04 13:17:12,14176.47,SETTLED,B20260904-4
S902194,T102333,2026-09-04 10:56:56,32318.58,SETTLED,B20260904-3
S902195,T102334,2026-09-04 20:00:17,116034.52,SETTLED,B20260904-2
S902196,T102335,2026-09-04 12:15:34,23441.32,PENDING,B20260904-2
S902197,T102336,2026-09-05 01:35:07,2146.77,SETTLED,B20260905-4
S902198,T102337,2026-09-04 06:06:59,2729.06,SETTLED,B20260904-3
S902199,T102338,2026-09-04 10:11:18,385.91,SETTLED,B20260904-5
S902200,T102340,2026-09-04 18:21:01,3101.99,SETTLED,B20260904-6
S902201,T102341,2026-09-04 12:34:47,327192.63,SETTLED,B20260904-2
S902202,T102343,2026-09-04 09:38:08,29067.87,SETTLED,B20260904-2
S902203,T102344,2026-09-04 18:13:23,393413.50,SETTLED,B20260904-5
S902204,T102345,2026-09-04 11:58:34,329397.63,SETTLED,B20260904-1
S902205,T102346,2026-09-04 08:41:17,58214.81,SETTLED,B20260904-3
S902206,T102347,2026-09-04 20:07:17,36021.90,SETTLED,B20260904-1
S902207,T102348,2026-09-04 07:38:21,50136.73,SETTLED,B20260904-4
S902208,T102349,2026-09-04 18:39:17,300023.01,SETTLED,B20260904-3
S902209,T102350,2026-09-04 08:01:06,3574.44,SETTLED,B20260904-6
S902210,T102352,2026-09-04 19:07:24,225.66,SETTLED,B20260904-5
S902211,T102353,2026-09-04 19:12:17,37190.91,SETTLED,B20260904-2
S902212,T102355,2026-09-04 07:35:48,39595.96,SETTLED,B20260904-3
S902213,T102356,2026-09-04 15:49:18,508.53,SETTLED,B20260904-2
S902214,T102358,2026-09-04 10:47:35,328825.23,SETTLED,B20260904-5
S902215,T102360,2026-09-04 14:54:52,1641.10,SETTLED,B20260904-1
S902216,T102361,2026-09-05 11:34:01,2036.18,SETTLED,B20260905-1
S902217,T102362,2026-09-04 14:07:58,221415.93,SETTLED,B20260904-2
S902218,T102363,2026-09-04 15:14:24,76331.26,SETTLED,B20260904-4
S902219,T102364,2026-09-04 07:08:00,103619.21,SETTLED,B20260904-3
S902220,T102365,2026-09-04 20:11:17,338371.15,SETTLED,B20260904-1
S902221,T102366,2026-09-04 06:53:56,90624.46,SETTLED,B20260904-3
S902222,T102367,2026-09-04 08:27:33,44620.06,SETTLED,B20260904-4
S902223,T102368,2026-09-04 10:25:18,25264.10,SETTLED,B20260904-2
S902224,T102369,2026-09-04 23:03:55,1086.57,SETTLED,B20260904-4
S902225,T102370,2026-09-04 12:32:08,18007.75,SETTLED,B20260904-6
S902226,T102371,2026-09-04 16:51:13,362905.66,SETTLED,B20260904-1
S902227,T102372,2026-09-04 09:26:56,749.28,SETTLED,B20260904-6
S902228,T102373,2026-09-04 21:10:31,329286.44,SETTLED,B20260904-6
S902229,T102375,2026-09-04 07:21:38,57482.46,SETTLED,B20260904-1
S902230,T102376,2026-09-04 18:15:09,2623.28,SETTLED,B20260904-1
S902231,T102377,2026-09-04 22:03:52,3478.41,SETTLED,B20260904-5
S902232,T102378,2026-09-04 07:17:46,2047.17,SETTLED,B20260904-1
S902233,T102379,2026-09-04 08:21:05,52288.10,SETTLED,B20260904-6
S902234,T102381,2026-09-04 15:19:55,3284.99,SETTLED,B20260904-5
S902235,T102382,2026-09-04 13:19:45,142465.67,SETTLED,B20260904-2
S902236,T102383,2026-09-04 09:46:22,146759.24,SETTLED,B20260904-4
S902237,T102384,2026-09-04 07:52:14,41772.84,SETTLED,B20260904-6
S902238,T102385,2026-09-04 16:58:55,3926.48,SETTLED,B20260904-4
S902239,T102386,2026-09-04 12:10:47,124889.47,SETTLED,B20260904-2
S902240,T102387,2026-09-04 12:01:41,46127.20,SETTLED,B20260904-6
S902241,T102388,2026-09-04 20:38:35,20635.61,SETTLED,B20260904-3
S902242,T102389,2026-09-04 07:44:16,46395.82,SETTLED,B20260904-4
S902243,T102390,2026-09-04 08:12:17,3872.25,SETTLED,B20260904-3
S902244,T102391,2026-09-04 14:37:45,29842.53,SETTLED,B20260904-3
S902245,T102392,2026-09-04 15:34:35,20790.68,SETTLED,B20260904-3
S902246,T102393,2026-09-04 17:52:52,34373.83,SETTLED,B20260904-4
S902247,T102394,2026-09-04 12:34:54,172941.27,SETTLED,B20260904-4
S902248,T102395,2026-09-04 14:47:17,49628.78,SETTLED,B20260904-4
S902249,T102396,2026-09-04 15:37:57,325819.93,SETTLED,B20260904-6
S902250,T102397,2026-09-04 22:21:43,141500.20,SETTLED,B20260904-6
S902251,T102398,2026-09-04 13:42:49,50538.25,SETTLED,B20260904-4
S902252,T102399,2026-09-04 08:48:26,320971.58,SETTLED,B20260904-3
S902253,T102400,2026-09-04 23:22:55,294007.08,SETTLED,B20260904-5
S902254,T102401,2026-09-04 10:00:59,1526.95,SETTLED,B20260904-1
S902255,T102402,2026-09-04 16:04:23,3852.81,SETTLED,B20260904-3
S902256,T102403,2026-09-04 13:00:57,3650.83,SETTLED,B20260904-6
S902257,T102404,2026-09-04 13:35:52,334843.47,SETTLED,B20260904-2
S902258,T102405,2026-09-04 10:48:24,45476.66,SETTLED,B20260904-6
S902259,T102406,2026-09-04 17:07:42,238503.04,SETTLED,B20260904-5
S902260,T102407,2026-09-04 22:12:33,207546.18,SETTLED,B20260904-3
S902261,T102408,2026-09-04 13:05:24,58332.09,SETTLED,B20260904-3
S902262,T102409,2026-09-04 09:45:29,42771.21,SETTLED,B20260904-4
S902263,T102409,2026-09-04 09:57:29,10692.80,SETTLED,B20260904-1
S902264,T102412,2026-09-04 17:39:43,1057.30,SETTLED,B20260904-6
S902265,T102413,2026-09-04 17:48:33,23702.48,PENDING,B20260904-5
S902266,T102414,2026-09-04 19:12:26,57862.43,SETTLED,B20260904-2
S902267,T102415,2026-09-04 10:16:19,203236.90,SETTLED,B20260904-3
S902268,T102415,2026-09-04 10:20:19,50809.23,SETTLED,B20260904-2
S902269,T102416,2026-09-04 18:51:44,46128.10,SETTLED,B20260904-6
S902270,T102417,2026-09-04 07:59:53,922.23,SETTLED,B20260904-1
S902271,T102418,2026-09-04 23:51:17,317633.96,SETTLED,B20260904-4
S902272,T102419,2026-09-04 13:16:08,106354.00,SETTLED,B20260904-1
S902273,T102419,2026-09-04 13:27:08,26588.50,SETTLED,B20260904-5
S902274,T102420,2026-09-04 17:33:47,13451.05,SETTLED,B20260904-3
S902275,T102421,2026-09-04 19:09:27,19788.90,SETTLED,B20260904-1
S902276,T102422,2026-09-04 20:48:04,346664.72,SETTLED,B20260904-3
S902277,T102423,2026-09-04 17:55:56,495.27,SETTLED,B20260904-6
S902278,T102424,2026-09-04 18:10:54,2701.23,SETTLED,B20260904-6
S902279,T102425,2026-09-04 12:54:37,260917.72,SETTLED,B20260904-5
S902280,T102427,2026-09-04 07:13:00,41842.45,SETTLED,B20260904-5
S902281,T102429,2026-09-04 11:20:41,266964.87,SETTLED,B20260904-4
S902282,T102430,2026-09-04 16:20:44,469.09,SETTLED,B20260904-6
S902283,T102431,2026-09-04 20:12:00,1259.28,SETTLED,B20260904-3
S902284,T102432,2026-09-04 07:42:28,299.30,SETTLED,B20260904-4
S902285,T102433,2026-09-04 14:41:19,221049.61,PENDING,B20260904-3
S902286,T102434,2026-09-04 13:31:30,2071.70,SETTLED,B20260904-6
S902287,T102435,2026-09-04 15:43:45,47518.96,SETTLED,B20260904-1
S902288,T102436,2026-09-04 10:15:24,353810.42,SETTLED,B20260904-5
S902289,T102437,2026-09-04 14:20:00,1406.45,SETTLED,B20260904-5
S902290,T102438,2026-09-04 16:45:25,390226.33,SETTLED,B20260904-4
S902291,T102439,2026-09-04 16:10:03,2608.27,SETTLED,B20260904-5
S902292,T102441,2026-09-04 11:19:19,3916.51,SETTLED,B20260904-2
S902293,T102442,2026-09-04 23:14:07,3827.12,SETTLED,B20260904-6
S902294,T102443,2026-09-04 07:42:31,94834.50,SETTLED,B20260904-3
S902295,T102444,2026-09-04 12:11:43,64983.82,SETTLED,B20260904-4
S902296,T102445,2026-09-04 20:21:23,21604.80,SETTLED,B20260904-1
S902297,T102446,2026-09-04 19:42:21,16826.58,SETTLED,B20260904-1
S902298,T102447,2026-09-04 07:38:59,44125.17,SETTLED,B20260904-3
S902299,T102448,2026-09-04 23:04:54,283436.53,SETTLED,B20260904-2
S902300,T102450,2026-09-04 18:04:05,42110.39,SETTLED,B20260904-4
S902301,T102451,2026-09-04 11:08:36,78298.31,SETTLED,B20260904-4
S902302,T102452,2026-09-04 16:37:11,30080.22,SETTLED,B20260904-6
S902303,T102453,2026-09-04 11:36:49,3964.12,SETTLED,B20260904-2
S902304,T102455,2026-09-04 20:35:59,47024.47,SETTLED,B20260904-1
S902305,T102456,2026-09-04 06:20:24,2637.25,SETTLED,B20260904-1
S902306,T102457,2026-09-04 21:54:19,84165.08,SETTLED,B20260904-5
S902307,T102457,2026-09-04 22:02:19,21041.27,SETTLED,B20260904-5
S902308,T102458,2026-09-04 15:27:43,1745.31,SETTLED,B20260904-4
S902309,T102459,2026-09-04 14:53:02,365692.39,SETTLED,B20260904-6
S902310,T102461,2026-09-04 20:53:37,208154.67,SETTLED,B20260904-3
S902311,T102462,2026-09-04 20:27:52,52756.11,SETTLED,B20260904-3
S902312,T102463,2026-09-04 07:10:29,34638.43,SETTLED,B20260904-1
S902313,T102464,2026-09-04 20:14:34,1395.94,SETTLED,B20260904-2
S902314,T102466,2026-09-04 10:45:34,220.07,SETTLED,B20260904-3
S902315,T102467,2026-09-04 07:07:26,21768.02,SETTLED,B20260904-6
S902316,T102468,2026-09-04 11:26:52,703.64,SETTLED,B20260904-6
S902317,T102469,2026-09-04 07:10:57,3999.81,SETTLED,B20260904-5
S902318,T102470,2026-09-04 19:38:00,358665.62,FAILED,B20260904-5
S902319,T102471,2026-09-04 17:18:43,66953.44,SETTLED,B20260904-1
S902320,T102472,2026-09-04 18:06:09,473.38,SETTLED,B20260904-4
S902321,T102473,2026-09-04 11:25:00,5861.44,SETTLED,B20260904-3
S902322,T102474,2026-09-04 07:21:49,4136.17,SETTLED,B20260904-2
S902323,T102475,2026-09-04 17:03:10,1792.95,SETTLED,B20260904-3
S902324,T102476,2026-09-04 06:31:45,246763.95,SETTLED,B20260904-2
S902325,T102477,2026-09-04 18:37:38,1245.96,SETTLED,B20260904-1
S902326,T102478,2026-09-04 12:25:19,5584.06,SETTLED,B20260904-1
S902327,T102478,2026-09-04 12:29:19,1396.01,PENDING,B20260904-3
S902328,T102479,2026-09-04 18:34:07,1373.98,SETTLED,B20260904-1
S902329,T102480,2026-09-04 14:11:01,307311.82,SETTLED,B20260904-5
S902330,T102481,2026-09-04 16:41:47,9968.43,SETTLED,B20260904-5
S902331,T102482,2026-09-04 12:13:36,133816.01,SETTLED,B20260904-2
S902332,T102483,2026-09-04 14:50:10,4237.09,SETTLED,B20260904-5
S902333,T102484,2026-09-04 23:04:40,23386.57,SETTLED,B20260904-1
S902334,T102486,2026-09-04 17:19:30,161.01,SETTLED,B20260904-6
S902335,T102487,2026-09-04 22:08:15,313520.51,SETTLED,B20260904-6
S902336,T102488,2026-09-05 03:22:43,44880.65,SETTLED,B20260905-1
S902337,T102489,2026-09-04 18:20:37,295874.35,SETTLED,B20260904-1
S902338,T102490,2026-09-04 19:41:19,173227.40,SETTLED,B20260904-2
S902339,T102491,2026-09-04 14:53:20,1353.57,SETTLED,B20260904-1
S902340,T102492,2026-09-04 06:11:48,1700.25,SETTLED,B20260904-6
S902341,T102493,2026-09-04 15:19:32,34655.15,SETTLED,B20260904-5
S902342,T102495,2026-09-04 06:38:03,504.45,SETTLED,B20260904-6
S902343,T102496,2026-09-04 09:05:30,294190.87,SETTLED,B20260904-5
S902344,T102497,2026-09-04 09:39:50,251772.37,SETTLED,B20260904-5
S902345,T102498,2026-09-04 22:47:54,173077.91,SETTLED,B20260904-6
S902346,T102499,2026-09-04 20:03:05,737.31,PENDING,B20260904-6
S902347,T102500,2026-09-04 13:00:19,52618.81,SETTLED,B20260904-4
S902348,T102501,2026-09-04 16:39:46,1303.01,SETTLED,B20260904-4
S902349,T102502,2026-09-04 14:05:57,159170.60,SETTLED,B20260904-5
S902350,T102504,2026-09-04 18:57:05,11171.47,SETTLED,B20260904-4
S902351,T102506,2026-09-04 14:59:51,114347.68,SETTLED,B20260904-3
S902352,T102507,2026-09-04 15:03:05,53959.47,SETTLED,B20260904-6
S902353,T102508,2026-09-04 08:26:31,5449.98,FAILED,B20260904-1
S902354,T102509,2026-09-04 08:28:03,32981.58,SETTLED,B20260904-2
S902355,T102510,2026-09-04 19:25:49,1267.09,SETTLED,B20260904-3
S902356,T102511,2026-09-04 21:34:01,1087.60,SETTLED,B20260904-5
S902357,T102512,2026-09-04 23:18:15,7859.62,SETTLED,B20260904-2
S902358,T102515,2026-09-04 16:55:49,103573.42,SETTLED,B20260904-1
S902359,T102515,2026-09-04 16:57:49,25893.36,SETTLED,B20260904-6
S902360,T102516,2026-09-04 10:50:41,989.48,SETTLED,B20260904-3
S902361,T102517,2026-09-04 12:13:36,87673.19,SETTLED,B20260904-3
S902362,T102519,2026-09-04 11:43:30,472.81,SETTLED,B20260904-5
S902363,T102520,2026-09-04 10:45:08,116247.76,SETTLED,B20260904-3
S902364,T102521,2026-09-04 19:57:45,224847.33,SETTLED,B20260904-6
S902365,T102522,2026-09-04 06:23:25,2124.06,SETTLED,B20260904-1
S902366,T102522,2026-09-04 06:35:25,531.02,SETTLED,B20260904-2
S902367,T102523,2026-09-04 14:27:22,51894.50,SETTLED,B20260904-1
S902368,T102524,2026-09-05 02:45:42,44460.98,PENDING,B20260905-2
S902369,T102525,2026-09-04 14:26:31,3340.51,SETTLED,B20260904-6
S902370,T102528,2026-09-04 07:31:50,530.16,SETTLED,B20260904-2
S902371,T102529,2026-09-04 09:16:06,1681.48,SETTLED,B20260904-2
S902372,T102531,2026-09-04 17:44:17,6413.45,SETTLED,B20260904-2
S902373,T102533,2026-09-04 08:15:45,22388.08,SETTLED,B20260904-5
S902374,T102534,2026-09-04 11:12:49,32352.70,SETTLED,B20260904-2
S902375,T102536,2026-09-05 00:39:17,390225.53,SETTLED,B20260905-2
S902376,T102538,2026-09-04 07:57:08,2629.58,SETTLED,B20260904-6
S902377,T102539,2026-09-04 07:28:37,192914.84,SETTLED,B20260904-1
S902378,T102542,2026-09-04 17:03:11,137579.55,SETTLED,B20260904-3
S902379,T102543,2026-09-04 17:22:22,1065.45,SETTLED,B20260904-4
S902380,T102544,2026-09-04 13:15:38,1882.33,SETTLED,B20260904-2
S902381,T102545,2026-09-04 08:46:04,32266.39,SETTLED,B20260904-6
S902382,T102546,2026-09-04 16:18:10,2491.33,SETTLED,B20260904-4
S902383,T102547,2026-09-04 12:02:24,16830.67,SETTLED,B20260904-4
S902384,T102548,2026-09-04 16:54:23,42403.30,SETTLED,B20260904-4
S902385,T102549,2026-09-04 09:30:29,111537.26,SETTLED,B20260904-3
S902386,T102551,2026-09-04 16:43:17,14126.97,SETTLED,B20260904-5
S902387,T102552,2026-09-04 16:55:05,52775.29,SETTLED,B20260904-6
S902388,T102553,2026-09-04 07:30:47,560.40,SETTLED,B20260904-3
S902389,T102554,2026-09-04 22:53:50,1291.02,SETTLED,B20260904-3
S902390,T102556,2026-09-04 15:16:07,154665.46,SETTLED,B20260904-4
S902391,T102557,2026-09-04 07:25:22,54231.56,SETTLED,B20260904-4
S902392,T102559,2026-09-04 14:51:08,24542.84,SETTLED,B20260904-4
S902393,T102560,2026-09-04 07:38:45,301190.28,SETTLED,B20260904-4
S902394,T102561,2026-09-04 22:23:30,234475.21,SETTLED,B20260904-5
S902395,T102562,2026-09-04 16:14:20,1762.94,SETTLED,B20260904-3
S902396,T102563,2026-09-04 10:29:31,36143.90,SETTLED,B20260904-4
S902397,T102564,2026-09-04 10:48:48,63616.49,SETTLED,B20260904-1
S902398,T102565,2026-09-04 17:38:35,35286.49,SETTLED,B20260904-5
S902399,T102566,2026-09-04 22:08:14,117239.17,SETTLED,B20260904-1
S902400,T102567,2026-09-04 09:05:18,13546.17,SETTLED,B20260904-1
S902401,T102568,2026-09-04 20:48:53,363.44,SETTLED,B20260904-2
S902402,T102568,2026-09-04 20:59:53,90.86,SETTLED,B20260904-1
S902403,T102569,2026-09-04 11:04:00,199154.26,SETTLED,B20260904-6
S902404,T102570,2026-09-04 12:07:22,356.89,SETTLED,B20260904-5
S902405,T102572,2026-09-04 15:33:02,310509.51,SETTLED,B20260904-4
S902406,T102573,2026-09-04 18:02:12,48728.40,SETTLED,B20260904-5
S902407,T102574,2026-09-04 20:38:10,2434.28,SETTLED,B20260904-5
S902408,T102575,2026-09-04 14:49:18,35033.13,SETTLED,B20260904-6
S902409,T102575,2026-09-04 14:55:18,8758.28,SETTLED,B20260904-5
S902410,T102576,2026-09-04 14:10:27,1038.83,SETTLED,B20260904-6
S902411,T102577,2026-09-04 17:11:03,564.14,SETTLED,B20260904-6
S902412,T102577,2026-09-04 17:15:03,141.04,SETTLED,B20260904-2
S902413,T102578,2026-09-04 20:58:35,21739.47,SETTLED,B20260904-1
S902414,T102579,2026-09-04 21:47:44,354102.36,SETTLED,B20260904-1
S902415,T102580,2026-09-04 18:21:15,3938.52,SETTLED,B20260904-3
S902416,T102581,2026-09-04 19:23:31,136453.19,SETTLED,B20260904-6
S902417,T102583,2026-09-04 16:22:53,3775.01,SETTLED,B20260904-1
S902418,T102584,2026-09-04 11:11:56,11872.37,SETTLED,B20260904-1
S902419,T102586,2026-09-04 18:23:03,3579.73,SETTLED,B20260904-3
S902420,T102588,2026-09-04 20:32:17,3650.66,PENDING,B20260904-2
S902421,T102589,2026-09-04 19:11:07,165.94,SETTLED,B20260904-4
S902422,T102589,2026-09-04 19:11:07,41.49,SETTLED,B20260904-6
S902423,T102590,2026-09-04 13:47:42,8833.51,SETTLED,B20260904-3
S902424,T102591,2026-09-04 21:59:30,46691.04,SETTLED,B20260904-3
S902425,T102592,2026-09-04 08:54:42,2964.94,SETTLED,B20260904-5
S902426,T102592,2026-09-04 09:05:42,741.23,SETTLED,B20260904-4
S902427,T102593,2026-09-04 19:50:36,4012.79,SETTLED,B20260904-6
S902428,T102595,2026-09-04 07:11:08,495.44,SETTLED,B20260904-3
S902429,T102596,2026-09-04 20:11:04,1442.69,SETTLED,B20260904-2
S902430,T102597,2026-09-04 12:43:06,52810.08,SETTLED,B20260904-1
S902431,T102598,2026-09-04 13:35:29,491.03,SETTLED,B20260904-5
S902432,T102599,2026-09-04 14:51:01,201315.29,SETTLED,B20260904-3
S902433,T102600,2026-09-04 21:01:34,284102.84,SETTLED,B20260904-1
S902434,T102601,2026-09-04 23:10:37,203162.72,SETTLED,B20260904-5
S902435,T102603,2026-09-04 08:57:03,23365.88,SETTLED,B20260904-3
S902436,T102604,2026-09-04 08:41:21,293995.65,SETTLED,B20260904-6
S902437,T102604,2026-09-04 08:42:21,73498.91,SETTLED,B20260904-1
S902438,T102606,2026-09-04 22:17:31,1524.09,SETTLED,B20260904-6
S902439,T102608,2026-09-04 11:09:47,266802.20,SETTLED,B20260904-4
S902440,T102609,2026-09-04 19:12:48,12083.09,SETTLED,B20260904-6
S902441,T102610,2026-09-04 08:49:38,170770.54,SETTLED,B20260904-2
S902442,T102611,2026-09-05 10:23:22,1349.74,SETTLED,B20260905-3
S902443,T102613,2026-09-04 16:03:07,24794.56,SETTLED,B20260904-1
S902444,T102614,2026-09-04 08:31:21,11405.81,SETTLED,B20260904-1
S902445,T102616,2026-09-04 17:27:54,1537.61,SETTLED,B20260904-1
S902446,T102617,2026-09-04 10:51:56,245727.74,SETTLED,B20260904-4
S902447,T102618,2026-09-04 12:14:17,54116.34,SETTLED,B20260904-5
S902448,T102619,2026-09-04 12:56:28,173162.60,SETTLED,B20260904-5
S902449,T102620,2026-09-04 17:11:25,1493.46,SETTLED,B20260904-3
S902450,T102621,2026-09-04 16:59:43,28727.20,SETTLED,B20260904-2
S902451,T102622,2026-09-04 07:02:39,312.65,SETTLED,B20260904-1
S902452,T102623,2026-09-04 12:59:23,204694.06,SETTLED,B20260904-3
S902453,T102625,2026-09-04 19:24:36,27701.81,SETTLED,B20260904-6
S902454,T102626,2026-09-04 19:22:44,162098.41,SETTLED,B20260904-6
S902455,T102627,2026-09-04 12:29:24,16127.37,SETTLED,B20260904-2
S902456,T102628,2026-09-04 17:57:08,289.55,SETTLED,B20260904-2
S902457,T102629,2026-09-04 20:16:48,16035.00,SETTLED,B20260904-1
S902458,T102630,2026-09-04 11:48:05,2184.96,SETTLED,B20260904-4
S902459,T102631,2026-09-04 12:11:37,39753.54,SETTLED,B20260904-1
S902460,T102632,2026-09-04 06:54:45,27338.29,SETTLED,B20260904-5
S902461,T102632,2026-09-04 07:02:45,6834.57,SETTLED,B20260904-3
S902462,T102633,2026-09-04 11:54:26,196035.05,SETTLED,B20260904-4
S902463,T102634,2026-09-04 23:02:41,2149.76,SETTLED,B20260904-6
S902464,T102635,2026-09-04 07:20:23,51132.76,SETTLED,B20260904-2
S902465,T102636,2026-09-04 11:09:45,45445.02,PENDING,B20260904-4
S902466,T102636,2026-09-04 11:12:45,11361.25,SETTLED,B20260904-4
S902467,T102637,2026-09-04 22:50:09,203288.30,SETTLED,B20260904-2
S902468,T102638,2026-09-04 11:09:59,36165.94,SETTLED,B20260904-3
S902469,T102640,2026-09-04 16:00:37,51075.42,SETTLED,B20260904-4
S902470,T102641,2026-09-04 23:26:41,185.55,SETTLED,B20260904-5
S902471,T102641,2026-09-04 23:31:41,46.39,SETTLED,B20260904-2
S902472,T102642,2026-09-04 16:54:20,3913.30,SETTLED,B20260904-1
S902473,T102644,2026-09-04 11:45:28,-2714.20,SETTLED,B20260904-2
S902474,T102645,2026-09-04 12:46:59,1882.26,SETTLED,B20260904-4
S902475,T102646,2026-09-04 11:01:45,3168.34,SETTLED,B20260904-6
S902476,T102647,2026-09-04 21:34:40,375269.76,SETTLED,B20260904-2
S902477,T102648,2026-09-04 20:22:10,152814.76,SETTLED,B20260904-6
S902478,T102649,2026-09-04 23:41:10,27946.52,SETTLED,B20260904-6
S902479,T102650,2026-09-04 09:21:52,35367.84,SETTLED,B20260904-1
S902480,T102651,2026-09-04 10:20:18,42262.16,SETTLED,B20260904-3
S902481,T102652,2026-09-04 15:26:05,215394.31,SETTLED,B20260904-5
S902482,T102653,2026-09-04 22:40:08,9550.29,SETTLED,B20260904-2
S902483,T102654,2026-09-04 18:31:24,7629.92,SETTLED,B20260904-6
S902484,T102656,2026-09-04 13:23:38,2732.27,SETTLED,B20260904-2
S902485,T102657,2026-09-04 17:18:19,20131.97,SETTLED,B20260904-3
S902486,T102658,2026-09-04 09:32:03,117155.76,SETTLED,B20260904-1
S902487,T102659,2026-09-04 08:05:14,59602.77,SETTLED,B20260904-4
S902488,T102660,2026-09-04 19:37:35,1945.14,SETTLED,B20260904-5
S902489,T102660,2026-09-04 19:49:35,486.29,SETTLED,B20260904-4
S902490,T102661,2026-09-04 11:52:37,82001.30,SETTLED,B20260904-6
S902491,T102662,2026-09-04 18:52:01,55583.48,SETTLED,B20260904-5
S902492,T102663,2026-09-04 22:49:05,2316.63,SETTLED,B20260904-4
S902493,T102664,2026-09-04 12:57:56,223125.72,SETTLED,B20260904-2
S902494,T102665,2026-09-04 07:21:59,46683.76,SETTLED,B20260904-1
S902495,T102666,2026-09-04 11:53:41,3125.40,SETTLED,B20260904-5
S902496,T102667,2026-09-04 18:24:49,78789.18,SETTLED,B20260904-5
S902497,T102668,2026-09-04 18:30:52,1920.92,SETTLED,B20260904-5
S902498,T102670,2026-09-04 10:56:30,40837.75,SETTLED,B20260904-2
S902499,T102673,2026-09-04 18:53:09,18370.85,SETTLED,B20260904-4
S902500,T102674,2026-09-04 08:03:53,328374.55,SETTLED,B20260904-2
S902501,T102675,2026-09-04 11:59:33,3632.43,SETTLED,B20260904-6
S902502,T102676,2026-09-04 08:44:02,54867.09,SETTLED,B20260904-1
S902503,T102676,2026-09-04 08:55:02,13716.77,SETTLED,B20260904-6
S902504,T102677,2026-09-05 15:49:29,3184.11,SETTLED,B20260905-3
S902505,T102678,2026-09-04 11:36:54,59793.02,SETTLED,B20260904-5
S902506,T102679,2026-09-04 10:02:15,29286.73,SETTLED,B20260904-4
S902507,T102680,2026-09-04 08:03:58,3219.73,SETTLED,B20260904-2
S902508,T102681,2026-09-04 20:14:13,274804.66,SETTLED,B20260904-1
S902509,T102682,2026-09-04 07:10:53,296387.66,FAILED,B20260904-1
S902510,T102682,2026-09-04 07:12:53,74096.91,SETTLED,B20260904-3
S902511,T102683,2026-09-04 18:40:55,170900.64,SETTLED,B20260904-3
S902512,T102684,2026-09-04 19:44:45,1079.24,SETTLED,B20260904-6
S902513,T102685,2026-09-04 14:27:49,416.65,SETTLED,B20260904-5
S902514,T102686,2026-09-04 14:01:14,22972.18,SETTLED,B20260904-1
S902515,T102687,2026-09-04 07:03:41,212304.45,SETTLED,B20260904-5
S902516,T102688,2026-09-04 20:58:29,303343.42,SETTLED,B20260904-3
S902517,T102690,2026-09-04 17:35:13,210453.38,SETTLED,B20260904-2
S902518,T102691,2026-09-04 21:26:05,13505.44,PENDING,B20260904-1
S902519,T102692,2026-09-04 20:51:49,3043.22,SETTLED,B20260904-2
S902520,T102692,2026-09-04 20:54:49,760.80,SETTLED,B20260904-6
S902521,T102693,2026-09-04 06:52:46,3089.47,SETTLED,B20260904-6
S902522,T102694,2026-09-04 10:41:37,3642.27,SETTLED,B20260904-1
S902523,T102696,2026-09-04 09:12:51,326652.89,SETTLED,B20260904-1
S902524,T102697,2026-09-04 10:21:38,48745.37,PENDING,B20260904-5
S902525,T102698,2026-09-04 11:19:41,2969.88,SETTLED,B20260904-3
S902526,T102699,2026-09-04 18:09:14,1542.48,SETTLED,B20260904-4
S902527,T102700,2026-09-04 15:47:25,1364.52,SETTLED,B20260904-3
S902528,T102702,2026-09-04 06:31:46,8883.92,SETTLED,B20260904-3
S902529,T102703,2026-09-04 22:32:23,258653.93,SETTLED,B20260904-6
S902530,T102704,2026-09-04 15:45:33,53991.15,SETTLED,B20260904-6
S902531,T102706,2026-09-04 13:42:09,31605.54,SETTLED,B20260904-1
S902532,T102707,2026-09-04 17:15:31,907.05,SETTLED,B20260904-1
S902533,T102708,2026-09-04 20:56:15,54701.31,SETTLED,B20260904-2
S902534,T102709,2026-09-04 07:31:51,52561.42,SETTLED,B20260904-1
S902535,T102710,2026-09-04 17:21:32,17488.48,SETTLED,B20260904-2
S902536,T102712,2026-09-04 22:39:41,334531.26,SETTLED,B20260904-2
S902537,T102713,2026-09-04 22:14:52,38125.15,SETTLED,B20260904-1
S902538,T102714,2026-09-04 14:14:59,3956.43,SETTLED,B20260904-5
S902539,T102715,2026-09-04 06:58:07,3487.41,SETTLED,B20260904-3
S902540,T102716,2026-09-04 08:50:16,242010.34,SETTLED,B20260904-3
S902541,T102717,2026-09-04 19:50:46,231703.33,SETTLED,B20260904-4
S902542,T102718,2026-09-04 11:27:08,61168.45,SETTLED,B20260904-6
S902543,T102719,2026-09-04 06:48:38,226.05,SETTLED,B20260904-1
S902544,T102720,2026-09-04 10:03:54,39459.78,SETTLED,B20260904-5
S902545,T102721,2026-09-04 14:35:15,31096.11,SETTLED,B20260904-2
S902546,T102722,2026-09-04 16:30:37,122137.40,SETTLED,B20260904-2
S902547,T102723,2026-09-04 21:27:38,2234.69,SETTLED,B20260904-4
S902548,T102724,2026-09-04 08:43:18,22826.01,SETTLED,B20260904-4
S902549,T102725,2026-09-04 23:06:35,294940.32,SETTLED,B20260904-3
S902550,T102726,2026-09-04 17:04:36,3853.97,SETTLED,B20260904-4
S902551,T102727,2026-09-04 07:35:39,66534.03,SETTLED,B20260904-5
S902552,T102727,2026-09-04 07:41:39,16633.51,SETTLED,B20260904-3
S902553,T102728,2026-09-04 08:45:52,56886.51,SETTLED,B20260904-2
S902554,T102729,2026-09-04 11:17:24,42990.63,SETTLED,B20260904-3
S902555,T102730,2026-09-04 19:02:09,229511.66,SETTLED,B20260904-3
S902556,T102730,2026-09-04 19:09:09,57377.91,SETTLED,B20260904-6
S902557,T102732,2026-09-05 03:22:35,1217.73,SETTLED,B20260905-6
S902558,T102733,2026-09-04 15:37:46,18025.64,SETTLED,B20260904-4
S902559,T102735,2026-09-04 13:59:46,360.87,FAILED,B20260904-5
S902560,T102736,2026-09-04 07:41:00,3180.32,SETTLED,B20260904-6
S902561,T102737,2026-09-04 18:48:33,47430.92,SETTLED,B20260904-2
S902562,T102738,2026-09-04 06:55:58,14900.61,SETTLED,B20260904-2
S902563,T102739,2026-09-04 10:07:08,335787.49,SETTLED,B20260904-4
S902564,T102740,2026-09-04 15:59:52,17357.16,SETTLED,B20260904-6
S902565,T102743,2026-09-04 13:11:58,314737.39,SETTLED,B20260904-1
S902566,T102745,2026-09-04 21:50:31,1553.40,SETTLED,B20260904-1
S902567,T102746,2026-09-04 21:29:21,159190.27,SETTLED,B20260904-3
S902568,T102747,2026-09-04 19:09:12,2368.74,SETTLED,B20260904-2
S902569,T102748,2026-09-04 21:39:13,22510.35,SETTLED,B20260904-2
S902570,T102748,2026-09-04 21:40:13,5627.59,SETTLED,B20260904-2
S902571,T102749,2026-09-04 10:35:02,18396.44,SETTLED,B20260904-5
S902572,T102750,2026-09-04 16:43:57,2903.72,SETTLED,B20260904-3
S902573,T102751,2026-09-04 20:09:18,2240.97,SETTLED,B20260904-6
S902574,T102752,2026-09-04 10:54:14,273567.16,SETTLED,B20260904-1
S902575,T102753,2026-09-04 07:48:09,174391.87,SETTLED,B20260904-6
S902576,T102754,2026-09-04 15:42:22,19438.94,SETTLED,B20260904-3
S902577,T102755,2026-09-04 17:04:56,1797.86,SETTLED,B20260904-4
S902578,T102756,2026-09-04 10:27:53,3267.47,PENDING,B20260904-4
S902579,T102757,2026-09-04 20:40:42,3254.02,SETTLED,B20260904-6
S902580,T102758,2026-09-04 22:45:51,59115.40,SETTLED,B20260904-4
S902581,T102759,2026-09-04 21:18:34,2622.70,SETTLED,B20260904-5
S902582,T102760,2026-09-04 19:40:07,14265.98,SETTLED,B20260904-1
S902583,T102761,2026-09-04 08:49:23,48339.58,SETTLED,B20260904-4
S902584,T102762,2026-09-04 13:54:37,20111.15,SETTLED,B20260904-3
S902585,T102763,2026-09-04 21:06:20,37314.99,SETTLED,B20260904-6
S902586,T102764,2026-09-04 11:25:26,52798.01,SETTLED,B20260904-6
S902587,T102766,2026-09-04 09:37:13,29067.00,SETTLED,B20260904-4
S902588,T102767,2026-09-04 16:15:34,1110.51,PENDING,B20260904-2
S902589,T102768,2026-09-04 20:21:53,32622.70,SETTLED,B20260904-1
S902590,T102768,2026-09-04 20:27:53,8155.68,SETTLED,B20260904-3
S902591,T102769,2026-09-04 14:49:38,1556.73,SETTLED,B20260904-5
S902592,T102770,2026-09-04 22:02:25,3339.92,SETTLED,B20260904-1
S902593,T102771,2026-09-04 18:50:12,260901.15,SETTLED,B20260904-4
S902594,T102772,2026-09-04 12:18:25,107561.40,SETTLED,B20260904-3
S902595,T102772,2026-09-04 12:21:25,26890.35,SETTLED,B20260904-4
S902596,T102773,2026-09-04 19:22:30,2320.19,SETTLED,B20260904-6
S902597,T102774,2026-09-04 16:04:47,33769.93,SETTLED,B20260904-6
S902598,T102775,2026-09-04 20:47:09,2445.47,SETTLED,B20260904-1
S902599,T102776,2026-09-04 18:46:21,17064.09,SETTLED,B20260904-5
S902600,T102777,2026-09-04 19:19:25,116447.32,SETTLED,B20260904-5
S902601,T102778,2026-09-04 12:05:47,23601.32,SETTLED,B20260904-4
S902602,T102779,2026-09-04 11:12:08,104630.01,SETTLED,B20260904-2
S902603,T102780,2026-09-04 23:04:31,155918.69,SETTLED,B20260904-4
S902604,T102781,2026-09-04 10:46:10,10736.78,SETTLED,B20260904-4
S902605,T102782,2026-09-04 17:13:01,36614.72,SETTLED,B20260904-3
S902606,T102783,2026-09-04 07:09:47,195.38,SETTLED,B20260904-4
S902607,T102784,2026-09-04 18:00:12,624.82,SETTLED,B20260904-5
S902608,T102784,2026-09-04 18:03:12,156.21,SETTLED,B20260904-2
S902609,T102785,2026-09-04 17:42:58,17208.86,SETTLED,B20260904-2
S902610,T102786,2026-09-04 14:38:18,723.61,SETTLED,B20260904-6
S902611,T102787,2026-09-04 22:46:51,109104.39,SETTLED,B20260904-2
S902612,T102788,2026-09-04 21:31:56,159148.01,SETTLED,B20260904-4
S902613,T102790,2026-09-04 20:51:58,24155.03,SETTLED,B20260904-5
S902614,T102791,2026-09-04 08:27:16,163633.43,SETTLED,B20260904-4
S902615,T102791,2026-09-04 08:35:16,40908.36,SETTLED,B20260904-3
S902616,T102792,2026-09-04 15:06:24,59038.40,SETTLED,B20260904-1
S902617,T102793,2026-09-04 07:10:21,3811.84,SETTLED,B20260904-1
S902618,T102794,2026-09-04 15:11:47,118518.84,SETTLED,B20260904-3
S902619,T102794,2026-09-04 15:20:47,29629.71,SETTLED,B20260904-2
S902620,T102795,2026-09-04 16:30:45,1949.12,SETTLED,B20260904-5
S902621,T102796,2026-09-04 15:27:00,101123.81,SETTLED,B20260904-2
S902622,T102797,2026-09-04 10:32:15,49846.13,SETTLED,B20260904-6
S902623,T102798,2026-09-04 22:15:06,1681.25,SETTLED,B20260904-3
S902624,T102799,2026-09-04 14:12:18,3477.23,SETTLED,B20260904-5
S902625,T102801,2026-09-04 06:50:13,13207.16,SETTLED,B20260904-1
S902626,T102802,2026-09-04 11:46:40,2328.02,SETTLED,B20260904-6
S902627,T102804,2026-09-04 16:44:40,4450.12,SETTLED,B20260904-6
S902628,T102806,2026-09-04 17:04:16,73703.88,SETTLED,B20260904-1
S902629,T102807,2026-09-04 13:36:43,2244.96,SETTLED,B20260904-3
S902630,T102808,2026-09-04 20:53:48,272241.46,SETTLED,B20260904-5
S902631,T102809,2026-09-04 07:44:37,15459.68,SETTLED,B20260904-4
S902632,T102810,2026-09-04 06:08:18,25929.05,SETTLED,B20260904-3
S902633,T102811,2026-09-04 20:36:47,209482.69,SETTLED,B20260904-1
S902634,T102813,2026-09-04 19:34:58,996.76,SETTLED,B20260904-4
S902635,T102814,2026-09-04 09:22:02,108760.07,SETTLED,B20260904-1
S902636,T102815,2026-09-04 17:29:44,3597.81,SETTLED,B20260904-5
S902637,T102817,2026-09-04 17:18:39,120286.50,SETTLED,B20260904-1
S902638,T102818,2026-09-04 10:27:31,281228.31,SETTLED,B20260904-5
S902639,T102819,2026-09-04 15:01:19,305678.74,SETTLED,B20260904-5
S902640,T102820,2026-09-04 14:00:40,237.33,SETTLED,B20260904-3
S902641,T102821,2026-09-04 14:00:24,59836.59,SETTLED,B20260904-4
S902642,T102822,2026-09-04 13:13:29,1267.78,SETTLED,B20260904-5
S902643,T102823,2026-09-04 15:30:22,2932.40,SETTLED,B20260904-2
S902644,T102824,2026-09-04 12:34:59,152679.54,SETTLED,B20260904-2
S902645,T102826,2026-09-04 09:02:08,2088.41,SETTLED,B20260904-2
S902646,T102827,2026-09-04 22:08:40,274459.22,SETTLED,B20260904-4
S902647,T102827,2026-09-04 22:16:40,68614.80,SETTLED,B20260904-3
S902648,T102828,2026-09-04 16:41:05,12018.08,SETTLED,B20260904-6
S902649,T102829,2026-09-04 22:00:03,1134.31,SETTLED,B20260904-1
S902650,T102830,2026-09-04 22:51:41,58152.16,SETTLED,B20260904-6
S902651,T102831,2026-09-04 18:02:11,205834.52,SETTLED,B20260904-4
S902652,T102832,2026-09-04 16:12:21,47769.77,SETTLED,B20260904-1
S902653,T102833,2026-09-04 09:46:01,2132.84,SETTLED,B20260904-6
S902654,T102834,2026-09-04 06:40:38,1320.50,SETTLED,B20260904-3
S902655,T102835,2026-09-04 08:42:37,37549.03,SETTLED,B20260904-3
S902656,T102836,2026-09-04 13:59:23,3161.22,SETTLED,B20260904-6
S902657,T102837,2026-09-04 16:54:40,71173.79,SETTLED,B20260904-6
S902658,T102838,2026-09-04 16:50:22,155.18,SETTLED,B20260904-6
S902659,T102838,2026-09-04 16:56:22,38.79,SETTLED,B20260904-6
S902660,T102839,2026-09-04 15:26:08,324518.74,SETTLED,B20260904-4
S902661,T102840,2026-09-04 09:00:20,227697.34,SETTLED,B20260904-6
S902662,T102840,2026-09-04 09:07:20,56924.33,SETTLED,B20260904-6
S902663,T102841,2026-09-04 13:58:35,998.78,SETTLED,B20260904-1
S902664,T102841,2026-09-04 14:04:35,249.70,SETTLED,B20260904-1
S902665,T102842,2026-09-04 18:20:32,74579.06,SETTLED,B20260904-2
S902666,T102843,2026-09-04 07:37:07,50142.36,FAILED,B20260904-3
S902667,T102845,2026-09-04 06:21:28,29053.58,SETTLED,B20260904-6
S902668,T102846,2026-09-04 06:30:40,10741.73,SETTLED,B20260904-5
S902669,T102847,2026-09-04 22:17:52,71027.20,SETTLED,B20260904-1
S902670,T102848,2026-09-04 18:14:23,154682.61,SETTLED,B20260904-2
S902671,T102849,2026-09-04 17:26:55,342624.50,SETTLED,B20260904-6
S902672,T102850,2026-09-04 23:23:28,363.32,SETTLED,B20260904-4
S902673,T102852,2026-09-04 15:58:38,50555.76,SETTLED,B20260904-6
S902674,T102853,2026-09-04 19:04:20,38090.42,SETTLED,B20260904-5
S902675,T102854,2026-09-05 15:54:09,158851.22,SETTLED,B20260905-6
S902676,T102855,2026-09-04 22:46:16,1553.73,SETTLED,B20260904-1
S902677,T102856,2026-09-04 13:05:13,127042.45,SETTLED,B20260904-5
S902678,T102857,2026-09-04 11:28:13,156736.30,SETTLED,B20260904-1
S902679,T102858,2026-09-04 17:07:58,205302.86,SETTLED,B20260904-6
S902680,T102859,2026-09-04 18:32:46,114168.68,SETTLED,B20260904-3
S902681,T102860,2026-09-04 15:36:35,21591.53,SETTLED,B20260904-4
S902682,T102861,2026-09-04 11:49:21,259854.63,SETTLED,B20260904-6
S902683,T102862,2026-09-04 20:03:23,2184.10,SETTLED,B20260904-1
S902684,T102862,2026-09-04 20:05:23,546.02,SETTLED,B20260904-6
S902685,T102863,2026-09-04 07:24:58,1283.69,SETTLED,B20260904-6
S902686,T102864,2026-09-04 19:01:43,12741.86,SETTLED,B20260904-5
S902687,T102865,2026-09-04 22:06:51,281892.31,SETTLED,B20260904-6
S902688,T102866,2026-09-04 21:56:52,50448.43,SETTLED,B20260904-2
S902689,T102867,2026-09-04 20:23:42,57155.34,SETTLED,B20260904-4
S902690,T102868,2026-09-04 19:09:03,4133.73,SETTLED,B20260904-4
S902691,T102869,2026-09-04 20:34:16,2254.49,SETTLED,B20260904-6
S902692,T102870,2026-09-04 09:08:25,381.85,SETTLED,B20260904-5
S902693,T102871,2026-09-04 17:21:32,343095.13,SETTLED,B20260904-4
S902694,T102872,2026-09-04 09:26:08,3859.46,SETTLED,B20260904-2
S902695,T102873,2026-09-04 19:34:35,3506.97,SETTLED,B20260904-3
S902696,T102874,2026-09-04 08:32:38,86117.80,SETTLED,B20260904-1
S902697,T102875,2026-09-04 11:05:51,187266.88,SETTLED,B20260904-6
S902698,T102877,2026-09-04 14:07:36,36017.00,SETTLED,B20260904-3
S902699,T102878,2026-09-04 18:54:56,239256.66,SETTLED,B20260904-6
S902700,T102878,2026-09-04 18:54:56,59814.17,SETTLED,B20260904-3
S902701,T102879,2026-09-04 13:18:37,327170.77,SETTLED,B20260904-2
S902702,T102880,2026-09-04 09:44:48,1390.88,SETTLED,B20260904-4
S902703,T102881,2026-09-04 12:41:23,115309.08,SETTLED,B20260904-3
S902704,T102883,2026-09-04 19:28:04,12572.51,SETTLED,B20260904-2
S902705,T102884,2026-09-04 11:12:04,109472.97,SETTLED,B20260904-4
S902706,T102885,2026-09-04 15:53:38,41084.96,SETTLED,B20260904-2
S902707,T102885,2026-09-04 16:05:38,10271.24,SETTLED,B20260904-2
S902708,T102887,2026-09-04 18:27:31,2993.77,SETTLED,B20260904-4
S902709,T102888,2026-09-04 22:51:38,1646.27,SETTLED,B20260904-3
S902710,T102889,2026-09-04 18:49:26,45100.06,SETTLED,B20260904-2
S902711,T102890,2026-09-04 18:53:56,127805.40,SETTLED,B20260904-5
S902712,T102891,2026-09-04 14:06:58,626.93,SETTLED,B20260904-1
S902713,T102892,2026-09-04 15:44:14,89268.16,SETTLED,B20260904-5
S902714,T102893,2026-09-04 14:22:16,2664.07,PENDING,B20260904-3
S902715,T102894,2026-09-04 17:16:09,286087.03,SETTLED,B20260904-1
S902716,T102895,2026-09-04 06:57:51,29695.70,SETTLED,B20260904-5
S902717,T102896,2026-09-04 19:28:38,52246.36,SETTLED,B20260904-2
S902718,T102897,2026-09-04 22:10:18,1651.59,SETTLED,B20260904-4
S902719,T102898,2026-09-04 06:41:53,39887.39,SETTLED,B20260904-6
S902720,T102899,2026-09-04 17:43:29,1765.16,SETTLED,B20260904-4
S902721,T102900,2026-09-04 17:33:15,258421.52,SETTLED,B20260904-3
S902722,T102901,2026-09-04 09:59:04,3257.39,SETTLED,B20260904-5
S902723,T102902,2026-09-04 21:32:20,69415.13,SETTLED,B20260904-2
S902724,T102903,2026-09-04 10:28:03,6375.86,PENDING,B20260904-2
S902725,T102904,2026-09-04 11:28:04,29283.09,PENDING,B20260904-5
S902726,T102905,2026-09-04 20:32:01,54434.46,SETTLED,B20260904-6
S902727,T102907,2026-09-04 14:37:56,73267.83,SETTLED,B20260904-5
S902728,T102907,2026-09-04 14:40:56,18316.96,SETTLED,B20260904-3
S902729,T102908,2026-09-04 10:52:02,9082.65,PENDING,B20260904-1
S902730,T102910,2026-09-04 07:47:50,299312.37,SETTLED,B20260904-3
S902731,T102912,2026-09-04 21:13:41,53441.16,SETTLED,B20260904-4
S902732,T102914,2026-09-04 13:45:11,42595.74,PENDING,B20260904-6
S902733,T102914,2026-09-04 13:56:11,10648.93,SETTLED,B20260904-6
S902734,T102915,2026-09-04 08:19:28,36244.44,SETTLED,B20260904-1
S902735,T102916,2026-09-04 16:46:54,53619.38,SETTLED,B20260904-4
S902736,T102917,2026-09-04 20:45:16,279501.09,SETTLED,B20260904-5
S902737,T102918,2026-09-04 13:19:40,48542.13,SETTLED,B20260904-6
S902738,T102919,2026-09-04 12:48:15,478.50,SETTLED,B20260904-2
S902739,T102920,2026-09-04 21:11:42,1249.43,SETTLED,B20260904-4
S902740,T102921,2026-09-04 09:25:40,429.19,PENDING,B20260904-6
S902741,T102922,2026-09-04 19:23:14,1655.71,SETTLED,B20260904-3
S902742,T102922,2026-09-04 19:27:14,413.93,PENDING,B20260904-2
S902743,T102923,2026-09-04 14:35:10,3785.43,SETTLED,B20260904-6
S902744,T102924,2026-09-04 07:28:34,4754.90,SETTLED,B20260904-2
S902745,T102925,2026-09-04 16:58:05,17084.79,SETTLED,B20260904-3
S902746,T102927,2026-09-04 21:28:28,3757.44,SETTLED,B20260904-6
S902747,T102928,2026-09-04 16:58:20,1161.95,SETTLED,B20260904-3
S902748,T102929,2026-09-04 16:21:07,376509.55,SETTLED,B20260904-5
S902749,T102930,2026-09-04 13:51:08,33845.91,SETTLED,B20260904-3
S902750,T102931,2026-09-04 12:02:06,1877.69,SETTLED,B20260904-3
S902751,T102932,2026-09-04 07:31:06,786.35,SETTLED,B20260904-1
S902752,T102933,2026-09-04 16:53:51,50543.64,SETTLED,B20260904-1
S902753,T102934,2026-09-04 15:46:31,231279.67,SETTLED,B20260904-1
S902754,T102935,2026-09-04 21:22:52,37038.44,SETTLED,B20260904-1
S902755,T102936,2026-09-04 06:47:05,1423.16,SETTLED,B20260904-3
S902756,T102937,2026-09-04 10:10:11,558.02,SETTLED,B20260904-1
S902757,T102938,2026-09-04 11:25:53,434.24,SETTLED,B20260904-6
S902758,T102939,2026-09-04 08:05:39,55626.80,SETTLED,B20260904-3
S902759,T102940,2026-09-04 09:11:34,175991.62,SETTLED,B20260904-1
S902760,T102941,2026-09-04 10:58:45,40392.96,SETTLED,B20260904-2
S902761,T102942,2026-09-04 19:14:17,3313.38,SETTLED,B20260904-5
S902762,T102943,2026-09-04 19:33:28,54290.33,SETTLED,B20260904-6
S902763,T102945,2026-09-04 18:56:45,367586.05,SETTLED,B20260904-5
S902764,T102946,2026-09-04 16:45:09,2468.65,SETTLED,B20260904-1
S902765,T102947,2026-09-04 20:49:36,162175.38,SETTLED,B20260904-3
S902766,T102948,2026-09-05 14:05:30,144914.21,SETTLED,B20260905-4
S902767,T102949,2026-09-04 16:04:12,347734.79,SETTLED,B20260904-6
S902768,T102950,2026-09-04 15:04:10,136223.28,SETTLED,B20260904-3
S902769,T102951,2026-09-04 15:38:24,297908.64,SETTLED,B20260904-1
S902770,T102953,2026-09-04 09:51:04,58548.96,SETTLED,B20260904-1
S902771,T102954,2026-09-04 19:27:29,1817.44,SETTLED,B20260904-4
S902772,T102955,2026-09-04 22:07:50,57955.38,SETTLED,B20260904-2
S902773,T102956,2026-09-04 21:52:38,2731.67,SETTLED,B20260904-2
S902774,T102956,2026-09-04 21:57:38,682.92,SETTLED,B20260904-1
S902775,T102957,2026-09-04 10:16:00,2930.47,FAILED,B20260904-3
S902776,T102958,2026-09-04 19:49:28,1944.35,SETTLED,B20260904-6
S902777,T102959,2026-09-04 22:27:07,219720.12,SETTLED,B20260904-5
S902778,T102961,2026-09-04 18:34:55,299.70,SETTLED,B20260904-5
S902779,T102962,2026-09-04 16:11:01,1971.68,SETTLED,B20260904-3
S902780,T102962,2026-09-04 16:17:01,492.92,FAILED,B20260904-5
S902781,T102964,2026-09-04 10:49:29,1763.43,SETTLED,B20260904-5
S902782,T102965,2026-09-04 08:06:48,395442.96,SETTLED,B20260904-5
S902783,T102966,2026-09-04 16:17:57,314583.94,PENDING,B20260904-5
S902784,T102967,2026-09-04 15:59:35,526.50,SETTLED,B20260904-5
S902785,T102967,2026-09-04 16:10:35,131.62,SETTLED,B20260904-2
S902786,T102968,2026-09-04 14:50:08,16382.32,SETTLED,B20260904-6
S902787,T102969,2026-09-04 18:28:21,350585.06,SETTLED,B20260904-3
S902788,T102970,2026-09-04 14:08:10,419.54,SETTLED,B20260904-2
S902789,T102973,2026-09-04 20:57:42,180.69,SETTLED,B20260904-1
S902790,T102975,2026-09-04 10:43:34,233716.47,SETTLED,B20260904-1
S902791,T102976,2026-09-04 07:40:15,223398.44,SETTLED,B20260904-1
S902792,T102977,2026-09-04 12:02:20,2726.54,SETTLED,B20260904-6
S902793,T102978,2026-09-04 07:26:35,30261.49,SETTLED,B20260904-3
S902794,T102978,2026-09-04 07:35:35,7565.37,SETTLED,B20260904-3
S902795,T102979,2026-09-04 11:43:17,1650.10,SETTLED,B20260904-5
S902796,T102980,2026-09-04 16:13:07,44718.23,SETTLED,B20260904-4
S902797,T102981,2026-09-04 20:48:59,55682.58,SETTLED,B20260904-2
S902798,T102982,2026-09-04 19:12:54,92231.79,SETTLED,B20260904-3
S902799,T102983,2026-09-04 09:09:15,241792.96,SETTLED,B20260904-3
S902800,T102985,2026-09-04 20:26:15,17497.60,SETTLED,B20260904-6
S902801,T102986,2026-09-04 12:43:27,157339.04,SETTLED,B20260904-4
S902802,T102987,2026-09-04 15:43:21,19947.95,SETTLED,B20260904-4
S902803,T102988,2026-09-04 23:20:31,167744.57,SETTLED,B20260904-4
S902804,T102989,2026-09-04 11:13:01,20739.79,SETTLED,B20260904-6
S902805,T102990,2026-09-04 08:02:17,208725.50,SETTLED,B20260904-5
S902806,T102991,2026-09-04 20:35:53,1127.27,SETTLED,B20260904-1
S902807,T102992,2026-09-04 13:47:48,31848.77,SETTLED,B20260904-6
S902808,T102993,2026-09-04 12:35:47,39570.34,SETTLED,B20260904-3
S902809,T102993,2026-09-04 12:43:47,9892.58,SETTLED,B20260904-2
S902810,T102994,2026-09-04 08:12:54,393049.43,SETTLED,B20260904-5
S902811,T102995,2026-09-04 17:27:43,336001.60,SETTLED,B20260904-1
S902812,T102996,2026-09-04 22:31:31,3869.79,SETTLED,B20260904-3
S902813,T102999,2026-09-04 17:31:59,3754.64,SETTLED,B20260904-5
S902814,T103000,2026-09-04 21:07:07,2230.19,SETTLED,B20260904-1
S902815,T103001,2026-09-04 20:20:46,313.47,SETTLED,B20260904-5
S902816,T103002,2026-09-04 22:16:52,2729.21,SETTLED,B20260904-5
S902817,T103003,2026-09-04 10:27:17,21329.17,SETTLED,B20260904-3
S902818,T103004,2026-09-04 10:05:03,369870.14,SETTLED,B20260904-2
S902819,T103005,2026-09-04 11:13:04,1820.93,SETTLED,B20260904-2
S902820,T103005,2026-09-04 11:23:04,455.23,SETTLED,B20260904-2
S902821,T103006,2026-09-04 17:22:10,334234.88,SETTLED,B20260904-5
S902822,T103007,2026-09-04 21:31:13,6347.57,SETTLED,B20260904-3
S902823,T103008,2026-09-04 18:50:16,226881.96,SETTLED,B20260904-1
S902824,T103009,2026-09-04 06:39:58,383906.83,SETTLED,B20260904-4
S902825,T103011,2026-09-04 09:52:12,807.46,SETTLED,B20260904-5
S902826,T103012,2026-09-04 10:59:51,56088.74,SETTLED,B20260904-2
S902827,T103012,2026-09-04 10:59:51,14022.19,SETTLED,B20260904-1
S902828,T103014,2026-09-04 21:03:10,147443.19,SETTLED,B20260904-1
S902829,T103015,2026-09-04 09:47:09,357962.66,SETTLED,B20260904-5
S902830,T103017,2026-09-04 23:19:56,1519.39,SETTLED,B20260904-6
S902831,T103018,2026-09-04 06:20:30,238714.99,SETTLED,B20260904-6
S902832,T103019,2026-09-04 16:08:42,3128.92,SETTLED,B20260904-4
S902833,T103020,2026-09-04 13:24:31,31435.82,SETTLED,B20260904-2
S902834,T103021,2026-09-04 11:59:14,23895.82,SETTLED,B20260904-2
S902835,T103023,2026-09-04 20:07:31,54685.66,SETTLED,B20260904-6
S902836,T103024,2026-09-05 21:25:12,57343.39,SETTLED,B20260905-3
S902837,T103025,2026-09-05 04:06:46,142308.54,SETTLED,B20260905-6
S902838,T103027,2026-09-04 21:06:52,263035.04,SETTLED,B20260904-3
S902839,T103028,2026-09-04 12:50:40,1543.99,SETTLED,B20260904-1
S902840,T103028,2026-09-04 12:51:40,386.00,SETTLED,B20260904-3
S902841,T103029,2026-09-04 16:53:31,2881.22,SETTLED,B20260904-5
S902842,T103030,2026-09-05 00:24:46,366389.91,SETTLED,B20260905-2
S902843,T103031,2026-09-04 09:14:37,33512.76,SETTLED,B20260904-2
S902844,T103032,2026-09-04 17:18:27,52379.46,SETTLED,B20260904-3
S902845,T103033,2026-09-04 09:49:29,9389.68,SETTLED,B20260904-6
S902846,T103035,2026-09-04 12:38:43,52998.73,SETTLED,B20260904-4
S902847,T103037,2026-09-04 16:52:27,244006.73,SETTLED,B20260904-2
S902848,T103038,2026-09-04 20:41:15,13727.32,SETTLED,B20260904-6
S902849,T103039,2026-09-04 08:56:41,2938.09,SETTLED,B20260904-3
S902850,T103040,2026-09-04 07:52:19,2955.08,SETTLED,B20260904-1
S902851,T103041,2026-09-04 18:19:19,253268.07,SETTLED,B20260904-5
S902852,T103042,2026-09-04 09:32:49,2514.89,SETTLED,B20260904-1
S902853,T103043,2026-09-05 09:26:49,54763.33,SETTLED,B20260905-3
S902854,T103044,2026-09-04 11:47:48,2364.84,SETTLED,B20260904-3
S902855,T103044,2026-09-04 11:56:48,591.21,SETTLED,B20260904-6
S902856,T103045,2026-09-04 20:12:11,235717.67,PENDING,B20260904-5
S902857,T103046,2026-09-04 06:50:39,190584.04,SETTLED,B20260904-1
S902858,T103047,2026-09-04 21:34:38,274515.28,SETTLED,B20260904-2
S902859,T103048,2026-09-04 18:08:53,218066.73,SETTLED,B20260904-3
S902860,T103049,2026-09-04 22:42:33,697.19,SETTLED,B20260904-3
S902861,T103049,2026-09-04 22:53:33,174.30,SETTLED,B20260904-2
S902862,T103050,2026-09-04 15:45:52,3337.56,SETTLED,B20260904-3
S902863,T103051,2026-09-04 20:34:15,12593.79,SETTLED,B20260904-6
S902864,T103052,2026-09-04 07:45:35,1523.61,SETTLED,B20260904-1
S902865,T103053,2026-09-04 13:22:16,226944.91,SETTLED,B20260904-5
S902866,T103054,2026-09-04 23:16:31,103122.43,SETTLED,B20260904-4
S902867,T103055,2026-09-04 06:35:51,19885.17,SETTLED,B20260904-1
S902868,T103056,2026-09-04 06:48:11,74821.44,SETTLED,B20260904-1
S902869,T103056,2026-09-04 06:54:11,18705.36,SETTLED,B20260904-5
S902870,T963238,2026-09-04 16:00:00,9182.45,SETTLED,B20260904-9
S902871,T952108,2026-09-04 20:00:00,7828.12,SETTLED,B20260904-9
S902872,T950931,2026-09-04 12:00:00,6473.21,SETTLED,B20260904-9
S902873,T952199,2026-09-04 11:00:00,5776.11,SETTLED,B20260904-9
S902874,T103057,2026-09-05 16:44:09,44975.56,SETTLED,B20260905-4
S902875,T103059,2026-09-05 06:18:41,24463.30,SETTLED,B20260905-5
S902876,T103060,2026-09-05 15:50:45,5397.09,SETTLED,B20260905-4
S902877,T103061,2026-09-05 11:05:54,2349.10,SETTLED,B20260905-4
S902878,T103062,2026-09-05 18:39:48,152687.29,SETTLED,B20260905-6
S902879,T103063,2026-09-06 10:12:27,3765.18,SETTLED,B20260906-6
S902880,T103064,2026-09-05 19:08:43,1435.35,SETTLED,B20260905-3
S902881,T103065,2026-09-05 21:54:00,2035.00,SETTLED,B20260905-3
S902882,T103066,2026-09-05 23:17:21,2262.58,SETTLED,B20260905-2
S902883,T103067,2026-09-05 15:04:44,1052.96,PENDING,B20260905-6
S902884,T103069,2026-09-05 21:13:56,32302.90,SETTLED,B20260905-6
S902885,T103070,2026-09-05 13:20:42,391642.13,SETTLED,B20260905-6
S902886,T103072,2026-09-05 07:53:48,19735.30,SETTLED,B20260905-5
S902887,T103073,2026-09-05 07:09:05,44099.60,SETTLED,B20260905-4
S902888,T103074,2026-09-05 17:12:02,3567.67,SETTLED,B20260905-6
S902889,T103075,2026-09-05 07:17:02,40365.96,SETTLED,B20260905-2
S902890,T103076,2026-09-05 18:45:53,298.29,SETTLED,B20260905-2
S902891,T103078,2026-09-05 16:42:57,10962.88,SETTLED,B20260905-5
S902892,T103079,2026-09-05 11:51:01,118386.57,SETTLED,B20260905-1
S902893,T103081,2026-09-05 17:10:18,3629.45,SETTLED,B20260905-4
S902894,T103082,2026-09-05 10:31:55,298248.95,SETTLED,B20260905-2
S902895,T103084,2026-09-05 10:58:05,9410.32,SETTLED,B20260905-3
S902896,T103085,2026-09-05 12:04:45,47573.21,SETTLED,B20260905-6
S902897,T103086,2026-09-05 19:31:40,394339.37,SETTLED,B20260905-3
S902898,T103087,2026-09-05 06:30:28,2288.48,SETTLED,B20260905-2
S902899,T103088,2026-09-05 08:58:53,1278.67,SETTLED,B20260905-3
S902900,T103089,2026-09-05 10:04:59,215118.89,SETTLED,B20260905-6
S902901,T103090,2026-09-05 22:17:36,1063.05,SETTLED,B20260905-1
S902902,T103091,2026-09-05 16:37:08,110864.17,SETTLED,B20260905-5
S902903,T103092,2026-09-05 19:36:12,7602.94,SETTLED,B20260905-1
S902904,T103093,2026-09-05 09:35:50,1551.22,SETTLED,B20260905-3
S902905,T103094,2026-09-05 17:56:59,485.43,SETTLED,B20260905-2
S902906,T103095,2026-09-05 17:02:18,531.54,SETTLED,B20260905-4
S902907,T103097,2026-09-05 21:25:30,2167.71,SETTLED,B20260905-5
S902908,T103098,2026-09-05 18:27:02,3736.83,SETTLED,B20260905-6
S902909,T103099,2026-09-05 17:31:21,1426.77,SETTLED,B20260905-1
S902910,T103100,2026-09-05 19:07:24,179071.60,SETTLED,B20260905-2
S902911,T103101,2026-09-05 17:35:11,47052.11,SETTLED,B20260905-6
S902912,T103102,2026-09-05 22:47:43,1585.00,SETTLED,B20260905-4
S902913,T103103,2026-09-05 21:10:53,49101.49,SETTLED,B20260905-5
S902914,T103104,2026-09-06 01:56:00,55964.16,SETTLED,B20260906-1
S902915,T103106,2026-09-05 18:37:31,254511.04,SETTLED,B20260905-1
S902916,T103107,2026-09-05 17:22:41,34682.66,SETTLED,B20260905-2
S902917,T103108,2026-09-05 06:36:06,292739.98,SETTLED,B20260905-3
S902918,T103108,2026-09-05 06:43:06,73185.00,SETTLED,B20260905-6
S902919,T103109,2026-09-05 09:37:38,340009.78,SETTLED,B20260905-6
S902920,T103110,2026-09-05 10:57:50,25441.51,SETTLED,B20260905-4
S902921,T103110,2026-09-05 10:59:50,6360.38,SETTLED,B20260905-3
S902922,T103111,2026-09-05 18:54:04,49839.54,SETTLED,B20260905-1
S902923,T103112,2026-09-05 21:52:50,1312.58,SETTLED,B20260905-5
S902924,T103113,2026-09-05 18:58:56,240200.83,SETTLED,B20260905-4
S902925,T103114,2026-09-05 07:48:19,141847.16,SETTLED,B20260905-6
S902926,T103115,2026-09-06 01:20:46,1256.86,SETTLED,B20260906-4
S902927,T103116,2026-09-05 12:21:46,274278.09,SETTLED,B20260905-6
S902928,T103117,2026-09-05 19:21:54,21256.17,SETTLED,B20260905-4
S902929,T103118,2026-09-06 01:07:26,733.47,PENDING,B20260906-3
S902930,T103119,2026-09-05 08:53:05,-3508.05,SETTLED,B20260905-6
S902931,T103120,2026-09-05 15:09:46,20132.91,SETTLED,B20260905-3
S902932,T103122,2026-09-05 16:14:14,3809.88,SETTLED,B20260905-2
S902933,T103123,2026-09-05 18:33:01,31044.14,SETTLED,B20260905-4
S902934,T103124,2026-09-05 20:22:12,17555.36,SETTLED,B20260905-6
S902935,T103126,2026-09-05 18:01:58,4354.53,SETTLED,B20260905-1
S902936,T103127,2026-09-05 18:11:52,48616.18,SETTLED,B20260905-5
S902937,T103128,2026-09-05 13:26:41,38496.03,SETTLED,B20260905-4
S902938,T103129,2026-09-05 06:42:42,30283.88,SETTLED,B20260905-6
S902939,T103130,2026-09-05 10:48:42,1747.08,SETTLED,B20260905-4
S902940,T103131,2026-09-05 08:37:02,153085.89,SETTLED,B20260905-3
S902941,T103131,2026-09-05 08:45:02,38271.47,SETTLED,B20260905-3
S902942,T103132,2026-09-05 06:55:01,372829.84,SETTLED,B20260905-6
S902943,T103133,2026-09-05 17:44:26,10610.28,SETTLED,B20260905-2
S902944,T103134,2026-09-05 07:20:23,300084.43,SETTLED,B20260905-6
S902945,T103135,2026-09-05 11:59:10,24817.51,SETTLED,B20260905-2
S902946,T103136,2026-09-05 21:31:54,1973.57,SETTLED,B20260905-3
S902947,T103138,2026-09-05 09:19:44,2362.24,SETTLED,B20260905-3
S902948,T103139,2026-09-05 22:18:02,3047.52,SETTLED,B20260905-1
S902949,T103140,2026-09-05 16:10:17,6406.96,SETTLED,B20260905-2
S902950,T103141,2026-09-05 11:15:03,1062.35,SETTLED,B20260905-4
S902951,T103142,2026-09-05 15:21:20,384549.88,SETTLED,B20260905-2
S902952,T103143,2026-09-05 16:25:51,43806.83,SETTLED,B20260905-1
S902953,T103144,2026-09-05 18:26:13,42489.99,SETTLED,B20260905-3
S902954,T103145,2026-09-05 07:20:17,3321.65,SETTLED,B20260905-2
S902955,T103146,2026-09-05 10:11:35,18758.61,SETTLED,B20260905-1
S902956,T103147,2026-09-05 15:28:22,278649.50,SETTLED,B20260905-6
S902957,T103148,2026-09-05 07:57:17,31765.09,SETTLED,B20260905-4
S902958,T103149,2026-09-05 17:40:24,44195.30,SETTLED,B20260905-6
S902959,T103150,2026-09-05 07:21:24,36314.53,SETTLED,B20260905-4
S902960,T103150,2026-09-05 07:22:24,9078.63,SETTLED,B20260905-6
S902961,T103151,2026-09-05 18:37:09,1246.28,SETTLED,B20260905-4
S902962,T103152,2026-09-05 08:06:12,2622.35,SETTLED,B20260905-5
S902963,T103153,2026-09-05 07:55:22,34022.67,SETTLED,B20260905-6
S902964,T103154,2026-09-05 10:30:11,15499.51,SETTLED,B20260905-6
S902965,T103154,2026-09-05 10:35:11,3874.88,SETTLED,B20260905-6
S902966,T103155,2026-09-05 21:25:20,2437.91,SETTLED,B20260905-6
S902967,T103156,2026-09-05 17:50:28,241611.37,SETTLED,B20260905-1
S902968,T103157,2026-09-05 06:39:07,40655.80,SETTLED,B20260905-4
S902969,T103159,2026-09-05 06:35:49,3498.70,SETTLED,B20260905-2
S902970,T103160,2026-09-05 19:02:08,374835.59,SETTLED,B20260905-6
S902971,T103161,2026-09-05 15:38:25,340400.25,SETTLED,B20260905-4
S902972,T103162,2026-09-05 08:37:08,348705.65,SETTLED,B20260905-3
S902973,T103163,2026-09-05 20:56:55,73336.03,SETTLED,B20260905-6
S902974,T103164,2026-09-05 10:00:37,180596.31,SETTLED,B20260905-6
S902975,T103165,2026-09-05 09:21:35,3111.73,SETTLED,B20260905-6
S902976,T103166,2026-09-05 21:49:41,44281.78,SETTLED,B20260905-1
S902977,T103167,2026-09-05 19:45:11,27445.43,SETTLED,B20260905-2
S902978,T103168,2026-09-05 15:26:20,3196.74,SETTLED,B20260905-2
S902979,T103169,2026-09-05 16:31:31,47773.49,SETTLED,B20260905-2
S902980,T103170,2026-09-05 21:54:31,11748.73,SETTLED,B20260905-5
S902981,T103171,2026-09-05 15:08:40,38253.80,SETTLED,B20260905-5
S902982,T103172,2026-09-05 18:59:42,54266.35,SETTLED,B20260905-4
S902983,T103173,2026-09-05 06:33:15,311849.69,SETTLED,B20260905-1
S902984,T103174,2026-09-05 13:16:59,274940.09,SETTLED,B20260905-3
S902985,T103175,2026-09-05 13:22:39,1421.02,SETTLED,B20260905-4
S902986,T103175,2026-09-05 13:32:39,355.25,SETTLED,B20260905-3
S902987,T103177,2026-09-05 19:14:22,1991.46,SETTLED,B20260905-4
S902988,T103177,2026-09-05 19:16:22,497.87,SETTLED,B20260905-6
S902989,T103178,2026-09-05 10:29:16,3676.82,SETTLED,B20260905-1
S902990,T103179,2026-09-05 09:22:55,2784.61,SETTLED,B20260905-1
S902991,T103180,2026-09-05 22:11:15,2857.38,SETTLED,B20260905-5
S902992,T103181,2026-09-05 14:00:21,45485.35,SETTLED,B20260905-3
S902993,T103182,2026-09-05 17:27:55,1952.95,SETTLED,B20260905-2
S902994,T103183,2026-09-05 06:35:40,25892.43,SETTLED,B20260905-2
S902995,T103184,2026-09-05 20:54:13,42388.59,SETTLED,B20260905-6
S902996,T103185,2026-09-05 22:24:33,926.12,SETTLED,B20260905-3
S902997,T103186,2026-09-05 20:12:10,2366.26,SETTLED,B20260905-5
S902998,T103187,2026-09-05 15:28:03,338654.67,SETTLED,B20260905-6
S902999,T103188,2026-09-05 14:17:08,297616.46,SETTLED,B20260905-4
S903000,T103189,2026-09-05 09:51:40,14542.87,SETTLED,B20260905-6
S903001,T103190,2026-09-05 15:22:40,1168.45,SETTLED,B20260905-3
S903002,T103191,2026-09-05 19:52:37,3622.43,SETTLED,B20260905-3
S903003,T103192,2026-09-05 11:08:07,23569.67,SETTLED,B20260905-6
S903004,T103192,2026-09-05 11:08:07,5892.42,SETTLED,B20260905-1
S903005,T103193,2026-09-05 10:39:04,754.35,SETTLED,B20260905-6
S903006,T103194,2026-09-05 06:30:41,57540.95,SETTLED,B20260905-1
S903007,T103195,2026-09-05 07:41:31,678.78,SETTLED,B20260905-6
S903008,T103195,2026-09-05 07:53:31,169.69,SETTLED,B20260905-4
S903009,T103196,2026-09-06 06:44:35,31386.92,SETTLED,B20260906-5
S903010,T103197,2026-09-05 09:32:47,258877.05,SETTLED,B20260905-2
S903011,T103198,2026-09-05 09:32:58,119568.86,SETTLED,B20260905-1
S903012,T103200,2026-09-05 14:31:55,297412.62,SETTLED,B20260905-4
S903013,T103201,2026-09-05 06:34:24,208097.38,SETTLED,B20260905-6
S903014,T103202,2026-09-05 19:00:50,39462.41,SETTLED,B20260905-3
S903015,T103203,2026-09-05 09:45:50,33074.21,SETTLED,B20260905-4
S903016,T103204,2026-09-05 18:47:03,25561.01,SETTLED,B20260905-1
S903017,T103205,2026-09-05 23:02:21,43095.62,SETTLED,B20260905-1
S903018,T103206,2026-09-05 14:42:37,25992.71,SETTLED,B20260905-1
S903019,T103206,2026-09-05 14:44:37,6498.18,SETTLED,B20260905-3
S903020,T103207,2026-09-05 21:06:18,331881.45,SETTLED,B20260905-2
S903021,T103208,2026-09-05 07:50:38,8830.33,SETTLED,B20260905-3
S903022,T103209,2026-09-05 07:29:54,4590.21,PENDING,B20260905-4
S903023,T103210,2026-09-05 20:23:26,3130.94,SETTLED,B20260905-6
S903024,T103211,2026-09-05 17:21:48,172769.99,SETTLED,B20260905-5
S903025,T103213,2026-09-05 06:49:21,355531.53,SETTLED,B20260905-5
S903026,T103214,2026-09-05 10:35:49,3476.34,SETTLED,B20260905-6
S903027,T103216,2026-09-05 17:56:49,30111.88,SETTLED,B20260905-4
S903028,T103217,2026-09-05 21:39:51,2940.01,SETTLED,B20260905-3
S903029,T103218,2026-09-05 21:49:28,8880.77,SETTLED,B20260905-5
S903030,T103220,2026-09-05 13:43:56,37917.46,SETTLED,B20260905-3
S903031,T103220,2026-09-05 13:49:56,9479.37,SETTLED,B20260905-5
S903032,T103222,2026-09-05 10:44:51,17070.28,SETTLED,B20260905-3
S903033,T103223,2026-09-05 15:16:45,429.31,SETTLED,B20260905-1
S903034,T103224,2026-09-05 19:59:44,399592.78,SETTLED,B20260905-4
S903035,T103225,2026-09-05 21:48:51,193873.02,SETTLED,B20260905-1
S903036,T103225,2026-09-05 21:56:51,48468.25,SETTLED,B20260905-3
S903037,T103226,2026-09-05 14:43:15,1592.90,SETTLED,B20260905-2
S903038,T103228,2026-09-05 19:03:14,1763.21,SETTLED,B20260905-1
S903039,T103229,2026-09-05 13:54:08,162913.09,SETTLED,B20260905-4
S903040,T103230,2026-09-05 09:46:40,18008.53,SETTLED,B20260905-1
S903041,T103231,2026-09-05 20:46:29,73845.12,SETTLED,B20260905-3
S903042,T103232,2026-09-05 08:18:06,57272.06,SETTLED,B20260905-3
S903043,T103233,2026-09-05 10:36:36,1944.46,SETTLED,B20260905-2
S903044,T103234,2026-09-05 18:28:58,29915.84,PENDING,B20260905-2
S903045,T103234,2026-09-05 18:30:58,7478.96,SETTLED,B20260905-6
S903046,T103235,2026-09-05 10:13:20,199528.67,SETTLED,B20260905-6
S903047,T103236,2026-09-05 15:30:55,2177.80,SETTLED,B20260905-4
S903048,T103237,2026-09-05 13:46:00,1618.03,SETTLED,B20260905-2
S903049,T103238,2026-09-05 17:23:14,5087.74,SETTLED,B20260905-5
S903050,T103239,2026-09-05 09:09:24,113040.92,SETTLED,B20260905-2
S903051,T103240,2026-09-05 07:18:14,331999.58,SETTLED,B20260905-1
S903052,T103241,2026-09-05 15:43:24,47177.54,SETTLED,B20260905-3
S903053,T103242,2026-09-05 18:53:04,461.17,PENDING,B20260905-5
S903054,T103243,2026-09-05 12:21:33,42490.99,SETTLED,B20260905-4
S903055,T103244,2026-09-05 10:38:31,334004.48,SETTLED,B20260905-6
S903056,T103245,2026-09-05 18:33:32,201957.36,SETTLED,B20260905-1
S903057,T103247,2026-09-05 13:09:14,21378.48,SETTLED,B20260905-5
S903058,T103248,2026-09-05 20:35:29,369340.26,SETTLED,B20260905-1
S903059,T103249,2026-09-05 06:57:43,13325.36,SETTLED,B20260905-3
S903060,T103250,2026-09-05 16:22:29,2858.22,SETTLED,B20260905-4
S903061,T103251,2026-09-05 09:56:19,15640.49,SETTLED,B20260905-5
S903062,T103252,2026-09-05 18:23:49,48495.49,SETTLED,B20260905-2
S903063,T103253,2026-09-05 20:55:30,299799.58,SETTLED,B20260905-4
S903064,T103254,2026-09-05 08:26:46,40410.27,SETTLED,B20260905-1
S903065,T103255,2026-09-05 10:05:57,2041.53,SETTLED,B20260905-1
S903066,T103256,2026-09-05 20:02:00,817.80,SETTLED,B20260905-6
S903067,T103257,2026-09-05 09:37:05,37036.97,SETTLED,B20260905-2
S903068,T103258,2026-09-05 13:29:12,31120.54,SETTLED,B20260905-5
S903069,T103259,2026-09-05 16:18:09,39475.38,SETTLED,B20260905-5
S903070,T103260,2026-09-05 15:20:56,359355.27,SETTLED,B20260905-5
S903071,T103261,2026-09-05 17:51:53,46309.03,SETTLED,B20260905-6
S903072,T103263,2026-09-05 18:34:55,556.45,SETTLED,B20260905-5
S903073,T103264,2026-09-05 14:29:12,51167.88,SETTLED,B20260905-4
S903074,T103265,2026-09-05 17:28:28,3224.44,SETTLED,B20260905-2
S903075,T103266,2026-09-05 09:06:14,234.29,SETTLED,B20260905-4
S903076,T103267,2026-09-05 12:08:43,17192.37,SETTLED,B20260905-3
S903077,T103268,2026-09-05 17:43:30,214779.04,SETTLED,B20260905-6
S903078,T103269,2026-09-05 16:44:48,1972.33,SETTLED,B20260905-4
S903079,T103270,2026-09-05 22:38:14,31806.19,SETTLED,B20260905-5
S903080,T103271,2026-09-05 09:26:22,1623.08,SETTLED,B20260905-2
S903081,T103272,2026-09-05 06:27:29,2554.39,SETTLED,B20260905-5
S903082,T103273,2026-09-05 09:58:42,329.31,SETTLED,B20260905-1
S903083,T103274,2026-09-05 14:15:53,302667.00,PENDING,B20260905-1
S903084,T103275,2026-09-05 13:29:26,346304.29,SETTLED,B20260905-3
S903085,T103276,2026-09-05 19:02:59,39732.02,SETTLED,B20260905-3
S903086,T103276,2026-09-05 19:07:59,9933.00,SETTLED,B20260905-3
S903087,T103277,2026-09-05 20:11:33,42977.74,SETTLED,B20260905-2
S903088,T103278,2026-09-05 16:13:05,34646.33,SETTLED,B20260905-4
S903089,T103279,2026-09-05 14:10:42,327696.01,SETTLED,B20260905-1
S903090,T103280,2026-09-05 10:32:47,53714.63,SETTLED,B20260905-1
S903091,T103281,2026-09-05 07:33:53,10556.00,SETTLED,B20260905-1
S903092,T103282,2026-09-05 09:58:35,1496.18,SETTLED,B20260905-6
S903093,T103283,2026-09-05 12:34:16,59878.88,SETTLED,B20260905-2
S903094,T103284,2026-09-05 14:28:35,45760.35,SETTLED,B20260905-2
S903095,T103286,2026-09-05 16:35:29,210623.76,SETTLED,B20260905-2
S903096,T103287,2026-09-05 14:26:42,149193.42,SETTLED,B20260905-2
S903097,T103289,2026-09-05 15:40:43,25330.46,SETTLED,B20260905-3
S903098,T103290,2026-09-05 16:04:19,17544.25,SETTLED,B20260905-1
S903099,T103291,2026-09-05 15:56:06,1495.44,SETTLED,B20260905-6
S903100,T103292,2026-09-05 15:42:20,1936.47,SETTLED,B20260905-4
S903101,T103293,2026-09-05 20:11:16,316495.98,SETTLED,B20260905-3
S903102,T103294,2026-09-05 21:39:19,236992.07,SETTLED,B20260905-2
S903103,T103296,2026-09-05 22:46:17,9303.17,SETTLED,B20260905-2
S903104,T103297,2026-09-05 18:27:19,1057.00,SETTLED,B20260905-2
S903105,T103298,2026-09-05 10:33:21,11482.43,SETTLED,B20260905-3
S903106,T103300,2026-09-05 07:39:39,2616.68,SETTLED,B20260905-3
S903107,T103304,2026-09-05 20:12:41,134169.70,SETTLED,B20260905-6
S903108,T103304,2026-09-05 20:23:41,33542.42,SETTLED,B20260905-6
S903109,T103305,2026-09-05 09:44:22,119270.93,SETTLED,B20260905-1
S903110,T103306,2026-09-05 20:50:18,197223.19,SETTLED,B20260905-2
S903111,T103307,2026-09-05 06:36:22,2855.87,SETTLED,B20260905-1
S903112,T103308,2026-09-05 15:43:31,262992.27,SETTLED,B20260905-5
S903113,T103309,2026-09-05 09:49:13,165877.08,SETTLED,B20260905-6
S903114,T103310,2026-09-05 15:50:39,212822.07,SETTLED,B20260905-6
S903115,T103311,2026-09-05 08:43:38,14647.02,SETTLED,B20260905-1
S903116,T103312,2026-09-05 19:49:19,47311.88,SETTLED,B20260905-2
S903117,T103313,2026-09-05 16:23:22,309907.86,SETTLED,B20260905-5
S903118,T103314,2026-09-05 13:43:05,329557.21,SETTLED,B20260905-3
S903119,T103315,2026-09-05 09:10:10,134114.54,SETTLED,B20260905-6
S903120,T103316,2026-09-05 12:24:52,1150.38,SETTLED,B20260905-3
S903121,T103316,2026-09-05 12:29:52,287.59,SETTLED,B20260905-3
S903122,T103317,2026-09-05 14:55:24,16393.23,SETTLED,B20260905-5
S903123,T103318,2026-09-05 07:52:08,187.10,SETTLED,B20260905-3
S903124,T103319,2026-09-05 07:34:52,1809.36,SETTLED,B20260905-2
S903125,T103320,2026-09-05 06:51:42,35373.07,SETTLED,B20260905-1
S903126,T103320,2026-09-05 06:56:42,8843.27,SETTLED,B20260905-5
S903127,T103321,2026-09-05 16:46:11,48210.81,SETTLED,B20260905-1
S903128,T103322,2026-09-05 17:03:42,42336.46,SETTLED,B20260905-6
S903129,T103324,2026-09-05 15:30:21,42442.19,SETTLED,B20260905-6
S903130,T103325,2026-09-05 07:25:03,713.28,SETTLED,B20260905-1
S903131,T103326,2026-09-05 06:39:33,280787.35,SETTLED,B20260905-1
S903132,T103326,2026-09-05 06:45:33,70196.84,SETTLED,B20260905-3
S903133,T103328,2026-09-05 12:37:07,1414.00,SETTLED,B20260905-4
S903134,T103329,2026-09-05 15:23:43,59884.26,SETTLED,B20260905-2
S903135,T103330,2026-09-05 13:28:44,46385.90,SETTLED,B20260905-2
S903136,T103331,2026-09-05 23:09:06,14798.03,SETTLED,B20260905-2
S903137,T103332,2026-09-05 10:28:13,41243.90,SETTLED,B20260905-5
S903138,T103333,2026-09-05 07:10:42,492.81,SETTLED,B20260905-2
S903139,T103334,2026-09-05 09:39:38,2081.24,SETTLED,B20260905-1
S903140,T103335,2026-09-05 16:03:56,2517.81,SETTLED,B20260905-5
S903141,T103336,2026-09-05 07:58:51,241234.31,SETTLED,B20260905-3
S903142,T103337,2026-09-05 17:44:32,156050.07,SETTLED,B20260905-5
S903143,T103338,2026-09-05 11:56:51,205.90,SETTLED,B20260905-2
S903144,T103339,2026-09-05 14:03:30,2020.59,SETTLED,B20260905-2
S903145,T103340,2026-09-05 22:59:12,9788.29,SETTLED,B20260905-5
S903146,T103342,2026-09-05 16:49:14,527.34,SETTLED,B20260905-3
S903147,T103343,2026-09-05 12:06:39,3132.56,SETTLED,B20260905-5
S903148,T103344,2026-09-05 16:24:49,30593.43,SETTLED,B20260905-6
S903149,T103345,2026-09-05 11:00:18,3297.45,SETTLED,B20260905-1
S903150,T103346,2026-09-05 08:52:28,384845.29,SETTLED,B20260905-6
S903151,T103347,2026-09-05 08:44:35,67820.33,SETTLED,B20260905-1
S903152,T103348,2026-09-05 08:35:28,339759.30,SETTLED,B20260905-3
S903153,T103350,2026-09-05 09:48:50,331965.59,SETTLED,B20260905-1
S903154,T103351,2026-09-05 20:49:46,3629.56,SETTLED,B20260905-1
S903155,T103352,2026-09-05 13:22:42,3767.81,SETTLED,B20260905-4
S903156,T103353,2026-09-05 09:16:49,527.89,SETTLED,B20260905-5
S903157,T103354,2026-09-05 15:20:08,1889.88,SETTLED,B20260905-2
S903158,T103355,2026-09-05 10:11:07,38831.68,SETTLED,B20260905-3
S903159,T103357,2026-09-05 07:24:40,3204.57,SETTLED,B20260905-5
S903160,T103358,2026-09-05 10:42:38,43573.95,SETTLED,B20260905-4
S903161,T103361,2026-09-05 18:45:20,48102.99,SETTLED,B20260905-1
S903162,T103364,2026-09-05 13:10:34,132130.97,SETTLED,B20260905-3
S903163,T103365,2026-09-05 14:02:37,3254.49,SETTLED,B20260905-6
S903164,T103366,2026-09-05 15:14:48,95833.67,SETTLED,B20260905-6
S903165,T103368,2026-09-05 14:02:39,43887.57,SETTLED,B20260905-2
S903166,T103369,2026-09-05 15:30:28,216690.98,SETTLED,B20260905-3
S903167,T103370,2026-09-05 06:52:37,83926.55,SETTLED,B20260905-1
S903168,T103370,2026-09-05 07:03:37,20981.64,SETTLED,B20260905-1
S903169,T103371,2026-09-05 21:30:56,267741.11,SETTLED,B20260905-5
S903170,T103373,2026-09-05 07:36:42,5277.02,SETTLED,B20260905-6
S903171,T103374,2026-09-05 13:28:02,6181.57,SETTLED,B20260905-3
S903172,T103375,2026-09-05 09:02:32,310.87,SETTLED,B20260905-3
S903173,T103376,2026-09-05 11:49:34,195.85,SETTLED,B20260905-3
S903174,T103377,2026-09-05 13:12:48,214929.32,SETTLED,B20260905-5
S903175,T103378,2026-09-05 17:17:20,36677.90,SETTLED,B20260905-2
S903176,T103379,2026-09-05 18:43:51,22043.31,SETTLED,B20260905-5
S903177,T103379,2026-09-05 18:48:51,5510.83,SETTLED,B20260905-4
S903178,T103380,2026-09-05 09:31:11,49799.72,SETTLED,B20260905-4
S903179,T103381,2026-09-05 19:13:15,293731.22,SETTLED,B20260905-5
S903180,T103382,2026-09-05 22:24:57,3800.49,SETTLED,B20260905-6
S903181,T103383,2026-09-05 19:22:28,158829.51,SETTLED,B20260905-4
S903182,T103384,2026-09-05 11:43:46,31796.66,SETTLED,B20260905-3
S903183,T103384,2026-09-05 11:49:46,7949.16,SETTLED,B20260905-4
S903184,T103385,2026-09-05 23:18:38,3520.92,SETTLED,B20260905-6
S903185,T103386,2026-09-05 16:29:58,118170.89,PENDING,B20260905-5
S903186,T103387,2026-09-05 11:40:58,2588.36,SETTLED,B20260905-3
S903187,T103388,2026-09-05 09:38:06,43553.21,SETTLED,B20260905-6
S903188,T103388,2026-09-05 09:47:06,10888.30,SETTLED,B20260905-6
S903189,T103389,2026-09-05 10:36:35,349587.21,SETTLED,B20260905-4
S903190,T103390,2026-09-05 19:27:36,274628.44,SETTLED,B20260905-2
S903191,T103393,2026-09-05 21:54:05,29357.36,SETTLED,B20260905-3
S903192,T103394,2026-09-05 06:31:05,237061.89,SETTLED,B20260905-5
S903193,T103395,2026-09-05 21:55:07,305637.84,SETTLED,B20260905-5
S903194,T103396,2026-09-06 19:15:28,376488.07,SETTLED,B20260906-4
S903195,T103397,2026-09-05 17:09:32,73881.35,SETTLED,B20260905-3
S903196,T103398,2026-09-05 22:04:51,247996.41,SETTLED,B20260905-6
S903197,T103399,2026-09-05 14:33:19,49015.20,SETTLED,B20260905-2
S903198,T103400,2026-09-05 21:10:59,12032.74,SETTLED,B20260905-4
S903199,T103401,2026-09-05 15:45:24,24222.73,SETTLED,B20260905-5
S903200,T103402,2026-09-05 09:05:23,256863.64,SETTLED,B20260905-4
S903201,T103403,2026-09-05 21:44:46,326074.83,SETTLED,B20260905-1
S903202,T103404,2026-09-05 10:43:43,38176.37,SETTLED,B20260905-5
S903203,T103405,2026-09-05 19:04:21,2431.34,FAILED,B20260905-6
S903204,T103406,2026-09-05 19:53:27,105313.41,SETTLED,B20260905-1
S903205,T103407,2026-09-05 09:42:22,77691.03,SETTLED,B20260905-4
S903206,T103408,2026-09-05 07:48:54,387.91,SETTLED,B20260905-6
S903207,T103408,2026-09-05 07:54:54,96.98,SETTLED,B20260905-3
S903208,T103409,2026-09-05 22:07:44,3475.54,SETTLED,B20260905-1
S903209,T103410,2026-09-05 16:45:03,98445.56,SETTLED,B20260905-5
S903210,T103410,2026-09-05 16:56:03,24611.39,PENDING,B20260905-6
S903211,T103411,2026-09-05 10:25:21,2620.15,SETTLED,B20260905-5
S903212,T103411,2026-09-05 10:26:21,655.04,SETTLED,B20260905-4
S903213,T103412,2026-09-05 08:02:11,3408.16,SETTLED,B20260905-5
S903214,T103413,2026-09-05 15:57:37,22427.24,SETTLED,B20260905-5
S903215,T103414,2026-09-05 11:36:08,2271.07,SETTLED,B20260905-2
S903216,T103416,2026-09-05 18:38:00,1527.47,SETTLED,B20260905-1
S903217,T103417,2026-09-05 19:16:17,24609.68,SETTLED,B20260905-2
S903218,T103418,2026-09-05 11:51:08,28602.98,SETTLED,B20260905-2
S903219,T103419,2026-09-05 18:57:54,74017.51,SETTLED,B20260905-5
S903220,T103420,2026-09-05 12:30:41,78350.00,SETTLED,B20260905-3
S903221,T103422,2026-09-06 15:45:22,23266.20,SETTLED,B20260906-3
S903222,T103424,2026-09-05 06:37:21,40370.88,SETTLED,B20260905-2
S903223,T103425,2026-09-05 07:36:00,300646.68,SETTLED,B20260905-2
S903224,T103426,2026-09-05 12:38:08,3323.35,SETTLED,B20260905-4
S903225,T103427,2026-09-05 17:10:47,275970.56,SETTLED,B20260905-1
S903226,T103428,2026-09-05 14:32:01,244.79,SETTLED,B20260905-1
S903227,T103430,2026-09-05 09:16:44,28404.23,SETTLED,B20260905-2
S903228,T103431,2026-09-05 21:04:21,3388.42,SETTLED,B20260905-2
S903229,T103432,2026-09-05 10:43:22,3537.98,SETTLED,B20260905-6
S903230,T103434,2026-09-05 22:12:04,416.44,SETTLED,B20260905-2
S903231,T103435,2026-09-05 21:29:37,1231.59,SETTLED,B20260905-6
S903232,T103436,2026-09-05 18:28:19,176388.60,SETTLED,B20260905-5
S903233,T103437,2026-09-05 17:32:59,33304.86,SETTLED,B20260905-5
S903234,T103438,2026-09-05 17:46:25,671.74,SETTLED,B20260905-3
S903235,T103438,2026-09-05 17:52:25,167.94,SETTLED,B20260905-1
S903236,T103439,2026-09-05 09:01:50,3464.37,SETTLED,B20260905-6
S903237,T103440,2026-09-05 21:18:01,31940.06,SETTLED,B20260905-5
S903238,T103442,2026-09-05 17:02:10,2407.85,SETTLED,B20260905-5
S903239,T103444,2026-09-05 07:40:29,157.72,SETTLED,B20260905-5
S903240,T103445,2026-09-05 19:56:01,10818.85,SETTLED,B20260905-3
S903241,T103446,2026-09-05 22:19:11,857.02,SETTLED,B20260905-4
S903242,T103447,2026-09-06 06:54:34,3539.93,SETTLED,B20260906-3
S903243,T103448,2026-09-05 09:05:53,118257.08,SETTLED,B20260905-4
S903244,T103449,2026-09-05 19:04:04,55986.91,SETTLED,B20260905-3
S903245,T103450,2026-09-05 17:15:46,2976.43,SETTLED,B20260905-3
S903246,T103451,2026-09-05 22:29:00,3400.15,SETTLED,B20260905-3
S903247,T103452,2026-09-05 11:33:28,67533.12,SETTLED,B20260905-5
S903248,T103454,2026-09-05 10:30:25,316081.55,SETTLED,B20260905-2
S903249,T103454,2026-09-05 10:36:25,79020.39,SETTLED,B20260905-2
S903250,T103455,2026-09-05 19:55:26,2023.81,SETTLED,B20260905-3
S903251,T103456,2026-09-05 07:09:15,27692.60,SETTLED,B20260905-1
S903252,T103457,2026-09-05 22:25:47,228.65,SETTLED,B20260905-5
S903253,T103458,2026-09-05 15:07:04,221987.23,SETTLED,B20260905-4
S903254,T103459,2026-09-05 19:02:45,344603.13,SETTLED,B20260905-2
S903255,T103460,2026-09-05 12:05:33,310068.64,SETTLED,B20260905-5
S903256,T103461,2026-09-05 15:42:13,10679.61,SETTLED,B20260905-1
S903257,T103462,2026-09-05 12:03:21,265.55,SETTLED,B20260905-3
S903258,T103463,2026-09-05 15:18:18,98620.10,SETTLED,B20260905-1
S903259,T103465,2026-09-05 17:11:38,2420.48,SETTLED,B20260905-2
S903260,T103466,2026-09-05 16:21:02,8211.71,SETTLED,B20260905-5
S903261,T103466,2026-09-05 16:27:02,2052.93,SETTLED,B20260905-4
S903262,T103467,2026-09-05 21:52:32,2372.24,SETTLED,B20260905-1
S903263,T103468,2026-09-05 06:38:37,1722.29,SETTLED,B20260905-2
S903264,T103469,2026-09-05 16:49:10,117545.30,PENDING,B20260905-2
S903265,T103470,2026-09-05 13:54:15,17655.40,SETTLED,B20260905-6
S903266,T103471,2026-09-06 00:05:46,27025.05,SETTLED,B20260906-4
S903267,T103472,2026-09-06 13:45:17,3778.08,PENDING,B20260906-4
S903268,T103473,2026-09-05 22:27:25,53354.75,SETTLED,B20260905-3
S903269,T103474,2026-09-05 07:26:00,34448.57,SETTLED,B20260905-3
S903270,T103475,2026-09-05 07:44:10,66335.39,SETTLED,B20260905-1
S903271,T103477,2026-09-05 08:10:04,2140.90,SETTLED,B20260905-3
S903272,T103478,2026-09-05 17:31:27,354443.25,SETTLED,B20260905-5
S903273,T103479,2026-09-05 14:24:24,1137.56,SETTLED,B20260905-2
S903274,T103480,2026-09-05 13:01:58,3664.00,SETTLED,B20260905-3
S903275,T103481,2026-09-05 15:09:04,736.55,SETTLED,B20260905-6
S903276,T103482,2026-09-05 17:52:07,2212.50,SETTLED,B20260905-1
S903277,T103483,2026-09-05 21:50:17,890.30,SETTLED,B20260905-1
S903278,T103484,2026-09-05 19:18:30,218415.34,SETTLED,B20260905-3
S903279,T103485,2026-09-05 14:17:00,53563.82,SETTLED,B20260905-5
S903280,T103486,2026-09-05 13:59:28,58243.53,SETTLED,B20260905-2
S903281,T103488,2026-09-05 10:26:22,29614.54,SETTLED,B20260905-1
S903282,T103489,2026-09-05 14:24:23,3770.89,SETTLED,B20260905-1
S903283,T103490,2026-09-05 08:12:56,271907.63,SETTLED,B20260905-1
S903284,T103491,2026-09-05 11:36:07,1282.94,SETTLED,B20260905-3
S903285,T103492,2026-09-05 14:35:48,32514.45,SETTLED,B20260905-4
S903286,T103493,2026-09-05 15:34:11,288331.00,SETTLED,B20260905-2
S903287,T103495,2026-09-05 09:49:40,14766.38,SETTLED,B20260905-1
S903288,T103495,2026-09-05 09:58:40,3691.59,SETTLED,B20260905-2
S903289,T103496,2026-09-05 18:10:36,3369.54,SETTLED,B20260905-3
S903290,T103497,2026-09-05 17:10:05,312739.35,SETTLED,B20260905-2
S903291,T103498,2026-09-05 18:38:33,266.01,SETTLED,B20260905-6
S903292,T103499,2026-09-05 10:44:57,805.58,SETTLED,B20260905-3
S903293,T103500,2026-09-05 15:57:49,3854.02,SETTLED,B20260905-2
S903294,T103501,2026-09-05 08:30:16,16379.03,SETTLED,B20260905-4
S903295,T103502,2026-09-05 16:01:05,18844.90,SETTLED,B20260905-4
S903296,T103504,2026-09-05 18:48:47,54868.67,SETTLED,B20260905-6
S903297,T103505,2026-09-05 07:15:41,948.73,SETTLED,B20260905-2
S903298,T103506,2026-09-05 17:33:22,230163.65,SETTLED,B20260905-6
S903299,T103507,2026-09-05 21:01:38,71372.15,SETTLED,B20260905-5
S903300,T103508,2026-09-05 14:22:05,81936.47,SETTLED,B20260905-5
S903301,T103514,2026-09-05 21:50:12,327.19,SETTLED,B20260905-3
S903302,T103515,2026-09-05 22:54:26,42649.58,SETTLED,B20260905-6
S903303,T103516,2026-09-05 12:09:37,769.03,SETTLED,B20260905-2
S903304,T103518,2026-09-05 11:11:50,41183.32,SETTLED,B20260905-4
S903305,T103519,2026-09-05 17:11:50,50344.41,SETTLED,B20260905-4
S903306,T103520,2026-09-05 21:45:23,633.80,SETTLED,B20260905-1
S903307,T103521,2026-09-05 14:05:04,7598.29,SETTLED,B20260905-2
S903308,T103521,2026-09-05 14:11:04,1899.57,SETTLED,B20260905-5
S903309,T103522,2026-09-05 21:27:52,2932.73,SETTLED,B20260905-4
S903310,T103522,2026-09-05 21:29:52,733.18,SETTLED,B20260905-1
S903311,T103523,2026-09-05 13:25:15,2548.82,SETTLED,B20260905-5
S903312,T103524,2026-09-05 18:01:13,292373.94,SETTLED,B20260905-2
S903313,T103526,2026-09-05 10:45:54,50370.95,SETTLED,B20260905-2
S903314,T103527,2026-09-05 16:14:00,2714.00,SETTLED,B20260905-2
S903315,T103528,2026-09-05 18:04:06,110638.43,SETTLED,B20260905-5
S903316,T103528,2026-09-05 18:16:06,27659.61,SETTLED,B20260905-6
S903317,T103529,2026-09-06 01:01:29,807.70,PENDING,B20260906-6
S903318,T103530,2026-09-05 22:00:19,2138.84,SETTLED,B20260905-5
S903319,T103531,2026-09-05 21:36:20,417.29,SETTLED,B20260905-4
S903320,T103532,2026-09-05 20:57:53,1689.99,SETTLED,B20260905-1
S903321,T103534,2026-09-05 14:11:19,1653.65,SETTLED,B20260905-6
S903322,T103536,2026-09-05 22:29:15,19359.25,SETTLED,B20260905-6
S903323,T103537,2026-09-05 16:38:59,1944.54,SETTLED,B20260905-5
S903324,T103538,2026-09-05 10:59:49,2550.10,FAILED,B20260905-3
S903325,T103540,2026-09-05 23:03:31,255.46,SETTLED,B20260905-6
S903326,T103541,2026-09-05 17:54:17,24488.88,SETTLED,B20260905-2
S903327,T103542,2026-09-05 07:00:19,3063.57,SETTLED,B20260905-5
S903328,T103543,2026-09-05 20:34:59,201.95,SETTLED,B20260905-3
S903329,T103544,2026-09-05 12:44:36,3597.57,SETTLED,B20260905-2
S903330,T103545,2026-09-05 11:09:06,390746.74,PENDING,B20260905-2
S903331,T103546,2026-09-05 22:56:54,270634.27,SETTLED,B20260905-1
S903332,T103546,2026-09-05 23:03:54,67658.57,SETTLED,B20260905-5
S903333,T103547,2026-09-05 14:58:06,37535.35,SETTLED,B20260905-6
S903334,T103548,2026-09-05 09:28:35,21436.03,SETTLED,B20260905-5
S903335,T103549,2026-09-05 15:35:30,176574.73,SETTLED,B20260905-3
S903336,T103549,2026-09-05 15:37:30,44143.68,SETTLED,B20260905-2
S903337,T103550,2026-09-05 07:27:18,78053.47,SETTLED,B20260905-2
S903338,T103551,2026-09-05 13:31:03,65697.06,SETTLED,B20260905-2
S903339,T103553,2026-09-05 12:43:44,13922.38,SETTLED,B20260905-2
S903340,T103553,2026-09-05 12:46:44,3480.60,SETTLED,B20260905-4
S903341,T103554,2026-09-05 19:37:47,3972.14,PENDING,B20260905-5
S903342,T103557,2026-09-05 15:12:07,1913.65,SETTLED,B20260905-3
S903343,T103559,2026-09-05 22:17:52,182130.89,SETTLED,B20260905-5
S903344,T103560,2026-09-05 06:16:06,49685.13,SETTLED,B20260905-1
S903345,T103562,2026-09-05 16:47:39,113430.36,SETTLED,B20260905-1
S903346,T103563,2026-09-05 12:14:26,56037.77,SETTLED,B20260905-5
S903347,T103564,2026-09-05 10:52:43,53726.23,SETTLED,B20260905-3
S903348,T103565,2026-09-05 07:21:53,1585.74,SETTLED,B20260905-5
S903349,T103566,2026-09-05 17:42:03,1583.51,SETTLED,B20260905-2
S903350,T103566,2026-09-05 17:53:03,395.88,SETTLED,B20260905-6
S903351,T103567,2026-09-05 14:49:47,2960.75,SETTLED,B20260905-2
S903352,T103569,2026-09-05 16:54:13,336394.89,SETTLED,B20260905-1
S903353,T103570,2026-09-05 11:24:41,459.46,SETTLED,B20260905-2
S903354,T103570,2026-09-05 11:34:41,114.87,SETTLED,B20260905-3
S903355,T103572,2026-09-05 17:10:33,283277.28,SETTLED,B20260905-3
S903356,T103572,2026-09-05 17:13:33,70819.32,SETTLED,B20260905-1
S903357,T103573,2026-09-05 19:27:09,57191.15,SETTLED,B20260905-4
S903358,T103574,2026-09-05 16:21:54,114787.59,SETTLED,B20260905-3
S903359,T103575,2026-09-05 10:31:29,847.32,SETTLED,B20260905-4
S903360,T103576,2026-09-05 09:03:56,631.49,SETTLED,B20260905-6
S903361,T103577,2026-09-05 17:22:03,2125.46,SETTLED,B20260905-4
S903362,T103578,2026-09-05 07:02:51,265118.39,SETTLED,B20260905-3
S903363,T103579,2026-09-06 04:31:47,3906.79,SETTLED,B20260906-2
S903364,T103580,2026-09-05 21:38:20,29695.08,SETTLED,B20260905-6
S903365,T103581,2026-09-05 19:01:47,16727.69,SETTLED,B20260905-6
S903366,T103582,2026-09-05 15:24:31,38424.63,SETTLED,B20260905-4
S903367,T103584,2026-09-05 14:03:38,94480.09,SETTLED,B20260905-3
S903368,T103585,2026-09-05 17:10:49,188.78,SETTLED,B20260905-3
S903369,T103587,2026-09-05 10:39:47,243036.19,SETTLED,B20260905-3
S903370,T103588,2026-09-05 11:11:37,3022.64,SETTLED,B20260905-5
S903371,T103589,2026-09-05 22:16:20,97699.92,SETTLED,B20260905-2
S903372,T103591,2026-09-05 08:08:17,58679.02,SETTLED,B20260905-5
S903373,T103592,2026-09-05 18:59:53,53683.83,SETTLED,B20260905-5
S903374,T103593,2026-09-05 14:50:08,3177.94,SETTLED,B20260905-4
S903375,T103594,2026-09-05 21:10:19,308288.92,SETTLED,B20260905-5
S903376,T103595,2026-09-05 09:20:24,1705.91,SETTLED,B20260905-6
S903377,T103596,2026-09-05 17:29:15,43227.01,PENDING,B20260905-6
S903378,T103597,2026-09-05 16:36:22,12216.23,SETTLED,B20260905-4
S903379,T103598,2026-09-05 08:14:03,240317.81,PENDING,B20260905-6
S903380,T103599,2026-09-05 16:50:24,1017.13,SETTLED,B20260905-4
S903381,T103600,2026-09-05 18:59:07,47043.30,SETTLED,B20260905-3
S903382,T103601,2026-09-05 17:53:16,2183.64,SETTLED,B20260905-5
S903383,T103604,2026-09-05 19:25:50,14387.35,SETTLED,B20260905-6
S903384,T103605,2026-09-05 16:54:41,2081.83,SETTLED,B20260905-2
S903385,T103606,2026-09-05 14:17:32,356912.91,SETTLED,B20260905-6
S903386,T103607,2026-09-05 15:16:51,38060.36,SETTLED,B20260905-3
S903387,T103608,2026-09-05 19:17:43,320413.36,SETTLED,B20260905-3
S903388,T103609,2026-09-05 22:17:54,865.41,SETTLED,B20260905-1
S903389,T103612,2026-09-05 19:02:37,144418.11,SETTLED,B20260905-3
S903390,T103613,2026-09-05 19:38:17,7200.16,SETTLED,B20260905-2
S903391,T103615,2026-09-05 22:51:08,33902.13,SETTLED,B20260905-4
S903392,T103616,2026-09-05 19:10:13,36783.82,SETTLED,B20260905-6
S903393,T103617,2026-09-05 10:45:51,152266.08,SETTLED,B20260905-5
S903394,T103618,2026-09-05 22:28:23,544.73,SETTLED,B20260905-2
S903395,T103619,2026-09-05 10:20:27,375319.43,SETTLED,B20260905-2
S903396,T103620,2026-09-05 18:30:26,3268.46,SETTLED,B20260905-2
S903397,T103622,2026-09-05 21:57:22,152043.39,SETTLED,B20260905-1
S903398,T103623,2026-09-05 22:27:31,37341.98,SETTLED,B20260905-5
S903399,T103624,2026-09-05 17:04:09,343582.22,SETTLED,B20260905-3
S903400,T103625,2026-09-05 16:48:19,1906.34,SETTLED,B20260905-4
S903401,T103625,2026-09-05 16:50:19,476.58,SETTLED,B20260905-4
S903402,T103626,2026-09-05 10:16:59,18068.25,SETTLED,B20260905-4
S903403,T103627,2026-09-05 15:04:07,38921.81,SETTLED,B20260905-2
S903404,T103628,2026-09-05 17:08:52,7096.13,SETTLED,B20260905-6
S903405,T103628,2026-09-05 17:13:52,1774.03,SETTLED,B20260905-5
S903406,T103629,2026-09-05 23:01:28,203136.65,SETTLED,B20260905-6
S903407,T103630,2026-09-05 14:16:54,331829.54,SETTLED,B20260905-6
S903408,T103631,2026-09-05 22:06:54,21532.36,SETTLED,B20260905-4
S903409,T103632,2026-09-05 16:23:31,42129.56,SETTLED,B20260905-4
S903410,T103633,2026-09-05 17:22:19,215950.55,SETTLED,B20260905-3
S903411,T103634,2026-09-05 08:16:29,34654.32,SETTLED,B20260905-1
S903412,T103635,2026-09-05 09:39:14,334.20,SETTLED,B20260905-6
S903413,T103636,2026-09-05 06:36:59,58039.01,SETTLED,B20260905-6
S903414,T103637,2026-09-05 14:35:50,61253.48,SETTLED,B20260905-3
S903415,T103639,2026-09-05 14:20:51,128145.37,SETTLED,B20260905-3
S903416,T103640,2026-09-05 18:48:52,348921.27,SETTLED,B20260905-2
S903417,T103641,2026-09-05 21:51:21,1839.28,SETTLED,B20260905-5
S903418,T103641,2026-09-05 22:00:21,459.82,SETTLED,B20260905-6
S903419,T103643,2026-09-05 06:57:52,3675.18,SETTLED,B20260905-5
S903420,T103644,2026-09-05 18:16:00,12238.36,SETTLED,B20260905-4
S903421,T103645,2026-09-05 20:40:37,1302.10,SETTLED,B20260905-2
S903422,T103646,2026-09-05 19:23:00,168375.15,SETTLED,B20260905-1
S903423,T103647,2026-09-05 16:39:21,172873.54,SETTLED,B20260905-2
S903424,T103648,2026-09-05 07:49:01,9459.32,SETTLED,B20260905-2
S903425,T103649,2026-09-05 18:30:42,64401.53,SETTLED,B20260905-4
S903426,T103650,2026-09-05 11:44:37,43758.16,SETTLED,B20260905-6
S903427,T103651,2026-09-05 16:29:36,81322.66,SETTLED,B20260905-5
S903428,T103652,2026-09-05 21:52:11,326867.18,SETTLED,B20260905-4
S903429,T103653,2026-09-05 06:46:06,2417.11,SETTLED,B20260905-3
S903430,T103653,2026-09-05 06:48:06,604.28,SETTLED,B20260905-5
S903431,T103654,2026-09-05 19:53:39,18888.42,SETTLED,B20260905-1
S903432,T103655,2026-09-05 14:04:43,163895.04,SETTLED,B20260905-3
S903433,T103656,2026-09-05 10:21:59,1422.92,SETTLED,B20260905-1
S903434,T103657,2026-09-05 20:21:21,144257.26,SETTLED,B20260905-3
S903435,T103658,2026-09-05 14:50:54,56324.40,SETTLED,B20260905-2
S903436,T103659,2026-09-05 18:38:24,5659.43,SETTLED,B20260905-1
S903437,T103660,2026-09-05 15:13:40,3973.06,SETTLED,B20260905-1
S903438,T103661,2026-09-05 13:13:14,230646.54,SETTLED,B20260905-3
S903439,T103662,2026-09-05 15:14:12,19735.49,SETTLED,B20260905-2
S903440,T103663,2026-09-05 13:22:28,2108.82,SETTLED,B20260905-2
S903441,T103664,2026-09-05 09:17:56,333.02,SETTLED,B20260905-2
S903442,T103665,2026-09-05 22:24:50,2293.45,SETTLED,B20260905-3
S903443,T103667,2026-09-05 11:27:32,29860.38,SETTLED,B20260905-3
S903444,T103668,2026-09-05 18:22:13,56233.18,SETTLED,B20260905-5
S903445,T103669,2026-09-05 19:25:30,26802.54,SETTLED,B20260905-2
S903446,T103670,2026-09-05 07:36:28,2137.26,SETTLED,B20260905-6
S903447,T103671,2026-09-05 07:22:17,40032.51,SETTLED,B20260905-5
S903448,T103674,2026-09-05 13:04:36,20632.69,SETTLED,B20260905-4
S903449,T103676,2026-09-05 10:49:04,1601.33,SETTLED,B20260905-2
S903450,T103677,2026-09-05 12:23:07,40135.94,SETTLED,B20260905-3
S903451,T103678,2026-09-05 06:54:56,124778.54,SETTLED,B20260905-4
S903452,T103678,2026-09-05 07:05:56,31194.63,SETTLED,B20260905-3
S903453,T103679,2026-09-05 21:47:43,119631.56,SETTLED,B20260905-3
S903454,T103680,2026-09-05 21:16:58,2497.60,SETTLED,B20260905-1
S903455,T103681,2026-09-05 21:21:32,260906.30,SETTLED,B20260905-3
S903456,T103682,2026-09-05 17:36:41,29086.39,SETTLED,B20260905-1
S903457,T103683,2026-09-05 14:20:09,30425.47,SETTLED,B20260905-4
S903458,T103684,2026-09-05 11:41:13,43452.95,SETTLED,B20260905-5
S903459,T103685,2026-09-05 21:40:28,153786.26,SETTLED,B20260905-1
S903460,T103686,2026-09-05 06:25:00,44084.26,SETTLED,B20260905-3
S903461,T103687,2026-09-05 17:07:26,4198.11,SETTLED,B20260905-1
S903462,T103688,2026-09-05 11:22:36,35500.16,SETTLED,B20260905-1
S903463,T103690,2026-09-05 16:14:18,326.27,SETTLED,B20260905-1
S903464,T103691,2026-09-05 13:08:13,1817.61,SETTLED,B20260905-6
S903465,T103695,2026-09-05 20:22:22,11570.71,SETTLED,B20260905-1
S903466,T103696,2026-09-05 17:58:32,63072.41,SETTLED,B20260905-2
S903467,T103698,2026-09-05 09:24:43,50312.13,SETTLED,B20260905-3
S903468,T103699,2026-09-05 21:32:08,37826.95,SETTLED,B20260905-4
S903469,T103700,2026-09-05 07:34:14,245.13,SETTLED,B20260905-2
S903470,T103701,2026-09-05 08:16:25,10317.68,SETTLED,B20260905-3
S903471,T103702,2026-09-05 19:33:31,1580.52,SETTLED,B20260905-3
S903472,T103703,2026-09-05 18:22:15,27618.35,SETTLED,B20260905-2
S903473,T103703,2026-09-05 18:32:15,6904.59,SETTLED,B20260905-4
S903474,T103705,2026-09-05 08:39:45,293677.50,SETTLED,B20260905-2
S903475,T103707,2026-09-05 09:01:19,89441.20,SETTLED,B20260905-6
S903476,T103709,2026-09-05 07:16:02,343192.02,SETTLED,B20260905-5
S903477,T103710,2026-09-05 17:24:25,125866.58,SETTLED,B20260905-4
S903478,T103711,2026-09-05 20:36:44,123779.91,SETTLED,B20260905-4
S903479,T103712,2026-09-05 07:39:59,152541.55,SETTLED,B20260905-3
S903480,T103713,2026-09-05 19:30:10,28263.83,SETTLED,B20260905-3
S903481,T103714,2026-09-05 16:16:37,176775.47,PENDING,B20260905-2
S903482,T103715,2026-09-05 14:25:08,34996.04,SETTLED,B20260905-2
S903483,T103716,2026-09-05 19:04:56,56021.39,SETTLED,B20260905-6
S903484,T103717,2026-09-05 18:48:32,117382.84,SETTLED,B20260905-5
S903485,T103718,2026-09-05 10:02:16,33689.76,SETTLED,B20260905-2
S903486,T103720,2026-09-05 10:57:15,189169.80,SETTLED,B20260905-1
S903487,T103721,2026-09-05 20:41:19,2673.26,SETTLED,B20260905-6
S903488,T103723,2026-09-05 09:43:40,2465.24,SETTLED,B20260905-5
S903489,T103724,2026-09-05 19:05:57,2803.91,SETTLED,B20260905-6
S903490,T103725,2026-09-05 10:16:01,2354.13,SETTLED,B20260905-5
S903491,T103725,2026-09-05 10:28:01,588.53,SETTLED,B20260905-4
S903492,T103726,2026-09-05 12:11:43,258390.28,SETTLED,B20260905-3
S903493,T103727,2026-09-05 20:20:29,34958.57,SETTLED,B20260905-5
S903494,T103728,2026-09-05 21:21:35,91280.62,SETTLED,B20260905-5
S903495,T103729,2026-09-05 13:09:57,2835.54,SETTLED,B20260905-1
S903496,T103729,2026-09-05 13:15:57,708.89,SETTLED,B20260905-5
S903497,T103730,2026-09-05 17:49:41,3146.78,SETTLED,B20260905-1
S903498,T103731,2026-09-05 10:08:09,378.41,SETTLED,B20260905-2
S903499,T103732,2026-09-05 12:27:42,52801.58,SETTLED,B20260905-6
S903500,T103733,2026-09-05 17:56:14,39712.14,SETTLED,B20260905-2
S903501,T103734,2026-09-05 12:31:14,3020.43,SETTLED,B20260905-4
S903502,T103736,2026-09-05 08:48:19,121588.34,PENDING,B20260905-3
S903503,T103736,2026-09-05 08:50:19,30397.09,SETTLED,B20260905-3
S903504,T103737,2026-09-05 09:57:55,92216.75,SETTLED,B20260905-1
S903505,T103738,2026-09-05 08:35:37,344.29,SETTLED,B20260905-5
S903506,T103739,2026-09-05 22:44:33,179174.90,SETTLED,B20260905-4
S903507,T103740,2026-09-05 10:22:50,192189.42,SETTLED,B20260905-2
S903508,T103741,2026-09-05 09:52:36,2064.76,SETTLED,B20260905-6
S903509,T103742,2026-09-05 10:54:14,6470.82,SETTLED,B20260905-5
S903510,T103743,2026-09-05 21:35:13,15569.42,SETTLED,B20260905-5
S903511,T103743,2026-09-05 21:37:13,3892.35,SETTLED,B20260905-5
S903512,T103744,2026-09-05 19:29:52,3938.82,SETTLED,B20260905-1
S903513,T103745,2026-09-05 09:33:54,50009.96,SETTLED,B20260905-1
S903514,T103746,2026-09-05 11:46:08,47957.57,SETTLED,B20260905-2
S903515,T103747,2026-09-05 21:33:56,46115.32,SETTLED,B20260905-3
S903516,T103748,2026-09-05 13:28:49,6012.33,SETTLED,B20260905-2
S903517,T103749,2026-09-05 22:46:53,179752.30,SETTLED,B20260905-6
S903518,T103750,2026-09-05 12:22:19,2130.51,SETTLED,B20260905-2
S903519,T103751,2026-09-05 20:42:23,3939.15,SETTLED,B20260905-6
S903520,T103752,2026-09-05 06:56:34,107896.29,SETTLED,B20260905-5
S903521,T103753,2026-09-05 13:29:30,58989.65,SETTLED,B20260905-4
S903522,T103754,2026-09-05 15:49:59,11858.05,SETTLED,B20260905-4
S903523,T103755,2026-09-05 06:53:13,46210.90,SETTLED,B20260905-3
S903524,T103758,2026-09-05 11:25:03,2064.82,SETTLED,B20260905-5
S903525,T103759,2026-09-05 16:42:40,2090.99,SETTLED,B20260905-4
S903526,T103760,2026-09-05 19:33:04,45974.07,SETTLED,B20260905-6
S903527,T103761,2026-09-05 15:56:08,3224.30,SETTLED,B20260905-1
S903528,T103763,2026-09-05 10:43:20,2831.90,SETTLED,B20260905-6
S903529,T103764,2026-09-05 08:58:25,24809.19,SETTLED,B20260905-5
S903530,T103765,2026-09-05 10:45:15,161578.03,SETTLED,B20260905-2
S903531,T910071,2026-09-05 11:00:00,4596.25,SETTLED,B20260905-9
S903532,T962151,2026-09-05 20:00:00,18437.76,SETTLED,B20260905-9
S903533,T902212,2026-09-05 13:00:00,16543.14,SETTLED,B20260905-9
S903534,T900683,2026-09-05 09:00:00,6587.49,SETTLED,B20260905-9
S903535,T103766,2026-09-06 21:28:39,42322.07,SETTLED,B20260906-6
S903536,T103767,2026-09-07 09:04:11,43060.61,SETTLED,B20260907-2
S903537,T103768,2026-09-06 14:26:32,1992.11,SETTLED,B20260906-3
S903538,T103768,2026-09-06 14:29:32,498.03,SETTLED,B20260906-4
S903539,T103769,2026-09-06 06:22:28,14214.43,SETTLED,B20260906-3
S903540,T103770,2026-09-06 07:57:10,3060.64,SETTLED,B20260906-3
S903541,T103771,2026-09-06 16:44:59,361.00,SETTLED,B20260906-1
S903542,T103772,2026-09-06 21:55:47,12024.92,SETTLED,B20260906-4
S903543,T103773,2026-09-06 13:05:58,284791.29,SETTLED,B20260906-6
S903544,T103775,2026-09-06 15:04:23,1456.94,PENDING,B20260906-3
S903545,T103776,2026-09-06 10:34:41,66559.09,SETTLED,B20260906-5
S903546,T103777,2026-09-06 12:30:36,2168.76,SETTLED,B20260906-5
S903547,T103778,2026-09-06 22:43:51,2776.47,SETTLED,B20260906-5
S903548,T103780,2026-09-06 21:04:41,215.43,SETTLED,B20260906-4
S903549,T103781,2026-09-06 10:27:43,261141.04,SETTLED,B20260906-2
S903550,T103782,2026-09-06 18:05:15,157752.12,SETTLED,B20260906-6
S903551,T103783,2026-09-06 09:21:59,411.91,SETTLED,B20260906-3
S903552,T103784,2026-09-06 10:41:33,3108.30,SETTLED,B20260906-1
S903553,T103785,2026-09-06 20:01:40,306092.30,SETTLED,B20260906-2
S903554,T103786,2026-09-06 11:12:35,42584.14,SETTLED,B20260906-2
S903555,T103788,2026-09-06 06:24:19,1900.65,SETTLED,B20260906-6
S903556,T103789,2026-09-06 08:36:58,115644.40,SETTLED,B20260906-4
S903557,T103790,2026-09-06 18:25:20,15592.15,SETTLED,B20260906-1
S903558,T103792,2026-09-06 15:52:10,377187.95,SETTLED,B20260906-2
S903559,T103794,2026-09-06 11:25:32,75421.42,SETTLED,B20260906-1
S903560,T103796,2026-09-06 17:04:52,272048.12,SETTLED,B20260906-2
S903561,T103797,2026-09-06 09:09:23,124747.50,SETTLED,B20260906-4
S903562,T103797,2026-09-06 09:13:23,31186.88,SETTLED,B20260906-6
S903563,T103798,2026-09-06 17:53:36,42812.91,SETTLED,B20260906-2
S903564,T103799,2026-09-06 22:38:45,1090.67,SETTLED,B20260906-3
S903565,T103800,2026-09-06 14:10:52,54788.01,SETTLED,B20260906-5
S903566,T103801,2026-09-06 18:46:27,6659.90,FAILED,B20260906-3
S903567,T103802,2026-09-06 12:09:49,3835.06,SETTLED,B20260906-5
S903568,T103803,2026-09-06 12:52:23,236258.12,SETTLED,B20260906-1
S903569,T103804,2026-09-06 15:07:31,165135.24,SETTLED,B20260906-1
S903570,T103805,2026-09-06 13:12:26,10645.96,SETTLED,B20260906-1
S903571,T103808,2026-09-06 21:34:24,270845.36,SETTLED,B20260906-4
S903572,T103809,2026-09-06 09:00:11,17415.02,SETTLED,B20260906-3
S903573,T103810,2026-09-06 10:54:37,34045.94,SETTLED,B20260906-2
S903574,T103811,2026-09-06 22:26:26,49427.90,SETTLED,B20260906-1
S903575,T103812,2026-09-06 09:13:25,305188.30,SETTLED,B20260906-2
S903576,T103813,2026-09-06 13:22:27,33319.95,SETTLED,B20260906-1
S903577,T103814,2026-09-06 09:13:21,594.91,SETTLED,B20260906-3
S903578,T103814,2026-09-06 09:19:21,148.73,SETTLED,B20260906-1
S903579,T103815,2026-09-06 16:04:58,340524.13,SETTLED,B20260906-3
S903580,T103816,2026-09-06 23:51:21,2070.14,SETTLED,B20260906-1
S903581,T103819,2026-09-06 17:34:04,10450.94,SETTLED,B20260906-2
S903582,T103820,2026-09-06 12:53:18,2321.37,SETTLED,B20260906-3
S903583,T103820,2026-09-06 12:56:18,580.34,SETTLED,B20260906-3
S903584,T103822,2026-09-06 17:00:03,1856.76,SETTLED,B20260906-6
S903585,T103823,2026-09-06 09:29:07,34596.39,SETTLED,B20260906-3
S903586,T103824,2026-09-06 17:55:25,29765.32,SETTLED,B20260906-2
S903587,T103825,2026-09-06 20:59:43,45297.06,SETTLED,B20260906-1
S903588,T103826,2026-09-06 13:19:50,118725.07,SETTLED,B20260906-5
S903589,T103827,2026-09-06 21:40:41,216048.03,SETTLED,B20260906-4
S903590,T103828,2026-09-06 20:18:02,17692.81,SETTLED,B20260906-3
S903591,T103828,2026-09-06 20:24:02,4423.20,SETTLED,B20260906-1
S903592,T103829,2026-09-06 06:53:50,1753.51,SETTLED,B20260906-6
S903593,T103830,2026-09-06 21:29:33,357537.88,SETTLED,B20260906-2
S903594,T103832,2026-09-06 21:58:19,2321.33,SETTLED,B20260906-1
S903595,T103833,2026-09-06 08:05:09,304717.38,SETTLED,B20260906-6
S903596,T103834,2026-09-06 10:36:48,349515.26,SETTLED,B20260906-1
S903597,T103836,2026-09-06 10:08:02,9325.59,SETTLED,B20260906-6
S903598,T103837,2026-09-06 22:15:54,420.51,SETTLED,B20260906-4
S903599,T103839,2026-09-06 14:58:44,2279.49,SETTLED,B20260906-1
S903600,T103840,2026-09-06 17:29:47,2408.09,SETTLED,B20260906-6
S903601,T103841,2026-09-06 10:27:35,379405.14,SETTLED,B20260906-5
S903602,T103842,2026-09-06 21:12:39,27908.56,SETTLED,B20260906-2
S903603,T103843,2026-09-06 21:16:12,367273.69,SETTLED,B20260906-1
S903604,T103844,2026-09-06 14:48:07,42027.78,SETTLED,B20260906-1
S903605,T103845,2026-09-06 14:50:05,135702.93,SETTLED,B20260906-3
S903606,T103846,2026-09-06 22:49:17,18642.03,SETTLED,B20260906-5
S903607,T103847,2026-09-06 19:48:28,23980.91,SETTLED,B20260906-6
S903608,T103848,2026-09-06 09:27:10,195360.31,SETTLED,B20260906-5
S903609,T103848,2026-09-06 09:34:10,48840.08,SETTLED,B20260906-6
S903610,T103849,2026-09-06 06:07:54,31971.47,SETTLED,B20260906-4
S903611,T103850,2026-09-06 06:51:11,13125.59,SETTLED,B20260906-3
S903612,T103851,2026-09-06 21:29:08,28969.54,SETTLED,B20260906-4
S903613,T103852,2026-09-06 08:33:13,316002.31,SETTLED,B20260906-2
S903614,T103854,2026-09-06 06:09:36,7677.42,SETTLED,B20260906-6
S903615,T103855,2026-09-06 20:51:03,2063.29,SETTLED,B20260906-6
S903616,T103856,2026-09-06 13:04:01,45420.80,SETTLED,B20260906-3
S903617,T103859,2026-09-06 08:19:25,59500.64,SETTLED,B20260906-6
S903618,T103861,2026-09-06 16:51:12,3407.20,SETTLED,B20260906-3
S903619,T103862,2026-09-06 09:35:43,3860.59,SETTLED,B20260906-1
S903620,T103863,2026-09-06 14:53:16,2722.24,SETTLED,B20260906-1
S903621,T103864,2026-09-06 07:20:20,20206.31,SETTLED,B20260906-2
S903622,T103866,2026-09-06 12:25:22,28396.34,SETTLED,B20260906-6
S903623,T103867,2026-09-06 21:30:29,979.03,SETTLED,B20260906-2
S903624,T103868,2026-09-06 20:40:52,562.74,SETTLED,B20260906-4
S903625,T103869,2026-09-06 21:37:07,250697.81,SETTLED,B20260906-6
S903626,T103869,2026-09-06 21:44:07,62674.45,SETTLED,B20260906-3
S903627,T103870,2026-09-06 17:22:26,48327.54,SETTLED,B20260906-2
S903628,T103871,2026-09-06 06:07:50,3419.65,SETTLED,B20260906-1
S903629,T103872,2026-09-06 12:18:06,2781.67,SETTLED,B20260906-6
S903630,T103874,2026-09-06 22:51:37,9669.73,SETTLED,B20260906-1
S903631,T103875,2026-09-06 09:25:12,310234.15,SETTLED,B20260906-2
S903632,T103876,2026-09-06 22:05:17,55072.73,SETTLED,B20260906-6
S903633,T103877,2026-09-07 00:11:09,2432.83,SETTLED,B20260907-4
S903634,T103880,2026-09-06 09:03:13,91015.23,SETTLED,B20260906-1
S903635,T103881,2026-09-06 12:27:53,28190.64,SETTLED,B20260906-5
S903636,T103882,2026-09-06 14:12:31,9126.62,SETTLED,B20260906-2
S903637,T103883,2026-09-06 11:59:39,3603.43,SETTLED,B20260906-1
S903638,T103886,2026-09-06 09:23:53,294134.21,SETTLED,B20260906-5
S903639,T103887,2026-09-06 08:24:02,3776.71,SETTLED,B20260906-1
S903640,T103888,2026-09-06 21:55:40,2991.47,SETTLED,B20260906-6
S903641,T103889,2026-09-06 10:17:26,31329.33,SETTLED,B20260906-6
S903642,T103890,2026-09-06 16:05:48,207866.86,PENDING,B20260906-5
S903643,T103891,2026-09-06 14:56:03,19620.86,SETTLED,B20260906-6
S903644,T103892,2026-09-06 14:38:18,23769.45,SETTLED,B20260906-1
S903645,T103893,2026-09-06 12:06:17,410.67,SETTLED,B20260906-3
S903646,T103894,2026-09-06 06:45:17,44315.28,SETTLED,B20260906-3
S903647,T103895,2026-09-06 08:17:02,41443.69,SETTLED,B20260906-5
S903648,T103897,2026-09-06 22:50:14,50498.16,SETTLED,B20260906-3
S903649,T103898,2026-09-06 10:24:46,1352.90,PENDING,B20260906-3
S903650,T103899,2026-09-06 07:20:17,24364.51,FAILED,B20260906-5
S903651,T103902,2026-09-06 07:57:01,208838.59,PENDING,B20260906-3
S903652,T103903,2026-09-06 12:55:43,73966.47,SETTLED,B20260906-6
S903653,T103904,2026-09-06 10:25:47,406.05,SETTLED,B20260906-6
S903654,T103905,2026-09-06 13:09:33,384639.42,SETTLED,B20260906-6
S903655,T103906,2026-09-06 19:26:18,334811.96,SETTLED,B20260906-4
S903656,T103907,2026-09-06 15:53:13,27212.06,SETTLED,B20260906-6
S903657,T103908,2026-09-06 11:32:52,331564.28,SETTLED,B20260906-3
S903658,T103909,2026-09-06 09:59:21,1856.06,SETTLED,B20260906-4
S903659,T103910,2026-09-06 11:03:28,25196.66,SETTLED,B20260906-5
S903660,T103911,2026-09-06 21:43:35,1884.24,PENDING,B20260906-2
S903661,T103912,2026-09-06 19:39:15,14105.17,SETTLED,B20260906-6
S903662,T103913,2026-09-06 14:21:04,391884.25,SETTLED,B20260906-4
S903663,T103914,2026-09-06 18:38:02,227041.35,SETTLED,B20260906-5
S903664,T103915,2026-09-06 18:01:04,41433.47,SETTLED,B20260906-3
S903665,T103916,2026-09-06 09:36:09,3394.38,SETTLED,B20260906-3
S903666,T103917,2026-09-06 18:34:53,225811.82,SETTLED,B20260906-4
S903667,T103920,2026-09-06 15:07:59,2163.76,SETTLED,B20260906-2
S903668,T103921,2026-09-06 08:21:05,3470.65,SETTLED,B20260906-2
S903669,T103922,2026-09-06 19:47:16,355779.14,SETTLED,B20260906-3
S903670,T103923,2026-09-06 15:50:00,419.30,SETTLED,B20260906-3
S903671,T103924,2026-09-06 14:53:45,233982.97,SETTLED,B20260906-4
S903672,T103925,2026-09-06 08:37:51,2298.36,SETTLED,B20260906-2
S903673,T103926,2026-09-06 08:58:28,53616.50,SETTLED,B20260906-3
S903674,T103927,2026-09-06 22:45:40,131902.67,SETTLED,B20260906-5
S903675,T103928,2026-09-06 22:34:27,39340.46,PENDING,B20260906-2
S903676,T103928,2026-09-06 22:40:27,9835.12,SETTLED,B20260906-5
S903677,T103929,2026-09-06 22:24:42,383438.79,FAILED,B20260906-1
S903678,T103930,2026-09-06 13:25:23,368500.57,SETTLED,B20260906-1
S903679,T103931,2026-09-06 09:41:41,247644.71,SETTLED,B20260906-4
S903680,T103932,2026-09-06 12:54:04,38992.78,SETTLED,B20260906-5
S903681,T103933,2026-09-06 06:41:24,369420.06,PENDING,B20260906-6
S903682,T103934,2026-09-06 07:18:45,1605.64,SETTLED,B20260906-1
S903683,T103935,2026-09-06 22:08:38,3006.84,SETTLED,B20260906-4
S903684,T103936,2026-09-06 20:04:10,162749.74,SETTLED,B20260906-2
S903685,T103937,2026-09-06 09:14:46,95631.96,SETTLED,B20260906-2
S903686,T103938,2026-09-06 12:53:20,530.25,SETTLED,B20260906-5
S903687,T103938,2026-09-06 12:53:20,132.56,SETTLED,B20260906-5
S903688,T103939,2026-09-06 20:26:23,67075.61,PENDING,B20260906-6
S903689,T103940,2026-09-06 22:44:18,1640.51,SETTLED,B20260906-1
S903690,T103941,2026-09-06 15:24:43,254731.81,SETTLED,B20260906-3
S903691,T103942,2026-09-06 19:37:20,2899.41,SETTLED,B20260906-5
S903692,T103944,2026-09-06 19:53:41,2795.74,SETTLED,B20260906-4
S903693,T103945,2026-09-06 18:22:29,375440.65,SETTLED,B20260906-4
S903694,T103946,2026-09-06 10:21:22,129337.18,SETTLED,B20260906-2
S903695,T103947,2026-09-06 14:16:20,10617.52,SETTLED,B20260906-2
S903696,T103948,2026-09-06 16:36:51,5545.94,SETTLED,B20260906-1
S903697,T103949,2026-09-06 10:53:16,155521.78,SETTLED,B20260906-1
S903698,T103950,2026-09-06 15:47:34,41360.33,SETTLED,B20260906-4
S903699,T103951,2026-09-06 07:45:03,322229.98,SETTLED,B20260906-2
S903700,T103952,2026-09-06 15:41:23,6687.33,SETTLED,B20260906-3
S903701,T103953,2026-09-06 11:50:07,1633.80,SETTLED,B20260906-5
S903702,T103954,2026-09-06 22:40:14,399397.34,SETTLED,B20260906-2
S903703,T103955,2026-09-06 19:27:59,3957.58,SETTLED,B20260906-4
S903704,T103956,2026-09-06 21:46:59,2926.05,SETTLED,B20260906-3
S903705,T103957,2026-09-06 15:37:56,389759.88,SETTLED,B20260906-5
S903706,T103958,2026-09-06 23:47:01,2066.49,PENDING,B20260906-2
S903707,T103959,2026-09-06 16:18:51,26244.85,SETTLED,B20260906-4
S903708,T103959,2026-09-06 16:26:51,6561.21,SETTLED,B20260906-3
S903709,T103960,2026-09-06 07:57:01,2594.65,SETTLED,B20260906-5
S903710,T103961,2026-09-06 17:42:11,1700.89,SETTLED,B20260906-5
S903711,T103962,2026-09-06 11:32:45,110666.70,SETTLED,B20260906-3
S903712,T103963,2026-09-06 15:37:05,34216.97,SETTLED,B20260906-3
S903713,T103964,2026-09-06 12:57:48,25004.77,SETTLED,B20260906-3
S903714,T103965,2026-09-06 19:30:21,190206.76,SETTLED,B20260906-6
S903715,T103966,2026-09-06 13:14:30,67562.46,SETTLED,B20260906-4
S903716,T103967,2026-09-06 07:19:11,269531.49,SETTLED,B20260906-4
S903717,T103968,2026-09-06 09:53:06,382868.77,SETTLED,B20260906-2
S903718,T103969,2026-09-06 14:06:43,-117187.39,SETTLED,B20260906-2
S903719,T103970,2026-09-06 18:42:33,19384.74,SETTLED,B20260906-6
S903720,T103972,2026-09-06 17:20:32,24668.44,SETTLED,B20260906-6
S903721,T103973,2026-09-06 08:26:10,224016.99,SETTLED,B20260906-2
S903722,T103974,2026-09-06 23:03:57,24592.68,SETTLED,B20260906-1
S903723,T103977,2026-09-06 17:33:56,4221.97,SETTLED,B20260906-3
S903724,T103978,2026-09-06 18:59:57,1008.35,SETTLED,B20260906-2
S903725,T103979,2026-09-06 14:51:44,9068.29,SETTLED,B20260906-2
S903726,T103980,2026-09-06 12:46:01,257879.14,SETTLED,B20260906-2
S903727,T103981,2026-09-06 11:37:03,978.16,SETTLED,B20260906-1
S903728,T103982,2026-09-06 11:40:09,292359.63,SETTLED,B20260906-5
S903729,T103983,2026-09-06 22:25:26,296246.66,SETTLED,B20260906-6
S903730,T103984,2026-09-06 08:42:54,183608.15,SETTLED,B20260906-4
S903731,T103985,2026-09-06 22:43:44,27471.98,SETTLED,B20260906-4
S903732,T103986,2026-09-06 18:56:28,47173.56,SETTLED,B20260906-5
S903733,T103987,2026-09-06 13:04:45,25519.17,SETTLED,B20260906-6
S903734,T103988,2026-09-07 07:05:04,382162.31,SETTLED,B20260907-2
S903735,T103989,2026-09-06 21:02:02,19775.16,SETTLED,B20260906-6
S903736,T103990,2026-09-06 14:52:54,33870.28,SETTLED,B20260906-6
S903737,T103991,2026-09-06 16:57:30,301117.88,SETTLED,B20260906-6
S903738,T103992,2026-09-06 16:16:26,533.96,SETTLED,B20260906-4
S903739,T103993,2026-09-06 13:24:45,13130.68,SETTLED,B20260906-1
S903740,T103994,2026-09-06 22:09:59,-304380.48,SETTLED,B20260906-6
S903741,T103995,2026-09-06 17:41:32,356864.26,SETTLED,B20260906-4
S903742,T103996,2026-09-06 18:25:36,218724.80,SETTLED,B20260906-1
S903743,T103997,2026-09-06 08:58:12,18935.46,SETTLED,B20260906-1
S903744,T103998,2026-09-06 21:36:06,1196.99,SETTLED,B20260906-2
S903745,T103999,2026-09-06 13:33:51,1013.28,SETTLED,B20260906-5
S903746,T104000,2026-09-06 18:25:39,48604.33,SETTLED,B20260906-5
S903747,T104001,2026-09-06 06:43:15,52953.14,SETTLED,B20260906-4
S903748,T104002,2026-09-06 13:36:23,34761.03,SETTLED,B20260906-3
S903749,T104003,2026-09-06 13:17:40,4212.71,SETTLED,B20260906-2
S903750,T104003,2026-09-06 13:23:40,1053.18,SETTLED,B20260906-2
S903751,T104004,2026-09-06 11:47:47,3638.48,FAILED,B20260906-4
S903752,T104005,2026-09-06 20:48:38,3772.37,SETTLED,B20260906-6
S903753,T104006,2026-09-06 21:24:22,353.31,SETTLED,B20260906-6
S903754,T104007,2026-09-06 13:03:34,17737.55,SETTLED,B20260906-2
S903755,T104008,2026-09-06 20:52:20,56367.97,SETTLED,B20260906-1
S903756,T104009,2026-09-06 13:33:11,80851.29,SETTLED,B20260906-2
S903757,T104010,2026-09-06 12:57:49,751.71,SETTLED,B20260906-4
S903758,T104011,2026-09-06 10:04:33,48412.52,SETTLED,B20260906-2
S903759,T104012,2026-09-06 09:52:20,56093.65,SETTLED,B20260906-1
S903760,T104014,2026-09-06 09:03:44,31669.02,SETTLED,B20260906-3
S903761,T104016,2026-09-06 20:58:26,352761.13,SETTLED,B20260906-4
S903762,T104017,2026-09-06 08:57:43,17563.45,SETTLED,B20260906-1
S903763,T104018,2026-09-06 11:53:43,74986.09,PENDING,B20260906-2
S903764,T104019,2026-09-06 07:19:52,218247.41,SETTLED,B20260906-3
S903765,T104021,2026-09-06 09:44:17,43314.81,SETTLED,B20260906-1
S903766,T104022,2026-09-06 19:30:52,6135.94,SETTLED,B20260906-1
S903767,T104023,2026-09-06 14:28:34,57444.54,SETTLED,B20260906-3
S903768,T104024,2026-09-06 11:45:48,207897.85,SETTLED,B20260906-2
S903769,T104026,2026-09-06 14:21:26,322.05,SETTLED,B20260906-6
S903770,T104027,2026-09-06 08:10:06,364974.92,SETTLED,B20260906-5
S903771,T104028,2026-09-06 09:15:20,12680.26,SETTLED,B20260906-6
S903772,T104029,2026-09-06 22:48:16,111431.36,SETTLED,B20260906-2
S903773,T104030,2026-09-06 16:53:31,2824.11,SETTLED,B20260906-3
S903774,T104031,2026-09-06 18:42:00,1749.94,SETTLED,B20260906-1
S903775,T104032,2026-09-06 14:04:49,134717.89,SETTLED,B20260906-4
S903776,T104033,2026-09-06 15:31:19,113494.10,SETTLED,B20260906-2
S903777,T104034,2026-09-06 06:36:04,196353.16,SETTLED,B20260906-3
S903778,T104035,2026-09-06 14:27:50,616.39,PENDING,B20260906-6
S903779,T104037,2026-09-06 21:43:18,239387.94,SETTLED,B20260906-1
S903780,T104038,2026-09-06 20:11:33,29065.02,FAILED,B20260906-1
S903781,T104039,2026-09-06 15:18:39,6236.30,SETTLED,B20260906-3
S903782,T104039,2026-09-06 15:29:39,1559.07,PENDING,B20260906-6
S903783,T104040,2026-09-06 18:07:36,303.50,SETTLED,B20260906-2
S903784,T104041,2026-09-06 06:24:33,326013.95,SETTLED,B20260906-5
S903785,T104042,2026-09-06 21:02:59,352256.23,SETTLED,B20260906-2
S903786,T104043,2026-09-06 08:24:47,244728.23,SETTLED,B20260906-3
S903787,T104044,2026-09-06 13:25:35,2740.02,SETTLED,B20260906-3
S903788,T104045,2026-09-06 19:53:22,1057.39,SETTLED,B20260906-5
S903789,T104046,2026-09-06 16:20:46,3288.39,SETTLED,B20260906-2
S903790,T104047,2026-09-06 17:44:36,46887.08,SETTLED,B20260906-6
S903791,T104048,2026-09-06 10:17:27,48138.23,SETTLED,B20260906-2
S903792,T104049,2026-09-06 11:36:35,23503.53,SETTLED,B20260906-4
S903793,T104050,2026-09-06 12:01:16,21333.84,SETTLED,B20260906-6
S903794,T104051,2026-09-06 15:12:59,6321.86,SETTLED,B20260906-1
S903795,T104052,2026-09-06 12:28:13,47287.83,SETTLED,B20260906-4
S903796,T104053,2026-09-06 21:37:59,259495.98,SETTLED,B20260906-5
S903797,T104054,2026-09-06 14:46:35,261238.42,SETTLED,B20260906-5
S903798,T104055,2026-09-06 16:47:19,25125.05,SETTLED,B20260906-4
S903799,T104056,2026-09-06 12:58:52,80594.80,SETTLED,B20260906-3
S903800,T104056,2026-09-06 13:08:52,20148.70,SETTLED,B20260906-5
S903801,T104057,2026-09-06 17:04:53,2940.94,SETTLED,B20260906-4
S903802,T104058,2026-09-06 13:06:54,3473.53,SETTLED,B20260906-3
S903803,T104059,2026-09-06 12:28:26,1624.76,SETTLED,B20260906-5
S903804,T104060,2026-09-06 15:32:12,166408.73,SETTLED,B20260906-4
S903805,T104060,2026-09-06 15:39:12,41602.18,SETTLED,B20260906-4
S903806,T104061,2026-09-06 10:29:15,215.18,SETTLED,B20260906-2
S903807,T104062,2026-09-06 19:15:08,212980.03,SETTLED,B20260906-6
S903808,T104063,2026-09-06 07:40:15,94331.88,SETTLED,B20260906-2
S903809,T104065,2026-09-06 12:20:34,237683.82,SETTLED,B20260906-6
S903810,T104066,2026-09-06 06:18:11,2318.08,SETTLED,B20260906-6
S903811,T104067,2026-09-06 14:51:34,86332.51,SETTLED,B20260906-5
S903812,T104068,2026-09-06 20:37:52,367927.79,SETTLED,B20260906-1
S903813,T104069,2026-09-06 19:53:05,3121.29,SETTLED,B20260906-2
S903814,T104070,2026-09-06 09:45:42,168.53,SETTLED,B20260906-6
S903815,T104071,2026-09-06 19:56:00,259714.04,SETTLED,B20260906-2
S903816,T104072,2026-09-06 10:41:23,14463.23,SETTLED,B20260906-1
S903817,T104073,2026-09-06 11:42:49,242046.47,SETTLED,B20260906-6
S903818,T104074,2026-09-06 18:49:07,4178.46,SETTLED,B20260906-3
S903819,T104075,2026-09-06 13:13:16,248579.99,SETTLED,B20260906-5
S903820,T104077,2026-09-06 20:26:07,1388.42,SETTLED,B20260906-5
S903821,T104078,2026-09-06 14:57:43,359624.53,SETTLED,B20260906-6
S903822,T104079,2026-09-06 13:45:24,94548.61,SETTLED,B20260906-6
S903823,T104080,2026-09-06 15:02:31,356150.62,SETTLED,B20260906-2
S903824,T104081,2026-09-06 11:46:44,49651.08,SETTLED,B20260906-6
S903825,T104082,2026-09-06 13:44:20,793.27,SETTLED,B20260906-6
S903826,T104083,2026-09-06 16:07:15,2524.18,SETTLED,B20260906-6
S903827,T104084,2026-09-06 18:45:48,13108.69,SETTLED,B20260906-2
S903828,T104085,2026-09-06 13:33:49,50743.49,SETTLED,B20260906-3
S903829,T104087,2026-09-06 08:03:13,2224.91,SETTLED,B20260906-1
S903830,T104088,2026-09-06 14:27:03,59298.71,SETTLED,B20260906-1
S903831,T104089,2026-09-06 07:19:00,234070.79,SETTLED,B20260906-5
S903832,T104090,2026-09-06 12:20:32,75581.72,SETTLED,B20260906-6
S903833,T104091,2026-09-06 13:19:31,3146.11,SETTLED,B20260906-6
S903834,T104092,2026-09-06 07:16:17,49593.87,SETTLED,B20260906-6
S903835,T104093,2026-09-06 17:38:16,21563.07,SETTLED,B20260906-6
S903836,T104094,2026-09-06 20:39:16,13743.06,SETTLED,B20260906-1
S903837,T104095,2026-09-06 07:50:20,2781.03,SETTLED,B20260906-3
S903838,T104096,2026-09-06 12:37:47,327060.77,SETTLED,B20260906-2
S903839,T104097,2026-09-06 19:25:48,23261.86,SETTLED,B20260906-3
S903840,T104098,2026-09-06 17:46:05,901.18,SETTLED,B20260906-4
S903841,T104099,2026-09-06 19:06:00,41234.35,SETTLED,B20260906-4
S903842,T104100,2026-09-06 20:47:59,167871.92,SETTLED,B20260906-1
S903843,T104101,2026-09-06 15:52:56,3692.90,SETTLED,B20260906-5
S903844,T104102,2026-09-06 22:35:28,336514.83,SETTLED,B20260906-6
S903845,T104103,2026-09-06 16:01:00,1007.08,SETTLED,B20260906-2
S903846,T104104,2026-09-06 16:48:02,107005.27,SETTLED,B20260906-4
S903847,T104105,2026-09-06 14:31:28,3771.96,SETTLED,B20260906-2
S903848,T104106,2026-09-06 12:36:54,38336.73,SETTLED,B20260906-4
S903849,T104106,2026-09-06 12:40:54,9584.18,SETTLED,B20260906-1
S903850,T104109,2026-09-06 09:42:15,294015.94,SETTLED,B20260906-1
S903851,T104109,2026-09-06 09:52:15,73503.98,SETTLED,B20260906-2
S903852,T104110,2026-09-06 21:39:24,2059.58,SETTLED,B20260906-1
S903853,T104111,2026-09-06 20:50:27,17251.85,SETTLED,B20260906-2
S903854,T104112,2026-09-06 15:15:06,6788.05,FAILED,B20260906-2
S903855,T104114,2026-09-06 14:33:18,51997.17,SETTLED,B20260906-2
S903856,T104115,2026-09-06 16:06:18,183306.04,SETTLED,B20260906-2
S903857,T104116,2026-09-06 06:18:46,804.69,SETTLED,B20260906-1
S903858,T104117,2026-09-06 18:28:46,1343.37,SETTLED,B20260906-3
S903859,T104118,2026-09-06 19:42:34,18067.30,SETTLED,B20260906-3
S903860,T104118,2026-09-06 19:52:34,4516.82,SETTLED,B20260906-6
S903861,T104119,2026-09-06 19:03:37,17679.60,SETTLED,B20260906-6
S903862,T104119,2026-09-06 19:08:37,4419.90,SETTLED,B20260906-1
S903863,T104120,2026-09-06 06:22:00,10418.28,SETTLED,B20260906-6
S903864,T104122,2026-09-06 15:33:27,44539.91,SETTLED,B20260906-1
S903865,T104123,2026-09-06 12:35:25,1332.85,SETTLED,B20260906-1
S903866,T104125,2026-09-06 09:46:30,241465.62,SETTLED,B20260906-2
S903867,T104125,2026-09-06 09:53:30,60366.41,SETTLED,B20260906-2
S903868,T104126,2026-09-06 20:02:10,26907.17,SETTLED,B20260906-1
S903869,T104127,2026-09-06 08:19:28,25948.01,SETTLED,B20260906-6
S903870,T104128,2026-09-06 14:14:48,310469.15,SETTLED,B20260906-5
S903871,T104129,2026-09-06 06:23:13,3243.83,SETTLED,B20260906-6
S903872,T104130,2026-09-06 14:01:25,18228.63,SETTLED,B20260906-1
S903873,T104131,2026-09-06 08:05:42,48420.20,SETTLED,B20260906-4
S903874,T104132,2026-09-06 17:30:37,68989.12,SETTLED,B20260906-6
S903875,T104134,2026-09-06 07:06:18,18678.70,SETTLED,B20260906-4
S903876,T104134,2026-09-06 07:09:18,4669.67,SETTLED,B20260906-2
S903877,T104135,2026-09-06 12:03:14,1524.45,SETTLED,B20260906-3
S903878,T104136,2026-09-06 17:21:38,2121.41,SETTLED,B20260906-5
S903879,T104137,2026-09-06 17:51:29,14397.90,SETTLED,B20260906-3
S903880,T104138,2026-09-06 09:18:00,32596.98,SETTLED,B20260906-3
S903881,T104139,2026-09-06 22:02:24,152670.04,SETTLED,B20260906-1
S903882,T104141,2026-09-06 13:55:29,47169.72,SETTLED,B20260906-1
S903883,T104142,2026-09-06 17:55:35,1981.23,SETTLED,B20260906-3
S903884,T104143,2026-09-06 09:17:55,1900.42,SETTLED,B20260906-5
S903885,T104144,2026-09-06 16:43:12,15629.93,SETTLED,B20260906-3
S903886,T104145,2026-09-06 12:31:09,255781.65,SETTLED,B20260906-2
S903887,T104146,2026-09-06 08:55:13,3854.90,SETTLED,B20260906-2
S903888,T104147,2026-09-06 17:27:46,3076.50,SETTLED,B20260906-1
S903889,T104148,2026-09-06 20:19:41,182514.98,SETTLED,B20260906-4
S903890,T104149,2026-09-06 06:38:47,20504.18,SETTLED,B20260906-2
S903891,T104150,2026-09-06 21:00:51,27590.62,SETTLED,B20260906-3
S903892,T104151,2026-09-06 17:18:00,25556.72,SETTLED,B20260906-5
S903893,T104153,2026-09-06 19:40:10,2600.13,SETTLED,B20260906-2
S903894,T104154,2026-09-06 14:50:38,20783.15,SETTLED,B20260906-4
S903895,T104155,2026-09-06 21:46:51,207924.67,SETTLED,B20260906-6
S903896,T104156,2026-09-06 11:38:42,40681.87,SETTLED,B20260906-1
S903897,T104159,2026-09-06 13:20:47,279564.97,SETTLED,B20260906-2
S903898,T104160,2026-09-06 18:24:34,398559.48,SETTLED,B20260906-6
S903899,T104161,2026-09-06 06:53:14,597.63,SETTLED,B20260906-6
S903900,T104162,2026-09-06 06:54:28,89560.98,SETTLED,B20260906-1
S903901,T104163,2026-09-06 22:25:20,15513.55,SETTLED,B20260906-3
S903902,T104164,2026-09-06 11:40:24,6763.83,SETTLED,B20260906-4
S903903,T104165,2026-09-06 21:38:13,168431.09,SETTLED,B20260906-3
S903904,T104165,2026-09-06 21:50:13,42107.77,SETTLED,B20260906-4
S903905,T104166,2026-09-06 08:00:02,425.09,SETTLED,B20260906-4
S903906,T104168,2026-09-06 20:23:02,51798.64,SETTLED,B20260906-3
S903907,T104169,2026-09-06 10:28:06,271238.87,SETTLED,B20260906-3
S903908,T104170,2026-09-06 13:33:25,4675.36,SETTLED,B20260906-3
S903909,T104171,2026-09-06 22:30:29,399401.57,SETTLED,B20260906-6
S903910,T104172,2026-09-06 08:11:56,35492.46,SETTLED,B20260906-3
S903911,T104173,2026-09-06 06:40:30,57230.48,SETTLED,B20260906-3
S903912,T104174,2026-09-06 21:26:21,34971.73,SETTLED,B20260906-2
S903913,T104176,2026-09-06 08:55:51,341838.48,SETTLED,B20260906-2
S903914,T104177,2026-09-06 11:20:45,96740.65,SETTLED,B20260906-1
S903915,T104177,2026-09-06 11:22:45,24185.16,SETTLED,B20260906-2
S903916,T104178,2026-09-06 12:32:23,37860.61,SETTLED,B20260906-4
S903917,T104179,2026-09-06 09:50:28,111941.96,SETTLED,B20260906-5
S903918,T104180,2026-09-06 19:57:08,9363.82,SETTLED,B20260906-6
S903919,T104181,2026-09-06 14:37:23,23764.43,SETTLED,B20260906-1
S903920,T104182,2026-09-06 15:02:31,1629.17,SETTLED,B20260906-4
S903921,T104183,2026-09-06 11:07:39,171427.02,SETTLED,B20260906-2
S903922,T104183,2026-09-06 11:08:39,42856.75,SETTLED,B20260906-4
S903923,T104185,2026-09-06 15:32:40,25040.58,SETTLED,B20260906-2
S903924,T104186,2026-09-07 19:11:17,21100.93,SETTLED,B20260907-6
S903925,T104187,2026-09-06 15:38:03,348255.54,SETTLED,B20260906-5
S903926,T104188,2026-09-06 16:23:22,24593.77,SETTLED,B20260906-4
S903927,T104190,2026-09-06 13:10:21,2325.70,SETTLED,B20260906-1
S903928,T104190,2026-09-06 13:13:21,581.43,SETTLED,B20260906-4
S903929,T104191,2026-09-06 16:13:57,873.24,SETTLED,B20260906-5
S903930,T104192,2026-09-06 13:57:55,162996.27,SETTLED,B20260906-2
S903931,T104193,2026-09-06 20:13:25,266321.06,SETTLED,B20260906-2
S903932,T104194,2026-09-06 08:57:04,12219.32,SETTLED,B20260906-5
S903933,T104194,2026-09-06 09:00:04,3054.83,SETTLED,B20260906-6
S903934,T104195,2026-09-06 11:53:22,138446.90,SETTLED,B20260906-5
S903935,T104196,2026-09-06 12:28:09,40887.11,SETTLED,B20260906-6
S903936,T104197,2026-09-06 19:25:44,2133.22,SETTLED,B20260906-2
S903937,T104199,2026-09-06 17:01:43,56363.22,SETTLED,B20260906-1
S903938,T104200,2026-09-06 13:22:09,191165.17,SETTLED,B20260906-5
S903939,T104201,2026-09-06 14:57:27,271.70,PENDING,B20260906-6
S903940,T104202,2026-09-06 09:08:52,33635.54,SETTLED,B20260906-2
S903941,T104203,2026-09-06 21:20:02,2226.15,SETTLED,B20260906-5
S903942,T104205,2026-09-06 13:54:45,43093.47,SETTLED,B20260906-6
S903943,T104206,2026-09-06 12:56:38,2049.78,SETTLED,B20260906-4
S903944,T104207,2026-09-06 15:35:24,109719.91,SETTLED,B20260906-5
S903945,T104208,2026-09-06 20:33:55,586.83,SETTLED,B20260906-5
S903946,T104209,2026-09-06 18:48:26,2751.77,SETTLED,B20260906-5
S903947,T104210,2026-09-06 19:58:52,912.83,SETTLED,B20260906-1
S903948,T104211,2026-09-06 16:59:39,307484.86,SETTLED,B20260906-1
S903949,T104212,2026-09-06 10:05:17,235662.21,SETTLED,B20260906-2
S903950,T104213,2026-09-06 20:33:55,34748.73,SETTLED,B20260906-3
S903951,T104214,2026-09-06 20:07:35,219558.85,SETTLED,B20260906-3
S903952,T104215,2026-09-06 20:12:50,49711.19,SETTLED,B20260906-3
S903953,T104216,2026-09-06 07:11:49,1728.95,SETTLED,B20260906-5
S903954,T104217,2026-09-06 20:47:10,2825.11,SETTLED,B20260906-5
S903955,T104219,2026-09-06 07:59:40,2163.13,SETTLED,B20260906-1
S903956,T104220,2026-09-06 08:14:55,465.16,SETTLED,B20260906-3
S903957,T104221,2026-09-06 18:03:14,50931.82,SETTLED,B20260906-3
S903958,T104222,2026-09-06 06:30:10,53642.38,SETTLED,B20260906-3
S903959,T104222,2026-09-06 06:36:10,13410.60,SETTLED,B20260906-4
S903960,T104223,2026-09-06 15:29:12,700.09,SETTLED,B20260906-6
S903961,T104224,2026-09-06 15:58:52,-19769.40,SETTLED,B20260906-3
S903962,T104224,2026-09-06 15:58:52,4942.35,SETTLED,B20260906-4
S903963,T104225,2026-09-06 10:31:32,3798.94,SETTLED,B20260906-3
S903964,T104226,2026-09-06 11:45:19,1155.95,SETTLED,B20260906-2
S903965,T104227,2026-09-06 15:08:00,27227.84,SETTLED,B20260906-2
S903966,T104228,2026-09-06 06:19:47,167426.34,SETTLED,B20260906-4
S903967,T104229,2026-09-06 15:46:31,3391.56,SETTLED,B20260906-3
S903968,T104230,2026-09-06 21:41:58,159179.59,SETTLED,B20260906-5
S903969,T104231,2026-09-06 22:34:41,37112.72,SETTLED,B20260906-4
S903970,T104231,2026-09-06 22:38:41,9278.18,SETTLED,B20260906-4
S903971,T104233,2026-09-06 16:12:14,2655.56,SETTLED,B20260906-5
S903972,T104234,2026-09-06 17:31:34,11246.42,SETTLED,B20260906-4
S903973,T104235,2026-09-06 19:15:29,39129.13,SETTLED,B20260906-2
S903974,T104236,2026-09-06 12:06:34,2833.03,SETTLED,B20260906-5
S903975,T104237,2026-09-07 01:13:39,5696.65,PENDING,B20260907-3
S903976,T104238,2026-09-06 10:19:04,58995.69,SETTLED,B20260906-1
S903977,T104239,2026-09-06 07:32:34,48399.84,SETTLED,B20260906-5
S903978,T104240,2026-09-06 22:05:54,827.41,SETTLED,B20260906-2
S903979,T104241,2026-09-06 21:49:17,53829.20,SETTLED,B20260906-3
S903980,T104243,2026-09-06 21:55:09,44028.34,SETTLED,B20260906-4
S903981,T104244,2026-09-06 17:13:32,2997.81,SETTLED,B20260906-6
S903982,T104245,2026-09-06 11:53:05,121594.20,SETTLED,B20260906-2
S903983,T104246,2026-09-06 18:48:41,3948.53,SETTLED,B20260906-3
S903984,T104247,2026-09-06 15:55:15,49506.96,SETTLED,B20260906-4
S903985,T104248,2026-09-06 12:29:13,967.41,SETTLED,B20260906-3
S903986,T104249,2026-09-06 15:27:40,58630.53,SETTLED,B20260906-1
S903987,T104250,2026-09-06 20:32:26,181095.58,SETTLED,B20260906-1
S903988,T104251,2026-09-07 13:16:18,227825.80,PENDING,B20260907-4
S903989,T104252,2026-09-06 16:38:47,2295.87,SETTLED,B20260906-1
S903990,T104253,2026-09-06 21:40:23,215199.16,SETTLED,B20260906-4
S903991,T104253,2026-09-06 21:46:23,53799.79,SETTLED,B20260906-1
S903992,T104254,2026-09-06 13:01:43,2277.66,SETTLED,B20260906-4
S903993,T104255,2026-09-06 20:44:26,198652.61,SETTLED,B20260906-4
S903994,T104257,2026-09-06 09:35:04,1595.36,SETTLED,B20260906-6
S903995,T104258,2026-09-06 23:04:52,50448.12,SETTLED,B20260906-3
S903996,T104261,2026-09-06 22:02:29,51113.41,SETTLED,B20260906-1
S903997,T104262,2026-09-06 20:31:48,2297.03,SETTLED,B20260906-5
S903998,T104263,2026-09-06 18:24:29,699.74,SETTLED,B20260906-4
S903999,T104264,2026-09-06 14:00:05,339361.72,PENDING,B20260906-2
S904000,T104266,2026-09-06 18:40:58,184803.92,SETTLED,B20260906-5
S904001,T104267,2026-09-06 08:18:38,274526.43,SETTLED,B20260906-5
S904002,T104269,2026-09-06 16:33:51,378600.18,SETTLED,B20260906-4
S904003,T104270,2026-09-06 16:19:38,26297.04,SETTLED,B20260906-3
S904004,T104271,2026-09-06 22:49:13,95165.85,SETTLED,B20260906-4
S904005,T104272,2026-09-07 13:41:51,293180.36,SETTLED,B20260907-2
S904006,T104273,2026-09-06 11:34:14,221069.15,SETTLED,B20260906-5
S904007,T104275,2026-09-06 20:29:40,47267.34,SETTLED,B20260906-6
S904008,T104275,2026-09-06 20:39:40,11816.84,SETTLED,B20260906-1
S904009,T104276,2026-09-06 16:45:24,313015.63,SETTLED,B20260906-1
S904010,T104277,2026-09-06 16:24:22,46204.72,SETTLED,B20260906-1
S904011,T104277,2026-09-06 16:36:22,11551.18,SETTLED,B20260906-2
S904012,T104278,2026-09-06 10:25:51,106659.15,SETTLED,B20260906-1
S904013,T104280,2026-09-06 14:14:02,51795.51,SETTLED,B20260906-5
S904014,T104281,2026-09-06 13:49:48,396737.03,SETTLED,B20260906-2
S904015,T104282,2026-09-06 12:53:45,100651.87,SETTLED,B20260906-4
S904016,T104283,2026-09-06 21:14:09,3113.81,SETTLED,B20260906-4
S904017,T104284,2026-09-06 19:29:46,34471.33,SETTLED,B20260906-6
S904018,T104285,2026-09-06 18:10:17,80738.68,SETTLED,B20260906-4
S904019,T104287,2026-09-06 23:26:38,4454.17,SETTLED,B20260906-6
S904020,T104288,2026-09-06 19:10:39,36477.04,SETTLED,B20260906-6
S904021,T104288,2026-09-06 19:14:39,9119.26,SETTLED,B20260906-1
S904022,T104289,2026-09-06 14:53:12,212299.64,SETTLED,B20260906-4
S904023,T104290,2026-09-06 07:06:31,56771.41,SETTLED,B20260906-4
S904024,T104292,2026-09-06 10:16:45,35462.79,SETTLED,B20260906-1
S904025,T104294,2026-09-06 14:45:19,197061.93,SETTLED,B20260906-2
S904026,T104295,2026-09-06 19:59:19,2131.10,SETTLED,B20260906-5
S904027,T104296,2026-09-06 14:18:49,1536.81,SETTLED,B20260906-1
S904028,T104297,2026-09-06 13:37:42,8969.63,SETTLED,B20260906-3
S904029,T104298,2026-09-06 21:29:40,40573.77,SETTLED,B20260906-2
S904030,T104301,2026-09-07 03:38:18,15763.05,SETTLED,B20260907-1
S904031,T104302,2026-09-06 21:07:42,1003.28,SETTLED,B20260906-5
S904032,T104304,2026-09-06 11:11:13,458.22,SETTLED,B20260906-5
S904033,T104305,2026-09-06 09:59:36,125560.34,SETTLED,B20260906-3
S904034,T104306,2026-09-06 19:24:17,346521.93,SETTLED,B20260906-2
S904035,T104307,2026-09-06 09:22:43,325592.86,SETTLED,B20260906-5
S904036,T104309,2026-09-06 11:44:34,285186.42,SETTLED,B20260906-5
S904037,T104313,2026-09-06 21:38:52,2609.20,SETTLED,B20260906-4
S904038,T104314,2026-09-06 22:06:08,397014.82,SETTLED,B20260906-3
S904039,T104315,2026-09-06 11:24:50,39132.42,SETTLED,B20260906-4
S904040,T104316,2026-09-06 18:19:11,347038.34,SETTLED,B20260906-4
S904041,T104317,2026-09-06 13:47:57,32741.32,FAILED,B20260906-5
S904042,T104318,2026-09-06 13:26:47,35642.24,SETTLED,B20260906-3
S904043,T104319,2026-09-06 11:00:53,200438.41,SETTLED,B20260906-4
S904044,T104321,2026-09-06 19:23:37,1984.77,SETTLED,B20260906-1
S904045,T104322,2026-09-06 17:17:03,782.37,SETTLED,B20260906-4
S904046,T104323,2026-09-06 15:37:56,1197.43,SETTLED,B20260906-6
S904047,T104323,2026-09-06 15:45:56,299.36,SETTLED,B20260906-5
S904048,T104324,2026-09-06 12:16:25,700.40,SETTLED,B20260906-2
S904049,T104325,2026-09-06 10:59:53,368423.49,SETTLED,B20260906-6
S904050,T104326,2026-09-06 11:52:11,315573.19,SETTLED,B20260906-4
S904051,T104326,2026-09-06 11:56:11,78893.30,SETTLED,B20260906-2
S904052,T104328,2026-09-06 20:03:05,715.86,SETTLED,B20260906-5
S904053,T104329,2026-09-06 11:59:32,74002.63,SETTLED,B20260906-1
S904054,T104331,2026-09-06 16:48:18,107103.36,SETTLED,B20260906-2
S904055,T104332,2026-09-06 16:32:25,478.95,SETTLED,B20260906-4
S904056,T104332,2026-09-06 16:39:25,119.74,SETTLED,B20260906-4
S904057,T104333,2026-09-06 14:46:46,175321.91,SETTLED,B20260906-4
S904058,T104334,2026-09-06 16:36:32,13368.20,SETTLED,B20260906-6
S904059,T104335,2026-09-06 12:41:27,-367885.85,SETTLED,B20260906-6
S904060,T104336,2026-09-06 10:47:21,373365.40,SETTLED,B20260906-2
S904061,T104337,2026-09-06 10:12:34,156500.54,SETTLED,B20260906-5
S904062,T104338,2026-09-06 10:07:04,227077.19,SETTLED,B20260906-5
S904063,T104339,2026-09-06 15:03:47,260149.53,SETTLED,B20260906-6
S904064,T104340,2026-09-06 07:46:05,311877.03,SETTLED,B20260906-1
S904065,T104341,2026-09-06 11:13:31,200990.60,SETTLED,B20260906-2
S904066,T104342,2026-09-06 22:20:46,28294.71,SETTLED,B20260906-1
S904067,T104343,2026-09-06 20:40:19,1253.05,SETTLED,B20260906-6
S904068,T104344,2026-09-06 10:35:21,2364.25,SETTLED,B20260906-5
S904069,T104345,2026-09-06 13:18:41,248038.15,PENDING,B20260906-4
S904070,T104346,2026-09-06 09:37:28,212058.96,SETTLED,B20260906-3
S904071,T104348,2026-09-06 16:50:12,395991.66,SETTLED,B20260906-3
S904072,T104349,2026-09-06 11:37:15,1340.15,SETTLED,B20260906-3
S904073,T104350,2026-09-06 08:22:19,2271.86,SETTLED,B20260906-1
S904074,T104351,2026-09-06 07:07:34,245309.75,SETTLED,B20260906-3
S904075,T104352,2026-09-06 20:15:08,3044.49,SETTLED,B20260906-6
S904076,T104353,2026-09-06 07:37:21,3532.21,SETTLED,B20260906-2
S904077,T104354,2026-09-06 11:43:32,35192.65,SETTLED,B20260906-1
S904078,T104355,2026-09-06 14:08:12,306781.31,SETTLED,B20260906-5
S904079,T104355,2026-09-06 14:18:12,76695.33,SETTLED,B20260906-2
S904080,T104356,2026-09-06 18:33:05,141180.32,PENDING,B20260906-1
S904081,T104357,2026-09-06 10:23:09,939.78,SETTLED,B20260906-1
S904082,T104358,2026-09-06 06:25:08,229590.20,SETTLED,B20260906-6
S904083,T104359,2026-09-06 12:53:43,6436.61,SETTLED,B20260906-2
S904084,T104360,2026-09-06 12:03:04,2667.10,SETTLED,B20260906-5
S904085,T104362,2026-09-06 14:51:03,79483.67,SETTLED,B20260906-5
S904086,T104363,2026-09-06 16:18:28,216454.93,SETTLED,B20260906-3
S904087,T104363,2026-09-06 16:22:28,54113.73,SETTLED,B20260906-1
S904088,T104364,2026-09-06 14:58:06,2974.61,SETTLED,B20260906-5
S904089,T104365,2026-09-06 20:38:50,52226.31,SETTLED,B20260906-1
S904090,T104366,2026-09-07 11:18:57,20523.14,SETTLED,B20260907-4
S904091,T104366,2026-09-07 11:26:57,5130.78,SETTLED,B20260907-1
S904092,T104367,2026-09-06 12:11:45,3846.87,SETTLED,B20260906-6
S904093,T104368,2026-09-06 19:15:48,89451.93,SETTLED,B20260906-3
S904094,T104369,2026-09-06 17:00:10,2122.12,SETTLED,B20260906-1
S904095,T104370,2026-09-06 09:00:28,44387.29,SETTLED,B20260906-1
S904096,T104371,2026-09-06 20:29:10,17141.69,SETTLED,B20260906-6
S904097,T104372,2026-09-06 12:27:18,3486.58,SETTLED,B20260906-3
S904098,T104373,2026-09-06 20:30:50,49455.78,SETTLED,B20260906-1
S904099,T104374,2026-09-06 15:28:25,335.96,SETTLED,B20260906-2
S904100,T104375,2026-09-06 18:17:20,5106.43,SETTLED,B20260906-3
S904101,T104376,2026-09-06 16:37:27,301795.22,SETTLED,B20260906-3
S904102,T104376,2026-09-06 16:44:27,75448.81,SETTLED,B20260906-4
S904103,T104377,2026-09-06 06:20:49,1269.68,SETTLED,B20260906-6
S904104,T104378,2026-09-06 11:02:45,337422.93,SETTLED,B20260906-4
S904105,T104379,2026-09-06 11:23:57,64761.32,SETTLED,B20260906-6
S904106,T104380,2026-09-06 09:27:42,23379.50,SETTLED,B20260906-4
S904107,T104381,2026-09-06 20:14:27,5051.23,SETTLED,B20260906-3
S904108,T104382,2026-09-06 07:43:55,1684.45,SETTLED,B20260906-6
S904109,T104383,2026-09-06 16:36:16,3376.18,SETTLED,B20260906-3
S904110,T104384,2026-09-06 11:44:15,35305.10,SETTLED,B20260906-6
S904111,T104385,2026-09-06 16:18:57,13006.70,SETTLED,B20260906-5
S904112,T104385,2026-09-06 16:26:57,3251.68,SETTLED,B20260906-4
S904113,T104386,2026-09-06 18:30:16,334434.66,SETTLED,B20260906-6
S904114,T104387,2026-09-06 09:29:21,139820.95,SETTLED,B20260906-4
S904115,T104388,2026-09-06 14:46:53,4944.06,SETTLED,B20260906-3
S904116,T104388,2026-09-06 14:50:53,1236.02,SETTLED,B20260906-4
S904117,T104389,2026-09-06 21:13:54,2788.62,SETTLED,B20260906-4
S904118,T104389,2026-09-06 21:21:54,697.15,SETTLED,B20260906-4
S904119,T104390,2026-09-06 19:10:40,3270.98,SETTLED,B20260906-1
S904120,T104391,2026-09-06 23:03:12,358531.85,SETTLED,B20260906-3
S904121,T104392,2026-09-06 20:31:30,134546.76,SETTLED,B20260906-2
S904122,T104393,2026-09-06 19:28:00,31109.46,SETTLED,B20260906-6
S904123,T104394,2026-09-06 13:45:24,2990.25,SETTLED,B20260906-2
S904124,T104395,2026-09-06 18:36:33,73473.79,SETTLED,B20260906-1
S904125,T104396,2026-09-06 14:34:01,308.07,SETTLED,B20260906-6
S904126,T104397,2026-09-06 18:05:33,1774.36,SETTLED,B20260906-4
S904127,T104398,2026-09-06 07:27:57,10836.62,SETTLED,B20260906-1
S904128,T104399,2026-09-06 20:43:28,3757.82,SETTLED,B20260906-4
S904129,T104400,2026-09-06 11:43:53,17272.17,SETTLED,B20260906-1
S904130,T104401,2026-09-06 22:52:24,9199.52,SETTLED,B20260906-1
S904131,T104401,2026-09-06 23:00:24,2299.88,SETTLED,B20260906-1
S904132,T104402,2026-09-06 09:22:02,8016.37,SETTLED,B20260906-4
S904133,T104403,2026-09-06 16:05:03,289493.21,SETTLED,B20260906-6
S904134,T104404,2026-09-06 09:03:31,3670.58,SETTLED,B20260906-1
S904135,T104405,2026-09-06 20:18:08,3906.35,SETTLED,B20260906-1
S904136,T104406,2026-09-06 22:07:11,73977.97,SETTLED,B20260906-6
S904137,T104408,2026-09-06 12:47:05,1190.46,SETTLED,B20260906-5
S904138,T104409,2026-09-06 13:10:29,2624.05,SETTLED,B20260906-3
S904139,T104410,2026-09-07 17:20:20,3080.68,SETTLED,B20260907-4
S904140,T104410,2026-09-07 17:21:20,770.17,SETTLED,B20260907-1
S904141,T104412,2026-09-06 17:01:59,3857.90,SETTLED,B20260906-1
S904142,T104413,2026-09-06 17:29:59,84702.70,PENDING,B20260906-6
S904143,T104414,2026-09-06 09:40:16,2479.77,SETTLED,B20260906-6
S904144,T104416,2026-09-06 20:10:47,301642.00,SETTLED,B20260906-6
S904145,T104417,2026-09-06 17:00:41,1701.58,FAILED,B20260906-5
S904146,T104418,2026-09-06 12:43:06,194.13,SETTLED,B20260906-4
S904147,T104420,2026-09-06 07:29:52,3865.22,SETTLED,B20260906-5
S904148,T104421,2026-09-06 18:26:22,295762.84,SETTLED,B20260906-3
S904149,T104422,2026-09-06 07:25:29,203083.08,SETTLED,B20260906-1
S904150,T104423,2026-09-06 11:47:24,54364.40,SETTLED,B20260906-5
S904151,T104424,2026-09-06 13:14:37,26425.58,SETTLED,B20260906-3
S904152,T104425,2026-09-06 12:43:19,30454.11,SETTLED,B20260906-4
S904153,T104426,2026-09-06 07:13:30,57670.07,SETTLED,B20260906-2
S904154,T104427,2026-09-06 17:02:03,33364.41,PENDING,B20260906-3
S904155,T104429,2026-09-06 17:09:43,30844.42,SETTLED,B20260906-5
S904156,T104430,2026-09-06 18:44:07,3254.71,SETTLED,B20260906-5
S904157,T104431,2026-09-06 12:03:00,325203.51,SETTLED,B20260906-4
S904158,T104432,2026-09-06 11:16:12,3518.25,SETTLED,B20260906-6
S904159,T104433,2026-09-06 14:28:05,631.63,SETTLED,B20260906-1
S904160,T104434,2026-09-06 08:42:13,1994.66,SETTLED,B20260906-1
S904161,T104434,2026-09-06 08:50:13,498.67,SETTLED,B20260906-2
S904162,T104435,2026-09-06 21:06:46,83473.89,SETTLED,B20260906-6
S904163,T104436,2026-09-06 17:02:04,46619.68,SETTLED,B20260906-3
S904164,T104437,2026-09-06 17:50:28,216795.26,SETTLED,B20260906-5
S904165,T104438,2026-09-06 11:52:17,53361.31,SETTLED,B20260906-1
S904166,T104440,2026-09-06 21:49:05,49386.83,SETTLED,B20260906-1
S904167,T104442,2026-09-06 08:37:39,35900.20,PENDING,B20260906-5
S904168,T104443,2026-09-06 20:59:13,144038.31,SETTLED,B20260906-2
S904169,T104444,2026-09-06 13:04:27,54164.49,SETTLED,B20260906-5
S904170,T104445,2026-09-06 08:15:53,468.98,SETTLED,B20260906-3
S904171,T104445,2026-09-06 08:23:53,117.25,SETTLED,B20260906-3
S904172,T104447,2026-09-06 15:01:04,599.95,SETTLED,B20260906-4
S904173,T104448,2026-09-06 13:30:00,36707.90,SETTLED,B20260906-3
S904174,T104449,2026-09-06 13:06:19,39767.90,SETTLED,B20260906-6
S904175,T104449,2026-09-06 13:10:19,9941.98,SETTLED,B20260906-6
S904176,T104450,2026-09-06 13:33:24,731.11,SETTLED,B20260906-6
S904177,T104451,2026-09-07 12:10:13,2724.48,SETTLED,B20260907-5
S904178,T104452,2026-09-06 14:26:05,2344.61,FAILED,B20260906-5
S904179,T104454,2026-09-06 22:45:30,1961.08,SETTLED,B20260906-2
S904180,T104456,2026-09-06 21:09:41,1106.61,SETTLED,B20260906-1
S904181,T104458,2026-09-06 12:53:34,43403.91,SETTLED,B20260906-3
S904182,T104460,2026-09-06 19:30:54,17024.74,SETTLED,B20260906-5
S904183,T104461,2026-09-06 08:38:43,222505.12,SETTLED,B20260906-4
S904184,T104462,2026-09-06 13:21:06,285997.58,SETTLED,B20260906-6
S904185,T104463,2026-09-06 22:56:08,1885.92,SETTLED,B20260906-3
S904186,T104464,2026-09-06 06:37:44,33290.41,SETTLED,B20260906-2
S904187,T104465,2026-09-06 09:30:29,1904.31,SETTLED,B20260906-6
S904188,T104466,2026-09-06 13:24:15,39348.43,SETTLED,B20260906-2
S904189,T104467,2026-09-06 15:59:48,186906.12,SETTLED,B20260906-1
S904190,T104468,2026-09-06 11:23:56,12221.32,SETTLED,B20260906-4
S904191,T104469,2026-09-06 21:06:42,20693.62,SETTLED,B20260906-3
S904192,T104470,2026-09-06 07:31:02,20156.15,SETTLED,B20260906-1
S904193,T104471,2026-09-06 19:48:43,214867.03,PENDING,B20260906-1
S904194,T104472,2026-09-06 19:42:17,10212.66,SETTLED,B20260906-2
S904195,T104473,2026-09-06 08:52:10,35309.95,SETTLED,B20260906-2
S904196,T104474,2026-09-06 15:00:43,31190.49,SETTLED,B20260906-6
S904197,T104475,2026-09-06 15:17:56,6943.52,SETTLED,B20260906-4
S904198,T104476,2026-09-06 19:24:25,2293.41,PENDING,B20260906-3
S904199,T104477,2026-09-06 18:02:22,1142.61,SETTLED,B20260906-6
S904200,T104478,2026-09-06 22:07:52,3125.01,SETTLED,B20260906-5
S904201,T104479,2026-09-06 14:57:07,54189.98,SETTLED,B20260906-3
S904202,T104480,2026-09-06 12:33:06,29046.35,SETTLED,B20260906-3
S904203,T104481,2026-09-06 14:05:46,1926.60,SETTLED,B20260906-1
S904204,T104482,2026-09-06 14:21:12,469.99,SETTLED,B20260906-1
S904205,T104483,2026-09-06 19:00:23,229108.07,SETTLED,B20260906-2
S904206,T104484,2026-09-06 20:50:23,47485.09,SETTLED,B20260906-2
S904207,T104485,2026-09-06 15:45:10,2914.25,SETTLED,B20260906-2
S904208,T104486,2026-09-06 17:34:03,41035.81,SETTLED,B20260906-1
S904209,T104487,2026-09-06 22:09:32,865.74,SETTLED,B20260906-5
S904210,T104487,2026-09-06 22:09:32,216.43,SETTLED,B20260906-4
S904211,T104488,2026-09-06 06:48:32,170835.46,SETTLED,B20260906-2
S904212,T104489,2026-09-06 20:14:57,123058.07,SETTLED,B20260906-5
S904213,T104490,2026-09-06 19:02:32,46428.27,SETTLED,B20260906-2
S904214,T104491,2026-09-06 09:53:01,820.51,SETTLED,B20260906-3
S904215,T104492,2026-09-06 12:25:23,3919.76,SETTLED,B20260906-4
S904216,T104493,2026-09-06 07:38:31,3774.79,SETTLED,B20260906-5
S904217,T104494,2026-09-06 22:38:51,3068.21,SETTLED,B20260906-3
S904218,T104496,2026-09-06 19:59:21,3120.48,PENDING,B20260906-6
S904219,T104497,2026-09-06 10:02:33,1095.90,SETTLED,B20260906-3
S904220,T104498,2026-09-06 11:32:53,305068.34,FAILED,B20260906-4
S904221,T104499,2026-09-06 07:16:38,38781.71,SETTLED,B20260906-6
S904222,T104500,2026-09-06 21:10:05,46896.33,SETTLED,B20260906-4
S904223,T104502,2026-09-06 11:21:35,48297.31,SETTLED,B20260906-3
S904224,T104503,2026-09-06 08:59:39,2182.19,SETTLED,B20260906-1
S904225,T104506,2026-09-06 21:08:50,2437.91,SETTLED,B20260906-1
S904226,T104506,2026-09-06 21:08:50,609.48,SETTLED,B20260906-1
S904227,T104507,2026-09-06 09:24:54,188472.31,SETTLED,B20260906-6
S904228,T104508,2026-09-06 12:26:38,27521.75,SETTLED,B20260906-6
S904229,T104509,2026-09-06 07:52:22,34912.97,SETTLED,B20260906-1
S904230,T104510,2026-09-06 15:20:53,38967.43,SETTLED,B20260906-3
S904231,T104511,2026-09-06 16:08:11,56897.13,SETTLED,B20260906-6
S904232,T104512,2026-09-06 17:20:46,190806.97,SETTLED,B20260906-2
S904233,T104513,2026-09-06 19:27:03,2590.03,SETTLED,B20260906-1
S904234,T104514,2026-09-06 16:49:53,200.66,SETTLED,B20260906-3
S904235,T104516,2026-09-06 15:35:31,2130.47,SETTLED,B20260906-3
S904236,T104517,2026-09-06 20:46:25,236406.16,SETTLED,B20260906-6
S904237,T104518,2026-09-06 14:07:25,317857.97,SETTLED,B20260906-2
S904238,T104519,2026-09-06 17:44:11,19051.32,SETTLED,B20260906-1
S904239,T104520,2026-09-06 19:10:17,281397.74,SETTLED,B20260906-6
S904240,T104521,2026-09-06 20:29:12,154653.44,SETTLED,B20260906-4
S904241,T104523,2026-09-06 07:59:19,1999.50,SETTLED,B20260906-4
S904242,T104524,2026-09-06 08:47:07,58075.28,SETTLED,B20260906-1
S904243,T104525,2026-09-06 08:22:39,40638.32,SETTLED,B20260906-3
S904244,T104526,2026-09-06 20:49:50,25751.74,SETTLED,B20260906-2
S904245,T104527,2026-09-06 21:39:27,3512.72,SETTLED,B20260906-3
S904246,T104528,2026-09-06 09:05:23,209252.12,SETTLED,B20260906-4
S904247,T104529,2026-09-06 13:48:08,49980.45,PENDING,B20260906-6
S904248,T104530,2026-09-06 15:33:02,37706.54,SETTLED,B20260906-1
S904249,T104531,2026-09-06 20:53:56,246451.23,SETTLED,B20260906-6
S904250,T104532,2026-09-06 15:21:46,30118.25,SETTLED,B20260906-5
S904251,T104534,2026-09-06 08:45:08,5817.97,SETTLED,B20260906-2
S904252,T104535,2026-09-06 06:55:40,66477.99,SETTLED,B20260906-1
S904253,T104536,2026-09-06 07:46:51,2893.41,SETTLED,B20260906-2
S904254,T104536,2026-09-06 07:51:51,723.35,SETTLED,B20260906-3
S904255,T104537,2026-09-06 23:21:14,1235.24,SETTLED,B20260906-1
S904256,T104537,2026-09-06 23:30:14,308.81,SETTLED,B20260906-4
S904257,T104538,2026-09-06 23:53:32,225586.97,SETTLED,B20260906-1
S904258,T104540,2026-09-06 21:42:54,1296.15,SETTLED,B20260906-6
S904259,T104541,2026-09-06 23:16:21,2823.25,SETTLED,B20260906-1
S904260,T104542,2026-09-06 13:45:49,53862.50,SETTLED,B20260906-5
S904261,T104543,2026-09-06 10:15:56,3469.13,SETTLED,B20260906-5
S904262,T104544,2026-09-07 00:19:39,149448.97,SETTLED,B20260907-6
S904263,T104545,2026-09-06 08:56:27,279259.83,SETTLED,B20260906-1
S904264,T104546,2026-09-06 14:40:24,291725.78,SETTLED,B20260906-4
S904265,T104547,2026-09-06 06:08:49,190063.52,SETTLED,B20260906-6
S904266,T104548,2026-09-06 17:41:46,105094.59,SETTLED,B20260906-3
S904267,T104549,2026-09-06 19:46:57,3212.15,SETTLED,B20260906-1
S904268,T104550,2026-09-06 15:45:33,812.49,SETTLED,B20260906-2
S904269,T104551,2026-09-06 21:50:21,-3220.40,SETTLED,B20260906-3
S904270,T104552,2026-09-06 15:48:28,3774.50,SETTLED,B20260906-3
S904271,T104553,2026-09-06 20:30:06,3935.94,SETTLED,B20260906-3
S904272,T104554,2026-09-06 12:05:48,455.74,SETTLED,B20260906-6
S904273,T104555,2026-09-06 19:15:18,355032.76,SETTLED,B20260906-1
S904274,T104556,2026-09-07 03:24:22,15020.79,FAILED,B20260907-3
S904275,T104557,2026-09-06 10:35:26,340488.42,SETTLED,B20260906-1
S904276,T104558,2026-09-06 22:04:32,985.90,SETTLED,B20260906-5
S904277,T104558,2026-09-06 22:06:32,246.47,SETTLED,B20260906-2
S904278,T104559,2026-09-06 13:16:41,3044.96,SETTLED,B20260906-1
S904279,T104560,2026-09-06 07:24:05,2637.70,SETTLED,B20260906-4
S904280,T104561,2026-09-06 09:09:15,2126.77,SETTLED,B20260906-2
S904281,T104562,2026-09-06 12:17:50,337112.37,SETTLED,B20260906-1
S904282,T104563,2026-09-06 08:47:08,3203.03,SETTLED,B20260906-5
S904283,T104564,2026-09-06 07:52:50,15093.20,SETTLED,B20260906-3
S904284,T104565,2026-09-06 22:02:37,911.82,SETTLED,B20260906-4
S904285,T104566,2026-09-06 21:04:12,175517.60,SETTLED,B20260906-1
S904286,T104567,2026-09-06 14:29:52,103230.22,SETTLED,B20260906-6
S904287,T104568,2026-09-06 14:24:41,1456.32,FAILED,B20260906-1
S904288,T104569,2026-09-06 08:38:45,122057.73,SETTLED,B20260906-6
S904289,T104570,2026-09-06 20:08:25,41024.14,SETTLED,B20260906-3
S904290,T104571,2026-09-06 14:21:03,727.88,SETTLED,B20260906-3
S904291,T104572,2026-09-06 08:43:10,76797.52,SETTLED,B20260906-4
S904292,T104573,2026-09-06 16:16:42,1985.49,SETTLED,B20260906-6
S904293,T104574,2026-09-06 10:47:45,709.77,SETTLED,B20260906-1
S904294,T104574,2026-09-06 10:52:45,177.44,SETTLED,B20260906-1
S904295,T104575,2026-09-06 21:47:45,342744.90,SETTLED,B20260906-1
S904296,T104576,2026-09-06 12:25:10,42872.26,PENDING,B20260906-1
S904297,T104577,2026-09-06 19:43:38,2177.38,SETTLED,B20260906-6
S904298,T104578,2026-09-06 22:11:15,24536.03,SETTLED,B20260906-3
S904299,T104579,2026-09-06 12:33:33,29530.54,SETTLED,B20260906-1
S904300,T104579,2026-09-06 12:34:33,7382.64,SETTLED,B20260906-3
S904301,T104580,2026-09-06 07:07:17,89120.87,SETTLED,B20260906-1
S904302,T104581,2026-09-06 06:26:41,25633.17,SETTLED,B20260906-1
S904303,T104582,2026-09-06 16:20:02,362112.24,SETTLED,B20260906-3
S904304,T104583,2026-09-06 11:21:25,30166.51,SETTLED,B20260906-5
S904305,T104583,2026-09-06 11:28:25,7541.63,SETTLED,B20260906-5
S904306,T104584,2026-09-06 09:08:53,284001.68,SETTLED,B20260906-1
S904307,T104584,2026-09-06 09:20:53,71000.42,SETTLED,B20260906-6
S904308,T104585,2026-09-06 17:46:11,40601.04,SETTLED,B20260906-1
S904309,T104586,2026-09-06 12:45:03,5413.70,SETTLED,B20260906-1
S904310,T104587,2026-09-06 10:21:29,399895.53,SETTLED,B20260906-6
S904311,T104588,2026-09-06 17:57:50,279528.73,SETTLED,B20260906-6
S904312,T104589,2026-09-06 07:13:18,2140.00,PENDING,B20260906-3
S904313,T104590,2026-09-06 20:20:02,222872.34,SETTLED,B20260906-1
S904314,T104591,2026-09-06 09:51:24,253478.91,SETTLED,B20260906-3
S904315,T104592,2026-09-06 19:10:22,3660.41,SETTLED,B20260906-4
S904316,T104593,2026-09-06 09:30:39,6181.80,SETTLED,B20260906-5
S904317,T104594,2026-09-06 19:41:55,21255.91,SETTLED,B20260906-1
S904318,T104595,2026-09-06 20:20:42,270852.80,SETTLED,B20260906-3
S904319,T104596,2026-09-06 08:31:23,3820.47,SETTLED,B20260906-4
S904320,T104597,2026-09-06 14:53:09,1965.13,SETTLED,B20260906-3
S904321,T104597,2026-09-06 15:03:09,491.28,SETTLED,B20260906-3
S904322,T104598,2026-09-06 20:20:45,3594.23,SETTLED,B20260906-3
S904323,T104599,2026-09-06 18:17:30,103785.22,PENDING,B20260906-4
S904324,T104600,2026-09-06 06:49:08,16778.20,SETTLED,B20260906-4
S904325,T104601,2026-09-06 21:33:13,219955.37,SETTLED,B20260906-1
S904326,T104602,2026-09-06 22:25:46,3279.10,SETTLED,B20260906-4
S904327,T104603,2026-09-06 19:04:24,341236.75,SETTLED,B20260906-1
S904328,T104604,2026-09-06 11:50:28,50067.53,SETTLED,B20260906-5
S904329,T104605,2026-09-06 15:11:07,1558.32,SETTLED,B20260906-6
S904330,T104606,2026-09-06 15:06:47,28725.86,SETTLED,B20260906-4
S904331,T104607,2026-09-06 22:17:59,197309.50,SETTLED,B20260906-6
S904332,T104608,2026-09-06 15:35:39,896.60,SETTLED,B20260906-1
S904333,T104609,2026-09-06 19:49:49,49532.13,SETTLED,B20260906-2
S904334,T104610,2026-09-06 20:29:25,296367.82,SETTLED,B20260906-6
S904335,T104611,2026-09-06 06:21:58,267417.38,SETTLED,B20260906-6
S904336,T104612,2026-09-06 10:27:30,57573.91,SETTLED,B20260906-2
S904337,T104613,2026-09-06 09:46:48,2620.87,SETTLED,B20260906-2
S904338,T104615,2026-09-06 18:34:20,3809.80,SETTLED,B20260906-4
S904339,T104616,2026-09-06 08:03:17,81135.87,SETTLED,B20260906-4
S904340,T104618,2026-09-06 14:53:31,31804.59,SETTLED,B20260906-5
S904341,T104619,2026-09-06 10:40:53,175.01,SETTLED,B20260906-1
S904342,T104621,2026-09-06 06:51:08,12880.99,SETTLED,B20260906-6
S904343,T104622,2026-09-06 11:59:18,352.57,SETTLED,B20260906-6
S904344,T104623,2026-09-06 06:51:45,393708.86,SETTLED,B20260906-1
S904345,T104624,2026-09-06 22:47:11,365144.23,SETTLED,B20260906-5
S904346,T104625,2026-09-06 11:25:30,20629.29,SETTLED,B20260906-1
S904347,T104626,2026-09-06 12:59:04,292.56,SETTLED,B20260906-5
S904348,T104627,2026-09-06 16:51:47,173009.53,SETTLED,B20260906-4
S904349,T104628,2026-09-06 21:25:34,30713.75,SETTLED,B20260906-3
S904350,T104629,2026-09-06 18:58:02,189452.60,SETTLED,B20260906-2
S904351,T930520,2026-09-06 10:00:00,9801.65,SETTLED,B20260906-9
S904352,T978688,2026-09-06 09:00:00,17070.61,SETTLED,B20260906-9
S904353,T961945,2026-09-06 18:00:00,15327.31,SETTLED,B20260906-9
S904354,T976169,2026-09-06 16:00:00,15609.01,SETTLED,B20260906-9
S904355,T104630,2026-09-07 16:43:16,2905.15,SETTLED,B20260907-5
S904356,T104631,2026-09-07 08:17:31,15116.42,SETTLED,B20260907-3
S904357,T104632,2026-09-07 14:56:05,3821.77,SETTLED,B20260907-3
S904358,T104633,2026-09-07 10:38:52,797.42,PENDING,B20260907-3
S904359,T104634,2026-09-07 11:11:53,135819.26,SETTLED,B20260907-4
S904360,T104635,2026-09-07 08:03:12,1931.01,SETTLED,B20260907-6
S904361,T104636,2026-09-07 14:10:01,19621.30,SETTLED,B20260907-2
S904362,T104636,2026-09-07 14:22:01,4905.32,SETTLED,B20260907-3
S904363,T104637,2026-09-07 15:14:54,49161.92,SETTLED,B20260907-1
S904364,T104638,2026-09-07 17:39:14,8438.34,SETTLED,B20260907-6
S904365,T104639,2026-09-07 07:18:05,59051.83,SETTLED,B20260907-5
S904366,T104640,2026-09-07 22:44:19,1466.14,SETTLED,B20260907-5
S904367,T104641,2026-09-07 08:38:28,73384.87,SETTLED,B20260907-1
S904368,T104642,2026-09-07 20:05:02,467.78,SETTLED,B20260907-5
S904369,T104643,2026-09-07 20:48:00,15501.48,SETTLED,B20260907-1
S904370,T104645,2026-09-07 13:27:35,6290.38,FAILED,B20260907-3
S904371,T104646,2026-09-07 18:45:03,51799.96,SETTLED,B20260907-1
S904372,T104647,2026-09-07 09:34:40,10026.53,SETTLED,B20260907-5
S904373,T104648,2026-09-07 18:15:04,16820.41,SETTLED,B20260907-2
S904374,T104649,2026-09-07 18:52:18,330124.02,SETTLED,B20260907-3
S904375,T104650,2026-09-07 21:21:58,376.76,SETTLED,B20260907-5
S904376,T104651,2026-09-07 21:49:46,23846.68,SETTLED,B20260907-5
S904377,T104652,2026-09-07 07:56:09,104589.22,SETTLED,B20260907-4
S904378,T104654,2026-09-07 14:52:45,50732.75,SETTLED,B20260907-4
S904379,T104655,2026-09-07 16:27:51,190618.67,SETTLED,B20260907-1
S904380,T104656,2026-09-07 14:30:45,29378.38,SETTLED,B20260907-5
S904381,T104657,2026-09-07 19:50:35,52820.26,SETTLED,B20260907-1
S904382,T104659,2026-09-07 12:05:07,273.65,SETTLED,B20260907-4
S904383,T104660,2026-09-07 07:24:09,318948.22,SETTLED,B20260907-1
S904384,T104661,2026-09-07 16:02:09,147767.30,SETTLED,B20260907-6
S904385,T104661,2026-09-07 16:03:09,36941.83,SETTLED,B20260907-5
S904386,T104662,2026-09-07 09:24:18,200203.10,SETTLED,B20260907-5
S904387,T104663,2026-09-07 18:59:44,187.51,SETTLED,B20260907-1
S904388,T104663,2026-09-07 19:11:44,46.88,SETTLED,B20260907-6
S904389,T104665,2026-09-07 21:11:37,56447.19,SETTLED,B20260907-2
S904390,T104666,2026-09-07 21:23:23,6305.03,SETTLED,B20260907-1
S904391,T104667,2026-09-07 22:14:28,695.59,SETTLED,B20260907-1
S904392,T104668,2026-09-07 11:11:34,829.80,SETTLED,B20260907-1
S904393,T104669,2026-09-07 14:31:39,278554.17,SETTLED,B20260907-1
S904394,T104669,2026-09-07 14:38:39,69638.54,SETTLED,B20260907-4
S904395,T104670,2026-09-07 07:10:58,19561.74,SETTLED,B20260907-6
S904396,T104671,2026-09-07 08:37:09,3310.19,SETTLED,B20260907-2
S904397,T104672,2026-09-07 18:21:29,159071.82,SETTLED,B20260907-6
S904398,T104672,2026-09-07 18:28:29,39767.95,SETTLED,B20260907-3
S904399,T104673,2026-09-07 08:13:55,46034.61,SETTLED,B20260907-5
S904400,T104674,2026-09-07 20:34:03,671.28,SETTLED,B20260907-6
S904401,T104675,2026-09-07 12:10:31,622.55,SETTLED,B20260907-4
S904402,T104678,2026-09-07 20:26:07,2288.70,SETTLED,B20260907-4
S904403,T104679,2026-09-07 17:43:45,41213.80,SETTLED,B20260907-6
S904404,T104680,2026-09-07 20:01:27,1942.87,SETTLED,B20260907-6
S904405,T104681,2026-09-07 14:07:36,59647.21,SETTLED,B20260907-4
S904406,T104682,2026-09-07 12:11:18,64553.70,SETTLED,B20260907-1
S904407,T104683,2026-09-07 07:57:06,94684.17,PENDING,B20260907-4
S904408,T104684,2026-09-07 20:59:23,369470.14,SETTLED,B20260907-1
S904409,T104685,2026-09-07 22:37:34,165834.33,PENDING,B20260907-6
S904410,T104687,2026-09-07 11:08:49,19392.78,SETTLED,B20260907-2
S904411,T104689,2026-09-07 20:31:42,50264.91,SETTLED,B20260907-4
S904412,T104690,2026-09-07 10:36:43,30572.51,SETTLED,B20260907-6
S904413,T104690,2026-09-07 10:36:43,7643.13,SETTLED,B20260907-4
S904414,T104691,2026-09-07 17:58:51,3629.68,SETTLED,B20260907-3
S904415,T104691,2026-09-07 18:09:51,907.42,SETTLED,B20260907-1
S904416,T104692,2026-09-07 22:20:48,219592.90,SETTLED,B20260907-4
S904417,T104693,2026-09-07 17:59:54,868.73,SETTLED,B20260907-1
S904418,T104693,2026-09-07 18:06:54,217.18,SETTLED,B20260907-6
S904419,T104694,2026-09-07 17:45:19,2656.75,SETTLED,B20260907-3
S904420,T104695,2026-09-07 14:30:26,228971.57,SETTLED,B20260907-6
S904421,T104696,2026-09-07 13:05:11,43033.66,SETTLED,B20260907-6
S904422,T104696,2026-09-07 13:14:11,10758.42,SETTLED,B20260907-5
S904423,T104697,2026-09-07 06:36:59,5769.72,SETTLED,B20260907-1
S904424,T104698,2026-09-07 08:43:37,12174.68,SETTLED,B20260907-3
S904425,T104700,2026-09-07 17:12:03,321.77,SETTLED,B20260907-5
S904426,T104701,2026-09-07 07:00:39,287461.16,SETTLED,B20260907-2
S904427,T104702,2026-09-07 21:05:26,1666.49,SETTLED,B20260907-6
S904428,T104703,2026-09-07 13:24:28,863.84,SETTLED,B20260907-1
S904429,T104704,2026-09-07 22:30:20,6778.41,SETTLED,B20260907-6
S904430,T104705,2026-09-07 08:50:26,1693.44,SETTLED,B20260907-3
S904431,T104706,2026-09-07 16:11:31,14574.10,SETTLED,B20260907-6
S904432,T104707,2026-09-07 18:37:26,368357.94,SETTLED,B20260907-3
S904433,T104708,2026-09-07 14:08:13,332391.89,SETTLED,B20260907-3
S904434,T104709,2026-09-07 21:03:16,38439.32,SETTLED,B20260907-5
S904435,T104710,2026-09-07 15:23:34,14190.38,SETTLED,B20260907-3
S904436,T104711,2026-09-07 23:02:37,1654.62,SETTLED,B20260907-4
S904437,T104712,2026-09-07 08:10:29,3278.92,SETTLED,B20260907-4
S904438,T104713,2026-09-07 19:04:23,938.85,SETTLED,B20260907-2
S904439,T104714,2026-09-07 16:31:42,7918.19,SETTLED,B20260907-1
S904440,T104715,2026-09-07 11:09:30,1480.90,SETTLED,B20260907-2
S904441,T104716,2026-09-07 17:36:14,46255.84,SETTLED,B20260907-2
S904442,T104717,2026-09-07 07:36:42,358781.61,SETTLED,B20260907-1
S904443,T104718,2026-09-07 18:44:04,121672.81,SETTLED,B20260907-1
S904444,T104719,2026-09-07 09:19:10,300008.49,SETTLED,B20260907-6
S904445,T104720,2026-09-07 11:20:26,21833.49,SETTLED,B20260907-5
S904446,T104723,2026-09-07 13:09:42,254808.24,SETTLED,B20260907-5
S904447,T104724,2026-09-07 13:51:04,2087.11,SETTLED,B20260907-1
S904448,T104725,2026-09-07 10:21:43,1025.97,SETTLED,B20260907-5
S904449,T104726,2026-09-07 18:17:35,1774.67,SETTLED,B20260907-1
S904450,T104727,2026-09-07 09:08:06,282951.49,SETTLED,B20260907-6
S904451,T104728,2026-09-07 16:42:02,1295.26,SETTLED,B20260907-3
S904452,T104729,2026-09-07 14:56:43,24777.10,SETTLED,B20260907-4
S904453,T104731,2026-09-07 17:50:50,362.55,SETTLED,B20260907-3
S904454,T104732,2026-09-07 21:09:54,15036.58,SETTLED,B20260907-4
S904455,T104733,2026-09-07 19:07:02,35362.83,SETTLED,B20260907-2
S904456,T104734,2026-09-07 14:46:21,22272.34,SETTLED,B20260907-2
S904457,T104735,2026-09-07 08:28:26,368321.94,SETTLED,B20260907-4
S904458,T104736,2026-09-07 21:52:36,14506.99,SETTLED,B20260907-5
S904459,T104737,2026-09-07 07:17:56,1396.98,PENDING,B20260907-2
S904460,T104738,2026-09-07 08:33:45,33689.72,SETTLED,B20260907-5
S904461,T104740,2026-09-07 07:51:59,15792.56,SETTLED,B20260907-2
S904462,T104741,2026-09-07 15:42:34,55376.42,SETTLED,B20260907-5
S904463,T104744,2026-09-07 18:21:07,366129.90,SETTLED,B20260907-2
S904464,T104745,2026-09-07 19:07:32,362195.53,SETTLED,B20260907-5
S904465,T104746,2026-09-07 18:18:40,310.37,SETTLED,B20260907-6
S904466,T104747,2026-09-07 17:38:26,65094.03,PENDING,B20260907-2
S904467,T104748,2026-09-07 22:21:16,55716.52,SETTLED,B20260907-6
S904468,T104749,2026-09-07 07:49:55,247889.56,SETTLED,B20260907-2
S904469,T104749,2026-09-07 07:54:55,61972.39,SETTLED,B20260907-6
S904470,T104750,2026-09-07 16:35:48,214.23,SETTLED,B20260907-5
S904471,T104752,2026-09-07 18:44:02,1796.76,SETTLED,B20260907-1
S904472,T104754,2026-09-07 09:37:26,203244.26,SETTLED,B20260907-3
S904473,T104755,2026-09-07 21:04:31,-1295.80,SETTLED,B20260907-2
S904474,T104756,2026-09-07 10:33:26,411.38,SETTLED,B20260907-2
S904475,T104757,2026-09-07 10:31:59,30032.43,SETTLED,B20260907-5
S904476,T104758,2026-09-07 06:12:52,338059.16,SETTLED,B20260907-3
S904477,T104759,2026-09-07 13:45:32,140125.66,SETTLED,B20260907-2
S904478,T104760,2026-09-07 07:54:33,49981.69,SETTLED,B20260907-1
S904479,T104761,2026-09-07 10:28:51,357849.18,SETTLED,B20260907-4
S904480,T104762,2026-09-07 06:50:20,390666.10,SETTLED,B20260907-6
S904481,T104764,2026-09-07 10:44:55,6657.55,PENDING,B20260907-1
S904482,T104765,2026-09-07 16:36:42,29051.06,SETTLED,B20260907-6
S904483,T104766,2026-09-07 15:29:54,7020.96,PENDING,B20260907-4
S904484,T104766,2026-09-07 15:38:54,1755.24,PENDING,B20260907-1
S904485,T104767,2026-09-07 17:26:13,184.48,SETTLED,B20260907-6
S904486,T104768,2026-09-07 19:30:19,12030.76,SETTLED,B20260907-3
S904487,T104770,2026-09-07 13:12:38,52286.70,SETTLED,B20260907-4
S904488,T104772,2026-09-07 07:14:16,2711.58,SETTLED,B20260907-2
S904489,T104773,2026-09-07 09:53:49,3550.52,SETTLED,B20260907-2
S904490,T104774,2026-09-07 21:48:00,146414.13,SETTLED,B20260907-4
S904491,T104775,2026-09-07 07:57:48,7263.93,SETTLED,B20260907-4
S904492,T104776,2026-09-07 15:18:39,398535.96,SETTLED,B20260907-1
S904493,T104777,2026-09-07 18:21:23,97872.66,SETTLED,B20260907-1
S904494,T104778,2026-09-07 13:13:07,148175.28,SETTLED,B20260907-2
S904495,T104779,2026-09-07 17:53:27,21598.09,SETTLED,B20260907-6
S904496,T104782,2026-09-07 14:40:41,22804.32,SETTLED,B20260907-2
S904497,T104783,2026-09-07 19:49:10,1612.34,SETTLED,B20260907-1
S904498,T104784,2026-09-07 15:27:28,25373.39,SETTLED,B20260907-3
S904499,T104785,2026-09-07 19:00:17,434.65,SETTLED,B20260907-5
S904500,T104787,2026-09-07 14:34:21,167285.90,SETTLED,B20260907-6
S904501,T104788,2026-09-07 09:09:42,26880.03,SETTLED,B20260907-4
S904502,T104789,2026-09-07 12:45:00,8091.56,SETTLED,B20260907-5
S904503,T104790,2026-09-07 12:27:09,43351.76,SETTLED,B20260907-5
S904504,T104791,2026-09-07 15:54:23,50623.65,SETTLED,B20260907-4
S904505,T104792,2026-09-07 16:34:54,123934.97,SETTLED,B20260907-1
S904506,T104793,2026-09-07 20:37:11,2107.41,PENDING,B20260907-6
S904507,T104795,2026-09-08 00:18:26,190219.51,SETTLED,B20260908-3
S904508,T104796,2026-09-07 10:57:35,209884.78,SETTLED,B20260907-2
S904509,T104797,2026-09-07 11:43:08,39071.00,SETTLED,B20260907-1
S904510,T104798,2026-09-07 09:47:30,180653.52,SETTLED,B20260907-3
S904511,T104799,2026-09-07 23:13:55,285526.38,SETTLED,B20260907-1
S904512,T104800,2026-09-07 11:48:51,696.45,SETTLED,B20260907-6
S904513,T104801,2026-09-07 12:08:41,165529.14,SETTLED,B20260907-3
S904514,T104802,2026-09-07 19:30:53,2080.94,SETTLED,B20260907-4
S904515,T104803,2026-09-07 21:21:49,10335.19,SETTLED,B20260907-2
S904516,T104805,2026-09-07 22:21:52,304342.62,SETTLED,B20260907-4
S904517,T104806,2026-09-07 08:46:52,27771.09,SETTLED,B20260907-1
S904518,T104807,2026-09-07 19:45:49,32351.96,SETTLED,B20260907-6
S904519,T104808,2026-09-07 19:37:32,309955.06,SETTLED,B20260907-4
S904520,T104809,2026-09-07 13:38:06,297987.58,SETTLED,B20260907-2
S904521,T104810,2026-09-07 22:56:34,30717.74,SETTLED,B20260907-4
S904522,T104810,2026-09-07 23:06:34,7679.44,SETTLED,B20260907-4
S904523,T104811,2026-09-07 18:09:14,230680.87,SETTLED,B20260907-6
S904524,T104812,2026-09-07 11:37:22,29648.75,SETTLED,B20260907-4
S904525,T104813,2026-09-07 17:25:04,942.14,SETTLED,B20260907-4
S904526,T104814,2026-09-07 14:48:02,3149.97,SETTLED,B20260907-1
S904527,T104815,2026-09-07 06:31:43,1885.70,SETTLED,B20260907-1
S904528,T104815,2026-09-07 06:39:43,471.42,SETTLED,B20260907-1
S904529,T104816,2026-09-07 11:27:02,2121.99,SETTLED,B20260907-5
S904530,T104817,2026-09-07 19:21:10,42539.84,SETTLED,B20260907-1
S904531,T104818,2026-09-08 02:26:38,330368.33,SETTLED,B20260908-3
S904532,T104819,2026-09-07 13:59:39,21918.64,SETTLED,B20260907-2
S904533,T104820,2026-09-07 20:12:25,339398.23,SETTLED,B20260907-2
S904534,T104822,2026-09-07 13:04:39,2802.54,SETTLED,B20260907-6
S904535,T104823,2026-09-07 20:50:48,315991.66,SETTLED,B20260907-3
S904536,T104824,2026-09-07 23:19:16,63013.36,SETTLED,B20260907-2
S904537,T104827,2026-09-07 22:01:26,10761.15,SETTLED,B20260907-1
S904538,T104830,2026-09-07 17:10:25,395562.21,SETTLED,B20260907-1
S904539,T104831,2026-09-07 09:37:47,4281.07,SETTLED,B20260907-5
S904540,T104832,2026-09-07 22:29:22,46796.47,SETTLED,B20260907-5
S904541,T104833,2026-09-07 18:15:17,29255.10,SETTLED,B20260907-5
S904542,T104834,2026-09-07 12:49:17,2188.74,SETTLED,B20260907-1
S904543,T104835,2026-09-07 17:58:43,1741.23,SETTLED,B20260907-1
S904544,T104835,2026-09-07 18:01:43,435.31,SETTLED,B20260907-3
S904545,T104836,2026-09-07 15:51:21,2999.57,SETTLED,B20260907-6
S904546,T104837,2026-09-07 10:20:06,45668.30,SETTLED,B20260907-6
S904547,T104838,2026-09-07 19:03:43,266253.39,SETTLED,B20260907-4
S904548,T104839,2026-09-07 14:42:45,150.35,SETTLED,B20260907-2
S904549,T104840,2026-09-07 06:42:02,21950.45,SETTLED,B20260907-4
S904550,T104841,2026-09-07 22:40:48,2800.62,SETTLED,B20260907-3
S904551,T104841,2026-09-07 22:43:48,700.15,SETTLED,B20260907-2
S904552,T104842,2026-09-07 11:57:41,35180.51,SETTLED,B20260907-6
S904553,T104843,2026-09-07 15:42:50,194540.55,SETTLED,B20260907-1
S904554,T104844,2026-09-07 10:36:59,1408.96,SETTLED,B20260907-6
S904555,T104845,2026-09-07 14:19:48,3321.67,SETTLED,B20260907-4
S904556,T104847,2026-09-07 19:51:55,775.08,SETTLED,B20260907-6
S904557,T104848,2026-09-07 20:10:24,45343.83,SETTLED,B20260907-3
S904558,T104849,2026-09-07 15:50:37,724.16,SETTLED,B20260907-3
S904559,T104850,2026-09-07 09:34:32,142710.10,SETTLED,B20260907-3
S904560,T104851,2026-09-07 08:55:02,396407.01,SETTLED,B20260907-5
S904561,T104852,2026-09-07 19:17:05,350514.95,SETTLED,B20260907-4
S904562,T104853,2026-09-07 15:20:31,795.57,SETTLED,B20260907-4
S904563,T104854,2026-09-07 06:47:33,47690.32,SETTLED,B20260907-2
S904564,T104855,2026-09-07 20:45:41,32093.21,SETTLED,B20260907-2
S904565,T104856,2026-09-07 22:33:23,312891.40,SETTLED,B20260907-6
S904566,T104857,2026-09-07 08:11:50,58550.03,SETTLED,B20260907-6
S904567,T104859,2026-09-07 13:42:32,1063.69,SETTLED,B20260907-5
S904568,T104860,2026-09-07 15:09:57,3937.16,SETTLED,B20260907-4
S904569,T104861,2026-09-07 21:29:49,1541.71,SETTLED,B20260907-4
S904570,T104862,2026-09-07 15:34:02,7778.98,SETTLED,B20260907-4
S904571,T104863,2026-09-07 09:50:25,12410.17,SETTLED,B20260907-4
S904572,T104864,2026-09-07 14:14:02,54415.65,SETTLED,B20260907-3
S904573,T104865,2026-09-07 22:55:52,2604.62,SETTLED,B20260907-1
S904574,T104866,2026-09-07 19:49:19,3775.75,SETTLED,B20260907-1
S904575,T104867,2026-09-07 09:56:27,1469.58,SETTLED,B20260907-1
S904576,T104868,2026-09-07 09:08:03,160261.27,SETTLED,B20260907-4
S904577,T104869,2026-09-07 09:29:42,54518.69,SETTLED,B20260907-3
S904578,T104870,2026-09-07 21:01:43,361364.72,SETTLED,B20260907-6
S904579,T104871,2026-09-07 22:51:08,1790.14,SETTLED,B20260907-2
S904580,T104872,2026-09-07 13:49:05,52830.11,SETTLED,B20260907-2
S904581,T104873,2026-09-07 10:55:18,320847.13,SETTLED,B20260907-4
S904582,T104874,2026-09-07 07:34:59,32514.19,SETTLED,B20260907-1
S904583,T104875,2026-09-07 13:00:13,59469.68,SETTLED,B20260907-5
S904584,T104876,2026-09-07 12:36:07,154716.40,SETTLED,B20260907-6
S904585,T104878,2026-09-07 07:21:59,7509.92,SETTLED,B20260907-3
S904586,T104879,2026-09-07 16:31:32,3999.01,SETTLED,B20260907-6
S904587,T104880,2026-09-07 09:52:52,2432.25,SETTLED,B20260907-2
S904588,T104881,2026-09-07 19:42:12,144172.75,SETTLED,B20260907-5
S904589,T104882,2026-09-07 07:18:20,15495.99,SETTLED,B20260907-4
S904590,T104883,2026-09-07 15:43:29,204261.25,SETTLED,B20260907-6
S904591,T104884,2026-09-07 13:34:07,395783.11,SETTLED,B20260907-1
S904592,T104885,2026-09-07 09:59:03,38443.13,SETTLED,B20260907-2
S904593,T104886,2026-09-07 19:42:30,12081.65,SETTLED,B20260907-5
S904594,T104887,2026-09-07 16:40:45,510.96,SETTLED,B20260907-5
S904595,T104888,2026-09-07 07:18:29,3894.14,SETTLED,B20260907-6
S904596,T104889,2026-09-07 14:09:03,3771.69,SETTLED,B20260907-5
S904597,T104891,2026-09-07 06:54:14,360801.50,SETTLED,B20260907-2
S904598,T104892,2026-09-07 08:40:46,1486.17,SETTLED,B20260907-3
S904599,T104893,2026-09-07 11:39:12,3605.33,SETTLED,B20260907-2
S904600,T104894,2026-09-07 12:56:31,29683.89,SETTLED,B20260907-6
S904601,T104895,2026-09-07 08:36:53,14845.44,SETTLED,B20260907-5
S904602,T104897,2026-09-07 15:49:27,43715.04,SETTLED,B20260907-4
S904603,T104898,2026-09-07 16:31:20,36885.33,SETTLED,B20260907-2
S904604,T104899,2026-09-07 09:08:30,18474.56,SETTLED,B20260907-3
S904605,T104900,2026-09-07 20:45:33,1272.32,SETTLED,B20260907-2
S904606,T104901,2026-09-07 10:47:25,258405.88,SETTLED,B20260907-6
S904607,T104902,2026-09-07 09:17:54,181867.43,SETTLED,B20260907-1
S904608,T104903,2026-09-07 16:26:03,190822.26,SETTLED,B20260907-1
S904609,T104904,2026-09-07 09:22:44,1841.63,SETTLED,B20260907-6
S904610,T104905,2026-09-07 15:47:56,20391.97,SETTLED,B20260907-4
S904611,T104906,2026-09-07 09:34:26,58402.59,PENDING,B20260907-6
S904612,T104907,2026-09-07 08:59:49,55424.33,SETTLED,B20260907-6
S904613,T104908,2026-09-07 06:47:06,13678.91,SETTLED,B20260907-3
S904614,T104909,2026-09-07 12:48:57,2111.29,SETTLED,B20260907-6
S904615,T104910,2026-09-07 16:49:23,1937.55,FAILED,B20260907-4
S904616,T104911,2026-09-07 16:48:53,71708.73,SETTLED,B20260907-1
S904617,T104912,2026-09-07 22:20:36,48809.26,SETTLED,B20260907-3
S904618,T104913,2026-09-07 10:02:00,209.71,SETTLED,B20260907-4
S904619,T104914,2026-09-07 06:41:35,11789.54,SETTLED,B20260907-2
S904620,T104915,2026-09-07 15:20:06,306.72,SETTLED,B20260907-5
S904621,T104916,2026-09-07 14:54:59,1741.36,SETTLED,B20260907-1
S904622,T104917,2026-09-07 14:28:05,276020.61,SETTLED,B20260907-2
S904623,T104918,2026-09-07 17:18:52,40196.72,SETTLED,B20260907-2
S904624,T104919,2026-09-07 09:09:01,306693.52,SETTLED,B20260907-2
S904625,T104920,2026-09-07 11:05:46,56467.60,SETTLED,B20260907-5
S904626,T104921,2026-09-07 14:10:20,453.52,SETTLED,B20260907-5
S904627,T104921,2026-09-07 14:20:20,113.38,SETTLED,B20260907-1
S904628,T104923,2026-09-07 12:54:04,1359.54,SETTLED,B20260907-4
S904629,T104924,2026-09-07 09:12:48,76092.94,PENDING,B20260907-3
S904630,T104925,2026-09-07 23:16:08,129028.42,SETTLED,B20260907-6
S904631,T104927,2026-09-07 08:51:04,2908.77,SETTLED,B20260907-6
S904632,T104929,2026-09-07 08:15:42,1854.11,SETTLED,B20260907-3
S904633,T104930,2026-09-07 23:17:19,350.00,SETTLED,B20260907-3
S904634,T104930,2026-09-07 23:25:19,87.50,SETTLED,B20260907-6
S904635,T104932,2026-09-07 21:10:17,34351.91,FAILED,B20260907-3
S904636,T104933,2026-09-07 08:24:30,264504.89,SETTLED,B20260907-5
S904637,T104934,2026-09-07 09:51:47,25744.51,SETTLED,B20260907-5
S904638,T104935,2026-09-07 22:30:45,2187.91,SETTLED,B20260907-2
S904639,T104936,2026-09-07 11:24:46,328692.60,SETTLED,B20260907-2
S904640,T104937,2026-09-07 17:10:15,2266.75,SETTLED,B20260907-4
S904641,T104938,2026-09-07 06:35:07,2526.04,SETTLED,B20260907-2
S904642,T104939,2026-09-07 16:11:54,3886.00,SETTLED,B20260907-1
S904643,T104940,2026-09-07 14:30:43,3974.61,SETTLED,B20260907-3
S904644,T104941,2026-09-07 13:30:02,40268.81,SETTLED,B20260907-2
S904645,T104942,2026-09-07 14:31:00,111441.59,SETTLED,B20260907-1
S904646,T104945,2026-09-07 10:45:09,2914.28,SETTLED,B20260907-4
S904647,T104946,2026-09-07 15:02:32,50361.58,SETTLED,B20260907-6
S904648,T104947,2026-09-07 11:39:38,13428.08,SETTLED,B20260907-2
S904649,T104948,2026-09-07 15:19:04,3735.14,SETTLED,B20260907-2
S904650,T104949,2026-09-07 16:47:20,3897.50,SETTLED,B20260907-5
S904651,T104950,2026-09-07 15:15:28,129011.77,SETTLED,B20260907-5
S904652,T104951,2026-09-07 22:34:31,202149.73,SETTLED,B20260907-6
S904653,T104952,2026-09-07 19:03:37,3843.82,SETTLED,B20260907-1
S904654,T104954,2026-09-07 20:02:50,14992.51,SETTLED,B20260907-6
S904655,T104955,2026-09-07 14:32:06,45510.13,SETTLED,B20260907-4
S904656,T104957,2026-09-07 08:24:18,106112.80,SETTLED,B20260907-4
S904657,T104958,2026-09-07 19:19:56,372928.68,SETTLED,B20260907-4
S904658,T104960,2026-09-07 18:19:33,350327.31,SETTLED,B20260907-3
S904659,T104961,2026-09-07 11:53:16,-686.94,SETTLED,B20260907-4
S904660,T104962,2026-09-07 07:51:24,48428.44,SETTLED,B20260907-3
S904661,T104963,2026-09-07 22:17:34,1117.66,SETTLED,B20260907-2
S904662,T104964,2026-09-07 08:28:52,5830.03,SETTLED,B20260907-3
S904663,T104965,2026-09-07 10:21:35,113505.70,SETTLED,B20260907-6
S904664,T104966,2026-09-07 13:35:07,345813.42,SETTLED,B20260907-4
S904665,T104967,2026-09-07 15:48:16,369166.18,SETTLED,B20260907-3
S904666,T104968,2026-09-07 19:25:51,95369.52,SETTLED,B20260907-1
S904667,T104969,2026-09-07 08:09:09,3099.41,SETTLED,B20260907-1
S904668,T104970,2026-09-07 19:11:30,29204.40,SETTLED,B20260907-5
S904669,T104971,2026-09-07 13:34:30,237920.46,SETTLED,B20260907-1
S904670,T104971,2026-09-07 13:41:30,59480.11,SETTLED,B20260907-3
S904671,T104972,2026-09-07 13:54:13,2347.34,SETTLED,B20260907-3
S904672,T104973,2026-09-07 20:11:18,2194.11,SETTLED,B20260907-5
S904673,T104975,2026-09-07 20:26:41,284490.17,SETTLED,B20260907-4
S904674,T104976,2026-09-07 18:24:11,7249.19,SETTLED,B20260907-4
S904675,T104977,2026-09-07 17:58:28,204173.01,SETTLED,B20260907-1
S904676,T104979,2026-09-07 07:06:08,27370.49,SETTLED,B20260907-2
S904677,T104980,2026-09-07 21:11:18,27660.43,SETTLED,B20260907-2
S904678,T104981,2026-09-07 21:48:41,277062.86,SETTLED,B20260907-4
S904679,T104982,2026-09-07 14:30:28,2850.76,SETTLED,B20260907-5
S904680,T104983,2026-09-07 18:14:26,499.69,SETTLED,B20260907-1
S904681,T104984,2026-09-07 18:22:33,57192.40,SETTLED,B20260907-6
S904682,T104985,2026-09-07 22:52:30,2298.83,SETTLED,B20260907-1
S904683,T104986,2026-09-07 08:50:23,269.12,SETTLED,B20260907-2
S904684,T104987,2026-09-07 21:16:48,122471.96,FAILED,B20260907-3
S904685,T104988,2026-09-07 19:44:55,918.16,SETTLED,B20260907-1
S904686,T104990,2026-09-07 18:09:41,3582.00,SETTLED,B20260907-5
S904687,T104992,2026-09-07 16:08:41,173198.45,SETTLED,B20260907-3
S904688,T104993,2026-09-07 07:29:30,2085.76,SETTLED,B20260907-2
S904689,T104994,2026-09-07 10:48:43,193.84,SETTLED,B20260907-6
S904690,T104996,2026-09-07 12:31:09,1060.45,SETTLED,B20260907-1
S904691,T104997,2026-09-07 07:59:46,396645.69,FAILED,B20260907-3
S904692,T104999,2026-09-07 17:35:42,121254.74,SETTLED,B20260907-2
S904693,T105001,2026-09-07 16:36:33,203128.34,SETTLED,B20260907-6
S904694,T105002,2026-09-07 08:52:39,399868.70,SETTLED,B20260907-3
S904695,T105003,2026-09-07 15:35:50,52259.68,SETTLED,B20260907-2
S904696,T105004,2026-09-07 22:13:00,44476.55,SETTLED,B20260907-1
S904697,T105005,2026-09-07 16:33:34,416.86,SETTLED,B20260907-3
S904698,T105006,2026-09-07 18:24:37,34101.16,SETTLED,B20260907-5
S904699,T105007,2026-09-07 10:46:10,384966.65,SETTLED,B20260907-1
S904700,T105008,2026-09-07 17:29:43,48928.43,SETTLED,B20260907-4
S904701,T105009,2026-09-08 01:30:35,840.06,SETTLED,B20260908-1
S904702,T105010,2026-09-07 14:47:38,902.55,PENDING,B20260907-3
S904703,T105011,2026-09-07 22:17:17,57013.86,SETTLED,B20260907-3
S904704,T105012,2026-09-07 09:00:47,352727.73,SETTLED,B20260907-5
S904705,T105013,2026-09-07 10:13:14,15592.21,FAILED,B20260907-4
S904706,T105014,2026-09-07 09:14:30,58338.89,SETTLED,B20260907-6
S904707,T105015,2026-09-07 20:23:07,370886.98,PENDING,B20260907-6
S904708,T105017,2026-09-07 19:25:16,2079.75,SETTLED,B20260907-6
S904709,T105018,2026-09-07 23:11:11,13295.36,SETTLED,B20260907-3
S904710,T105019,2026-09-07 09:28:29,273584.90,SETTLED,B20260907-6
S904711,T105020,2026-09-07 14:37:05,9540.93,SETTLED,B20260907-1
S904712,T105021,2026-09-07 17:52:21,184554.39,SETTLED,B20260907-3
S904713,T105024,2026-09-07 08:48:55,2105.78,SETTLED,B20260907-6
S904714,T105025,2026-09-07 11:25:41,55354.40,SETTLED,B20260907-2
S904715,T105026,2026-09-07 10:15:49,7949.61,SETTLED,B20260907-1
S904716,T105027,2026-09-07 11:10:30,157003.89,SETTLED,B20260907-4
S904717,T105028,2026-09-07 20:42:01,28115.90,FAILED,B20260907-2
S904718,T105030,2026-09-07 16:03:59,374476.44,SETTLED,B20260907-2
S904719,T105031,2026-09-07 13:43:05,164923.69,SETTLED,B20260907-4
S904720,T105032,2026-09-07 18:49:00,16553.74,SETTLED,B20260907-6
S904721,T105032,2026-09-07 18:50:00,4138.44,SETTLED,B20260907-1
S904722,T105033,2026-09-07 09:20:07,168105.23,SETTLED,B20260907-6
S904723,T105034,2026-09-07 15:03:40,1401.75,SETTLED,B20260907-2
S904724,T105035,2026-09-07 07:57:35,5753.56,SETTLED,B20260907-1
S904725,T105035,2026-09-07 07:58:35,1438.39,SETTLED,B20260907-3
S904726,T105036,2026-09-07 19:24:58,12492.13,SETTLED,B20260907-2
S904727,T105037,2026-09-07 18:43:32,26173.03,SETTLED,B20260907-2
S904728,T105037,2026-09-07 18:48:32,6543.26,SETTLED,B20260907-5
S904729,T105038,2026-09-07 20:40:48,124932.31,SETTLED,B20260907-2
S904730,T105039,2026-09-07 11:39:04,18189.18,SETTLED,B20260907-2
S904731,T105040,2026-09-07 09:38:16,30139.52,SETTLED,B20260907-1
S904732,T105041,2026-09-07 15:12:30,7698.67,SETTLED,B20260907-2
S904733,T105043,2026-09-07 06:48:02,182535.15,SETTLED,B20260907-2
S904734,T105044,2026-09-07 16:03:00,3413.10,SETTLED,B20260907-4
S904735,T105045,2026-09-07 22:02:34,3173.42,SETTLED,B20260907-3
S904736,T105046,2026-09-07 13:14:00,1233.06,SETTLED,B20260907-2
S904737,T105047,2026-09-07 08:26:49,59199.79,SETTLED,B20260907-3
S904738,T105048,2026-09-07 11:20:46,32456.10,SETTLED,B20260907-3
S904739,T105049,2026-09-07 06:55:40,1558.18,SETTLED,B20260907-2
S904740,T105050,2026-09-07 14:43:44,3657.70,SETTLED,B20260907-1
S904741,T105051,2026-09-07 16:54:01,103537.94,SETTLED,B20260907-2
S904742,T105052,2026-09-08 00:58:23,211606.05,SETTLED,B20260908-4
S904743,T105053,2026-09-07 11:33:34,6211.20,SETTLED,B20260907-2
S904744,T105054,2026-09-07 11:46:33,1726.72,SETTLED,B20260907-1
S904745,T105055,2026-09-07 06:25:48,168051.40,SETTLED,B20260907-3
S904746,T105056,2026-09-07 14:06:59,34711.34,SETTLED,B20260907-6
S904747,T105057,2026-09-07 15:16:42,767.56,SETTLED,B20260907-1
S904748,T105059,2026-09-07 08:23:07,13415.86,SETTLED,B20260907-4
S904749,T105061,2026-09-07 09:20:03,19419.18,SETTLED,B20260907-4
S904750,T105062,2026-09-07 20:21:06,45197.23,SETTLED,B20260907-1
S904751,T105063,2026-09-07 08:15:02,379182.25,SETTLED,B20260907-1
S904752,T105064,2026-09-07 12:38:54,17541.70,SETTLED,B20260907-6
S904753,T105065,2026-09-07 13:53:58,156454.52,SETTLED,B20260907-5
S904754,T105066,2026-09-07 19:33:14,369941.17,SETTLED,B20260907-6
S904755,T105067,2026-09-07 15:53:22,2844.20,SETTLED,B20260907-6
S904756,T105068,2026-09-07 17:17:52,245.42,SETTLED,B20260907-2
S904757,T105070,2026-09-07 08:01:06,167387.55,SETTLED,B20260907-5
S904758,T105071,2026-09-07 21:57:01,3183.32,SETTLED,B20260907-4
S904759,T105072,2026-09-07 20:26:57,2421.57,FAILED,B20260907-2
S904760,T105073,2026-09-07 21:11:46,130229.87,SETTLED,B20260907-1
S904761,T105074,2026-09-07 11:16:38,3077.51,SETTLED,B20260907-3
S904762,T105075,2026-09-07 23:22:50,3407.99,SETTLED,B20260907-3
S904763,T105076,2026-09-07 08:51:19,45041.59,SETTLED,B20260907-6
S904764,T105077,2026-09-07 14:30:13,213984.99,SETTLED,B20260907-5
S904765,T105079,2026-09-07 18:57:05,48567.51,SETTLED,B20260907-6
S904766,T105080,2026-09-07 19:00:57,38044.31,SETTLED,B20260907-3
S904767,T105081,2026-09-07 13:34:50,119585.43,SETTLED,B20260907-1
S904768,T105081,2026-09-07 13:44:50,29896.36,SETTLED,B20260907-3
S904769,T105082,2026-09-07 19:21:43,1708.62,SETTLED,B20260907-2
S904770,T105083,2026-09-07 13:26:14,18965.42,SETTLED,B20260907-2
S904771,T105084,2026-09-07 14:10:57,2333.60,SETTLED,B20260907-1
S904772,T105085,2026-09-07 22:03:04,7883.64,SETTLED,B20260907-2
S904773,T105086,2026-09-07 20:43:35,173507.51,SETTLED,B20260907-5
S904774,T105087,2026-09-07 11:05:51,273.21,SETTLED,B20260907-6
S904775,T105088,2026-09-07 12:37:30,2464.04,SETTLED,B20260907-1
S904776,T105089,2026-09-07 19:48:12,2196.81,SETTLED,B20260907-5
S904777,T105090,2026-09-07 11:14:59,30217.94,SETTLED,B20260907-5
S904778,T105091,2026-09-07 14:43:36,3366.34,SETTLED,B20260907-2
S904779,T105092,2026-09-07 09:35:02,512.74,SETTLED,B20260907-3
S904780,T105094,2026-09-07 08:50:20,2081.60,SETTLED,B20260907-2
S904781,T105095,2026-09-07 13:39:30,3626.01,SETTLED,B20260907-3
S904782,T105096,2026-09-08 02:07:15,6522.25,SETTLED,B20260908-3
S904783,T105097,2026-09-07 21:41:15,1136.09,SETTLED,B20260907-3
S904784,T105098,2026-09-07 10:24:39,79803.82,SETTLED,B20260907-3
S904785,T105099,2026-09-07 08:23:35,424.87,SETTLED,B20260907-6
S904786,T105100,2026-09-07 11:52:17,2661.03,SETTLED,B20260907-5
S904787,T105101,2026-09-07 14:53:49,291213.94,SETTLED,B20260907-5
S904788,T105102,2026-09-07 12:07:49,479.09,SETTLED,B20260907-3
S904789,T105103,2026-09-07 08:56:46,177239.34,SETTLED,B20260907-3
S904790,T105104,2026-09-08 10:17:15,13512.66,SETTLED,B20260908-3
S904791,T105105,2026-09-07 12:48:30,1848.99,PENDING,B20260907-1
S904792,T105105,2026-09-07 12:54:30,462.25,SETTLED,B20260907-3
S904793,T105106,2026-09-07 18:43:33,954.38,SETTLED,B20260907-2
S904794,T105107,2026-09-08 00:55:49,27126.40,PENDING,B20260908-4
S904795,T105109,2026-09-07 19:56:40,7306.22,SETTLED,B20260907-6
S904796,T105110,2026-09-07 19:44:10,3770.99,SETTLED,B20260907-2
S904797,T105111,2026-09-07 21:28:11,27368.22,SETTLED,B20260907-6
S904798,T105112,2026-09-07 14:02:40,2345.38,SETTLED,B20260907-3
S904799,T105113,2026-09-07 11:02:51,196.41,SETTLED,B20260907-5
S904800,T105114,2026-09-07 18:07:05,259103.94,SETTLED,B20260907-6
S904801,T105115,2026-09-07 13:03:03,346811.95,SETTLED,B20260907-2
S904802,T105116,2026-09-07 07:22:23,12731.60,SETTLED,B20260907-1
S904803,T105117,2026-09-07 16:43:52,8475.06,SETTLED,B20260907-6
S904804,T105119,2026-09-07 12:41:57,3910.90,SETTLED,B20260907-2
S904805,T105120,2026-09-07 08:18:46,29274.18,SETTLED,B20260907-1
S904806,T105121,2026-09-07 15:25:51,323273.25,SETTLED,B20260907-2
S904807,T105122,2026-09-07 20:34:13,185.57,SETTLED,B20260907-2
S904808,T105123,2026-09-07 13:54:18,11926.35,SETTLED,B20260907-5
S904809,T105124,2026-09-07 13:15:33,368044.88,SETTLED,B20260907-4
S904810,T105125,2026-09-07 08:03:27,1367.65,SETTLED,B20260907-4
S904811,T105126,2026-09-07 20:49:42,48416.91,SETTLED,B20260907-3
S904812,T105127,2026-09-07 17:44:09,704.01,SETTLED,B20260907-5
S904813,T105128,2026-09-07 12:48:55,56357.14,SETTLED,B20260907-4
S904814,T105129,2026-09-07 22:43:49,3884.39,SETTLED,B20260907-2
S904815,T105131,2026-09-07 16:53:43,10707.60,SETTLED,B20260907-3
S904816,T105131,2026-09-07 17:00:43,2676.90,SETTLED,B20260907-5
S904817,T105132,2026-09-07 07:20:38,372073.10,SETTLED,B20260907-6
S904818,T105133,2026-09-07 12:34:08,25569.25,SETTLED,B20260907-3
S904819,T105134,2026-09-07 11:03:20,64694.39,SETTLED,B20260907-2
S904820,T105135,2026-09-07 08:08:45,5213.89,SETTLED,B20260907-5
S904821,T105136,2026-09-07 09:56:10,2442.39,SETTLED,B20260907-6
S904822,T105137,2026-09-07 08:39:47,45124.74,SETTLED,B20260907-2
S904823,T105138,2026-09-07 16:27:44,2691.77,SETTLED,B20260907-2
S904824,T105139,2026-09-07 10:38:47,291235.74,SETTLED,B20260907-5
S904825,T105139,2026-09-07 10:47:47,72808.94,SETTLED,B20260907-5
S904826,T105140,2026-09-07 16:24:35,231907.43,SETTLED,B20260907-1
S904827,T105141,2026-09-07 17:17:54,3584.77,SETTLED,B20260907-1
S904828,T105144,2026-09-07 13:59:56,1217.34,SETTLED,B20260907-6
S904829,T105144,2026-09-07 14:08:56,304.33,SETTLED,B20260907-2
S904830,T105145,2026-09-07 16:56:44,12874.84,SETTLED,B20260907-2
S904831,T105146,2026-09-07 08:24:18,5119.32,SETTLED,B20260907-6
S904832,T105147,2026-09-07 13:09:05,34532.92,SETTLED,B20260907-6
S904833,T105148,2026-09-07 15:56:00,19179.90,SETTLED,B20260907-1
S904834,T105149,2026-09-07 21:01:22,2453.42,SETTLED,B20260907-3
S904835,T105150,2026-09-07 06:56:17,2104.92,SETTLED,B20260907-6
S904836,T105151,2026-09-07 12:30:20,369.00,SETTLED,B20260907-4
S904837,T105152,2026-09-07 16:48:27,112320.70,SETTLED,B20260907-6
S904838,T105153,2026-09-07 07:50:12,3003.12,SETTLED,B20260907-1
S904839,T105154,2026-09-07 20:20:35,1523.68,SETTLED,B20260907-1
S904840,T105154,2026-09-07 20:24:35,380.92,SETTLED,B20260907-3
S904841,T105155,2026-09-07 15:24:02,682.82,SETTLED,B20260907-4
S904842,T105156,2026-09-07 13:09:31,2335.00,SETTLED,B20260907-1
S904843,T105157,2026-09-07 11:02:22,666.17,SETTLED,B20260907-2
S904844,T105158,2026-09-07 13:07:05,317328.09,SETTLED,B20260907-3
S904845,T105160,2026-09-07 15:55:52,2919.12,SETTLED,B20260907-5
S904846,T105161,2026-09-07 07:58:28,2434.24,SETTLED,B20260907-3
S904847,T105162,2026-09-07 08:22:48,47067.24,SETTLED,B20260907-2
S904848,T105163,2026-09-07 08:37:23,25214.92,SETTLED,B20260907-6
S904849,T105164,2026-09-07 10:26:16,158213.00,SETTLED,B20260907-6
S904850,T105166,2026-09-07 12:56:47,386856.82,SETTLED,B20260907-4
S904851,T105167,2026-09-07 13:12:47,280013.87,SETTLED,B20260907-5
S904852,T105168,2026-09-07 14:13:31,24586.12,SETTLED,B20260907-5
S904853,T105169,2026-09-07 13:36:53,2810.79,SETTLED,B20260907-1
S904854,T105170,2026-09-07 07:28:20,3163.00,SETTLED,B20260907-2
S904855,T105172,2026-09-07 18:43:16,997.79,SETTLED,B20260907-3
S904856,T105173,2026-09-07 16:58:05,67342.92,SETTLED,B20260907-1
S904857,T105174,2026-09-07 08:28:17,854.82,SETTLED,B20260907-1
S904858,T105175,2026-09-07 15:49:42,47636.54,SETTLED,B20260907-6
S904859,T105176,2026-09-07 19:22:53,38304.06,SETTLED,B20260907-5
S904860,T105177,2026-09-07 16:29:05,3599.72,SETTLED,B20260907-3
S904861,T105178,2026-09-07 21:21:11,44266.28,PENDING,B20260907-2
S904862,T105178,2026-09-07 21:24:11,11066.57,SETTLED,B20260907-3
S904863,T105179,2026-09-07 12:01:43,3675.89,SETTLED,B20260907-4
S904864,T105180,2026-09-07 18:15:55,304753.86,SETTLED,B20260907-3
S904865,T105182,2026-09-07 09:57:59,13654.73,SETTLED,B20260907-5
S904866,T105183,2026-09-07 10:44:05,150496.60,SETTLED,B20260907-3
S904867,T105184,2026-09-07 12:49:30,51018.77,SETTLED,B20260907-4
S904868,T105185,2026-09-07 15:08:04,280751.72,SETTLED,B20260907-6
S904869,T105186,2026-09-07 11:24:40,3086.52,SETTLED,B20260907-6
S904870,T105187,2026-09-07 06:05:45,2764.50,SETTLED,B20260907-5
S904871,T105188,2026-09-07 13:21:32,18255.02,SETTLED,B20260907-5
S904872,T105189,2026-09-07 21:17:23,90679.29,SETTLED,B20260907-4
S904873,T105190,2026-09-07 21:25:19,76471.60,SETTLED,B20260907-6
S904874,T105191,2026-09-07 16:23:44,2756.02,SETTLED,B20260907-2
S904875,T105192,2026-09-07 10:13:21,7104.02,SETTLED,B20260907-1
S904876,T105193,2026-09-07 16:23:25,296244.85,SETTLED,B20260907-1
S904877,T105194,2026-09-07 15:50:23,130684.48,SETTLED,B20260907-5
S904878,T105196,2026-09-07 07:39:01,12989.14,SETTLED,B20260907-1
S904879,T105196,2026-09-07 07:40:01,3247.28,SETTLED,B20260907-1
S904880,T105197,2026-09-07 13:29:56,2891.76,SETTLED,B20260907-4
S904881,T105198,2026-09-07 19:26:57,95986.59,SETTLED,B20260907-5
S904882,T105199,2026-09-07 22:58:37,15336.08,SETTLED,B20260907-4
S904883,T105200,2026-09-07 20:36:46,1004.80,SETTLED,B20260907-6
S904884,T105201,2026-09-07 06:36:26,36768.71,SETTLED,B20260907-2
S904885,T105202,2026-09-07 19:18:09,3590.68,SETTLED,B20260907-2
S904886,T105203,2026-09-07 17:52:00,56935.95,SETTLED,B20260907-3
S904887,T105204,2026-09-07 16:33:30,16487.04,SETTLED,B20260907-2
S904888,T105205,2026-09-07 18:21:29,522.53,SETTLED,B20260907-1
S904889,T105205,2026-09-07 18:24:29,130.63,SETTLED,B20260907-4
S904890,T105207,2026-09-07 06:19:03,3071.64,SETTLED,B20260907-5
S904891,T105209,2026-09-07 17:57:05,3032.35,SETTLED,B20260907-6
S904892,T105211,2026-09-07 09:38:59,206.27,SETTLED,B20260907-4
S904893,T105212,2026-09-07 12:59:18,384356.49,SETTLED,B20260907-3
S904894,T105213,2026-09-07 12:46:35,315092.81,SETTLED,B20260907-6
S904895,T105214,2026-09-07 10:01:37,2825.55,SETTLED,B20260907-5
S904896,T105215,2026-09-07 19:31:02,1743.72,SETTLED,B20260907-3
S904897,T105215,2026-09-07 19:42:02,435.93,SETTLED,B20260907-5
S904898,T105216,2026-09-07 15:34:34,189579.26,PENDING,B20260907-5
S904899,T105216,2026-09-07 15:43:34,47394.82,SETTLED,B20260907-3
S904900,T105217,2026-09-07 20:30:56,206146.35,SETTLED,B20260907-4
S904901,T105218,2026-09-07 13:10:03,65897.96,SETTLED,B20260907-1
S904902,T105219,2026-09-07 17:26:30,69187.04,SETTLED,B20260907-4
S904903,T105220,2026-09-07 09:19:45,977.30,SETTLED,B20260907-2
S904904,T105221,2026-09-07 17:37:38,135661.64,SETTLED,B20260907-1
S904905,T105222,2026-09-07 07:28:07,143903.62,SETTLED,B20260907-1
S904906,T105223,2026-09-07 18:07:28,31707.81,SETTLED,B20260907-4
S904907,T105224,2026-09-07 13:17:36,4145.67,SETTLED,B20260907-3
S904908,T105225,2026-09-07 13:48:43,1846.52,PENDING,B20260907-1
S904909,T105226,2026-09-07 14:42:16,41309.32,SETTLED,B20260907-3
S904910,T105227,2026-09-07 17:44:36,1988.80,SETTLED,B20260907-3
S904911,T105228,2026-09-07 11:58:35,2142.96,SETTLED,B20260907-3
S904912,T105229,2026-09-07 17:30:07,54317.08,SETTLED,B20260907-1
S904913,T105230,2026-09-07 16:31:07,74442.94,SETTLED,B20260907-2
S904914,T105231,2026-09-07 12:26:24,3552.70,SETTLED,B20260907-3
S904915,T105232,2026-09-07 06:35:53,3038.19,SETTLED,B20260907-2
S904916,T105233,2026-09-07 17:34:47,420.18,SETTLED,B20260907-2
S904917,T105234,2026-09-08 01:18:14,2522.28,SETTLED,B20260908-2
S904918,T105236,2026-09-07 11:51:26,154661.53,SETTLED,B20260907-2
S904919,T105237,2026-09-07 14:43:10,3980.61,SETTLED,B20260907-6
S904920,T105238,2026-09-07 10:21:13,2177.06,SETTLED,B20260907-4
S904921,T105238,2026-09-07 10:27:13,544.27,SETTLED,B20260907-6
S904922,T105239,2026-09-07 12:15:27,1438.55,SETTLED,B20260907-1
S904923,T105240,2026-09-07 16:41:59,1614.37,SETTLED,B20260907-4
S904924,T105241,2026-09-07 07:35:33,35395.68,SETTLED,B20260907-1
S904925,T105241,2026-09-07 07:41:33,8848.92,SETTLED,B20260907-5
S904926,T105242,2026-09-07 16:15:05,223224.64,SETTLED,B20260907-1
S904927,T105243,2026-09-07 21:29:37,3646.47,SETTLED,B20260907-1
S904928,T105244,2026-09-07 11:48:20,1498.42,SETTLED,B20260907-6
S904929,T105245,2026-09-07 06:10:20,13279.09,SETTLED,B20260907-5
S904930,T105246,2026-09-07 10:57:25,41941.89,SETTLED,B20260907-6
S904931,T105247,2026-09-07 23:12:12,393446.93,SETTLED,B20260907-1
S904932,T105248,2026-09-07 20:58:24,332744.28,SETTLED,B20260907-2
S904933,T105249,2026-09-07 16:17:58,5221.08,SETTLED,B20260907-4
S904934,T105250,2026-09-07 22:16:51,14710.86,SETTLED,B20260907-6
S904935,T105250,2026-09-07 22:26:51,3677.71,SETTLED,B20260907-2
S904936,T105251,2026-09-07 14:24:11,321027.62,SETTLED,B20260907-3
S904937,T105252,2026-09-07 18:07:37,9856.75,SETTLED,B20260907-3
S904938,T105253,2026-09-07 08:21:45,18422.71,SETTLED,B20260907-3
S904939,T105253,2026-09-07 08:32:45,4605.68,SETTLED,B20260907-2
S904940,T105255,2026-09-07 16:24:14,367205.21,SETTLED,B20260907-3
S904941,T105256,2026-09-07 18:23:35,27751.05,SETTLED,B20260907-3
S904942,T105257,2026-09-07 08:27:35,2086.51,SETTLED,B20260907-2
S904943,T105258,2026-09-07 21:43:26,40920.02,SETTLED,B20260907-6
S904944,T105259,2026-09-07 09:08:56,121988.52,SETTLED,B20260907-6
S904945,T105261,2026-09-07 17:42:33,17764.34,SETTLED,B20260907-2
S904946,T105262,2026-09-07 17:52:05,75547.91,SETTLED,B20260907-4
S904947,T105263,2026-09-07 20:21:48,1829.05,SETTLED,B20260907-2
S904948,T105264,2026-09-07 21:15:59,274734.34,SETTLED,B20260907-5
S904949,T105265,2026-09-07 15:12:47,175636.76,SETTLED,B20260907-6
S904950,T105267,2026-09-07 14:34:44,17715.17,SETTLED,B20260907-6
S904951,T105269,2026-09-07 09:30:19,11277.65,SETTLED,B20260907-3
S904952,T105270,2026-09-07 07:11:32,306814.11,SETTLED,B20260907-3
S904953,T105272,2026-09-07 19:27:39,1338.46,SETTLED,B20260907-2
S904954,T105273,2026-09-07 11:57:56,1826.83,SETTLED,B20260907-3
S904955,T105274,2026-09-07 15:31:56,2652.81,SETTLED,B20260907-3
S904956,T105275,2026-09-07 10:24:34,52288.35,SETTLED,B20260907-2
S904957,T105276,2026-09-07 18:33:05,3458.81,SETTLED,B20260907-2
S904958,T105277,2026-09-07 16:50:40,252571.01,SETTLED,B20260907-6
S904959,T105278,2026-09-07 21:25:14,314336.95,SETTLED,B20260907-6
S904960,T105279,2026-09-07 21:24:51,1403.25,SETTLED,B20260907-4
S904961,T105279,2026-09-07 21:32:51,350.81,SETTLED,B20260907-2
S904962,T105281,2026-09-07 08:37:04,858.28,SETTLED,B20260907-6
S904963,T105282,2026-09-07 17:25:45,136348.36,SETTLED,B20260907-5
S904964,T105283,2026-09-07 20:04:41,49413.80,SETTLED,B20260907-6
S904965,T105284,2026-09-07 11:12:35,320458.16,SETTLED,B20260907-6
S904966,T105285,2026-09-07 19:58:55,249160.59,SETTLED,B20260907-3
S904967,T105286,2026-09-07 21:10:41,196411.91,SETTLED,B20260907-5
S904968,T105287,2026-09-07 20:34:53,404.66,SETTLED,B20260907-1
S904969,T105288,2026-09-07 22:45:05,42135.01,SETTLED,B20260907-4
S904970,T105290,2026-09-07 17:49:11,147347.50,SETTLED,B20260907-3
S904971,T105291,2026-09-07 15:17:21,2046.62,SETTLED,B20260907-4
S904972,T105292,2026-09-07 08:25:07,52868.58,SETTLED,B20260907-3
S904973,T105293,2026-09-07 09:24:14,392133.98,SETTLED,B20260907-6
S904974,T105294,2026-09-07 21:47:00,17300.00,SETTLED,B20260907-3
S904975,T105295,2026-09-07 11:52:14,105911.86,SETTLED,B20260907-4
S904976,T105296,2026-09-07 16:44:26,372.74,SETTLED,B20260907-1
S904977,T105297,2026-09-07 09:18:53,17197.71,SETTLED,B20260907-5
S904978,T105298,2026-09-07 11:24:58,3549.81,SETTLED,B20260907-6
S904979,T105299,2026-09-07 19:50:39,1644.92,SETTLED,B20260907-3
S904980,T105300,2026-09-07 16:32:37,108203.76,SETTLED,B20260907-5
S904981,T105301,2026-09-07 21:46:10,379246.90,SETTLED,B20260907-1
S904982,T105302,2026-09-07 12:58:25,2468.91,SETTLED,B20260907-5
S904983,T105303,2026-09-07 20:27:09,1729.95,SETTLED,B20260907-3
S904984,T105304,2026-09-07 07:40:27,55266.03,SETTLED,B20260907-2
S904985,T105305,2026-09-07 11:23:03,606.72,SETTLED,B20260907-2
S904986,T105306,2026-09-07 17:53:10,67382.42,SETTLED,B20260907-6
S904987,T105306,2026-09-07 18:02:10,16845.61,SETTLED,B20260907-4
S904988,T105307,2026-09-07 21:14:47,54644.76,SETTLED,B20260907-2
S904989,T105308,2026-09-07 07:10:50,189684.28,SETTLED,B20260907-1
S904990,T105309,2026-09-07 22:10:33,1390.01,PENDING,B20260907-3
S904991,T105311,2026-09-07 17:24:12,224152.86,SETTLED,B20260907-6
S904992,T105313,2026-09-07 11:49:56,102839.76,SETTLED,B20260907-6
S904993,T105314,2026-09-07 23:01:43,-37426.07,SETTLED,B20260907-2
S904994,T105315,2026-09-07 17:27:38,917.87,SETTLED,B20260907-6
S904995,T105316,2026-09-07 12:58:09,5100.89,SETTLED,B20260907-2
S904996,T105317,2026-09-07 17:46:54,2973.30,SETTLED,B20260907-3
S904997,T105319,2026-09-07 18:52:27,248158.24,SETTLED,B20260907-3
S904998,T105320,2026-09-07 14:43:36,4194.94,FAILED,B20260907-6
S904999,T105320,2026-09-07 14:49:36,1048.74,SETTLED,B20260907-5
S905000,T105321,2026-09-07 14:18:40,367048.53,SETTLED,B20260907-4
S905001,T105323,2026-09-07 15:39:00,169416.81,SETTLED,B20260907-6
S905002,T105323,2026-09-07 15:46:00,42354.20,SETTLED,B20260907-4
S905003,T105324,2026-09-07 13:04:29,28317.15,SETTLED,B20260907-5
S905004,T105325,2026-09-07 07:15:08,33986.98,SETTLED,B20260907-3
S905005,T105326,2026-09-07 09:20:19,376602.35,SETTLED,B20260907-3
S905006,T105327,2026-09-07 12:34:42,209051.27,SETTLED,B20260907-4
S905007,T105328,2026-09-07 11:28:44,7361.73,SETTLED,B20260907-6
S905008,T105329,2026-09-07 12:11:53,46897.92,SETTLED,B20260907-1
S905009,T105331,2026-09-07 14:37:52,50444.85,SETTLED,B20260907-5
S905010,T105332,2026-09-07 22:45:51,340937.41,SETTLED,B20260907-3
S905011,T105333,2026-09-07 21:49:21,1197.51,SETTLED,B20260907-1
S905012,T105334,2026-09-07 14:51:37,371687.29,SETTLED,B20260907-2
S905013,T105336,2026-09-07 18:39:01,41532.55,PENDING,B20260907-6
S905014,T105337,2026-09-07 18:39:06,3283.94,SETTLED,B20260907-5
S905015,T105338,2026-09-07 12:17:54,273715.99,SETTLED,B20260907-5
S905016,T105339,2026-09-07 20:25:25,190589.61,SETTLED,B20260907-2
S905017,T105341,2026-09-07 16:21:00,107906.44,SETTLED,B20260907-3
S905018,T105342,2026-09-07 13:41:19,3193.07,SETTLED,B20260907-3
S905019,T105342,2026-09-07 13:46:19,798.27,SETTLED,B20260907-5
S905020,T105343,2026-09-07 23:23:07,27023.37,SETTLED,B20260907-3
S905021,T105344,2026-09-07 20:22:32,30577.30,SETTLED,B20260907-3
S905022,T105345,2026-09-07 12:07:49,40522.46,SETTLED,B20260907-6
S905023,T105346,2026-09-07 18:37:43,29840.84,SETTLED,B20260907-2
S905024,T105347,2026-09-07 11:41:43,231641.44,SETTLED,B20260907-5
S905025,T105348,2026-09-07 12:11:16,105991.00,SETTLED,B20260907-6
S905026,T105349,2026-09-07 19:20:10,57180.32,SETTLED,B20260907-4
S905027,T105350,2026-09-08 13:27:54,752.57,SETTLED,B20260908-2
S905028,T105352,2026-09-07 20:42:25,271843.64,SETTLED,B20260907-6
S905029,T105353,2026-09-07 22:07:20,3354.40,SETTLED,B20260907-5
S905030,T105354,2026-09-07 14:25:55,43427.93,SETTLED,B20260907-5
S905031,T105355,2026-09-07 16:49:37,566.86,SETTLED,B20260907-2
S905032,T105356,2026-09-07 12:11:42,354050.58,SETTLED,B20260907-2
S905033,T105357,2026-09-07 07:07:46,62694.49,SETTLED,B20260907-6
S905034,T105358,2026-09-07 15:54:31,821.05,SETTLED,B20260907-5
S905035,T105359,2026-09-07 20:14:58,2121.95,SETTLED,B20260907-6
S905036,T105360,2026-09-07 17:53:22,3608.83,SETTLED,B20260907-1
S905037,T105361,2026-09-07 08:35:11,31695.09,SETTLED,B20260907-4
S905038,T105362,2026-09-07 14:28:37,156462.72,SETTLED,B20260907-1
S905039,T105363,2026-09-07 09:42:29,9934.87,SETTLED,B20260907-1
S905040,T105364,2026-09-07 12:38:42,2594.13,SETTLED,B20260907-3
S905041,T105364,2026-09-07 12:44:42,648.53,SETTLED,B20260907-2
S905042,T105365,2026-09-07 09:11:48,39835.79,SETTLED,B20260907-6
S905043,T105366,2026-09-07 22:13:09,321912.36,SETTLED,B20260907-5
S905044,T105367,2026-09-07 22:08:50,49695.82,SETTLED,B20260907-4
S905045,T105368,2026-09-07 21:43:38,2595.82,SETTLED,B20260907-5
S905046,T105369,2026-09-07 12:53:03,247430.44,SETTLED,B20260907-4
S905047,T105370,2026-09-07 08:34:13,521.40,SETTLED,B20260907-1
S905048,T105371,2026-09-07 17:32:51,7564.93,PENDING,B20260907-3
S905049,T105372,2026-09-07 11:25:57,89576.72,SETTLED,B20260907-1
S905050,T105373,2026-09-07 19:48:24,2155.71,SETTLED,B20260907-3
S905051,T105374,2026-09-07 07:44:24,406.21,SETTLED,B20260907-3
S905052,T105375,2026-09-07 20:04:31,20128.70,SETTLED,B20260907-4
S905053,T105376,2026-09-07 07:59:32,949.85,SETTLED,B20260907-5
S905054,T105376,2026-09-07 08:06:32,237.46,SETTLED,B20260907-4
S905055,T105377,2026-09-07 22:41:18,2248.70,SETTLED,B20260907-2
S905056,T105378,2026-09-07 10:41:55,41107.61,SETTLED,B20260907-6
S905057,T105379,2026-09-08 03:27:06,12535.14,FAILED,B20260908-6
S905058,T105380,2026-09-07 15:49:45,14449.50,SETTLED,B20260907-5
S905059,T105381,2026-09-07 18:01:49,82396.80,SETTLED,B20260907-4
S905060,T105382,2026-09-07 06:20:12,309242.00,SETTLED,B20260907-2
S905061,T105382,2026-09-07 06:25:12,77310.50,SETTLED,B20260907-5
S905062,T105383,2026-09-07 06:24:57,1721.00,SETTLED,B20260907-6
S905063,T105384,2026-09-07 15:15:56,3546.43,SETTLED,B20260907-1
S905064,T105385,2026-09-07 10:11:48,3732.20,SETTLED,B20260907-2
S905065,T105386,2026-09-07 21:18:54,39906.32,SETTLED,B20260907-3
S905066,T105387,2026-09-07 19:06:01,200879.00,SETTLED,B20260907-5
S905067,T105388,2026-09-07 20:15:06,13310.76,SETTLED,B20260907-6
S905068,T105389,2026-09-07 09:20:13,49053.60,SETTLED,B20260907-5
S905069,T105390,2026-09-07 17:22:19,384039.31,SETTLED,B20260907-6
S905070,T105391,2026-09-07 14:31:51,134836.60,SETTLED,B20260907-4
S905071,T105392,2026-09-07 07:21:19,165328.97,FAILED,B20260907-3
S905072,T105393,2026-09-07 08:05:33,189537.02,SETTLED,B20260907-6
S905073,T105395,2026-09-07 08:56:31,6110.87,SETTLED,B20260907-4
S905074,T105396,2026-09-07 12:02:31,285108.27,SETTLED,B20260907-1
S905075,T105397,2026-09-07 11:31:52,33601.18,SETTLED,B20260907-5
S905076,T105397,2026-09-07 11:39:52,8400.29,SETTLED,B20260907-4
S905077,T105398,2026-09-07 20:04:03,2995.79,SETTLED,B20260907-4
S905078,T105401,2026-09-07 12:26:06,31267.17,SETTLED,B20260907-1
S905079,T105402,2026-09-07 22:26:32,2118.33,SETTLED,B20260907-1
S905080,T105403,2026-09-07 16:10:52,2257.31,SETTLED,B20260907-4
S905081,T105404,2026-09-07 18:56:01,2280.60,SETTLED,B20260907-5
S905082,T105406,2026-09-07 18:02:33,130405.05,SETTLED,B20260907-5
S905083,T105406,2026-09-07 18:14:33,32601.26,SETTLED,B20260907-1
S905084,T105407,2026-09-07 21:02:35,166692.03,SETTLED,B20260907-3
S905085,T105408,2026-09-07 17:11:00,30189.98,SETTLED,B20260907-3
S905086,T105409,2026-09-07 11:55:27,236925.48,SETTLED,B20260907-3
S905087,T105410,2026-09-07 15:54:52,898.74,SETTLED,B20260907-5
S905088,T105411,2026-09-07 09:30:56,373357.11,SETTLED,B20260907-3
S905089,T105412,2026-09-07 06:44:48,367612.42,SETTLED,B20260907-3
S905090,T105414,2026-09-07 06:38:23,44206.76,SETTLED,B20260907-6
S905091,T105417,2026-09-07 10:59:27,58764.09,SETTLED,B20260907-2
S905092,T105419,2026-09-07 15:24:29,1221.77,SETTLED,B20260907-3
S905093,T105420,2026-09-07 10:01:31,12124.42,SETTLED,B20260907-5
S905094,T105421,2026-09-07 06:33:22,3197.68,SETTLED,B20260907-4
S905095,T105422,2026-09-07 15:23:49,3854.38,SETTLED,B20260907-2
S905096,T105423,2026-09-07 08:17:41,2507.09,SETTLED,B20260907-5
S905097,T105425,2026-09-07 15:09:22,13858.20,SETTLED,B20260907-2
S905098,T105426,2026-09-07 19:22:44,336072.72,SETTLED,B20260907-2
S905099,T105428,2026-09-07 18:41:04,3682.29,SETTLED,B20260907-5
S905100,T105430,2026-09-07 20:09:39,118252.63,SETTLED,B20260907-4
S905101,T105431,2026-09-07 13:09:18,2855.23,SETTLED,B20260907-1
S905102,T105432,2026-09-07 19:41:08,2226.44,SETTLED,B20260907-3
S905103,T105433,2026-09-07 14:40:02,43343.20,SETTLED,B20260907-3
S905104,T105433,2026-09-07 14:52:02,10835.80,SETTLED,B20260907-5
S905105,T105434,2026-09-07 16:57:24,3800.48,SETTLED,B20260907-5
S905106,T105435,2026-09-07 20:08:09,1207.37,SETTLED,B20260907-3
S905107,T105436,2026-09-07 11:31:57,275159.18,SETTLED,B20260907-6
S905108,T105436,2026-09-07 11:32:57,68789.80,SETTLED,B20260907-4
S905109,T105437,2026-09-08 04:30:38,53177.80,SETTLED,B20260908-5
S905110,T105438,2026-09-07 21:08:11,52705.59,SETTLED,B20260907-6
S905111,T105439,2026-09-07 10:14:04,1418.43,SETTLED,B20260907-3
S905112,T105440,2026-09-07 12:44:19,8752.71,SETTLED,B20260907-4
S905113,T105441,2026-09-08 11:27:42,3420.24,SETTLED,B20260908-5
S905114,T105442,2026-09-07 10:13:17,95147.92,SETTLED,B20260907-4
S905115,T105444,2026-09-07 16:46:43,18731.10,SETTLED,B20260907-5
S905116,T105445,2026-09-07 10:43:14,697.03,SETTLED,B20260907-6
S905117,T105446,2026-09-07 09:44:01,317987.62,SETTLED,B20260907-5
S905118,T105447,2026-09-07 22:24:31,212006.16,SETTLED,B20260907-1
S905119,T105448,2026-09-07 09:14:52,2489.40,SETTLED,B20260907-2
S905120,T105449,2026-09-07 13:27:11,353983.57,SETTLED,B20260907-2
S905121,T105450,2026-09-07 07:25:16,119471.68,PENDING,B20260907-4
S905122,T105451,2026-09-07 20:49:04,15748.11,SETTLED,B20260907-3
S905123,T105452,2026-09-07 07:38:41,10603.35,SETTLED,B20260907-6
S905124,T105453,2026-09-07 19:27:56,3113.40,SETTLED,B20260907-6
S905125,T105454,2026-09-07 14:43:04,137726.96,SETTLED,B20260907-1
S905126,T105455,2026-09-07 10:19:10,342921.25,SETTLED,B20260907-4
S905127,T105457,2026-09-07 16:58:47,42118.10,SETTLED,B20260907-1
S905128,T105458,2026-09-07 13:29:01,970.60,SETTLED,B20260907-5
S905129,T105459,2026-09-07 09:32:43,2337.03,SETTLED,B20260907-3
S905130,T105460,2026-09-07 18:20:15,118797.89,SETTLED,B20260907-1
S905131,T105461,2026-09-07 10:28:21,393756.84,SETTLED,B20260907-2
S905132,T105462,2026-09-08 19:05:16,54597.13,SETTLED,B20260908-3
S905133,T105463,2026-09-07 08:46:45,17401.29,SETTLED,B20260907-2
S905134,T105464,2026-09-07 10:10:50,901.40,SETTLED,B20260907-2
S905135,T105465,2026-09-07 21:45:03,1026.12,SETTLED,B20260907-2
S905136,T105465,2026-09-07 21:46:03,256.53,SETTLED,B20260907-3
S905137,T105468,2026-09-07 19:32:36,150.43,SETTLED,B20260907-5
S905138,T105469,2026-09-07 13:39:22,42637.57,SETTLED,B20260907-5
S905139,T105470,2026-09-07 13:34:02,1563.06,PENDING,B20260907-4
S905140,T105471,2026-09-07 18:16:32,135778.08,SETTLED,B20260907-6
S905141,T105471,2026-09-07 18:19:32,33944.52,SETTLED,B20260907-1
S905142,T105472,2026-09-07 12:17:13,30333.58,SETTLED,B20260907-6
S905143,T105473,2026-09-07 22:09:39,154213.39,SETTLED,B20260907-2
S905144,T105474,2026-09-07 20:31:16,138736.20,SETTLED,B20260907-3
S905145,T105475,2026-09-07 23:38:01,101941.43,SETTLED,B20260907-5
S905146,T105476,2026-09-07 07:26:40,18515.68,SETTLED,B20260907-1
S905147,T105477,2026-09-07 17:31:55,42622.56,SETTLED,B20260907-3
S905148,T105477,2026-09-07 17:43:55,10655.64,SETTLED,B20260907-3
S905149,T105478,2026-09-07 18:17:25,146587.42,SETTLED,B20260907-1
S905150,T105480,2026-09-07 12:38:49,212687.17,SETTLED,B20260907-2
S905151,T105480,2026-09-07 12:48:49,53171.79,SETTLED,B20260907-6
S905152,T105481,2026-09-07 13:39:33,112281.13,SETTLED,B20260907-6
S905153,T105482,2026-09-07 16:56:21,3525.99,SETTLED,B20260907-3
S905154,T105483,2026-09-07 20:54:21,1882.41,SETTLED,B20260907-4
S905155,T105484,2026-09-07 18:36:32,10188.83,SETTLED,B20260907-5
S905156,T105485,2026-09-07 08:15:17,1574.38,SETTLED,B20260907-1
S905157,T105485,2026-09-07 08:27:17,393.60,SETTLED,B20260907-3
S905158,T105486,2026-09-07 22:52:47,1700.60,SETTLED,B20260907-1
S905159,T105486,2026-09-07 22:54:47,425.15,SETTLED,B20260907-1
S905160,T105487,2026-09-07 16:15:15,225540.71,SETTLED,B20260907-2
S905161,T105488,2026-09-07 20:00:35,41647.86,SETTLED,B20260907-3
S905162,T105489,2026-09-07 08:39:05,3093.37,SETTLED,B20260907-1
S905163,T105490,2026-09-07 14:49:52,316020.82,SETTLED,B20260907-3
S905164,T105491,2026-09-07 16:43:24,395251.62,SETTLED,B20260907-6
S905165,T105492,2026-09-07 16:43:23,52562.50,SETTLED,B20260907-1
S905166,T105494,2026-09-07 22:37:06,107128.71,SETTLED,B20260907-6
S905167,T105495,2026-09-07 16:26:35,233017.11,SETTLED,B20260907-6
S905168,T105498,2026-09-07 11:58:36,82130.85,SETTLED,B20260907-1
S905169,T105499,2026-09-07 21:47:02,32571.04,PENDING,B20260907-6
S905170,T105500,2026-09-07 20:18:17,69717.06,SETTLED,B20260907-2
S905171,T105501,2026-09-07 22:51:47,378.22,SETTLED,B20260907-2
S905172,T932089,2026-09-07 15:00:00,10033.74,SETTLED,B20260907-9
S905173,T921893,2026-09-07 15:00:00,4943.14,SETTLED,B20260907-9
S905174,T960567,2026-09-07 10:00:00,6109.26,SETTLED,B20260907-9
S905175,T947043,2026-09-07 14:00:00,15555.79,SETTLED,B20260907-9
