transaction_id,merchant_id,customer_id,transaction_ts,amount,currency,status,payment_channel
T100001,M1025,C57179,2026-09-01 10:45:43,93723.11,INR,SUCCESS,QR
T100002,M1025,C91687,2026-09-01 15:48:43,3894.34,INR,SUCCESS,POS
T100003,M1023,C93739,2026-09-01 10:52:41,20089.26,INR,SUCCESS,POS
T100004,M1011,C83823,2026-09-01 13:21:16,1556.27,INR,SUCCESS,POS
T100005,M1006,C92209,2026-09-01 19:19:11,190770.83,INR,SUCCESS,POS
T100006,M1016,C70326,2026-09-01 16:25:44,347550.22,INR,SUCCESS,POS
T100007,M1021,C83800,2026-09-01 09:31:49,1947.19,INR,FAILED,QR
T100008,M1029,C88532,2026-09-01 07:19:14,338020.83,INR,SUCCESS,QR
T100009,M1003,C59644,2026-09-01 20:16:13,5148.12,INR,SUCCESS,QR
T100010,M1029,C84082,2026-09-01 09:35:19,317873.23,INR,SUCCESS,ONLINE
T100011,M1013,C58753,2026-09-01 09:59:24,2243.20,INR,SUCCESS,QR
T100012,M1026,C67605,2026-09-01 19:40:45,341678.72,INR,SUCCESS,QR
T100013,M1005,C94234,2026-09-01 17:19:36,2286.87,INR,SUCCESS,POS
T100014,M1020,C59468,2026-09-01 19:08:39,24742.19,INR,SUCCESS,ONLINE
T100015,M1002,C66477,2026-09-01 12:12:00,860.83,INR,SUCCESS,POS
T100016,M1003,C80955,2026-09-01 11:35:24,2066.37,INR,SUCCESS,POS
T100017,M1018,C87239,2026-09-01 07:32:50,90943.82,INR,SUCCESS,ONLINE
T100018,M1010,C85707,2026-09-01 06:02:46,1658.91,INR,FAILED,POS
T100019,M1006,C79790,2026-09-01 17:23:32,853.36,INR,SUCCESS,ONLINE
T100020,M1001,C87146,2026-09-01 20:22:38,3853.30,INR,SUCCESS,ONLINE
T100021,M1000,C54618,2026-09-01 16:18:30,2957.99,INR,FAILED,QR
T100022,M1014,C88989,2026-09-01 21:30:19,34501.96,INR,SUCCESS,QR
T100023,M1013,C64882,2026-09-01 13:50:44,577.76,INR,SUCCESS,ONLINE
T100024,M1005,C52109,2026-09-01 11:00:00,48006.19,INR,SUCCESS,QR
T100025,M1008,C63124,2026-09-01 08:26:20,2479.57,INR,SUCCESS,POS
T100026,M1002,C71608,2026-09-01 19:40:05,209689.30,INR,SUCCESS,ONLINE
T100027,M1000,C59794,2026-09-01 21:26:23,369938.87,INR,SUCCESS,POS
T100028,M1020,C91896,2026-09-01 12:26:59,259450.76,INR,SUCCESS,QR
T100029,M1012,C98936,2026-09-01 22:33:35,179010.68,INR,SUCCESS,QR
T100030,M1018,C81100,2026-09-01 18:17:32,35890.22,INR,SUCCESS,POS
T100031,M1023,C58337,2026-09-01 17:07:58,282423.17,INR,SUCCESS,ONLINE
T100032,M1020,C71446,2026-09-01 15:08:59,227331.47,INR,REVERSED,POS
T100033,M1017,C58685,2026-09-01 15:29:49,1292.38,INR,SUCCESS,ONLINE
T100034,M1025,C96583,2026-09-01 18:08:49,372276.57,INR,SUCCESS,ONLINE
T100035,M1000,C92254,2026-09-01 21:59:03,2310.39,INR,SUCCESS,QR
T100036,M1012,C91333,2026-09-01 07:34:48,3396.91,INR,SUCCESS,QR
T100037,M1021,C78628,2026-09-01 18:09:44,398426.49,INR,REVERSED,ONLINE
T100038,M1003,C73054,2026-09-01 19:59:00,102893.57,INR,FAILED,QR
T100039,M1020,C90794,2026-09-01 16:58:42,169191.97,INR,SUCCESS,ONLINE
T100040,M1017,C88067,2026-09-01 21:07:23,351615.82,INR,SUCCESS,ONLINE
T100041,M1021,C92215,2026-09-01 09:53:46,188810.80,INR,SUCCESS,POS
T100042,M1020,C60989,2026-09-01 10:16:43,50855.52,INR,SUCCESS,POS
T100043,M1011,C69057,2026-09-01 12:36:18,1907.17,INR,SUCCESS,POS
T100044,M1005,C95559,2026-09-01 20:35:20,59283.98,INR,FAILED,QR
T100045,M1007,C90291,2026-09-01 10:03:57,19096.71,INR,SUCCESS,QR
T100046,M1018,C77197,2026-09-01 18:12:06,2532.77,INR,SUCCESS,POS
T100047,M1005,C61088,2026-09-01 06:31:07,31933.77,INR,SUCCESS,ONLINE
T100048,M1007,C86986,2026-09-01 09:22:48,3552.75,INR,REVERSED,QR
T100049,M1023,C86574,2026-09-01 22:02:58,1397.69,INR,SUCCESS,QR
T100050,M1025,C51368,2026-09-01 09:41:51,2435.18,INR,SUCCESS,QR
T100051,M1028,C94018,2026-09-01 16:17:01,23150.35,INR,SUCCESS,POS
T100052,M1000,C90671,2026-09-01 15:41:17,275201.06,INR,SUCCESS,ONLINE
T100053,M1011,C60809,2026-09-01 22:58:57,32821.23,INR,SUCCESS,ONLINE
T100054,M1017,C89854,2026-09-01 10:02:27,112922.24,INR,SUCCESS,ONLINE
T100055,M1015,C96660,2026-09-01 21:52:12,385772.99,INR,SUCCESS,ONLINE
T100056,M1021,C84489,2026-09-01 16:14:37,702.29,INR,SUCCESS,QR
T100057,M1003,C83610,2026-09-01 18:32:13,368287.46,INR,SUCCESS,QR
T100058,M1003,C82314,2026-09-01 20:29:39,52831.40,INR,SUCCESS,QR
T100059,M1002,C75534,2026-09-01 14:19:25,54825.31,INR,SUCCESS,POS
T100060,M1027,C69396,2026-09-01 12:20:42,13061.24,INR,SUCCESS,ONLINE
T100061,M1019,C80183,2026-09-01 10:37:06,118294.55,INR,SUCCESS,QR
T100062,M1028,C75928,2026-09-01 13:09:22,305815.47,INR,SUCCESS,POS
T100063,M1024,C56537,2026-09-01 11:02:03,54460.24,INR,SUCCESS,ONLINE
T100064,M1010,C64460,2026-09-01 19:57:51,1418.66,INR,SUCCESS,ONLINE
T100065,M1012,C98157,2026-09-01 14:16:42,2800.51,INR,SUCCESS,POS
T100066,M1029,C61864,2026-09-01 14:27:04,26818.72,INR,SUCCESS,ONLINE
T100067,M1015,C64818,2026-09-01 16:48:57,1732.79,INR,SUCCESS,QR
T100068,M1026,C53496,2026-09-01 15:00:18,2978.44,INR,SUCCESS,ONLINE
T100069,M1014,C62842,2026-09-01 07:31:51,1052.33,INR,SUCCESS,QR
T100070,M1012,C74276,2026-09-01 10:26:59,3664.04,INR,SUCCESS,POS
T100071,M1027,C53492,2026-09-01 06:58:26,46408.06,INR,SUCCESS,QR
T100072,M1017,C56659,2026-09-01 21:28:10,68008.50,INR,SUCCESS,ONLINE
T100073,M1006,C51914,2026-09-01 16:52:31,106164.05,INR,SUCCESS,QR
T100074,M1010,C71788,2026-09-01 07:40:08,263195.87,INR,SUCCESS,POS
T100075,M1020,C86931,2026-09-01 22:48:21,1209.71,INR,SUCCESS,POS
T100076,M1012,C86058,2026-09-01 15:31:39,12636.27,INR,SUCCESS,POS
T100077,M1010,C77550,2026-09-01 16:14:32,392713.06,INR,SUCCESS,POS
T100078,M1002,C97648,2026-09-01 19:13:20,154102.28,INR,SUCCESS,POS
T100079,M1025,C71103,2026-09-01 07:45:26,3549.08,INR,SUCCESS,POS
T100080,M1016,C59047,2026-09-01 16:30:35,73389.20,INR,SUCCESS,QR
T100081,M1009,C57892,2026-09-01 16:30:13,29820.26,INR,SUCCESS,QR
T100082,M1006,C97358,2026-09-01 07:28:09,15924.48,INR,SUCCESS,POS
T100083,M1000,C84725,2026-09-01 09:01:33,3034.12,INR,SUCCESS,POS
T100084,M1023,C70694,2026-09-01 06:45:19,33637.63,INR,SUCCESS,POS
T100085,M1016,C55784,2026-09-01 16:33:38,966.40,INR,SUCCESS,QR
T100086,M1016,C88011,2026-09-01 21:00:12,6338.62,INR,SUCCESS,ONLINE
T100087,M1029,C80838,2026-09-01 14:34:01,2624.62,INR,SUCCESS,POS
T100088,M1026,C75352,2026-09-01 15:32:33,5943.65,INR,SUCCESS,POS
T100089,M1022,C86167,2026-09-01 21:07:21,3674.12,INR,SUCCESS,QR
T100090,M1010,C55514,2026-09-01 11:57:39,1811.16,INR,SUCCESS,POS
T100091,M1024,C71542,2026-09-01 20:01:57,43833.84,INR,SUCCESS,POS
T100092,M1027,C76425,2026-09-01 17:14:03,1704.92,INR,SUCCESS,QR
T100093,M1019,C59803,2026-09-01 19:29:03,364469.95,INR,SUCCESS,QR
T100094,M1005,C96548,2026-09-01 22:09:01,3573.40,INR,FAILED,POS
T100095,M1000,C84990,2026-09-01 06:07:47,46034.49,INR,SUCCESS,ONLINE
T100096,M1014,C61095,2026-09-01 17:16:56,39961.35,INR,SUCCESS,ONLINE
T100097,M1024,C59392,2026-09-01 12:00:20,111122.02,INR,SUCCESS,ONLINE
T100098,M1018,C83480,2026-09-01 14:14:24,26656.68,INR,SUCCESS,POS
T100099,M1003,C84938,2026-09-01 11:36:45,60368.33,INR,SUCCESS,QR
T100100,M1021,C83203,2026-09-01 11:23:24,8878.06,,SUCCESS,POS
T100101,M1009,C59715,2026-09-01 09:31:13,1883.21,INR,SUCCESS,QR
T100102,M1029,C52411,2026-09-01 11:22:23,23011.92,INR,SUCCESS,QR
T100103,M1005,C95097,2026-09-01 17:00:03,3432.83,INR,FAILED,POS
T100104,M1018,C72911,2026-09-01 19:02:56,1520.12,INR,SUCCESS,QR
T100105,M1009,C72904,2026-09-01 18:32:10,2431.18,INR,SUCCESS,QR
T100106,M1012,C78127,2026-09-01 18:33:58,30006.88,INR,SUCCESS,QR
T100107,M1011,C86953,2026-09-01 07:54:33,42503.08,INR,SUCCESS,ONLINE
T100108,M1014,C82592,2026-09-01 11:41:19,6502.99,INR,SUCCESS,ONLINE
T100109,,C95410,2026-09-01 06:28:59,10946.20,INR,SUCCESS,QR
T100110,M1024,C98904,2026-09-01 22:33:11,773.82,INR,SUCCESS,QR
T100111,M1019,C56496,2026-09-01 21:59:57,2943.22,INR,SUCCESS,ONLINE
T100112,M1010,C97784,2026-09-01 13:08:11,5060.25,INR,SUCCESS,QR
T100113,M1007,C70846,2026-09-01 07:19:35,96007.69,INR,SUCCESS,POS
T100114,M1017,C61287,2026-09-01 17:09:30,105825.85,INR,SUCCESS,QR
T100115,M1000,C50932,2026-09-01 22:52:47,108362.30,INR,SUCCESS,POS
T100116,M1001,C50895,2026-09-01 07:57:18,288479.43,INR,SUCCESS,ONLINE
T100117,M1018,C75936,2026-09-01 06:44:10,32828.13,INR,SUCCESS,ONLINE
T100118,M1024,C76088,2026-09-01 11:13:02,42872.51,INR,SUCCESS,QR
T100119,M1008,C97804,2026-09-01 09:58:28,337811.59,INR,REVERSED,POS
T100120,M1006,C62143,2026-09-01 16:50:40,163366.35,INR,SUCCESS,POS
T100121,M1015,C92829,2026-09-01 11:12:38,1669.26,INR,SUCCESS,ONLINE
T100122,M1022,C61814,2026-09-01 11:02:37,2639.98,INR,FAILED,QR
T100123,M1017,C83233,2026-09-01 09:24:30,1778.34,INR,SUCCESS,ONLINE
T100124,M1017,C83895,2026-09-01 07:07:18,241878.14,INR,SUCCESS,QR
T100125,M1005,C86820,2026-09-01 17:35:41,162430.92,INR,SUCCESS,QR
T100126,M1023,C61769,2026-09-01 07:15:32,18409.06,INR,SUCCESS,POS
T100127,M1021,C74981,2026-09-01 20:16:46,1170.67,INR,SUCCESS,ONLINE
T100128,M1028,C60561,2026-09-01 20:07:40,42120.05,INR,FAILED,ONLINE
T100129,M1008,C87422,2026-09-01 09:15:09,110107.89,INR,SUCCESS,POS
T100130,M1024,C99845,2026-09-01 07:08:35,22776.06,INR,SUCCESS,QR
T100131,M1008,C75352,2026-09-01 12:42:39,1791.78,INR,SUCCESS,ONLINE
T100132,M1027,C88582,2026-09-01 10:29:25,214962.85,INR,SUCCESS,POS
T100133,M1025,C97620,2026-09-01 21:43:13,16767.30,INR,SUCCESS,POS
T100134,M1015,C79114,2026-09-01 21:59:17,31685.05,INR,SUCCESS,QR
T100135,M1002,C58734,2026-09-01 21:32:55,2996.60,INR,SUCCESS,QR
T100136,M1028,C81804,2026-09-01 14:27:27,333251.81,INR,SUCCESS,ONLINE
T100137,M1012,C59745,2026-09-01 18:23:28,1168.35,INR,SUCCESS,QR
T100138,M1014,C79027,2026-09-01 15:40:22,383765.90,INR,SUCCESS,POS
T100139,M1001,C67532,2026-09-01 18:07:17,47976.15,INR,SUCCESS,ONLINE
T100140,M1008,C70288,2026-09-01 16:08:25,534.45,INR,SUCCESS,QR
T100141,M1028,C53458,2026-09-01 19:44:42,42204.82,INR,SUCCESS,ONLINE
T100142,M1007,C90423,2026-09-01 12:04:20,34762.79,INR,SUCCESS,ONLINE
T100143,M1027,C92667,2026-09-01 10:33:23,1939.00,INR,SUCCESS,ONLINE
T100144,M1013,C57281,2026-09-01 14:34:09,148810.69,INR,SUCCESS,QR
T100145,M1027,C79408,2026-09-01 16:41:39,3161.18,INR,SUCCESS,POS
T100146,M1014,C71937,2026-09-01 09:08:58,965.95,INR,SUCCESS,POS
T100147,M1007,C53937,2026-09-01 21:31:13,21224.28,INR,SUCCESS,ONLINE
T100148,M1015,C91302,2026-09-01 10:24:02,20331.66,INR,FAILED,ONLINE
T100149,M1009,C95805,2026-09-01 10:57:09,168137.34,INR,SUCCESS,QR
T100150,M1017,C96312,2026-09-01 22:50:12,59918.19,INR,SUCCESS,ONLINE
T100151,M1024,C54609,2026-09-01 22:56:20,1872.83,INR,SUCCESS,QR
T100152,M1023,C70090,2026-09-01 16:02:15,2102.75,INR,SUCCESS,ONLINE
T100153,M1012,C98832,2026-09-01 06:18:33,373854.97,INR,SUCCESS,QR
T100154,M1019,C78258,2026-09-01 07:29:38,82414.75,INR,SUCCESS,ONLINE
T100155,M1018,C65894,2026-09-01 17:16:19,46694.36,INR,SUCCESS,POS
T100156,M1029,C79890,2026-09-01 17:42:34,47113.85,INR,SUCCESS,QR
T100157,M1002,C63243,2026-09-01 09:11:36,42947.75,INR,SUCCESS,ONLINE
T100158,M1005,C92804,2026-09-01 20:12:21,141248.58,INR,SUCCESS,QR
T100159,M1009,C61654,2026-09-01 07:12:49,170131.32,INR,FAILED,ONLINE
T100160,M1005,C81263,2026-09-01 22:46:27,1132.66,INR,SUCCESS,QR
T100161,M1005,C51674,2026-09-01 19:12:05,59950.06,INR,SUCCESS,QR
T100162,M1011,C75126,2026-09-01 06:10:45,309881.91,INR,SUCCESS,QR
T100163,M1013,C79166,2026-09-01 15:17:00,214514.72,INR,SUCCESS,QR
T100164,M1015,C79635,2026-09-01 15:15:10,32538.54,INR,SUCCESS,POS
T100165,M1021,C92713,2026-09-01 10:57:02,56857.74,INR,SUCCESS,POS
T100166,M1028,C52880,2026-09-01 07:06:36,356765.17,INR,SUCCESS,QR
T100167,M1010,C99604,2026-09-01 22:15:07,147220.31,INR,SUCCESS,QR
T100168,M1009,C57044,2026-09-01 16:32:11,51754.14,INR,SUCCESS,QR
T100169,M1007,C51406,2026-09-01 10:54:36,225877.12,INR,SUCCESS,QR
T100170,M1027,C80529,2026-09-01 13:30:42,76587.93,INR,SUCCESS,ONLINE
T100171,M1019,C84767,2026-09-01 20:34:19,70952.35,INR,SUCCESS,ONLINE
T100172,M1006,C91327,2026-09-01 08:43:56,8379.28,INR,SUCCESS,POS
T100173,M1015,C66756,2026-09-01 15:51:25,139238.41,INR,SUCCESS,QR
T100174,M1028,C87214,2026-09-01 06:58:45,2082.08,INR,SUCCESS,QR
T100175,M1002,C55508,2026-09-01 17:00:05,365357.35,INR,SUCCESS,ONLINE
T100176,M1006,C61559,2026-09-01 10:44:55,10520.71,INR,SUCCESS,POS
T100177,M1022,C63131,2026-09-01 20:48:44,302612.81,INR,SUCCESS,QR
T100178,M1010,C75964,2026-09-01 09:26:52,327723.79,INR,SUCCESS,ONLINE
T100179,M1004,C86760,2026-09-01 08:38:27,272195.65,INR,SUCCESS,POS
T100180,M1022,C83433,2026-09-01 19:11:14,282182.66,INR,FAILED,ONLINE
T100181,M1020,C82014,2026-09-01 19:19:12,47847.44,INR,SUCCESS,POS
T100182,M1009,C91906,2026-09-01 08:17:13,23197.36,INR,SUCCESS,ONLINE
T100183,M1017,C79653,2026-09-01 15:05:23,48222.96,INR,SUCCESS,ONLINE
T100184,M1013,C80926,2026-09-01 07:50:14,2482.37,INR,FAILED,POS
T100185,M1018,C73248,2026-09-01 07:31:50,56914.71,INR,SUCCESS,POS
T100186,M1023,C84789,2026-09-01 07:09:04,2819.96,INR,SUCCESS,POS
T100187,M1028,C77988,2026-09-01 07:32:50,757.55,INR,SUCCESS,ONLINE
T100188,M1015,C73866,2026-09-01 19:22:52,3580.23,INR,FAILED,POS
T100189,M1027,C72407,2026-09-01 10:44:48,17206.13,INR,FAILED,QR
T100190,M1006,C83868,2026-09-01 12:47:30,16112.31,INR,FAILED,ONLINE
T100191,M1012,C51238,2026-09-01 13:36:20,134788.94,INR,SUCCESS,POS
T100192,M1012,C57907,2026-09-01 17:29:22,51763.10,INR,FAILED,POS
T100193,M1020,C91196,2026-09-01 10:15:18,187700.22,INR,FAILED,POS
T100194,M1026,C96481,2026-09-01 13:10:33,158794.30,INR,SUCCESS,ONLINE
T100195,M1015,C52240,2026-09-01 07:04:24,58634.24,INR,SUCCESS,POS
T100196,M1001,C63762,2026-09-01 06:37:17,3216.10,INR,SUCCESS,ONLINE
T100197,M1026,C84617,2026-09-01 17:34:51,2035.11,INR,SUCCESS,ONLINE
T100198,M1001,C83097,2026-09-01 14:01:53,2005.18,INR,SUCCESS,QR
T100199,M1025,C65686,2026-09-01 09:31:33,1462.50,INR,SUCCESS,POS
T100200,M1022,C87973,2026-09-01 07:29:44,158899.46,INR,SUCCESS,QR
T100201,M1001,C89700,2026-09-01 18:19:44,128173.34,INR,SUCCESS,ONLINE
T100202,M1021,C79242,2026-09-01 06:25:19,1359.42,INR,SUCCESS,ONLINE
T100203,M1014,C74240,2026-09-01 18:56:05,1272.84,INR,SUCCESS,QR
T100204,M1028,C90822,2026-09-01 10:32:14,32862.02,INR,FAILED,POS
T100205,M1002,C80253,2026-09-01 22:04:48,342522.29,INR,SUCCESS,QR
T100206,M1028,C67164,2026-09-01 15:32:04,361814.12,INR,SUCCESS,QR
T100207,M1015,C76122,2026-09-01 22:49:48,270645.27,INR,FAILED,QR
T100208,M1015,C50976,2026-09-01 06:55:29,2048.40,INR,SUCCESS,QR
T100209,M1028,C83829,2026-09-01 08:02:43,254821.74,INR,SUCCESS,ONLINE
T100210,M1016,C90416,2026-09-01 13:17:34,1496.91,INR,SUCCESS,QR
T100211,M1023,C55330,2026-09-01 21:15:33,16345.55,INR,FAILED,QR
T100212,M1021,C99008,2026-09-01 18:04:22,3393.61,INR,SUCCESS,QR
T100213,M1015,C65271,2026-09-01 18:28:22,2722.78,INR,SUCCESS,POS
T100214,M1014,C85483,2026-09-01 16:20:43,101229.33,INR,SUCCESS,QR
T100215,M1011,C50826,2026-09-01 14:15:51,57384.46,INR,SUCCESS,QR
T100216,M1008,C64682,2026-09-01 09:37:44,1206.08,INR,SUCCESS,QR
T100217,M1006,C56793,2026-09-01 15:21:52,239819.91,INR,SUCCESS,POS
T100218,M1020,C82414,2026-09-01 11:27:53,5990.60,INR,SUCCESS,ONLINE
T100219,M1012,C99220,2026-09-01 22:50:39,351.68,INR,SUCCESS,POS
T100220,M1026,C58878,2026-09-01 20:17:36,184121.58,INR,SUCCESS,ONLINE
T100221,M1024,C98320,2026-09-01 21:58:45,104079.83,INR,SUCCESS,QR
T100222,M1020,C58794,2026-09-01 20:39:44,349603.83,INR,SUCCESS,ONLINE
T100223,M1029,C52705,2026-09-01 06:50:24,42234.34,INR,SUCCESS,ONLINE
T100224,M1004,C89057,2026-09-01 22:21:51,338965.10,INR,SUCCESS,QR
T100225,M1001,C55107,2026-09-01 12:44:22,2975.36,INR,FAILED,POS
T100226,M1007,C51159,2026-09-01 07:09:31,2494.19,INR,SUCCESS,ONLINE
T100227,M1019,C71472,2026-09-01 06:34:38,22468.61,INR,SUCCESS,POS
T100228,M1003,C96873,2026-09-01 13:08:11,292362.10,INR,SUCCESS,ONLINE
T100229,M1021,C53144,2026-09-01 18:39:47,1172.50,INR,SUCCESS,POS
T100230,M1021,C96923,2026-09-01 18:18:31,15637.08,INR,SUCCESS,ONLINE
T100231,M1028,C76725,2026-09-01 17:19:11,364837.18,INR,SUCCESS,QR
T100232,M1004,C66522,2026-09-01 17:00:20,972.28,INR,FAILED,POS
T100233,M1017,C92629,2026-09-01 14:35:29,94323.89,INR,SUCCESS,POS
T100234,M1013,C95715,2026-09-01 14:00:46,3419.66,INR,FAILED,QR
T100235,M1019,C70850,2026-09-01 13:45:58,127603.02,INR,SUCCESS,QR
T100236,M1025,C84950,2026-09-01 08:51:17,5292.41,INR,SUCCESS,QR
T100237,,C96952,2026-09-01 08:02:08,156956.56,INR,SUCCESS,QR
T100238,M1029,C60173,2026-09-01 07:43:02,79452.37,INR,SUCCESS,ONLINE
T100239,M1000,C72403,2026-09-01 19:24:17,1040.12,INR,SUCCESS,ONLINE
T100240,M1013,C64159,2026-09-01 08:02:51,3935.69,INR,SUCCESS,ONLINE
T100241,M1004,C67128,2026-09-01 17:17:10,1751.60,INR,SUCCESS,POS
T100242,M1013,C52061,2026-09-01 10:35:17,39907.37,INR,SUCCESS,POS
T100243,M1004,C75885,2026-09-01 14:08:27,17767.48,INR,SUCCESS,ONLINE
T100244,M1019,C90126,2026-09-01 16:32:46,427.30,INR,SUCCESS,QR
T100245,M1024,C78443,2026-09-01 06:46:48,302746.88,INR,SUCCESS,ONLINE
T100246,M1017,C86371,2026-09-01 08:10:56,388896.11,INR,SUCCESS,QR
T100247,M1012,C71565,2026-09-01 09:28:48,1232.40,INR,SUCCESS,POS
T100248,M1021,C73187,2026-09-01 08:32:06,52137.53,INR,SUCCESS,QR
T100249,M1016,C52706,2026-09-01 22:55:17,5183.25,INR,SUCCESS,QR
T100250,M1027,C98035,2026-09-01 21:05:34,463.19,INR,SUCCESS,ONLINE
T100251,M1013,C60309,2026-09-01 10:34:55,320.99,INR,SUCCESS,QR
T100252,M1011,C77788,2026-09-01 12:50:37,1293.01,INR,SUCCESS,ONLINE
T100253,M1020,C88739,2026-09-01 19:09:20,30631.52,INR,SUCCESS,ONLINE
T100254,M1020,C93178,2026-09-01 09:48:21,5251.49,INR,SUCCESS,POS
T100255,M1025,C72048,2026-09-01 19:03:16,2654.31,INR,SUCCESS,POS
T100256,M1012,C80739,2026-09-01 15:56:27,3056.44,INR,SUCCESS,QR
T100257,M1025,C96715,2026-09-01 11:24:23,342701.59,INR,SUCCESS,POS
T100258,M1005,C54064,2026-09-01 21:11:58,50784.42,INR,SUCCESS,QR
T100259,M1005,C82452,2026-09-01 19:25:34,18060.94,INR,SUCCESS,POS
T100260,M1020,C77134,2026-09-01 14:45:15,50964.00,INR,SUCCESS,QR
T100261,M1028,C88226,2026-09-01 09:19:28,60049.08,INR,SUCCESS,POS
T100262,M1015,C62888,2026-09-01 22:56:05,250237.37,INR,SUCCESS,QR
T100263,M1013,C62464,2026-09-01 13:02:24,23136.16,INR,SUCCESS,POS
T100264,M1028,C88419,2026-09-01 14:28:45,143521.85,INR,FAILED,ONLINE
T100265,M1015,C89708,2026-09-01 14:28:03,113930.44,INR,SUCCESS,ONLINE
T100266,M1025,C75207,2026-09-01 18:10:03,3873.08,INR,SUCCESS,POS
T100267,M1002,C62631,2026-09-01 14:51:53,2522.27,INR,SUCCESS,QR
T100268,M1001,C61951,2026-09-01 13:56:43,376622.00,INR,REVERSED,ONLINE
T100269,M1011,C92311,2026-09-01 09:43:28,4618.38,INR,SUCCESS,POS
T100270,M1001,C61985,2026-09-01 15:57:12,168122.59,INR,SUCCESS,ONLINE
T100271,M1000,C72922,2026-09-01 07:31:49,280072.79,INR,SUCCESS,ONLINE
T100272,M1029,C65412,2026-09-01 06:30:41,2010.72,INR,SUCCESS,ONLINE
T100273,M1016,C93022,2026-09-01 20:24:27,36309.99,INR,SUCCESS,QR
T100274,M1008,C97968,2026-09-01 06:02:56,395905.39,INR,SUCCESS,ONLINE
T100275,M1002,C74406,2026-09-01 14:59:26,42959.20,INR,SUCCESS,ONLINE
T100276,M1021,C62587,2026-09-01 14:10:11,86209.54,INR,SUCCESS,QR
T100277,M1019,C58770,2026-09-01 08:53:41,270600.44,INR,SUCCESS,QR
T100278,M1002,C58044,2026-09-01 19:45:28,134711.57,INR,FAILED,POS
T100279,M1006,C67636,2026-09-01 09:17:32,41975.01,INR,SUCCESS,QR
T100280,M1001,C65735,2026-09-01 17:23:26,245596.40,IN,SUCCESS,ONLINE
T100281,M1009,C73075,2026-09-01 18:20:37,3133.19,INR,SUCCESS,ONLINE
T100282,M1025,C86229,2026-09-01 22:39:10,523.64,INR,SUCCESS,QR
T100283,M1018,C54366,2026-09-01 11:30:07,2022.68,INR,SUCCESS,POS
T100284,M1028,C51732,2026-09-01 18:15:48,228214.10,INR,SUCCESS,ONLINE
T100285,M1000,C96026,2026-09-01 22:08:37,157238.26,INR,SUCCESS,ONLINE
T100286,M1019,C98428,2026-09-01 11:55:15,300320.26,INR,FAILED,POS
T100287,M1008,C86796,2026-09-01 22:41:34,6790.78,INR,SUCCESS,ONLINE
T100288,M1011,C83318,2026-09-01 08:22:01,182251.59,INR,SUCCESS,ONLINE
T100289,M1021,C70374,2026-09-01 14:00:51,426.93,INR,SUCCESS,POS
T100290,M1011,C55525,2026-09-01 12:47:20,3384.41,INR,SUCCESS,ONLINE
T100291,M1009,C73183,2026-09-01 18:35:27,3999.30,INR,FAILED,ONLINE
T100292,M1021,C60324,2026-09-01 20:17:27,42233.03,INR,SUCCESS,POS
T100293,M1014,C58686,2026-09-01 22:37:15,197590.77,INR,SUCCESS,POS
T100294,M1003,C71015,2026-09-01 07:09:56,79090.34,INR,SUCCESS,QR
T100295,M1023,C96429,2026-09-01 07:28:25,217287.12,INR,SUCCESS,ONLINE
T100296,M1004,C52503,2026-09-01 12:27:18,264953.59,INR,SUCCESS,QR
T100297,M1029,C52496,2026-09-01 18:20:23,2030.97,INR,SUCCESS,ONLINE
T100298,M1015,C93271,2026-09-01 22:44:20,2992.96,INR,SUCCESS,QR
T100299,M1021,C67277,2026-09-01 10:20:04,1624.31,INR,SUCCESS,ONLINE
T100300,M1016,C92874,2026-09-01 13:57:35,59778.41,INR,SUCCESS,POS
T100301,M1025,C98720,2026-09-01 06:28:47,160340.65,INR,SUCCESS,POS
T100302,M1003,C74574,2026-09-01 12:10:24,1602.95,INR,SUCCESS,POS
T100303,M1017,C69857,2026-09-01 12:32:09,1736.28,INR,REVERSED,ONLINE
T100304,M1026,C74819,2026-09-01 21:06:07,25488.43,INR,SUCCESS,ONLINE
T100305,M1005,C99531,2026-09-01 11:20:46,20646.24,INR,SUCCESS,ONLINE
T100306,M1023,C69239,2026-09-01 08:36:08,45378.97,INR,SUCCESS,ONLINE
T100307,M1026,C66302,2026-09-01 22:12:16,92391.11,INR,SUCCESS,POS
T100308,M1004,C61019,2026-09-01 22:50:55,3338.74,INR,SUCCESS,POS
T100309,M1013,C55068,2026-09-01 07:53:49,1756.59,INR,REVERSED,ONLINE
T100310,M1017,C74847,2026-09-01 15:08:41,53951.51,INR,SUCCESS,POS
T100311,M1014,C77527,2026-09-01 11:50:52,12946.71,INR,FAILED,POS
T100312,M1020,C66290,2026-09-01 15:35:53,18844.37,INR,SUCCESS,POS
T100313,M1001,C55028,2026-09-01 15:26:33,608.73,INR,FAILED,QR
T100314,M1020,C85315,2026-09-01 21:38:51,605.57,INR,SUCCESS,POS
T100315,M1029,C59919,2026-09-01 10:34:16,381601.21,INR,SUCCESS,POS
T100316,M1011,C56261,2026-09-01 20:00:46,256770.99,INR,SUCCESS,POS
T100317,M1010,C84649,2026-09-01 11:18:02,159139.35,INR,SUCCESS,ONLINE
T100318,M1016,C51957,2026-09-01 11:29:44,1835.85,INR,SUCCESS,ONLINE
T100319,M1002,C82610,2026-09-01 06:38:19,277424.98,INR,SUCCESS,POS
T100320,M1012,C83061,2026-09-01 14:53:15,48320.56,INR,SUCCESS,QR
T100321,M1011,C81319,2026-09-01 08:34:11,90180.28,INR,SUCCESS,QR
T100322,M1024,C63946,2026-09-01 17:45:04,1310.23,INR,REVERSED,ONLINE
T100323,M1023,C98773,2026-09-01 18:08:03,40772.38,INR,SUCCESS,ONLINE
T100324,M1021,C52645,2026-09-01 11:22:49,51941.76,INR,SUCCESS,ONLINE
T100325,M1018,C90627,2026-09-01 08:21:56,11130.63,INR,SUCCESS,QR
T100326,M1008,C93505,2026-09-01 18:26:57,254493.01,INR,SUCCESS,QR
T100327,M1012,C73160,2026-09-01 07:52:54,31496.36,INR,SUCCESS,QR
T100328,M1022,C97216,2026-09-01 18:45:38,3395.13,INR,SUCCESS,POS
T100329,M1004,C79566,2026-09-01 15:12:49,291703.77,INR,SUCCESS,ONLINE
T100330,M1011,C62445,2026-09-01 09:01:44,665.96,INR,SUCCESS,ONLINE
T100331,M1029,C86324,2026-09-01 12:46:05,3967.91,INR,SUCCESS,ONLINE
T100332,M1005,C92286,2026-09-01 09:58:17,7198.40,INR,SUCCESS,POS
T100333,M1024,C51937,2026-09-01 12:07:08,235038.61,INR,SUCCESS,QR
T100334,M1020,C73192,2026-09-01 11:49:46,202294.85,INR,SUCCESS,QR
T100335,M9999,C75931,2026-09-01 14:50:55,370984.95,INR,FAILED,QR
T100336,M1021,C98815,2026-09-01 19:59:11,361013.40,INR,FAILED,ONLINE
T100337,M1028,C94185,2026-09-01 21:24:09,1488.30,INR,SUCCESS,ONLINE
T100338,M1027,C67302,2026-09-01 11:45:15,19538.17,INR,SUCCESS,ONLINE
T100339,M1006,C80951,2026-09-01 12:08:29,130102.21,INR,SUCCESS,QR
T100340,M1003,C92509,2026-09-01 18:07:42,35334.47,INR,SUCCESS,QR
T100341,M1010,C94373,2026-09-01 14:35:47,7334.62,INR,SUCCESS,POS
T100342,M1026,C56582,2026-09-01 15:55:56,38065.10,INR,SUCCESS,ONLINE
T100343,M1024,C99600,2026-09-01 18:14:09,57458.77,INR,SUCCESS,QR
T100344,M1018,C92739,2026-09-01 11:27:40,3644.79,INR,SUCCESS,POS
T100345,M1009,C68087,2026-09-01 13:01:49,2664.27,INR,SUCCESS,POS
T100346,M1029,C82430,2026-09-01 12:59:56,369392.52,INR,SUCCESS,ONLINE
T100347,M1008,C90285,2026-09-01 13:21:42,341655.04,INR,SUCCESS,ONLINE
T100348,M1019,C91176,2026-09-01 18:58:33,59201.27,INR,SUCCESS,POS
T100349,M1023,C96706,2026-09-01 19:10:08,456.37,INR,SUCCESS,QR
T100350,M1002,C97975,2026-09-01 16:31:16,10718.22,INR,SUCCESS,QR
T100351,M1021,C82922,2026-09-01 06:36:06,321652.65,INR,SUCCESS,ONLINE
T100352,M1019,C54680,2026-09-01 17:30:50,44514.66,INR,SUCCESS,QR
T100353,M1016,C87951,2026-09-01 17:33:27,3374.78,INR,SUCCESS,ONLINE
T100354,M1015,C51492,2026-09-01 15:50:36,10990.02,INR,SUCCESS,POS
T100355,M1009,C92846,2026-09-01 19:13:01,1254.05,INR,SUCCESS,POS
T100356,M1027,C69644,2026-09-01 22:34:58,6591.00,INR,SUCCESS,QR
T100357,M1005,C74810,2026-09-01 13:04:34,3005.49,INR,SUCCESS,QR
T100358,M1008,C53776,2026-09-01 19:43:00,53791.23,INR,SUCCESS,QR
T100359,M1011,C67160,2026-09-01 17:39:28,3206.60,INR,SUCCESS,ONLINE
T100360,M1010,C66100,2026-09-01 15:18:53,14146.55,INR,SUCCESS,POS
T100361,M1002,C99694,2026-09-01 15:38:42,225737.86,INR,SUCCESS,QR
T100362,M1008,C72094,2026-09-01 14:13:15,758.87,INR,FAILED,ONLINE
T100363,M1020,C52786,2026-09-01 15:30:23,116119.59,INR,SUCCESS,POS
T100364,M1028,C98342,2026-09-01 19:39:27,58048.07,INR,SUCCESS,QR
T100365,M1010,C55960,2026-09-01 10:42:45,11539.60,INR,SUCCESS,POS
T100366,M1019,C87545,2026-09-01 19:00:09,26186.32,INR,SUCCESS,ONLINE
T100367,M1014,C61156,2026-09-01 20:01:27,344650.65,INR,SUCCESS,QR
T100368,M1013,C64368,2026-09-01 16:29:12,1454.57,INR,SUCCESS,ONLINE
T100369,M1013,C81669,2026-09-01 15:32:33,39683.10,INR,SUCCESS,ONLINE
T100370,M1025,C78139,2026-09-01 09:34:41,99486.61,INR,SUCCESS,QR
T100371,M1008,C98691,2026-09-01 15:41:34,3753.71,INR,SUCCESS,POS
T100372,M1012,C97371,2026-09-01 13:19:44,109626.40,INR,FAILED,QR
T100373,M1028,C89916,2026-09-01 08:39:55,10527.36,INR,SUCCESS,QR
T100374,M1016,C84567,2026-09-01 06:25:17,54468.86,INR,SUCCESS,ONLINE
T100375,M1014,C92771,2026-09-01 14:37:11,2511.36,INR,SUCCESS,POS
T100376,M1026,C70895,2026-09-01 17:32:05,44359.58,INR,SUCCESS,ONLINE
T100377,M1005,C54332,2026-09-01 10:38:55,2723.43,INR,SUCCESS,POS
T100378,M1005,C99204,2026-09-01 10:06:58,10440.55,INR,SUCCESS,POS
T100379,M1004,C77623,2026-09-01 07:16:52,284246.97,INR,SUCCESS,ONLINE
T100380,M1020,C71058,2026-09-01 11:44:42,57638.91,INR,SUCCESS,POS
T100381,M1024,C55901,2026-09-01 06:04:40,2739.27,INR,SUCCESS,QR
T100382,M1005,C94260,2026-09-01 17:56:15,803.66,INR,SUCCESS,POS
T100383,M1006,C91790,2026-09-01 10:48:19,49810.68,INR,SUCCESS,POS
T100384,M1014,C76393,2026-09-01 18:04:44,289997.59,INR,SUCCESS,POS
T100385,M1016,C67494,2026-09-01 22:20:44,117019.45,INR,FAILED,ONLINE
T100386,M1020,C54667,2026-09-01 22:16:20,3983.56,INR,SUCCESS,QR
T100387,M1019,C94072,2026-09-01 15:21:07,56897.99,INR,SUCCESS,ONLINE
T100388,M1020,C89580,2026-09-01 15:35:45,9051.66,INR,SUCCESS,QR
T100389,M1016,C60533,2026-09-01 21:50:13,1351.06,INR,SUCCESS,ONLINE
T100390,M1019,C57503,2026-09-01 08:29:21,58571.16,INR,SUCCESS,POS
T100391,M1007,C56883,2026-09-01 20:07:50,7722.52,INR,SUCCESS,QR
T100392,M1009,C71639,2026-09-01 09:14:47,315522.34,INR,REVERSED,ONLINE
T100393,M1028,C51061,2026-09-01 20:43:17,100510.10,INR,SUCCESS,POS
T100394,M1006,C90952,2026-09-01 21:52:55,396072.69,INR,SUCCESS,QR
T100395,M1009,C54140,2026-09-01 17:09:36,120862.81,INR,SUCCESS,QR
T100396,M1006,C95824,2026-09-01 10:38:58,876.88,INR,SUCCESS,ONLINE
T100397,M1009,C79288,2026-09-01 20:51:51,37766.24,INR,SUCCESS,ONLINE
T100398,M1017,C52609,2026-09-01 10:11:22,3355.16,INR,SUCCESS,QR
T100399,M1003,C74257,2026-09-01 08:14:34,302454.14,INR,SUCCESS,POS
T100400,M1028,C54658,2026-09-01 19:46:35,1165.61,INR,SUCCESS,POS
T100401,M1016,C55598,2026-09-01 08:59:52,3071.55,INR,FAILED,ONLINE
T100402,M1000,C75935,2026-09-01 16:48:31,347383.81,INR,SUCCESS,ONLINE
T100403,M1015,C54752,2026-09-01 08:53:00,1727.41,INR,SUCCESS,POS
T100404,M1024,C52934,2026-09-01 12:47:11,57497.06,INR,SUCCESS,POS
T100405,M1019,C77245,2026-09-01 08:15:03,2620.26,INR,SUCCESS,ONLINE
T100406,M1016,C94275,2026-09-01 14:20:46,111198.03,INR,SUCCESS,ONLINE
T100407,M1014,C72256,2026-09-01 19:32:43,440.03,INR,SUCCESS,POS
T100408,M1000,C93519,2026-09-01 13:56:07,379220.05,INR,SUCCESS,ONLINE
T100409,M1025,C68671,2026-09-01 07:48:52,2194.61,INR,SUCCESS,POS
T100410,M1006,C83163,2026-09-01 07:38:37,49468.21,INR,SUCCESS,QR
T100411,M1008,C83614,2026-09-01 21:03:58,1868.72,INR,SUCCESS,POS
T100412,M1001,C81368,2026-09-01 15:40:17,2743.98,INR,SUCCESS,QR
T100413,M1012,C98077,2026-09-01 18:02:41,19541.73,INR,SUCCESS,ONLINE
T100414,M1010,C85585,2026-09-01 12:40:21,728.34,INR,FAILED,POS
T100415,M1020,C56780,2026-09-01 06:10:08,53435.17,INR,SUCCESS,QR
T100416,M1013,C66409,2026-09-01 19:25:13,59800.31,INR,SUCCESS,POS
T100417,M1012,C83770,2026-09-01 06:25:43,334790.58,INR,SUCCESS,POS
T100418,M1022,C75551,2026-09-01 16:27:44,33037.67,INR,SUCCESS,POS
T100419,M9999,C67379,2026-09-01 12:04:24,160823.76,INR,SUCCESS,POS
T100420,M1011,C76135,2026-09-01 15:53:03,24769.05,INR,SUCCESS,POS
T100421,M1010,C87473,2026-09-01 19:09:10,341943.96,INR,SUCCESS,ONLINE
T100422,M1013,C86210,2026-09-01 19:55:25,40088.29,INR,FAILED,ONLINE
T100423,M1024,C88801,2026-09-01 16:46:37,346072.33,INR,SUCCESS,ONLINE
T100424,M1014,C52673,2026-09-01 15:15:47,27514.37,INR,SUCCESS,QR
T100425,M1011,C90392,2026-09-01 15:33:38,2240.29,INR,FAILED,ONLINE
T100426,M1018,C59749,2026-09-01 12:23:54,163251.63,INR,SUCCESS,ONLINE
T100427,M1026,C72198,2026-09-01 09:18:45,2213.62,INR,SUCCESS,ONLINE
T100428,M1028,C93914,2026-09-01 16:38:19,1817.35,INR,SUCCESS,POS
T100429,M1020,C89438,2026-09-01 11:09:17,3429.97,INR,SUCCESS,POS
T100430,M1014,C90058,2026-09-01 11:36:40,2595.45,INR,SUCCESS,POS
T100431,M1027,C71347,2026-09-01 20:03:50,56239.82,INR,SUCCESS,POS
T100432,M1017,C99132,2026-09-01 14:07:24,1075.08,INR,SUCCESS,ONLINE
T100433,M1003,C60358,2026-09-01 11:22:08,1001.38,INR,SUCCESS,ONLINE
T100434,M1003,C89472,2026-09-01 16:55:51,2617.70,INR,SUCCESS,QR
T100435,M1002,C87803,2026-09-01 16:27:33,38508.61,INR,SUCCESS,ONLINE
T100436,M1028,C90614,2026-09-01 11:18:46,2400.08,INR,SUCCESS,POS
T100437,M1012,C69230,2026-09-01 21:49:10,3769.16,INR,SUCCESS,POS
T100438,M1005,C71903,2026-09-01 19:55:39,261213.06,INR,SUCCESS,ONLINE
T100439,M1014,C71208,2026-09-01 20:28:49,40186.42,INR,SUCCESS,ONLINE
T100440,M1001,C71235,2026-09-01 06:01:22,100288.05,INR,FAILED,POS
T100441,M1005,C84955,2026-09-01 14:23:02,12083.10,INR,SUCCESS,POS
T100442,M1018,C60145,2026-09-01 07:28:13,5904.15,INR,SUCCESS,QR
T100443,M1019,C64076,2026-09-01 18:11:15,162151.94,INR,SUCCESS,ONLINE
T100444,M1004,C72544,2026-09-01 11:57:42,46464.31,INR,SUCCESS,POS
T100445,M1025,C59579,2026-09-01 06:44:15,47428.96,INR,SUCCESS,ONLINE
T100446,M1005,C62344,2026-09-01 06:53:27,31649.73,INR,FAILED,QR
T100447,M1014,C94727,2026-09-01 14:09:37,3899.82,INR,SUCCESS,POS
T100448,M1023,C86879,2026-09-01 13:33:25,8308.15,INR,SUCCESS,QR
T100449,M1015,C70607,2026-09-01 16:05:07,1756.75,INR,SUCCESS,QR
T100450,M1028,C96319,2026-09-01 09:10:43,123603.21,INR,SUCCESS,POS
T100451,M1028,C99047,2026-09-01 08:03:42,283833.56,INR,SUCCESS,QR
T100452,,C53321,2026-09-01 13:36:20,23526.57,INR,SUCCESS,QR
T100453,M1008,C92015,2026-09-01 13:23:41,176920.97,INR,SUCCESS,ONLINE
T100454,M1021,C84929,2026-09-01 19:53:40,126444.03,INR,SUCCESS,POS
T100455,M1009,C67426,2026-09-01 15:42:25,30649.70,INR,SUCCESS,POS
T100456,M1025,C57617,2026-09-01 18:12:34,51281.93,INR,SUCCESS,ONLINE
T100457,M1029,C97560,2026-09-01 14:30:35,1832.94,INR,SUCCESS,QR
T100458,M1026,C91910,2026-09-01 22:11:02,141236.58,INR,REVERSED,QR
T100459,M1002,C99068,2026-09-01 19:05:49,3002.34,INR,SUCCESS,POS
T100460,M1026,C68082,2026-09-01 12:28:36,35304.83,INR,REVERSED,POS
T100461,M1026,C97317,2026-09-01 16:37:46,98266.85,INR,SUCCESS,POS
T100462,M1029,C70323,2026-09-01 06:31:29,233180.28,INR,SUCCESS,QR
T100463,M1017,C57478,2026-09-01 21:11:11,73114.02,INR,SUCCESS,POS
T100464,M1022,C97352,2026-09-01 21:09:20,213987.54,INR,SUCCESS,POS
T100465,M1016,C67543,2026-09-01 11:59:29,294050.72,INR,FAILED,QR
T100466,M1015,C62511,2026-09-01 10:11:42,157829.31,INR,SUCCESS,ONLINE
T100467,M1019,C70084,2026-09-01 20:10:03,72169.95,INR,SUCCESS,ONLINE
T100468,M1021,C65083,2026-09-01 20:43:43,370091.91,INR,SUCCESS,POS
T100469,M1007,C84896,2026-09-01 17:22:23,53083.71,INR,SUCCESS,QR
T100470,M1016,C57671,2026-09-01 16:44:16,41933.00,INR,SUCCESS,ONLINE
T100471,M1016,C55192,2026-09-01 13:30:24,142548.64,INR,SUCCESS,QR
T100472,M1026,C78247,2026-09-01 09:39:56,59233.61,INR,SUCCESS,QR
T100473,M1004,C77985,2026-09-01 09:34:05,37370.03,INR,SUCCESS,POS
T100474,M1019,C86447,2026-09-01 10:28:44,147216.32,INR,SUCCESS,ONLINE
T100475,M1001,C76440,2026-09-01 07:40:04,68032.69,INR,SUCCESS,ONLINE
T100476,M1014,C93019,2026-09-01 19:04:50,46497.34,INR,SUCCESS,QR
T100477,M1026,C58781,2026-09-01 22:35:29,193105.16,INR,SUCCESS,QR
T100478,M1009,C86252,2026-09-01 12:53:49,3815.07,INR,SUCCESS,QR
T100479,M1018,C99869,2026-09-01 13:48:47,296.04,INR,SUCCESS,POS
T100480,M1001,C72300,2026-09-01 22:33:27,42441.57,INR,SUCCESS,POS
T100481,M1010,C97031,2026-09-01 15:41:30,170681.41,INR,SUCCESS,QR
T100482,M1012,C71610,2026-09-01 10:08:02,1474.55,INR,FAILED,POS
T100483,M1000,C54867,2026-09-01 20:29:16,388164.75,INR,SUCCESS,ONLINE
T100484,M1027,C52946,2026-09-01 16:32:13,55134.61,INR,SUCCESS,QR
T100485,M1011,C71655,2026-09-01 11:21:28,3943.13,INR,REVERSED,POS
T100486,M1028,C97646,2026-09-01 15:33:37,371954.98,INR,SUCCESS,ONLINE
T100487,M1012,C51883,2026-09-01 18:24:28,609.97,INR,SUCCESS,ONLINE
T100488,M1004,C86442,2026-09-01 18:45:28,92816.12,INR,SUCCESS,ONLINE
T100489,M1018,C68703,2026-09-01 07:13:43,44087.51,INR,SUCCESS,POS
T100490,M1026,C74495,2026-09-01 11:12:41,90072.42,INR,SUCCESS,ONLINE
T100491,M1029,C97028,2026-09-01 22:11:39,997.85,INR,SUCCESS,QR
T100492,M1018,C81021,2026-09-01 10:58:01,39684.41,INR,SUCCESS,POS
T100493,M1019,C52286,2026-09-01 12:01:56,27736.58,INR,SUCCESS,ONLINE
T100494,M1024,C99768,2026-09-01 09:55:01,188755.27,INR,SUCCESS,ONLINE
T100495,M1019,C73894,2026-09-01 07:15:10,48278.88,INR,FAILED,ONLINE
T100496,M1011,C87291,2026-09-01 06:41:09,40956.10,INR,FAILED,QR
T100497,M1011,C98358,2026-09-01 07:46:14,58570.82,INR,FAILED,POS
T100498,M1029,C57567,2026-09-01 18:13:07,225504.09,INR,SUCCESS,POS
T100499,M1029,C82600,2026-09-01 10:33:38,117710.94,INR,SUCCESS,POS
T100500,M1024,C87987,2026-09-01 16:24:21,55296.98,INR,REVERSED,QR
T100501,M1000,C51192,2026-09-01 16:12:15,190443.30,INR,SUCCESS,POS
T100502,M1023,C85635,2026-09-01 11:27:17,3296.17,INR,SUCCESS,POS
T100503,M1011,C55705,2026-09-01 19:02:27,119106.24,INR,SUCCESS,ONLINE
T100504,M1012,C65763,2026-09-01 21:32:27,3200.59,INR,SUCCESS,ONLINE
T100505,M1001,C53120,2026-09-01 06:20:52,116774.42,INR,SUCCESS,ONLINE
T100506,M1029,C59590,2026-09-01 09:31:33,2392.03,INR,SUCCESS,POS
T100507,M1014,C82903,2026-09-01 06:35:15,2461.31,INR,SUCCESS,QR
T100508,M1021,C78077,2026-09-01 21:24:35,180699.77,INR,SUCCESS,ONLINE
T100509,M1025,C51208,2026-09-01 19:05:18,3042.23,INR,FAILED,QR
T100510,M1004,C92057,2026-09-01 09:18:20,2861.43,INR,SUCCESS,ONLINE
T100511,M1027,C76431,2026-09-01 12:24:29,210400.32,INR,SUCCESS,QR
T100512,M1029,C52393,2026-09-01 06:53:24,3958.93,INR,SUCCESS,ONLINE
T100513,M1027,C93323,2026-09-01 22:12:38,1531.50,INR,SUCCESS,QR
T100514,M1028,C61498,2026-09-01 22:19:04,472.46,INR,SUCCESS,QR
T100515,M1015,C94132,2026-09-01 14:04:23,56623.91,INR,SUCCESS,ONLINE
T100516,M1014,C62023,2026-09-01 15:24:42,34177.14,INR,SUCCESS,POS
T100517,M1010,C98816,2026-09-01 22:12:49,1655.35,INR,SUCCESS,QR
T100518,M1029,C50476,2026-09-01 16:46:10,70319.66,INR,SUCCESS,ONLINE
T100519,M1018,C75984,2026-09-01 17:00:50,56358.46,INR,SUCCESS,POS
T100520,M1002,C99335,2026-09-01 10:45:56,156.00,INR,SUCCESS,POS
T100521,M1004,C95870,2026-09-01 11:30:20,235651.71,INR,SUCCESS,POS
T100522,M1009,C91283,2026-09-01 19:07:54,471.15,INR,SUCCESS,ONLINE
T100523,M1009,C89765,2026-09-01 08:07:12,2729.14,INR,SUCCESS,ONLINE
T100524,M1027,C58398,2026-09-01 12:39:54,113603.32,INR,SUCCESS,POS
T100525,M1025,C82713,2026-09-01 20:31:45,3233.20,INR,SUCCESS,QR
T100526,M1022,C75391,2026-09-01 14:00:36,320132.00,INR,SUCCESS,ONLINE
T100527,M1000,C87500,2026-09-01 19:37:39,47743.66,INR,SUCCESS,QR
T100528,M1006,C59509,2026-09-01 16:30:15,1099.36,INR,SUCCESS,POS
T100529,M1027,C90361,2026-09-01 14:55:40,378962.52,INR,SUCCESS,QR
T100530,M1010,C86166,2026-09-01 22:10:02,267272.38,INR,SUCCESS,POS
T100531,M1009,C83460,2026-09-01 21:31:30,121902.64,INR,SUCCESS,QR
T100532,M1005,C67473,2026-09-01 12:29:30,3569.22,INR,SUCCESS,QR
T100533,M1003,C62781,2026-09-01 08:35:42,24020.56,INR,SUCCESS,ONLINE
T100534,M1015,C92771,2026-09-01 18:22:00,18569.65,INR,SUCCESS,POS
T100535,M1009,C85541,2026-09-01 12:02:11,1149.41,INR,FAILED,ONLINE
T100536,M1025,C51459,2026-09-01 09:41:55,391149.45,INR,SUCCESS,QR
T100537,M1028,C98467,2026-09-01 22:13:58,142176.42,INR,SUCCESS,POS
T100538,M1016,C83105,2026-09-01 06:28:29,36571.75,INR,SUCCESS,POS
T100539,M1009,C88252,2026-09-01 17:34:22,3521.61,INR,SUCCESS,QR
T100540,M1012,C84950,2026-09-01 18:11:06,358076.25,INR,SUCCESS,POS
T100541,M1001,C63399,2026-09-01 22:44:04,1021.59,INR,SUCCESS,QR
T100542,M1016,C69453,2026-09-01 15:05:16,42534.08,INR,SUCCESS,QR
T100543,M1027,C53622,2026-09-01 12:48:35,102796.25,INR,SUCCESS,ONLINE
T100544,M1027,C62198,2026-09-01 22:09:20,1956.52,INR,SUCCESS,POS
T100545,M1010,C66303,2026-09-01 06:37:00,14143.52,INR,SUCCESS,QR
T100546,M1013,C80074,2026-09-01 22:08:01,1364.62,INR,SUCCESS,ONLINE
T100547,M1009,C99755,2026-09-01 16:03:22,2256.16,INR,SUCCESS,ONLINE
T100548,M1004,C58746,2026-09-01 08:25:23,102304.74,INR,SUCCESS,QR
T100549,M1022,C72792,2026-09-01 07:34:49,15809.27,INR,FAILED,POS
T100550,M1011,C92547,2026-09-01 14:04:07,913.03,INR,SUCCESS,ONLINE
T100551,M1023,C81776,2026-09-01 08:23:47,38774.45,INR,SUCCESS,POS
T100552,M1000,C70538,2026-09-01 11:57:09,336256.22,INR,SUCCESS,QR
T100553,M1017,C99212,2026-09-01 20:54:30,1252.07,INR,SUCCESS,QR
T100554,M1008,C63823,2026-09-01 16:20:12,45469.19,INR,SUCCESS,POS
T100555,M1021,C70073,2026-09-01 20:11:43,3434.01,INR,SUCCESS,QR
T100556,M1001,C68819,2026-09-01 17:23:15,44363.80,INR,SUCCESS,ONLINE
T100557,M1017,C91773,2026-09-01 16:03:37,321388.16,INR,SUCCESS,POS
T100558,M1002,C99602,2026-09-01 06:13:55,1767.90,INR,SUCCESS,POS
T100559,M1007,C79820,2026-09-01 12:32:31,354057.62,INR,SUCCESS,POS
T100560,M1022,C85871,2026-09-01 17:43:37,667.00,INR,SUCCESS,POS
T100561,M1029,C82654,2026-09-01 10:28:41,33666.21,INR,SUCCESS,QR
T100562,M1019,C56310,2026-09-01 19:05:43,2720.89,INR,SUCCESS,POS
T100563,M1002,C78712,2026-09-01 17:14:48,354485.07,INR,SUCCESS,QR
T100564,M1025,C77170,2026-09-01 19:22:05,184078.30,INR,SUCCESS,QR
T100565,M1011,C69077,2026-09-01 09:35:11,1785.13,INR,SUCCESS,ONLINE
T100566,M1017,C69180,2026-09-01 16:48:27,338740.92,INR,SUCCESS,QR
T100567,M1008,C82674,2026-09-01 20:31:01,5616.08,INR,SUCCESS,ONLINE
T100568,M1000,C85585,2026-09-01 20:09:54,27184.08,INR,SUCCESS,ONLINE
T100569,M1013,C58286,2026-09-01 18:06:31,1077.27,INR,SUCCESS,QR
T100570,M1027,C70544,2026-09-01 06:41:43,282015.31,INR,SUCCESS,ONLINE
T100571,M1026,C97042,2026-09-01 22:03:49,87626.45,INR,SUCCESS,ONLINE
T100572,M1029,C83187,2026-09-01 10:26:57,391608.65,INR,SUCCESS,QR
T100573,M1017,C52271,2026-09-01 09:13:12,37129.49,INR,SUCCESS,POS
T100574,M1005,C91732,2026-09-01 21:59:38,131736.67,INR,SUCCESS,QR
T100575,M1025,C68149,2026-09-01 19:39:09,208937.72,INR,FAILED,QR
T100576,M1011,C60390,2026-09-01 19:36:10,14930.18,INR,SUCCESS,QR
T100577,M1010,C86462,2026-09-01 09:57:41,2575.23,INR,SUCCESS,POS
T100578,M1006,C78650,2026-09-01 22:11:43,8202.09,INR,FAILED,POS
T100579,M1009,C55713,2026-09-01 11:46:34,361507.78,INR,SUCCESS,ONLINE
T100580,M1019,C58079,2026-09-01 06:23:54,168135.93,INR,SUCCESS,ONLINE
T100581,M1007,C95241,2026-09-01 12:47:24,37801.57,INR,SUCCESS,POS
T100582,M1019,C72829,2026-09-01 16:42:11,195763.30,INR,SUCCESS,QR
T100583,M1023,C80801,2026-09-01 06:11:01,79163.70,INR,SUCCESS,ONLINE
T100584,M1007,C75557,2026-09-01 11:45:49,115768.42,INR,SUCCESS,QR
T100585,M1017,C82078,2026-09-01 22:35:36,364123.86,INR,SUCCESS,ONLINE
T100586,M1029,C62219,2026-09-01 12:47:54,335562.03,INR,SUCCESS,POS
T100587,M1020,C99467,2026-09-01 20:47:45,93112.71,INR,SUCCESS,POS
T100588,M1010,C75518,2026-09-01 14:11:33,2049.68,INR,SUCCESS,ONLINE
T100589,M1016,C82751,2026-09-01 11:00:33,283812.48,INR,SUCCESS,QR
T100590,M1028,C71385,2026-09-01 10:32:35,3510.11,INR,SUCCESS,POS
T100591,M1020,C70720,2026-09-01 15:56:12,3651.09,INR,SUCCESS,POS
T100592,M1014,C60858,2026-09-01 20:16:47,253475.33,INR,SUCCESS,POS
T100593,M1012,C60286,2026-09-01 10:39:02,20090.03,INR,SUCCESS,ONLINE
T100594,M1017,C55264,2026-09-01 17:14:32,1506.20,INR,REVERSED,POS
T100595,M1003,C50610,2026-09-01 21:06:28,138100.97,INR,SUCCESS,QR
T100596,M1022,C87884,2026-09-01 07:14:03,3805.18,INR,SUCCESS,QR
T100597,M1012,C72754,2026-09-01 19:46:06,2533.80,INR,SUCCESS,QR
T100598,M1003,C62454,2026-09-01 08:30:53,2233.63,INR,SUCCESS,ONLINE
T100599,M1012,C70682,2026-09-01 20:18:19,73981.13,INR,SUCCESS,QR
T100600,M1014,C87000,2026-09-01 07:00:40,311359.29,INR,SUCCESS,POS
T100601,M1025,C51252,2026-09-01 16:55:19,52818.72,INR,SUCCESS,POS
T100602,M1008,C73243,2026-09-01 16:23:23,54169.85,INR,SUCCESS,POS
T100603,M1002,C80466,2026-09-01 14:51:25,9096.65,INR,SUCCESS,QR
T100604,M1005,C99028,2026-09-01 13:32:59,6547.48,INR,FAILED,POS
T100605,M1021,C86410,2026-09-01 12:12:39,339418.95,INR,SUCCESS,QR
T100606,M1014,C70764,2026-09-01 17:33:10,136304.01,INR,SUCCESS,ONLINE
T100607,M1018,C57218,2026-09-01 17:11:44,209102.68,INR,SUCCESS,ONLINE
T100608,M1010,C66614,2026-09-01 10:08:42,2393.04,INR,SUCCESS,POS
T100609,M1019,C83904,2026-09-01 21:22:22,40273.81,INR,SUCCESS,ONLINE
T100610,M1025,C59859,2026-09-01 11:04:23,52146.61,INR,SUCCESS,POS
T100611,M1008,C68658,2026-09-01 07:49:39,141703.65,INR,SUCCESS,POS
T100612,M1018,C50087,2026-09-01 19:36:28,289872.54,INR,SUCCESS,QR
T100613,M1028,C84349,2026-09-01 06:20:44,216341.85,INR,SUCCESS,QR
T100614,M1002,C71911,2026-09-01 13:34:03,163019.16,INR,SUCCESS,POS
T100615,M1018,C68019,2026-09-01 10:08:22,15329.24,INR,SUCCESS,POS
T100616,M1007,C95035,2026-09-01 21:06:24,221849.85,INR,SUCCESS,POS
T100617,M1000,C66870,2026-09-01 15:13:14,180248.67,INR,SUCCESS,POS
T100618,M1003,C82539,2026-09-01 08:45:03,284064.65,INR,SUCCESS,QR
T100619,M1005,C79885,2026-09-01 18:54:33,380391.54,INR,FAILED,ONLINE
T100620,M1018,C90827,2026-09-01 11:05:03,24985.91,INR,SUCCESS,ONLINE
T100621,M1012,C95061,2026-09-01 14:48:18,80849.30,INR,FAILED,ONLINE
T100622,M1006,C72712,2026-09-01 20:18:16,15635.50,INR,SUCCESS,ONLINE
T100623,M1002,C58055,2026-09-01 07:59:53,48089.67,,SUCCESS,QR
T100624,M1002,C63383,2026-09-01 06:11:13,48526.81,INR,SUCCESS,ONLINE
T100625,M1020,C80248,2026-09-01 13:10:52,24741.35,INR,SUCCESS,QR
T100626,M1003,C71358,2026-09-01 18:36:09,3676.97,INR,REVERSED,POS
T100627,M1024,C54036,2026-09-01 10:31:30,70022.57,INR,SUCCESS,POS
T100628,M1025,C96902,2026-09-01 22:26:35,1625.26,INR,SUCCESS,POS
T100629,M1013,C56766,2026-09-01 11:57:59,388605.51,INR,SUCCESS,QR
T100630,M1004,C89556,2026-09-01 06:02:51,398227.63,INR,SUCCESS,ONLINE
T100631,M1023,C69214,2026-09-01 18:55:05,54213.20,INR,SUCCESS,QR
T100632,M1002,C51423,2026-09-01 10:50:57,2896.75,INR,SUCCESS,QR
T100633,M1025,C56518,2026-09-01 11:37:27,45312.62,INR,SUCCESS,POS
T100634,M1024,C53559,2026-09-01 13:10:27,36654.77,INR,SUCCESS,ONLINE
T100635,M1012,C99875,2026-09-01 10:06:53,117684.68,INR,SUCCESS,ONLINE
T100636,M1021,C68850,2026-09-01 19:45:05,403.19,INR,SUCCESS,QR
T100637,M1021,C82700,2026-09-01 17:30:05,20049.10,INR,SUCCESS,POS
T100638,M1029,C90709,2026-09-01 09:04:09,2562.24,INR,SUCCESS,QR
T100639,M1015,C59273,2026-09-01 18:01:22,3662.79,INR,SUCCESS,ONLINE
T100640,M1004,C72499,2026-09-01 16:07:06,16709.89,INR,SUCCESS,ONLINE
T100641,M1022,C51219,2026-09-01 10:15:50,255552.19,INR,SUCCESS,QR
T100642,M1011,C59311,2026-09-01 15:48:37,31666.59,INR,SUCCESS,ONLINE
T100643,M1009,C81371,2026-09-01 10:27:22,3291.43,INR,SUCCESS,ONLINE
T100644,M1003,C80919,2026-09-01 17:50:23,108986.84,INR,SUCCESS,ONLINE
T100645,,C80867,2026-09-01 09:23:34,3014.79,INR,SUCCESS,QR
T100646,M1024,C79322,2026-09-01 07:50:13,47230.63,INR,SUCCESS,ONLINE
T100647,M1005,C95792,2026-09-01 18:20:53,24995.47,INR,SUCCESS,QR
T100648,M1007,C91763,2026-09-01 13:33:31,3897.95,INR,SUCCESS,POS
T100649,M1021,C88892,2026-09-01 19:02:36,3295.58,INR,FAILED,QR
T100650,M1015,C61494,2026-09-01 14:56:57,2120.75,INR,SUCCESS,ONLINE
T100651,M1015,C79379,2026-09-01 12:53:11,2450.64,INR,SUCCESS,POS
T100652,M1010,C85603,2026-09-01 07:30:24,3184.98,INR,SUCCESS,POS
T100653,M1019,C71507,2026-09-01 10:48:21,36463.65,INR,REVERSED,POS
T100654,M1019,C55249,2026-09-01 13:54:11,3339.76,INR,SUCCESS,POS
T100655,M1022,C78377,2026-09-01 07:45:46,1301.77,INR,SUCCESS,POS
T100656,M1024,C61208,2026-09-01 12:02:11,158766.69,INR,SUCCESS,ONLINE
T100657,M1012,C69065,2026-09-01 21:46:33,196277.05,INR,SUCCESS,QR
T100658,M1007,C71553,2026-09-01 18:42:10,159036.77,INR,SUCCESS,ONLINE
T100659,M1014,C96429,2026-09-01 19:54:27,194272.89,INR,SUCCESS,POS
T100660,M1009,C89287,2026-09-01 13:56:37,130560.79,INR,SUCCESS,ONLINE
T100661,M1020,C82035,2026-09-01 13:51:21,376155.62,INR,SUCCESS,QR
T100662,M1007,C87559,2026-09-01 09:08:37,2313.84,INR,SUCCESS,ONLINE
T100663,M1008,C56651,2026-09-01 21:39:09,887.62,INR,SUCCESS,POS
T100664,M1014,C94230,2026-09-01 21:05:21,29332.48,INR,SUCCESS,QR
T100665,M1017,C53852,2026-09-01 15:24:07,918.19,INR,SUCCESS,ONLINE
T100666,M1009,C95732,2026-09-01 10:34:14,85888.36,INR,SUCCESS,ONLINE
T100667,M1001,C52416,2026-09-01 12:59:33,9548.75,INR,SUCCESS,POS
T100668,M1011,C67717,2026-09-01 11:43:20,1158.05,INR,SUCCESS,ONLINE
T100669,M1001,C92240,2026-09-01 21:11:05,2492.03,INR,SUCCESS,QR
T100670,M1009,C84457,2026-09-01 16:36:28,89065.86,INR,SUCCESS,POS
T100671,M1018,C69225,2026-09-01 19:56:41,3802.31,INR,SUCCESS,POS
T100672,M1010,C68797,2026-09-01 16:00:56,408.13,INR,SUCCESS,POS
T100673,M1015,C64590,2026-09-01 16:16:39,9447.13,INR,SUCCESS,ONLINE
T100674,M1000,C93907,2026-09-01 09:03:02,239333.59,INR,SUCCESS,QR
T100675,M1016,C72746,2026-09-01 09:43:28,49516.74,INR,SUCCESS,ONLINE
T100676,M1022,C81344,2026-09-01 11:01:58,25523.50,INR,SUCCESS,POS
T100677,M1018,C78939,2026-09-01 08:10:30,392624.50,INR,SUCCESS,POS
T100678,M1028,C89727,2026-09-01 08:17:37,1672.57,INR,SUCCESS,ONLINE
T100679,M1009,C93157,2026-09-01 22:02:36,1320.26,INR,SUCCESS,POS
T100680,M1007,C80811,2026-09-01 16:58:54,121032.49,INR,SUCCESS,POS
T100681,M1012,C60227,2026-09-01 06:30:41,1395.36,INR,SUCCESS,POS
T100682,M1011,C61035,2026-09-01 20:15:47,154752.18,INR,SUCCESS,POS
T100683,M1014,C79456,2026-09-01 10:36:13,49517.41,INR,SUCCESS,POS
T100684,M1001,C79652,2026-09-01 11:53:11,850.34,INR,SUCCESS,POS
T100685,M1021,C61865,2026-09-01 07:43:59,296179.37,INR,SUCCESS,QR
T100686,M1027,C67626,2026-09-01 22:17:27,542.90,INR,SUCCESS,ONLINE
T100687,M1013,C94573,2026-09-01 21:05:00,199651.97,INR,FAILED,QR
T100688,M1016,C65687,2026-09-01 18:02:25,129060.07,INR,SUCCESS,QR
T100689,M1022,C65710,2026-09-01 18:32:45,1472.14,INR,SUCCESS,QR
T100690,M1018,C91540,2026-09-01 20:35:18,305413.90,INR,SUCCESS,QR
T100691,M1010,C50937,2026-09-01 16:59:44,351536.08,INR,SUCCESS,POS
T100692,M1017,C98481,2026-09-01 08:24:48,57685.60,INR,SUCCESS,QR
T100693,M1022,C54103,2026-09-01 12:58:15,54790.46,INR,SUCCESS,ONLINE
T100694,M1005,C76057,2026-09-01 07:27:09,21712.99,INR,SUCCESS,QR
T100695,M1005,C52145,2026-09-01 06:21:04,95291.17,INR,SUCCESS,ONLINE
T100696,M1022,C67086,2026-09-01 17:35:15,103368.01,INR,SUCCESS,QR
T100697,M1029,C69666,2026-09-01 09:39:52,1277.74,INR,SUCCESS,QR
T100698,M1027,C92742,2026-09-01 10:55:14,27786.15,INR,SUCCESS,POS
T100699,M1024,C51956,2026-09-01 08:59:23,2594.49,INR,SUCCESS,QR
T100700,M1010,C50917,2026-09-01 12:30:02,36713.41,INR,SUCCESS,POS
T100701,M1009,C89745,2026-09-01 11:53:08,1339.90,INR,SUCCESS,POS
T100702,M1007,C60265,2026-09-01 10:33:28,30818.85,INR,SUCCESS,QR
T100703,M1005,C50296,2026-09-01 09:47:34,284743.65,INR,SUCCESS,QR
T100704,M1013,C72599,2026-09-01 11:05:43,139164.00,INR,SUCCESS,ONLINE
T100705,M1025,C73569,2026-09-01 06:31:36,42836.06,INR,SUCCESS,ONLINE
T100706,M1026,C70713,2026-09-01 20:17:17,2698.60,INR,SUCCESS,POS
T100707,M1017,C80234,2026-09-01 17:23:28,1349.99,INR,SUCCESS,POS
T100708,M1007,C84203,2026-09-01 18:47:59,1267.32,INR,SUCCESS,ONLINE
T100709,M1016,C87790,2026-09-01 08:17:09,31391.53,INR,SUCCESS,POS
T100710,M1017,C65609,2026-09-01 14:50:32,50628.94,INR,SUCCESS,ONLINE
T100711,M1010,C52212,2026-09-01 10:59:36,2508.96,INR,SUCCESS,ONLINE
T100712,M1023,C88361,2026-09-01 15:56:23,2637.98,INR,FAILED,QR
T100713,M1028,C71497,2026-09-01 17:46:15,19645.63,INR,SUCCESS,ONLINE
T100714,M1024,C70679,2026-09-01 20:15:52,329673.62,INR,SUCCESS,QR
T100715,M1000,C50752,2026-09-02 12:52:27,2669.93,INR,SUCCESS,POS
T100716,M1000,C76837,2026-09-02 17:09:45,265932.66,INR,SUCCESS,ONLINE
T100717,M1007,C90859,2026-09-02 20:26:14,61568.84,INR,SUCCESS,ONLINE
T100718,M1016,C60207,2026-09-02 22:32:27,194453.26,INR,SUCCESS,QR
T100719,M1012,C76178,2026-09-02 20:30:50,2898.17,INR,FAILED,POS
T100720,M1023,C68921,2026-09-02 22:15:25,2522.36,INR,REVERSED,POS
T100721,M1019,C76396,2026-09-02 19:36:16,150904.78,INR,REVERSED,QR
T100722,M1023,C67508,2026-09-02 15:08:27,3112.42,INR,SUCCESS,ONLINE
T100723,M1015,C95061,2026-09-02 20:54:17,13596.70,USD,SUCCESS,QR
T100724,M1000,C51968,2026-09-02 09:49:49,2479.91,INR,SUCCESS,POS
T100725,M1000,C65946,2026-09-02 14:07:40,48056.25,INR,SUCCESS,QR
T100726,M1010,C71494,2026-09-02 16:37:46,6203.07,INR,SUCCESS,ONLINE
T100727,M1011,C88616,2026-09-02 13:17:51,970.09,INR,SUCCESS,QR
T100728,M1011,C92013,2026-09-02 11:06:55,3563.66,INR,SUCCESS,QR
T100729,M1027,C75699,2026-09-02 10:50:52,9485.87,INR,SUCCESS,POS
T100730,M1014,C93965,2026-09-02 18:50:32,3868.08,INR,SUCCESS,ONLINE
T100731,M1027,C68626,2026-09-02 18:05:56,357.13,INR,SUCCESS,POS
T100732,M1027,C56009,2026-09-02 22:33:20,8835.53,INR,SUCCESS,QR
T100733,M1009,C68202,2026-09-02 09:50:09,36210.84,INR,SUCCESS,ONLINE
T100734,M1013,C90393,2026-09-02 10:47:21,2348.54,INR,SUCCESS,POS
T100735,M1019,C80020,2026-09-02 08:41:04,317236.88,INR,SUCCESS,POS
T100736,M1027,C88299,2026-09-02 22:53:17,1275.04,INR,SUCCESS,QR
T100737,M1003,C91969,2026-09-02 19:44:04,2962.48,INR,SUCCESS,POS
T100738,M1024,C97422,2026-09-02 18:56:10,712.69,INR,SUCCESS,ONLINE
T100739,M1007,C52381,2026-09-02 20:02:55,47421.19,INR,SUCCESS,QR
T100740,M1002,C81758,2026-09-02 14:17:53,3550.02,INR,SUCCESS,QR
T100741,M1025,C88023,2026-09-02 06:49:34,38518.55,INR,SUCCESS,ONLINE
T100742,,C67121,2026-09-02 07:06:30,45115.23,INR,SUCCESS,ONLINE
T100743,M1025,C84454,2026-09-02 14:30:55,185936.10,INR,SUCCESS,ONLINE
T100744,M1018,C56130,2026-09-02 14:09:01,377391.85,INR,SUCCESS,QR
T100745,M1000,C75950,2026-09-02 22:43:58,314520.84,INR,SUCCESS,POS
T100746,M1001,C63602,2026-09-02 18:17:44,53989.46,INR,SUCCESS,ONLINE
T100747,M1018,C52801,2026-09-02 07:26:09,368215.51,INR,SUCCESS,ONLINE
T100748,M1014,C74417,2026-09-02 18:08:34,4204.64,INR,SUCCESS,ONLINE
T100749,M1021,C50506,2026-09-02 11:15:36,412.83,INR,SUCCESS,ONLINE
T100750,M1014,C99448,2026-09-02 17:56:55,3285.33,INR,REVERSED,ONLINE
T100751,M1013,C78858,2026-09-02 14:14:07,255803.50,INR,SUCCESS,ONLINE
T100752,M1022,C59544,2026-09-02 14:15:48,3473.00,IN,SUCCESS,ONLINE
T100753,M1026,C76590,2026-09-02 15:17:22,3112.94,INR,SUCCESS,POS
T100754,M1012,C76514,2026-09-02 15:06:59,212344.45,INR,SUCCESS,POS
T100755,M1012,C74932,2026-09-02 19:30:14,59882.87,INR,SUCCESS,ONLINE
T100756,M1023,C52712,2026-09-02 13:19:30,2508.69,INR,SUCCESS,ONLINE
T100757,M1004,C92807,2026-09-02 12:56:02,3668.94,INR,SUCCESS,ONLINE
T100758,M1029,C97906,2026-09-02 14:11:00,1280.89,INR,FAILED,QR
T100759,M1023,C76377,2026-09-02 19:42:44,53717.92,INR,SUCCESS,POS
T100760,M1025,C89031,2026-09-02 16:12:09,218999.93,INR,SUCCESS,QR
T100761,M1019,C65058,2026-09-02 16:13:05,2179.78,INR,SUCCESS,QR
T100762,M1023,C72560,2026-09-02 22:32:17,384.46,INR,SUCCESS,QR
T100763,M1024,C80218,2026-09-02 11:42:53,7487.05,INR,SUCCESS,POS
T100764,M1014,C97930,2026-09-02 15:03:53,24464.80,INR,SUCCESS,QR
T100765,M1025,C68308,2026-09-02 06:11:57,22279.62,INR,SUCCESS,QR
T100766,M1009,C78994,2026-09-02 13:52:12,315374.68,INR,FAILED,ONLINE
T100767,M1011,C62011,2026-09-02 20:43:59,22667.30,INR,SUCCESS,QR
T100768,M1008,C50220,2026-09-02 10:04:09,147213.80,INR,SUCCESS,POS
T100769,M1004,C92198,2026-09-02 19:33:18,20398.61,INR,SUCCESS,POS
T100770,M1006,C98845,2026-09-02 06:44:05,2214.33,INR,SUCCESS,POS
T100771,M1014,C85797,2026-09-02 13:47:25,34947.24,INR,SUCCESS,ONLINE
T100772,,C51186,2026-09-02 10:19:42,3968.93,INR,SUCCESS,ONLINE
T100773,M1017,C82648,2026-09-02 16:21:49,2239.67,INR,SUCCESS,ONLINE
T100774,M1011,C57358,2026-09-02 15:58:14,161491.38,INR,SUCCESS,ONLINE
T100775,M1009,C81937,2026-09-02 11:25:13,11217.53,INR,SUCCESS,POS
T100776,M1025,C79180,2026-09-02 16:59:23,59025.11,INR,SUCCESS,QR
T100777,M1016,C66666,2026-09-02 09:19:00,106703.39,INR,SUCCESS,POS
T100778,M1013,C52414,2026-09-02 11:43:41,156727.34,INR,SUCCESS,POS
T100779,M1029,C62029,2026-09-02 15:17:14,127720.33,INR,REVERSED,POS
T100780,M1027,C70613,2026-09-02 21:43:13,245418.37,INR,SUCCESS,QR
T100781,M1016,C51016,2026-09-02 17:55:00,3414.36,INR,SUCCESS,POS
T100782,M1013,C95065,2026-09-02 12:44:56,3635.43,INR,SUCCESS,POS
T100783,M1008,C86759,2026-09-02 17:45:18,2057.20,INR,SUCCESS,ONLINE
T100784,M1002,C80449,2026-09-02 10:25:53,268247.60,INR,FAILED,ONLINE
T100785,M1008,C93674,2026-09-02 09:06:10,102075.17,INR,SUCCESS,ONLINE
T100786,M1004,C60309,2026-09-02 10:40:34,523.46,INR,SUCCESS,ONLINE
T100787,M1003,C58940,2026-09-02 17:07:02,146588.72,INR,SUCCESS,QR
T100788,M1026,C82857,2026-09-02 06:27:42,236562.63,INR,SUCCESS,QR
T100789,M1005,C85221,2026-09-02 18:40:40,136412.66,INR,SUCCESS,ONLINE
T100790,M1004,C50428,2026-09-02 22:50:17,39455.33,INR,SUCCESS,POS
T100791,M1015,C85666,2026-09-02 20:41:51,68209.46,INR,SUCCESS,QR
T100792,M1005,C76656,2026-09-02 16:10:37,19506.10,INR,SUCCESS,ONLINE
T100793,M1019,C92934,2026-09-02 18:08:22,3190.88,INR,SUCCESS,POS
T100794,M1023,C75094,2026-09-02 21:04:59,1040.38,INR,SUCCESS,ONLINE
T100795,M1013,C83765,2026-09-02 11:31:36,289243.21,INR,SUCCESS,POS
T100796,M1004,C92828,2026-09-02 21:31:33,160561.35,INR,SUCCESS,ONLINE
T100797,M1003,C95278,2026-09-02 07:42:03,137960.41,INR,SUCCESS,ONLINE
T100798,M1018,C52160,2026-09-02 15:24:25,58959.23,INR,SUCCESS,POS
T100799,M1001,C98056,2026-09-02 06:34:14,53882.55,INR,SUCCESS,QR
T100800,M1007,C90527,2026-09-02 21:19:57,137121.81,INR,SUCCESS,ONLINE
T100801,M1001,C84283,2026-09-02 14:50:15,107076.55,INR,SUCCESS,ONLINE
T100802,M1004,C62333,2026-09-02 15:45:41,1297.42,INR,FAILED,POS
T100803,M1026,C55186,2026-09-02 13:20:15,2591.88,INR,FAILED,QR
T100804,M1008,C85346,2026-09-02 18:20:57,1731.97,INR,SUCCESS,ONLINE
T100805,M1004,C76758,2026-09-02 07:40:02,3696.81,INR,SUCCESS,POS
T100806,M1021,C88836,2026-09-02 07:16:05,6541.84,INR,SUCCESS,QR
T100807,M1004,C89446,2026-09-02 09:52:00,30315.91,INR,SUCCESS,ONLINE
T100808,M1012,C95280,2026-09-02 08:15:56,26130.06,INR,SUCCESS,QR
T100809,M1017,C83123,2026-09-02 15:29:38,204288.41,INR,SUCCESS,POS
T100810,M1016,C55005,2026-09-02 07:35:18,32054.18,INR,SUCCESS,QR
T100811,M1022,C50836,2026-09-02 13:23:35,3333.26,INR,SUCCESS,QR
T100812,M1012,C60191,2026-09-02 07:52:14,39971.09,INR,SUCCESS,POS
T100813,M1008,C74937,2026-09-02 08:30:09,135321.20,INR,SUCCESS,QR
T100814,M1028,C92231,2026-09-02 10:53:50,340892.59,INR,SUCCESS,QR
T100815,M1018,C87763,2026-09-02 18:17:41,966.06,INR,SUCCESS,ONLINE
T100816,M1009,C94353,2026-09-02 14:58:32,3475.63,INR,SUCCESS,POS
T100817,M1014,C54755,2026-09-02 15:49:01,347298.57,INR,SUCCESS,QR
T100818,M1001,C62279,2026-09-02 15:53:59,50153.04,INR,SUCCESS,QR
T100819,M1028,C71741,2026-09-02 11:37:08,43423.06,INR,SUCCESS,QR
T100820,M1018,C65523,2026-09-02 13:43:25,57478.57,INR,SUCCESS,ONLINE
T100821,M1015,C85582,2026-09-02 19:32:10,1822.59,INR,FAILED,QR
T100822,M1004,C55770,2026-09-02 11:24:09,74096.49,INR,SUCCESS,QR
T100823,M1009,C80379,2026-09-02 10:14:21,3888.76,INR,FAILED,ONLINE
T100824,M1009,C55901,2026-09-02 14:16:57,239200.70,INR,SUCCESS,POS
T100825,M1028,C82618,2026-09-02 17:51:30,318049.59,INR,REVERSED,QR
T100826,M1027,C78412,2026-09-02 16:19:30,100601.82,INR,SUCCESS,POS
T100827,M1016,C62920,2026-09-02 07:38:00,44512.74,INR,SUCCESS,POS
T100828,M1001,C51586,2026-09-02 09:37:43,146999.89,INR,SUCCESS,QR
T100829,M1029,C62679,2026-09-02 22:18:46,120965.41,INR,SUCCESS,QR
T100830,M1024,C75130,2026-09-02 11:25:17,25149.69,INR,SUCCESS,ONLINE
T100831,M1016,C73697,2026-09-02 20:44:54,31263.30,INR,SUCCESS,ONLINE
T100832,M1007,C69860,2026-09-02 10:57:55,745.93,INR,SUCCESS,QR
T100833,M1019,C67131,2026-09-02 15:00:54,28994.70,INR,SUCCESS,QR
T100834,M1026,C80106,2026-09-02 12:44:59,46061.44,INR,SUCCESS,ONLINE
T100835,M1026,C57024,2026-09-02 16:23:07,3087.37,INR,SUCCESS,POS
T100836,M1006,C71208,2026-09-02 18:46:11,32656.13,INR,SUCCESS,QR
T100837,M1009,C88079,2026-09-02 15:48:51,17456.80,INR,SUCCESS,QR
T100838,M1023,C71055,2026-09-02 16:19:05,122861.15,INR,SUCCESS,ONLINE
T100839,M1022,C92712,2026-09-02 12:28:56,3048.07,INR,SUCCESS,QR
T100840,M1002,C79245,2026-09-02 09:17:23,14433.87,INR,SUCCESS,ONLINE
T100841,M1007,C63971,2026-09-02 21:48:50,1688.46,INR,SUCCESS,POS
T100842,M1012,C91400,2026-09-02 14:30:15,2039.20,INR,SUCCESS,QR
T100843,M1012,C57210,2026-09-02 16:38:02,153838.42,INR,FAILED,ONLINE
T100844,M1026,C68403,2026-09-02 15:18:24,682.82,INR,SUCCESS,QR
T100845,M1013,C86061,2026-09-02 18:21:05,106921.97,INR,SUCCESS,QR
T100846,M1006,C87427,2026-09-02 19:41:29,1770.67,INR,SUCCESS,POS
T100847,M1013,C79929,2026-09-02 21:59:43,57135.30,INR,SUCCESS,QR
T100848,M1014,C65435,2026-09-02 20:57:23,190522.39,INR,SUCCESS,ONLINE
T100849,M1026,C72498,2026-09-02 07:30:48,343104.03,INR,SUCCESS,QR
T100850,M1011,C60732,2026-09-02 06:58:50,1769.77,INR,SUCCESS,QR
T100851,M1016,C97147,2026-09-02 06:05:27,55861.58,INR,SUCCESS,POS
T100852,M1016,C51648,2026-09-02 10:39:44,3395.23,INR,SUCCESS,QR
T100853,,C70920,2026-09-02 19:45:13,339391.10,INR,SUCCESS,ONLINE
T100854,M1028,C58481,2026-09-02 07:33:24,187799.68,INR,SUCCESS,ONLINE
T100855,M1013,C60541,2026-09-02 21:44:59,57398.12,INR,SUCCESS,QR
T100856,M1011,C92290,2026-09-02 12:39:06,39949.46,INR,SUCCESS,POS
T100857,M1020,C88828,2026-09-02 16:35:12,213851.59,INR,SUCCESS,QR
T100858,M1006,C74374,2026-09-02 12:08:07,259922.72,INR,SUCCESS,ONLINE
T100859,M1015,C96395,2026-09-02 22:34:21,270834.42,INR,SUCCESS,QR
T100860,M1025,C95308,2026-09-02 10:35:50,379441.41,INR,FAILED,POS
T100861,M1006,C73031,2026-09-02 14:34:13,155048.48,INR,SUCCESS,QR
T100862,M1004,C70111,2026-09-02 17:41:50,391754.97,INR,SUCCESS,ONLINE
T100863,M1016,C79974,2026-09-02 11:26:35,168606.10,INR,SUCCESS,QR
T100864,M1015,C57880,2026-09-02 17:03:39,24655.64,INR,SUCCESS,ONLINE
T100865,M1018,C96139,2026-09-02 14:25:41,1453.21,INR,SUCCESS,QR
T100866,M1003,C80243,2026-09-02 22:46:10,17756.50,INR,SUCCESS,ONLINE
T100867,M1000,C58486,2026-09-02 17:06:56,1784.51,INR,SUCCESS,POS
T100868,M1029,C91105,2026-09-02 21:59:29,287145.67,INR,SUCCESS,POS
T100869,M1009,C81777,2026-09-02 18:19:17,183956.48,INR,SUCCESS,ONLINE
T100870,M1005,C98031,2026-09-02 20:08:07,854.68,INR,SUCCESS,QR
T100871,M1027,C59730,2026-09-02 20:16:47,53265.71,INR,SUCCESS,QR
T100872,M1020,C89184,2026-09-02 19:27:23,2387.24,INR,SUCCESS,ONLINE
T100873,M1004,C56075,2026-09-02 12:15:37,102903.48,INR,SUCCESS,QR
T100874,M1005,C92895,2026-09-02 08:13:11,21272.40,INR,SUCCESS,QR
T100875,M1015,C56031,2026-09-02 09:50:41,166.47,INR,SUCCESS,QR
T100876,M1025,C85878,2026-09-02 16:03:09,52247.09,INR,SUCCESS,POS
T100877,M1002,C99945,2026-09-02 21:00:35,45875.88,INR,SUCCESS,QR
T100878,M1007,C92984,2026-09-02 18:40:02,19148.32,INR,SUCCESS,POS
T100879,M1004,C85983,2026-09-02 06:21:13,85199.48,INR,SUCCESS,POS
T100880,M1016,C54831,2026-09-02 20:55:21,43077.55,INR,REVERSED,POS
T100881,M1000,C54880,2026-09-02 17:49:29,37216.14,INR,SUCCESS,QR
T100882,M1006,C89138,2026-09-02 21:28:23,290203.59,INR,SUCCESS,POS
T100883,M1008,C95656,2026-09-02 11:05:02,1528.14,INR,SUCCESS,QR
T100884,M1000,C79512,2026-09-02 16:02:40,46917.27,INR,SUCCESS,QR
T100885,M1024,C63528,2026-09-02 09:38:48,12600.13,INR,SUCCESS,QR
T100886,M1002,C65698,2026-09-02 15:18:39,1704.93,INR,FAILED,POS
T100887,M1020,C96557,2026-09-02 09:29:09,31263.01,INR,SUCCESS,QR
T100888,M1028,C97916,2026-09-02 07:42:52,63640.00,INR,SUCCESS,QR
T100889,M1000,C51550,2026-09-02 16:08:17,42776.58,INR,SUCCESS,POS
T100890,M1019,C55337,2026-09-02 20:02:22,207406.25,INR,SUCCESS,QR
T100891,M1013,C75482,2026-09-02 18:46:55,28477.10,INR,SUCCESS,ONLINE
T100892,M1010,C58490,2026-09-02 21:48:51,472.88,INR,SUCCESS,POS
T100893,M1028,C69413,2026-09-02 19:50:23,221699.10,INR,SUCCESS,POS
T100894,M1011,C57659,2026-09-02 17:19:34,54244.83,INR,SUCCESS,ONLINE
T100895,M1012,C62107,2026-09-02 07:52:23,33251.76,INR,SUCCESS,POS
T100896,M1019,C85490,2026-09-02 22:30:48,21176.80,INR,FAILED,POS
T100897,M1019,C73693,2026-09-02 10:37:04,18511.32,INR,SUCCESS,QR
T100898,M1007,C61980,2026-09-02 22:49:10,227665.96,INR,SUCCESS,POS
T100899,M1006,C51121,2026-09-02 16:27:21,336459.06,INR,SUCCESS,QR
T100900,M1019,C65408,2026-09-02 16:02:04,17404.78,INR,FAILED,ONLINE
T100901,M1017,C83467,2026-09-02 15:09:07,6948.00,INR,SUCCESS,ONLINE
T100902,M1004,C69803,2026-09-02 22:37:11,54244.29,INR,SUCCESS,ONLINE
T100903,M1011,C84670,2026-09-02 09:24:39,166544.60,INR,SUCCESS,ONLINE
T100904,M1017,C89001,2026-09-02 16:25:48,282489.87,INR,SUCCESS,QR
T100905,M1024,C78475,2026-09-02 14:31:08,44364.20,INR,SUCCESS,QR
T100906,M1013,C54203,2026-09-02 18:13:16,46728.10,INR,SUCCESS,POS
T100907,M1016,C54084,2026-09-02 21:35:40,43445.67,INR,SUCCESS,QR
T100908,M1022,C65447,2026-09-02 16:32:54,22285.80,INR,SUCCESS,ONLINE
T100909,M1021,C50234,2026-09-02 17:20:42,3496.69,INR,SUCCESS,POS
T100910,M1000,C50373,2026-09-02 18:41:24,3402.56,INR,SUCCESS,ONLINE
T100911,M1001,C80059,2026-09-02 08:30:48,23200.81,INR,FAILED,POS
T100912,M1020,C94982,2026-09-02 21:21:24,887.42,INR,SUCCESS,ONLINE
T100913,M1022,C96868,2026-09-02 09:32:27,1594.87,INR,SUCCESS,QR
T100914,M1012,C89682,2026-09-02 09:18:39,2790.62,INR,SUCCESS,QR
T100915,M1017,C76797,2026-09-02 16:24:37,189645.84,INR,FAILED,ONLINE
T100916,M1002,C86349,2026-09-02 11:22:54,59640.56,INR,SUCCESS,POS
T100917,M1020,C69041,2026-09-02 21:30:58,1817.74,INR,SUCCESS,POS
T100918,M1002,C71606,2026-09-02 12:07:41,151294.53,INR,SUCCESS,ONLINE
T100919,M1005,C50265,2026-09-02 15:27:57,55481.88,INR,SUCCESS,QR
T100920,M1014,C68986,2026-09-02 20:24:41,1366.55,INR,SUCCESS,QR
T100921,M1008,C61958,2026-09-02 08:24:14,240522.85,INR,SUCCESS,QR
T100922,M1029,C99392,2026-09-02 13:26:20,628.04,INR,SUCCESS,POS
T100923,M1008,C78224,2026-09-02 16:23:53,19582.57,INR,SUCCESS,QR
T100924,M1000,C58617,2026-09-02 19:51:59,3572.25,INR,SUCCESS,POS
T100925,M1018,C55410,2026-09-02 11:29:03,106313.68,INR,SUCCESS,ONLINE
T100926,M1023,C92952,2026-09-02 21:39:17,394262.66,INR,SUCCESS,POS
T100927,M1024,C58364,2026-09-02 09:37:44,1209.26,INR,SUCCESS,ONLINE
T100928,M1026,C90650,2026-09-02 12:51:55,208083.00,INR,SUCCESS,POS
T100929,M1006,C51422,2026-09-02 15:11:14,44040.51,INR,SUCCESS,QR
T100930,M1024,C57789,2026-09-02 22:42:14,2531.96,INR,SUCCESS,QR
T100931,M1012,C91683,2026-09-02 09:21:47,265036.44,INR,SUCCESS,ONLINE
T100932,M1025,C84973,2026-09-02 08:01:06,192563.32,INR,SUCCESS,ONLINE
T100933,M1028,C85685,2026-09-02 11:01:54,9683.01,INR,SUCCESS,QR
T100934,M1025,C82250,2026-09-02 20:40:34,46747.53,INR,SUCCESS,ONLINE
T100935,M1018,C67369,2026-09-02 16:26:18,329538.99,INR,REVERSED,POS
T100936,M1025,C96196,2026-09-02 20:25:00,43548.35,INR,SUCCESS,ONLINE
T100937,M1023,C78926,2026-09-02 19:15:47,2258.87,INR,SUCCESS,QR
T100938,M1021,C56386,2026-09-02 19:15:42,2659.62,INR,SUCCESS,QR
T100939,M1007,C56865,2026-09-02 13:24:07,2209.11,INR,SUCCESS,ONLINE
T100940,M1006,C78110,2026-09-02 22:36:18,2951.52,INR,SUCCESS,POS
T100941,M1024,C91686,2026-09-02 11:53:33,45716.03,INR,SUCCESS,POS
T100942,M1026,C80020,2026-09-02 10:55:40,2067.94,INR,SUCCESS,POS
T100943,M1023,C58685,2026-09-02 22:12:26,2628.67,INR,SUCCESS,QR
T100944,M1029,C67324,2026-09-02 21:50:42,280044.34,INR,SUCCESS,POS
T100945,M1002,C95412,2026-09-02 14:22:23,3732.51,INR,SUCCESS,ONLINE
T100946,M1010,C59587,2026-09-02 19:49:35,191772.02,INR,SUCCESS,ONLINE
T100947,M1000,C99843,2026-09-02 12:16:40,58365.31,INR,SUCCESS,QR
T100948,M1020,C60692,2026-09-02 21:29:43,188225.42,INR,SUCCESS,ONLINE
T100949,M1013,C89705,2026-09-02 16:59:42,29274.48,INR,REVERSED,QR
T100950,M1006,C90996,2026-09-02 15:52:37,21353.64,INR,SUCCESS,QR
T100951,M1018,C72339,2026-09-02 07:27:36,2979.57,INR,SUCCESS,POS
T100952,M1017,C73600,2026-09-02 13:49:28,28061.28,INR,SUCCESS,ONLINE
T100953,M1018,C56702,2026-09-02 14:00:28,875.76,INR,SUCCESS,POS
T100954,M1007,C77217,2026-09-02 11:35:04,1879.61,INR,SUCCESS,ONLINE
T100955,M1026,C94092,2026-09-02 15:02:20,34381.56,INR,SUCCESS,QR
T100956,M1022,C69578,2026-09-02 15:12:02,9423.59,INR,SUCCESS,QR
T100957,M1012,C98297,2026-09-02 12:05:21,1366.87,INR,SUCCESS,POS
T100958,M1015,C90486,2026-09-02 21:07:27,274304.28,INR,SUCCESS,ONLINE
T100959,M1009,C51233,2026-09-02 10:57:27,18643.97,INR,SUCCESS,POS
T100960,M1023,C97274,2026-09-02 08:58:25,340335.55,INR,SUCCESS,POS
T100961,M1010,C95443,2026-09-02 10:57:25,121028.91,INR,SUCCESS,ONLINE
T100962,M1011,C71412,2026-09-02 08:59:06,10454.94,INR,SUCCESS,QR
T100963,M9999,C74666,2026-09-02 10:56:04,45863.81,INR,SUCCESS,POS
T100964,M1020,C98956,2026-09-02 07:34:31,52878.31,INR,REVERSED,QR
T100965,M1013,C74206,2026-09-02 16:22:44,257677.91,INR,SUCCESS,QR
T100966,M1004,C60142,2026-09-02 20:13:35,41431.34,INR,SUCCESS,POS
T100967,M1009,C82862,2026-09-02 17:13:55,261452.14,INR,SUCCESS,ONLINE
T100968,M1023,C57591,2026-09-02 18:24:24,31477.62,INR,SUCCESS,POS
T100969,M1010,C51795,2026-09-02 19:59:47,19630.15,INR,SUCCESS,QR
T100970,M1007,C74521,2026-09-02 10:35:07,2374.85,INR,SUCCESS,POS
T100971,M1028,C61611,2026-09-02 19:28:47,901.42,INR,FAILED,ONLINE
T100972,M1014,C96476,2026-09-02 22:46:59,47796.76,INR,SUCCESS,ONLINE
T100973,M1006,C85381,2026-09-02 11:15:14,107107.77,INR,REVERSED,POS
T100974,M1005,C93210,2026-09-02 13:46:45,173852.55,INR,SUCCESS,ONLINE
T100975,M1004,C88960,2026-09-02 09:30:22,3222.25,INR,SUCCESS,POS
T100976,M1022,C57225,2026-09-02 06:50:04,367356.96,INR,SUCCESS,POS
T100977,M1015,C97043,2026-09-02 11:31:56,22320.62,INR,SUCCESS,QR
T100978,M1027,C58545,2026-09-02 16:02:46,84956.62,INR,SUCCESS,ONLINE
T100979,M1021,C73123,2026-09-02 21:34:18,39791.99,INR,SUCCESS,POS
T100980,M1005,C91760,2026-09-02 18:19:29,5942.38,INR,SUCCESS,ONLINE
T100981,M1019,C72165,2026-09-02 17:17:42,1625.72,INR,SUCCESS,QR
T100982,M1012,C80927,2026-09-02 22:05:36,39156.40,INR,SUCCESS,QR
T100983,M1017,C60730,2026-09-02 16:28:23,735.56,INR,SUCCESS,ONLINE
T100984,M1014,C61742,2026-09-02 07:33:34,200014.98,INR,SUCCESS,QR
T100985,M1008,C55702,2026-09-02 19:53:19,48042.79,INR,SUCCESS,QR
T100986,M1012,C85964,2026-09-02 07:05:47,412.87,INR,SUCCESS,QR
T100987,M1012,C66570,2026-09-02 16:22:24,11657.69,INR,FAILED,ONLINE
T100988,M1021,C94698,2026-09-02 13:35:19,33531.98,INR,SUCCESS,ONLINE
T100989,M1025,C65603,2026-09-02 11:16:17,247969.97,INR,SUCCESS,ONLINE
T100990,M1016,C60471,2026-09-02 06:02:44,24324.45,INR,FAILED,QR
T100991,M1003,C69994,2026-09-02 13:11:59,31844.35,INR,SUCCESS,QR
T100992,M1015,C75219,2026-09-02 16:15:01,402.29,INR,SUCCESS,POS
T100993,M1011,C84907,2026-09-02 22:41:29,1451.30,INR,SUCCESS,ONLINE
T100994,M1021,C55788,2026-09-02 12:54:31,362208.17,INR,SUCCESS,ONLINE
T100995,M1015,C94744,2026-09-02 06:52:59,280174.46,INR,SUCCESS,ONLINE
T100996,M1023,C79906,2026-09-02 13:53:23,48983.24,INR,SUCCESS,QR
T100997,M1013,C55615,2026-09-02 06:01:41,66875.17,INR,SUCCESS,ONLINE
T100998,M1026,C87646,2026-09-02 06:15:29,26161.03,INR,SUCCESS,POS
T100999,M1027,C54233,2026-09-02 13:29:33,29051.61,INR,SUCCESS,QR
T101000,M1020,C63705,2026-09-02 10:51:51,359004.48,INR,SUCCESS,ONLINE
T101001,M1005,C75658,2026-09-02 10:35:14,3364.69,INR,SUCCESS,ONLINE
T101002,M1013,C52708,2026-09-02 06:40:42,1165.78,INR,SUCCESS,QR
T101003,M1001,C50141,2026-09-02 07:49:45,43395.25,INR,FAILED,QR
T101004,M1010,C56203,2026-09-02 17:13:54,45425.33,INR,SUCCESS,ONLINE
T101005,M1009,C73308,2026-09-02 16:50:02,266814.83,INR,SUCCESS,ONLINE
T101006,M1015,C64224,2026-09-02 13:31:33,49618.80,INR,SUCCESS,QR
T101007,M1017,C91870,2026-09-02 16:48:31,2663.35,INR,SUCCESS,POS
T101008,M1020,C94350,2026-09-02 21:17:46,62994.95,INR,SUCCESS,POS
T101009,M1007,C82256,2026-09-02 12:40:19,238527.28,INR,SUCCESS,POS
T101010,M1001,C97158,2026-09-02 17:04:14,140379.86,INR,SUCCESS,QR
T101011,M1028,C93831,2026-09-02 15:33:13,59708.63,INR,SUCCESS,POS
T101012,M1008,C78418,2026-09-02 19:38:18,10335.63,INR,SUCCESS,QR
T101013,M1008,C69685,2026-09-02 16:28:43,54463.20,INR,SUCCESS,ONLINE
T101014,M1014,C58086,2026-09-02 22:22:53,1808.89,INR,SUCCESS,POS
T101015,M1004,C59645,2026-09-02 10:45:34,112829.06,INR,REVERSED,QR
T101016,M1000,C51884,2026-09-02 07:44:43,3638.73,INR,SUCCESS,QR
T101017,,C96872,2026-09-02 06:50:24,225584.17,INR,SUCCESS,POS
T101018,M1007,C72644,2026-09-02 17:19:26,33394.30,INR,SUCCESS,QR
T101019,M1019,C93789,2026-09-02 20:56:59,1437.64,INR,SUCCESS,POS
T101020,M1029,C81608,2026-09-02 18:40:15,40829.03,INR,SUCCESS,QR
T101021,M1009,C90209,2026-09-02 13:46:36,95926.36,INR,SUCCESS,POS
T101022,M1027,C55131,2026-09-02 22:56:19,37858.38,INR,SUCCESS,ONLINE
T101023,M1011,C73516,2026-09-02 11:33:54,18908.25,INR,SUCCESS,ONLINE
T101024,M1009,C97858,2026-09-02 11:49:09,221688.99,INR,SUCCESS,POS
T101025,M1010,C86658,2026-09-02 14:34:09,3196.29,INR,SUCCESS,POS
T101026,M1025,C59063,2026-09-02 09:37:42,10505.16,INR,SUCCESS,POS
T101027,M1029,C71618,2026-09-02 08:48:39,26886.56,INR,SUCCESS,ONLINE
T101028,M1000,C53282,2026-09-02 22:13:03,206713.03,INR,FAILED,ONLINE
T101029,M1005,C84731,2026-09-02 13:31:27,94651.93,INR,SUCCESS,QR
T101030,M1022,C77495,2026-09-02 11:45:36,7337.92,INR,SUCCESS,ONLINE
T101031,M1001,C73966,2026-09-02 14:49:49,225382.30,INR,SUCCESS,POS
T101032,M1009,C86907,2026-09-02 20:02:14,130997.04,INR,SUCCESS,QR
T101033,M1019,C75734,2026-09-02 20:10:01,25713.28,INR,SUCCESS,QR
T101034,M1027,C82595,2026-09-02 11:09:59,164387.83,INR,SUCCESS,QR
T101035,M1011,C99150,2026-09-02 20:32:24,179732.13,INR,SUCCESS,POS
T101036,M1027,C94910,2026-09-02 13:32:07,1523.40,INR,SUCCESS,POS
T101037,M1001,C60183,2026-09-02 16:49:23,809.86,INR,SUCCESS,ONLINE
T101038,M1029,C63263,2026-09-02 06:50:43,83370.35,INR,SUCCESS,QR
T101039,M1008,C68091,2026-09-02 22:40:11,2819.68,INR,SUCCESS,POS
T101040,M1009,C57638,2026-09-02 17:59:54,294111.34,INR,SUCCESS,QR
T101041,M1010,C71444,2026-09-02 22:37:09,53057.89,INR,SUCCESS,QR
T101042,M1014,C53312,2026-09-02 11:02:02,874.00,INR,SUCCESS,POS
T101043,M1002,C70970,2026-09-02 21:03:14,888.49,INR,SUCCESS,ONLINE
T101044,M1006,C89177,2026-09-02 19:44:44,12424.63,INR,SUCCESS,POS
T101045,M1007,C85903,2026-09-02 08:11:07,2082.12,INR,SUCCESS,ONLINE
T101046,M1027,C96504,2026-09-02 12:10:15,642.56,INR,SUCCESS,POS
T101047,M1000,C97729,2026-09-02 15:35:22,49377.85,INR,SUCCESS,ONLINE
T101048,M1004,C86274,2026-09-02 19:07:42,283455.65,INR,FAILED,POS
T101049,M1010,C76605,2026-09-02 18:11:15,27184.21,INR,SUCCESS,ONLINE
T101050,M1008,C83637,2026-09-02 15:15:35,291356.84,INR,SUCCESS,POS
T101051,M1003,C54636,2026-09-02 16:37:47,27359.26,INR,SUCCESS,POS
T101052,M1008,C99589,2026-09-02 10:19:21,1616.79,INR,SUCCESS,POS
T101053,M1005,C93735,2026-09-02 11:12:59,3606.63,INR,SUCCESS,QR
T101054,M1009,C64981,2026-09-02 07:03:06,41808.77,INR,SUCCESS,ONLINE
T101055,M1013,C93516,2026-09-02 21:57:18,59886.11,INR,SUCCESS,QR
T101056,M1000,C72433,2026-09-02 06:17:44,379900.68,INR,FAILED,POS
T101057,M1016,C67672,2026-09-02 15:04:23,66744.95,INR,SUCCESS,POS
T101058,M1005,C58827,2026-09-02 16:03:46,51730.93,INR,SUCCESS,POS
T101059,M1003,C81286,2026-09-02 08:25:32,2305.32,INR,FAILED,POS
T101060,M1021,C50080,2026-09-02 16:57:35,369293.31,INR,SUCCESS,ONLINE
T101061,M1003,C64818,2026-09-02 21:30:11,20139.83,INR,SUCCESS,QR
T101062,M1012,C53737,2026-09-02 07:38:47,29819.41,INR,SUCCESS,QR
T101063,M1024,C52413,2026-09-02 16:44:17,97299.54,INR,SUCCESS,POS
T101064,M1009,C94353,2026-09-02 20:27:32,25454.64,INR,SUCCESS,POS
T101065,M1007,C56719,2026-09-02 10:31:23,1300.20,INR,SUCCESS,POS
T101066,M1015,C72716,2026-09-02 20:53:41,40564.99,INR,SUCCESS,POS
T101067,M1009,C61954,2026-09-02 06:53:47,58915.39,INR,SUCCESS,ONLINE
T101068,M1014,C53776,2026-09-02 21:19:18,3130.47,INR,SUCCESS,ONLINE
T101069,M1027,C66278,2026-09-02 08:54:32,2224.72,INR,SUCCESS,POS
T101070,M1002,C84789,2026-09-02 17:15:21,1395.13,INR,SUCCESS,POS
T101071,M1000,C57750,2026-09-02 09:00:51,38555.01,INR,SUCCESS,QR
T101072,M1011,C99810,2026-09-02 12:16:10,27329.72,INR,SUCCESS,POS
T101073,M1007,C78229,2026-09-02 16:43:51,54927.01,INR,SUCCESS,QR
T101074,M1009,C62382,2026-09-02 07:08:06,2393.87,INR,SUCCESS,ONLINE
T101075,M1018,C62737,2026-09-02 11:31:57,3130.85,INR,FAILED,QR
T101076,M1015,C71834,2026-09-02 21:42:04,771.71,INR,SUCCESS,POS
T101077,M1014,C86847,2026-09-02 19:27:14,1875.08,INR,SUCCESS,QR
T101078,M9999,C81646,2026-09-02 20:54:10,18306.79,INR,SUCCESS,POS
T101079,M1020,C51696,2026-09-02 06:50:27,310.89,INR,SUCCESS,POS
T101080,M1006,C98916,2026-09-02 06:11:59,896.84,INR,SUCCESS,POS
T101081,M1012,C53149,2026-09-02 13:28:54,398275.18,INR,SUCCESS,POS
T101082,M1021,C91139,2026-09-02 13:02:51,26522.60,INR,SUCCESS,QR
T101083,M1015,C70915,2026-09-02 15:50:34,801.47,INR,SUCCESS,ONLINE
T101084,M1018,C58676,2026-09-02 18:24:42,374189.50,INR,SUCCESS,POS
T101085,M1028,C70634,2026-09-02 06:52:16,316668.45,INR,SUCCESS,QR
T101086,M1014,C99178,2026-09-02 06:24:17,354619.80,INR,SUCCESS,POS
T101087,M1014,C56723,2026-09-02 19:19:36,119237.56,INR,SUCCESS,POS
T101088,M1012,C92434,2026-09-02 22:22:24,11983.37,INR,SUCCESS,POS
T101089,M1005,C53863,2026-09-02 18:24:09,228204.03,INR,FAILED,POS
T101090,M1026,C94298,2026-09-02 22:09:12,32051.31,INR,SUCCESS,ONLINE
T101091,M1001,C77615,2026-09-02 10:05:10,109998.23,INR,SUCCESS,QR
T101092,M1015,C51911,2026-09-02 16:11:37,385849.28,INR,SUCCESS,QR
T101093,M1003,C69495,2026-09-02 09:25:11,3545.99,INR,SUCCESS,ONLINE
T101094,M1020,C95539,2026-09-02 21:15:54,335.87,INR,SUCCESS,QR
T101095,M1002,C76214,2026-09-02 06:29:28,244366.52,INR,SUCCESS,ONLINE
T101096,M1029,C87427,2026-09-02 14:01:01,35058.46,INR,SUCCESS,POS
T101097,M1015,C58850,2026-09-02 08:56:33,345.70,INR,SUCCESS,ONLINE
T101098,M1020,C88996,2026-09-02 15:46:58,44942.81,INR,REVERSED,QR
T101099,M1013,C54409,2026-09-02 16:56:53,162.57,INR,REVERSED,QR
T101100,M1014,C67496,2026-09-02 19:37:04,2097.79,INR,SUCCESS,POS
T101101,M1026,C61570,2026-09-02 09:32:01,81805.82,INR,SUCCESS,POS
T101102,M1020,C69174,2026-09-02 10:46:24,30377.86,INR,SUCCESS,POS
T101103,M1011,C52073,2026-09-02 16:45:30,48519.41,INR,SUCCESS,QR
T101104,M1002,C92148,2026-09-02 19:57:12,46958.27,INR,SUCCESS,ONLINE
T101105,M1027,C89648,2026-09-02 09:16:37,221282.51,INR,FAILED,QR
T101106,M1018,C99944,2026-09-02 14:22:29,16966.11,INR,SUCCESS,POS
T101107,M1015,C93395,2026-09-02 15:05:22,12461.84,INR,SUCCESS,ONLINE
T101108,M1008,C95096,2026-09-02 07:24:15,238.53,INR,REVERSED,ONLINE
T101109,M1003,C95344,2026-09-02 10:25:47,315622.07,INR,SUCCESS,POS
T101110,M1021,C93477,2026-09-02 10:12:49,47229.70,INR,FAILED,QR
T101111,M1029,C93370,2026-09-02 16:23:40,46057.96,INR,SUCCESS,ONLINE
T101112,M1021,C56596,2026-09-02 11:08:01,42957.77,,SUCCESS,QR
T101113,M1009,C60455,2026-09-02 12:59:53,91448.19,INR,SUCCESS,POS
T101114,M1003,C63101,2026-09-02 06:09:28,29138.38,INR,SUCCESS,QR
T101115,M1017,C75769,2026-09-02 21:40:21,2138.50,INR,SUCCESS,ONLINE
T101116,M1028,C53766,2026-09-02 19:23:34,3626.88,INR,SUCCESS,ONLINE
T101117,M1010,C60617,2026-09-02 15:25:49,3050.59,INR,SUCCESS,ONLINE
T101118,M1014,C58135,2026-09-02 07:26:02,39827.93,INR,SUCCESS,QR
T101119,M1023,C97585,2026-09-02 13:47:06,68136.60,INR,SUCCESS,POS
T101120,M1014,C84999,2026-09-02 11:41:35,18857.83,INR,SUCCESS,QR
T101121,M1014,C52027,2026-09-02 09:31:05,40160.77,INR,SUCCESS,POS
T101122,M1006,C66189,2026-09-02 12:46:14,7239.70,INR,SUCCESS,ONLINE
T101123,M1029,C55150,2026-09-02 14:13:52,299766.08,INR,SUCCESS,QR
T101124,M1022,C99682,2026-09-02 09:05:35,203377.02,INR,FAILED,ONLINE
T101125,M1006,C81852,2026-09-02 06:55:12,137774.93,INR,SUCCESS,ONLINE
T101126,M1026,C57072,2026-09-02 09:07:24,134226.07,INR,SUCCESS,POS
T101127,M1012,C91342,2026-09-02 16:01:23,359887.21,INR,SUCCESS,QR
T101128,M1023,C54308,2026-09-02 06:32:05,41296.77,INR,SUCCESS,QR
T101129,M1010,C53591,2026-09-02 14:12:24,2054.54,INR,FAILED,POS
T101130,M1013,C83351,2026-09-02 06:18:36,57070.17,INR,SUCCESS,ONLINE
T101131,M1007,C51016,2026-09-02 11:00:44,11376.50,INR,SUCCESS,ONLINE
T101132,M1009,C66337,2026-09-02 20:15:04,2563.23,INR,SUCCESS,POS
T101133,M1024,C55427,2026-09-02 16:22:06,173.03,INR,SUCCESS,QR
T101134,M1008,C63171,2026-09-02 08:35:41,602.21,INR,SUCCESS,POS
T101135,M1000,C75942,2026-09-02 09:09:31,383533.48,INR,SUCCESS,POS
T101136,M1007,C92193,2026-09-02 12:54:54,2282.69,INR,SUCCESS,QR
T101137,M1008,C70522,2026-09-02 13:59:59,1602.72,INR,SUCCESS,QR
T101138,M1006,C97925,2026-09-02 17:17:23,205959.97,INR,SUCCESS,QR
T101139,M1013,C59315,2026-09-02 22:55:54,195611.51,INR,SUCCESS,POS
T101140,M1009,C70554,2026-09-02 12:24:13,145830.76,USD,SUCCESS,POS
T101141,M1001,C91663,2026-09-02 14:21:45,322193.62,INR,FAILED,QR
T101142,M1024,C97965,2026-09-02 09:36:42,2864.96,INR,SUCCESS,POS
T101143,M1020,C83079,2026-09-02 10:13:49,190665.72,INR,SUCCESS,ONLINE
T101144,M1004,C68904,2026-09-02 12:54:54,19248.93,INR,SUCCESS,QR
T101145,M1025,C50719,2026-09-02 11:30:24,34568.43,INR,SUCCESS,ONLINE
T101146,M1004,C82800,2026-09-02 22:38:46,138601.34,INR,SUCCESS,ONLINE
T101147,M1018,C75783,2026-09-02 09:37:52,3550.71,INR,SUCCESS,POS
T101148,M1016,C87276,2026-09-02 12:04:34,50319.86,INR,SUCCESS,QR
T101149,M1009,C65946,2026-09-02 12:51:03,50222.57,INR,SUCCESS,QR
T101150,M1029,C85239,2026-09-02 22:52:03,43545.36,INR,SUCCESS,POS
T101151,M1018,C99195,2026-09-02 06:51:18,269807.45,INR,SUCCESS,POS
T101152,M1003,C54039,2026-09-02 14:20:52,3428.03,INR,SUCCESS,QR
T101153,M1022,C60446,2026-09-02 12:04:40,2946.43,INR,SUCCESS,ONLINE
T101154,M1001,C81277,2026-09-02 15:07:08,1916.92,INR,SUCCESS,QR
T101155,M1003,C97685,2026-09-02 08:06:17,45126.65,INR,SUCCESS,QR
T101156,M1013,C65397,2026-09-02 22:33:49,614.62,INR,SUCCESS,QR
T101157,M1000,C91869,2026-09-02 19:53:08,3053.32,INR,FAILED,QR
T101158,M1026,C97239,2026-09-02 17:27:14,210687.94,INR,SUCCESS,QR
T101159,M1016,C56286,2026-09-02 07:20:11,1741.88,INR,SUCCESS,POS
T101160,M1012,C64370,2026-09-02 10:12:57,223061.64,INR,SUCCESS,POS
T101161,M1000,C72854,2026-09-02 20:05:46,268678.16,INR,SUCCESS,QR
T101162,M1000,C74960,2026-09-02 06:57:04,12146.38,INR,SUCCESS,QR
T101163,M1019,C80727,2026-09-02 13:26:52,20827.44,INR,SUCCESS,ONLINE
T101164,M1007,C88233,2026-09-02 18:41:28,49678.90,INR,SUCCESS,ONLINE
T101165,M1014,C96320,2026-09-02 21:06:02,1948.91,INR,SUCCESS,QR
T101166,M1026,C51052,2026-09-02 07:05:35,3233.96,INR,SUCCESS,ONLINE
T101167,M1004,C90634,2026-09-02 17:24:11,283048.06,INR,SUCCESS,POS
T101168,M1028,C95544,2026-09-02 10:05:30,244058.74,INR,SUCCESS,ONLINE
T101169,M1021,C69690,2026-09-02 21:38:39,417.41,INR,SUCCESS,QR
T101170,M1005,C90793,2026-09-02 16:04:05,13927.53,INR,SUCCESS,QR
T101171,M1027,C59422,2026-09-02 14:37:16,379.13,INR,SUCCESS,ONLINE
T101172,M1024,C53530,2026-09-02 13:01:18,6957.13,INR,SUCCESS,POS
T101173,M1011,C89769,2026-09-02 11:20:29,678.73,INR,SUCCESS,ONLINE
T101174,M1008,C90836,2026-09-02 07:03:07,27570.28,INR,SUCCESS,POS
T101175,M1015,C54079,2026-09-02 07:31:06,1876.38,INR,SUCCESS,POS
T101176,M1023,C91143,2026-09-02 08:40:35,53216.16,INR,SUCCESS,QR
T101177,M1003,C98459,2026-09-02 14:31:45,1134.80,INR,SUCCESS,QR
T101178,M1002,C72665,2026-09-02 09:48:02,1619.44,INR,SUCCESS,QR
T101179,M1029,C65599,2026-09-02 18:02:23,138919.34,INR,SUCCESS,POS
T101180,M1017,C83991,2026-09-02 15:28:58,243131.40,INR,SUCCESS,QR
T101181,M1025,C64056,2026-09-02 11:32:01,1063.11,INR,SUCCESS,QR
T101182,M1028,C79923,2026-09-02 21:37:15,24615.15,INR,SUCCESS,QR
T101183,M1006,C91350,2026-09-02 13:54:01,30727.41,INR,SUCCESS,QR
T101184,M1029,C80297,2026-09-02 21:22:57,186578.09,INR,SUCCESS,POS
T101185,M1003,C85250,2026-09-02 07:44:48,1242.89,INR,SUCCESS,ONLINE
T101186,M1017,C92520,2026-09-02 12:21:38,46928.86,INR,SUCCESS,ONLINE
T101187,M1000,C72973,2026-09-02 07:50:56,298610.40,INR,SUCCESS,ONLINE
T101188,M1000,C83963,2026-09-02 11:27:03,268663.12,INR,SUCCESS,QR
T101189,M1017,C58632,2026-09-02 22:51:58,1093.83,INR,SUCCESS,ONLINE
T101190,M1019,C60729,2026-09-02 12:20:00,1151.59,INR,SUCCESS,POS
T101191,M1009,C83574,2026-09-02 11:28:53,8326.00,INR,SUCCESS,QR
T101192,M1015,C53104,2026-09-02 16:50:19,352670.32,INR,SUCCESS,ONLINE
T101193,M1009,C75053,2026-09-02 08:33:19,18811.61,INR,SUCCESS,QR
T101194,M1019,C85124,2026-09-02 08:24:04,213180.60,INR,SUCCESS,QR
T101195,M1012,C77005,2026-09-02 07:43:25,45175.25,INR,SUCCESS,POS
T101196,M1019,C83356,2026-09-02 06:36:37,1253.59,INR,SUCCESS,QR
T101197,M1026,C60096,2026-09-02 16:33:09,46777.57,INR,SUCCESS,QR
T101198,M1014,C99943,2026-09-02 15:32:15,221752.60,INR,FAILED,POS
T101199,M1010,C65613,2026-09-02 21:27:12,3683.48,INR,SUCCESS,QR
T101200,M1014,C99546,2026-09-02 06:55:31,837.08,INR,SUCCESS,ONLINE
T101201,M1003,C73850,2026-09-02 12:01:06,18086.87,INR,SUCCESS,QR
T101202,M1026,C94635,2026-09-02 09:10:51,917.96,INR,SUCCESS,ONLINE
T101203,M1024,C80721,2026-09-02 12:49:53,195363.26,INR,SUCCESS,ONLINE
T101204,M1020,C88395,2026-09-02 22:41:03,2702.37,INR,SUCCESS,QR
T101205,M1007,C58265,2026-09-02 11:53:47,289421.26,INR,SUCCESS,ONLINE
T101206,M1024,C53660,2026-09-02 16:56:41,28303.30,INR,SUCCESS,ONLINE
T101207,M1024,C64609,2026-09-02 10:52:06,2921.87,INR,SUCCESS,POS
T101208,M1007,C90389,2026-09-02 20:00:14,694.89,INR,FAILED,POS
T101209,M1020,C69922,2026-09-02 16:20:31,154674.10,INR,SUCCESS,POS
T101210,M1021,C61293,2026-09-02 06:58:54,94382.14,INR,FAILED,ONLINE
T101211,M1024,C78477,2026-09-02 15:51:07,22511.40,INR,SUCCESS,ONLINE
T101212,M1007,C96734,2026-09-02 07:22:29,523.02,INR,SUCCESS,QR
T101213,M1012,C88854,2026-09-02 08:22:21,130248.04,INR,SUCCESS,POS
T101214,M1021,C66150,2026-09-02 09:08:42,35071.92,INR,FAILED,ONLINE
T101215,M1025,C70043,2026-09-02 20:15:32,21837.17,INR,SUCCESS,ONLINE
T101216,M1019,C55744,2026-09-02 07:06:04,900.65,INR,SUCCESS,QR
T101217,M1019,C80062,2026-09-02 09:23:41,16086.41,INR,SUCCESS,QR
T101218,M1022,C95906,2026-09-02 10:51:58,14080.26,INR,SUCCESS,POS
T101219,M1001,C85114,2026-09-02 18:21:53,40111.25,INR,SUCCESS,QR
T101220,M1001,C69701,2026-09-02 08:33:39,299487.39,INR,SUCCESS,POS
T101221,M1009,C62528,2026-09-02 13:58:31,158636.05,INR,SUCCESS,ONLINE
T101222,M1000,C93917,2026-09-02 18:06:33,5478.45,INR,SUCCESS,QR
T101223,M1027,C70655,2026-09-02 08:54:24,921.91,INR,SUCCESS,QR
T101224,M1006,C83821,2026-09-02 21:05:11,3447.62,INR,SUCCESS,POS
T101225,M1000,C63662,2026-09-02 08:25:23,219464.34,INR,SUCCESS,ONLINE
T101226,M1028,C82812,2026-09-02 16:09:41,378081.52,INR,SUCCESS,ONLINE
T101227,M1024,C99783,2026-09-02 22:44:31,2772.10,INR,SUCCESS,QR
T101228,M1009,C55098,2026-09-02 20:23:14,3333.21,INR,SUCCESS,POS
T101229,M1026,C57954,2026-09-02 14:43:56,1998.48,INR,SUCCESS,ONLINE
T101230,M1003,C71935,2026-09-02 10:35:18,40925.10,INR,SUCCESS,POS
T101231,M1009,C68981,2026-09-02 17:04:05,43377.51,INR,SUCCESS,QR
T101232,M1009,C68043,2026-09-02 19:37:29,33581.71,INR,SUCCESS,ONLINE
T101233,M1015,C53001,2026-09-02 11:49:23,3629.14,INR,SUCCESS,ONLINE
T101234,M1008,C86258,2026-09-02 22:27:11,59252.19,INR,SUCCESS,QR
T101235,M1018,C87137,2026-09-02 13:34:08,2610.71,INR,SUCCESS,POS
T101236,M1022,C76746,2026-09-02 21:22:31,242393.61,INR,SUCCESS,ONLINE
T101237,M1001,C95189,2026-09-02 09:26:38,1602.78,INR,SUCCESS,QR
T101238,M1024,C88851,2026-09-02 13:05:10,361911.25,INR,SUCCESS,ONLINE
T101239,M1009,C62412,2026-09-02 08:18:19,378731.97,INR,SUCCESS,QR
T101240,M1029,C91320,2026-09-02 11:16:06,11107.40,INR,SUCCESS,ONLINE
T101241,M1006,C70081,2026-09-02 17:49:25,2766.04,INR,SUCCESS,ONLINE
T101242,M1014,C56701,2026-09-02 08:10:02,927.11,INR,FAILED,POS
T101243,M1003,C94171,2026-09-02 06:35:53,13521.56,INR,SUCCESS,POS
T101244,M1011,C55954,2026-09-02 15:29:12,859.49,INR,SUCCESS,ONLINE
T101245,M1019,C81190,2026-09-02 07:37:23,15313.74,INR,SUCCESS,POS
T101246,M1004,C95497,2026-09-02 21:27:03,1919.01,INR,SUCCESS,ONLINE
T101247,M1005,C66603,2026-09-02 08:45:07,396335.80,INR,SUCCESS,QR
T101248,M1011,C61041,2026-09-02 20:27:31,11934.27,INR,SUCCESS,ONLINE
T101249,M1023,C56487,2026-09-02 14:07:05,28012.14,INR,SUCCESS,QR
T101250,M1001,C52593,2026-09-02 21:54:57,40979.72,INR,SUCCESS,QR
T101251,M1023,C64740,2026-09-02 18:38:34,491.95,INR,SUCCESS,QR
T101252,M1021,C97692,2026-09-02 13:21:37,213383.38,INR,REVERSED,ONLINE
T101253,M1025,C65085,2026-09-02 14:08:13,214766.94,INR,SUCCESS,POS
T101254,M1010,C56477,2026-09-02 15:10:00,31908.83,INR,SUCCESS,QR
T101255,M1002,C69463,2026-09-02 14:13:15,28735.48,INR,SUCCESS,POS
T101256,M1012,C94756,2026-09-02 11:44:38,10409.01,INR,SUCCESS,QR
T101257,M1012,C89304,2026-09-02 06:29:51,416.30,INR,SUCCESS,QR
T101258,M1002,C67451,2026-09-02 22:01:53,3840.38,INR,SUCCESS,ONLINE
T101259,M1028,C96181,2026-09-02 11:30:35,36892.13,INR,SUCCESS,POS
T101260,M1006,C90782,2026-09-02 14:42:40,1200.34,INR,SUCCESS,POS
T101261,M1024,C85918,2026-09-02 14:05:41,3086.44,INR,SUCCESS,QR
T101262,M1012,C94701,2026-09-02 08:57:32,3273.17,INR,SUCCESS,POS
T101263,M1015,C51247,2026-09-02 15:22:41,190952.98,INR,SUCCESS,POS
T101264,M1005,C91750,2026-09-02 10:48:49,29675.41,INR,SUCCESS,QR
T101265,M1001,C96241,2026-09-02 06:21:37,224541.25,INR,SUCCESS,ONLINE
T101266,M1007,C76950,2026-09-02 11:42:27,16795.27,INR,SUCCESS,ONLINE
T101267,M1002,C88913,2026-09-02 06:23:51,2760.60,INR,SUCCESS,POS
T101268,M1029,C88430,2026-09-02 22:23:32,45973.50,INR,SUCCESS,QR
T101269,M1010,C72354,2026-09-02 07:04:40,2429.97,INR,SUCCESS,POS
T101270,M1024,C97821,2026-09-02 09:39:42,359.66,INR,SUCCESS,ONLINE
T101271,M1026,C84624,2026-09-02 06:32:19,24871.84,INR,SUCCESS,QR
T101272,M1006,C72428,2026-09-02 06:58:08,159158.26,INR,SUCCESS,QR
T101273,M1000,C71741,2026-09-02 12:25:47,597.66,INR,SUCCESS,QR
T101274,M1002,C93734,2026-09-02 12:32:13,12219.51,INR,SUCCESS,QR
T101275,M1012,C55763,2026-09-02 14:21:18,2375.76,INR,FAILED,POS
T101276,M1027,C79662,2026-09-02 20:14:52,2221.80,INR,SUCCESS,ONLINE
T101277,M1022,C88110,2026-09-02 22:24:49,46367.19,INR,SUCCESS,POS
T101278,M1003,C51458,2026-09-02 20:44:11,203850.50,INR,SUCCESS,ONLINE
T101279,M1003,C90581,2026-09-02 11:49:04,485.94,INR,SUCCESS,QR
T101280,M1001,C98291,2026-09-02 13:33:33,471.85,INR,SUCCESS,POS
T101281,M1005,C71485,2026-09-02 10:40:52,363094.87,INR,SUCCESS,POS
T101282,M1009,C96249,2026-09-02 20:00:26,24932.02,INR,SUCCESS,POS
T101283,M1028,C83389,2026-09-02 18:48:29,36982.15,INR,SUCCESS,POS
T101284,M1017,C56786,2026-09-02 20:40:08,46816.18,INR,FAILED,QR
T101285,M1025,C84328,2026-09-02 20:52:18,159627.40,INR,SUCCESS,ONLINE
T101286,M1014,C76790,2026-09-02 09:51:52,16644.90,INR,FAILED,QR
T101287,M1026,C71068,2026-09-02 14:37:42,355032.89,INR,SUCCESS,QR
T101288,M1016,C78088,2026-09-02 21:14:56,275491.73,INR,SUCCESS,ONLINE
T101289,,C58305,2026-09-02 13:34:49,308784.57,INR,SUCCESS,QR
T101290,M1018,C53173,2026-09-02 11:06:47,389723.73,INR,SUCCESS,ONLINE
T101291,M1027,C61484,2026-09-02 11:29:34,18601.22,INR,SUCCESS,QR
T101292,M1020,C50562,2026-09-02 09:46:54,175.28,INR,SUCCESS,POS
T101293,M1014,C92004,2026-09-02 14:51:56,3709.55,INR,SUCCESS,POS
T101294,M1025,C98639,2026-09-02 15:48:12,98219.51,INR,SUCCESS,QR
T101295,M1023,C71053,2026-09-02 07:16:38,32828.56,INR,SUCCESS,ONLINE
T101296,M1002,C54930,2026-09-02 21:05:13,386924.11,INR,SUCCESS,ONLINE
T101297,M1027,C77120,2026-09-02 06:07:27,37462.14,INR,SUCCESS,ONLINE
T101298,M1008,C52407,2026-09-02 16:10:09,58382.63,INR,SUCCESS,QR
T101299,M1025,C56128,2026-09-02 20:14:13,249182.74,INR,SUCCESS,POS
T101300,M1019,C86867,2026-09-02 14:33:24,133473.04,INR,SUCCESS,QR
T101301,M1027,C57725,2026-09-02 08:29:41,19166.52,INR,SUCCESS,ONLINE
T101302,M1028,C94731,2026-09-02 17:24:17,2615.11,INR,SUCCESS,QR
T101303,M1017,C51401,2026-09-02 17:06:27,576.72,INR,SUCCESS,POS
T101304,M1003,C67636,2026-09-02 15:18:22,303240.45,INR,SUCCESS,ONLINE
T101305,M1008,C56670,2026-09-02 14:07:19,58898.69,INR,SUCCESS,QR
T101306,M1003,C85203,2026-09-02 22:05:22,345.13,INR,SUCCESS,POS
T101307,M1009,C87523,2026-09-02 22:23:54,13602.75,INR,SUCCESS,ONLINE
T101308,M1017,C74834,2026-09-02 21:12:15,504.36,INR,SUCCESS,POS
T101309,M1017,C51083,2026-09-02 06:03:41,2605.01,INR,SUCCESS,QR
T101310,M1017,C96635,2026-09-02 19:18:28,2869.98,INR,SUCCESS,POS
T101311,M1005,C54937,2026-09-02 15:11:06,225357.84,INR,SUCCESS,POS
T101312,M1012,C76029,2026-09-02 08:16:21,2865.18,INR,SUCCESS,ONLINE
T101313,M1014,C68106,2026-09-02 21:37:39,3722.17,INR,SUCCESS,ONLINE
T101314,M1016,C56468,2026-09-02 17:19:31,2966.72,INR,SUCCESS,ONLINE
T101315,M8888,C95518,2026-09-02 15:25:01,855.78,INR,SUCCESS,QR
T101316,M1026,C57128,2026-09-02 09:00:43,160009.52,INR,FAILED,QR
T101317,M1014,C68762,2026-09-02 12:08:51,52359.94,INR,SUCCESS,ONLINE
T101318,M1012,C73684,2026-09-02 17:19:40,1837.01,INR,SUCCESS,QR
T101319,M1020,C65779,2026-09-02 08:01:27,172629.33,INR,SUCCESS,POS
T101320,M1012,C57198,2026-09-02 15:21:33,202199.94,INR,SUCCESS,QR
T101321,M1017,C86990,2026-09-02 06:20:10,53879.03,INR,SUCCESS,ONLINE
T101322,M1005,C97781,2026-09-02 18:23:36,76092.97,INR,SUCCESS,ONLINE
T101323,M1003,C73663,2026-09-02 16:03:17,314535.22,INR,SUCCESS,QR
T101324,M1010,C67542,2026-09-02 12:10:15,3827.79,INR,FAILED,ONLINE
T101325,M1013,C86350,2026-09-02 09:25:02,3610.95,INR,SUCCESS,ONLINE
T101326,M1008,C67768,2026-09-02 15:16:20,3136.39,INR,SUCCESS,POS
T101327,M1009,C60402,2026-09-02 12:06:49,152752.40,INR,SUCCESS,POS
T101328,M1002,C74170,2026-09-02 07:29:55,252848.32,INR,SUCCESS,QR
T101329,M1023,C62219,2026-09-02 22:38:01,171156.44,INR,SUCCESS,POS
T101330,M1002,C89442,2026-09-02 18:20:39,324031.50,INR,SUCCESS,QR
T101331,M1029,C96716,2026-09-02 09:04:08,1257.97,INR,SUCCESS,QR
T101332,M1010,C80386,2026-09-02 10:32:20,382.44,INR,REVERSED,POS
T101333,M1004,C81171,2026-09-02 09:07:33,898.74,INR,SUCCESS,POS
T101334,M1029,C83038,2026-09-02 07:09:32,21330.80,INR,SUCCESS,POS
T101335,M1011,C65322,2026-09-02 08:56:04,315358.40,INR,FAILED,QR
T101336,M1020,C66209,2026-09-02 08:35:26,336606.86,INR,SUCCESS,POS
T101337,M1009,C94533,2026-09-02 06:17:57,212920.97,INR,SUCCESS,QR
T101338,M1000,C69810,2026-09-02 19:47:43,18767.88,INR,FAILED,ONLINE
T101339,M1018,C63155,2026-09-02 13:54:40,42199.21,INR,SUCCESS,ONLINE
T101340,M1010,C84384,2026-09-02 14:48:16,2049.61,INR,SUCCESS,ONLINE
T101341,M1000,C85546,2026-09-02 11:45:03,48868.96,INR,SUCCESS,QR
T101342,M1011,C77256,2026-09-02 21:00:04,885.65,INR,SUCCESS,POS
T101343,M1029,C56540,2026-09-02 08:55:59,6719.67,INR,SUCCESS,ONLINE
T101344,M1023,C66922,2026-09-02 09:32:08,118835.73,INR,SUCCESS,POS
T101345,M1010,C79123,2026-09-02 13:24:41,138300.80,INR,SUCCESS,POS
T101346,M1013,C82767,2026-09-02 17:59:20,177517.34,INR,SUCCESS,ONLINE
T101347,M1016,C66009,2026-09-02 15:10:16,3616.43,INR,SUCCESS,ONLINE
T101348,M1000,C57800,2026-09-02 12:07:48,324971.60,INR,SUCCESS,QR
T101349,M1003,C69073,2026-09-02 09:20:27,2512.81,INR,SUCCESS,ONLINE
T101350,M1016,C67727,2026-09-02 08:53:05,3608.95,INR,SUCCESS,QR
T101351,M1004,C97429,2026-09-02 07:37:57,323764.32,INR,SUCCESS,POS
T101352,M1012,C51064,2026-09-02 11:52:14,25829.39,INR,FAILED,POS
T101353,M1023,C99497,2026-09-02 21:53:09,2222.93,INR,SUCCESS,QR
T101354,M1010,C76552,2026-09-02 09:20:50,163746.54,INR,SUCCESS,POS
T101355,M1027,C63859,2026-09-02 13:08:26,232247.63,INR,SUCCESS,QR
T101356,M1001,C86689,2026-09-02 06:09:28,2349.61,INR,REVERSED,POS
T101357,M1023,C74517,2026-09-02 14:28:24,83071.70,INR,SUCCESS,QR
T101358,M1022,C99843,2026-09-02 10:49:36,341469.77,INR,SUCCESS,POS
T101359,M1002,C84785,2026-09-02 08:46:21,15835.36,INR,SUCCESS,QR
T101360,M1025,C64443,2026-09-02 17:51:36,3290.78,INR,SUCCESS,ONLINE
T101361,M1010,C74690,2026-09-02 20:48:18,586.87,INR,SUCCESS,POS
T101362,M1005,C60433,2026-09-02 07:29:49,14221.48,INR,SUCCESS,QR
T101363,M1027,C56507,2026-09-02 11:41:09,37573.97,INR,SUCCESS,POS
T101364,M1027,C99586,2026-09-02 21:57:34,32829.92,INR,SUCCESS,QR
T101365,M1010,C78176,2026-09-02 11:00:54,3023.93,INR,SUCCESS,QR
T101366,M1015,C84812,2026-09-02 14:57:42,3516.61,INR,REVERSED,ONLINE
T101367,M1010,C52878,2026-09-02 22:36:37,27681.62,INR,SUCCESS,ONLINE
T101368,M1006,C85997,2026-09-02 07:23:52,2845.30,INR,SUCCESS,POS
T101369,M1026,C52421,2026-09-02 09:42:45,362002.52,INR,SUCCESS,QR
T101370,M1013,C93930,2026-09-02 16:36:35,219739.04,INR,SUCCESS,QR
T101371,M1015,C83317,2026-09-02 07:20:36,632.58,INR,FAILED,POS
T101372,M1022,C63920,2026-09-02 19:34:41,34494.60,INR,SUCCESS,POS
T101373,M1026,C93873,2026-09-02 13:27:59,89116.81,INR,SUCCESS,POS
T101374,M1020,C82903,2026-09-02 06:29:30,38394.75,INR,SUCCESS,POS
T101375,M1016,C88394,2026-09-02 14:10:17,12282.76,INR,REVERSED,ONLINE
T101376,M1009,C69626,2026-09-02 21:52:15,225248.14,INR,SUCCESS,QR
T101377,M1006,C88761,2026-09-02 09:59:46,20180.88,INR,SUCCESS,ONLINE
T101378,M1020,C88299,2026-09-02 18:45:44,52522.15,INR,SUCCESS,QR
T101379,M1009,C66114,2026-09-02 06:25:28,306083.08,INR,SUCCESS,POS
T101380,M1016,C65638,2026-09-02 18:30:48,50887.04,INR,FAILED,ONLINE
T101381,M1019,C63531,2026-09-02 16:16:15,1793.60,INR,SUCCESS,ONLINE
T101382,M1025,C60959,2026-09-02 12:02:02,23814.67,INR,FAILED,QR
T101383,M1019,C84227,2026-09-02 22:49:06,364138.59,INR,SUCCESS,ONLINE
T101384,M1015,C51723,2026-09-02 06:41:50,36420.35,INR,SUCCESS,QR
T101385,M1012,C97748,2026-09-02 06:22:31,133934.56,INR,FAILED,POS
T101386,M1021,C93977,2026-09-02 07:11:14,1540.55,INR,SUCCESS,QR
T101387,M1005,C94906,2026-09-02 15:41:06,10760.98,INR,SUCCESS,QR
T101388,M1006,C74318,2026-09-02 14:39:42,2974.78,INR,SUCCESS,QR
T101389,M1013,C50933,2026-09-02 06:47:07,3972.87,INR,SUCCESS,QR
T101390,M1002,C63610,2026-09-02 18:26:42,291528.06,INR,SUCCESS,POS
T101391,M1001,C91769,2026-09-02 11:51:24,2565.51,INR,SUCCESS,ONLINE
T101392,M1004,C78176,2026-09-02 06:52:45,52331.44,INR,SUCCESS,ONLINE
T101393,M1003,C63599,2026-09-02 12:43:52,23573.96,INR,SUCCESS,POS
T101394,M1007,C67135,2026-09-02 20:19:15,3018.55,INR,SUCCESS,POS
T101395,M1003,C98574,2026-09-02 13:51:28,74159.67,INR,SUCCESS,ONLINE
T101396,M1013,C58593,2026-09-02 14:55:36,2122.40,INR,FAILED,QR
T101397,M1018,C66601,2026-09-02 08:13:49,771.72,INR,SUCCESS,ONLINE
T101398,M1008,C98122,2026-09-02 13:51:26,45476.95,INR,SUCCESS,QR
T101399,M1026,C66559,2026-09-02 16:08:53,1244.88,INR,SUCCESS,ONLINE
T101400,M1007,C68003,2026-09-02 08:48:09,1233.16,INR,SUCCESS,QR
T101401,M1000,C55644,2026-09-02 14:15:42,25937.38,INR,SUCCESS,ONLINE
T101402,M1010,C71650,2026-09-02 22:29:49,230873.57,INR,SUCCESS,POS
T101403,M1027,C97146,2026-09-02 11:46:12,1647.97,INR,SUCCESS,ONLINE
T101404,M1016,C99544,2026-09-02 10:55:33,46276.58,INR,SUCCESS,POS
T101405,M1006,C86171,2026-09-02 16:12:15,1410.29,INR,SUCCESS,POS
T101406,M1014,C96219,2026-09-02 12:26:40,320714.89,INR,SUCCESS,POS
T101407,M1000,C57460,2026-09-02 14:17:18,53777.71,INR,SUCCESS,POS
T101408,M1026,C89460,2026-09-02 14:28:25,12061.20,INR,SUCCESS,ONLINE
T101409,,C96914,2026-09-02 10:59:50,2985.51,INR,SUCCESS,POS
T101410,M1017,C72610,2026-09-02 11:24:29,67010.11,INR,FAILED,POS
T101411,M1002,C92637,2026-09-02 22:30:30,52912.13,INR,FAILED,POS
T101412,M1022,C51600,2026-09-02 16:00:03,20660.07,INR,SUCCESS,POS
T101413,M1001,C54837,2026-09-02 14:40:21,1418.50,INR,SUCCESS,ONLINE
T101414,M1011,C56456,2026-09-02 12:31:32,187803.33,INR,SUCCESS,ONLINE
T101415,M1014,C58313,2026-09-02 16:08:14,30903.98,INR,SUCCESS,POS
T101416,M1014,C74569,2026-09-02 11:01:22,73172.74,INR,SUCCESS,ONLINE
T101417,M1000,C58656,2026-09-02 12:51:59,2365.03,INR,SUCCESS,ONLINE
T101418,M1013,C79038,2026-09-02 22:05:33,24930.66,INR,SUCCESS,QR
T101419,M1009,C70208,2026-09-02 13:37:48,56860.94,INR,FAILED,POS
T101420,M1016,C95596,2026-09-02 11:54:28,21352.32,INR,SUCCESS,POS
T101421,M1005,C76218,2026-09-02 08:48:14,23992.24,INR,SUCCESS,POS
T101422,M1010,C92247,2026-09-02 17:22:26,223.53,INR,SUCCESS,QR
T101423,M1025,C60383,2026-09-02 22:51:02,202971.75,INR,SUCCESS,ONLINE
T101424,M1018,C68475,2026-09-02 19:24:49,2216.08,INR,SUCCESS,QR
T101425,M1003,C59126,2026-09-02 12:48:01,2331.14,INR,SUCCESS,ONLINE
T101426,M1029,C56063,2026-09-02 06:18:13,34914.19,INR,SUCCESS,QR
T101427,M1016,C62123,2026-09-02 11:58:22,136530.14,INR,SUCCESS,POS
T101428,M1007,C91497,2026-09-02 18:43:52,55510.74,INR,SUCCESS,ONLINE
T101429,M1017,C92022,2026-09-02 14:35:41,127858.37,INR,SUCCESS,QR
T101430,M1017,C56740,2026-09-02 13:30:09,1574.48,INR,SUCCESS,POS
T101431,M1029,C70483,2026-09-02 19:39:06,350531.22,INR,SUCCESS,ONLINE
T101432,M1014,C72857,2026-09-02 07:11:09,3778.52,INR,SUCCESS,QR
T101433,M1022,C88432,2026-09-02 21:25:53,2291.97,INR,SUCCESS,QR
T101434,M1017,C65947,2026-09-02 16:05:07,271540.07,INR,SUCCESS,QR
T101435,M1024,C53170,2026-09-02 07:12:51,2859.17,INR,SUCCESS,ONLINE
T101436,M1006,C82914,2026-09-02 22:35:25,343135.67,INR,SUCCESS,QR
T101437,M1010,C73513,2026-09-02 17:29:08,821.30,INR,SUCCESS,ONLINE
T101438,M8888,C92109,2026-09-02 17:26:00,3881.48,INR,SUCCESS,ONLINE
T101439,M1009,C67055,2026-09-02 06:06:59,39651.77,INR,FAILED,QR
T101440,M1006,C55222,2026-09-02 16:41:22,237060.22,INR,SUCCESS,QR
T101441,M1009,C55206,2026-09-02 19:30:21,409.69,INR,SUCCESS,POS
T101442,M1024,C72257,2026-09-02 07:13:29,34093.29,INR,FAILED,QR
T101443,M1011,C61567,2026-09-02 18:46:58,1304.01,INR,SUCCESS,ONLINE
T101444,M1023,C68097,2026-09-02 15:45:58,283725.08,INR,SUCCESS,ONLINE
T101445,M1022,C84410,2026-09-02 13:22:55,39400.96,INR,SUCCESS,QR
T101446,M1002,C75372,2026-09-02 16:12:57,3410.27,INR,SUCCESS,QR
T101447,M1010,C56604,2026-09-02 18:15:37,31788.94,INR,SUCCESS,ONLINE
T101448,M1014,C60075,2026-09-02 18:50:13,2376.06,INR,SUCCESS,QR
T101449,M1019,C67492,2026-09-02 20:40:59,852.85,INR,REVERSED,POS
T101450,M1028,C81828,2026-09-02 08:06:22,255201.50,INR,SUCCESS,QR
T101451,M1020,C71623,2026-09-02 12:37:50,2946.24,INR,SUCCESS,POS
T101452,M1009,C94221,2026-09-02 12:30:08,3124.09,INR,REVERSED,QR
T101453,M1008,C69003,2026-09-02 16:26:24,2265.92,INR,SUCCESS,QR
T101454,M1016,C69569,2026-09-02 11:30:54,53102.78,INR,SUCCESS,POS
T101455,M1014,C96651,2026-09-02 14:26:12,1934.40,INR,SUCCESS,QR
T101456,M1020,C71909,2026-09-02 14:45:22,53782.94,INR,SUCCESS,ONLINE
T101457,M1007,C73260,2026-09-02 13:02:35,17228.24,INR,FAILED,ONLINE
T101458,M1003,C82678,2026-09-02 17:33:49,2982.56,INR,FAILED,QR
T101459,M1010,C65542,2026-09-02 16:31:45,281459.09,INR,FAILED,QR
T101460,M1015,C74929,2026-09-02 20:12:41,1895.11,INR,SUCCESS,ONLINE
T101461,M1011,C77531,2026-09-02 10:39:54,1582.36,INR,SUCCESS,ONLINE
T101462,M1008,C56209,2026-09-02 21:25:53,113589.24,INR,SUCCESS,QR
T101463,M1021,C62731,2026-09-02 11:44:10,2664.61,INR,SUCCESS,POS
T101464,M1026,C73714,2026-09-02 09:37:43,11360.57,INR,SUCCESS,ONLINE
T101465,M1000,C53818,2026-09-02 16:54:32,3806.35,INR,SUCCESS,QR
T101466,M1021,C64043,2026-09-02 22:46:26,3713.32,INR,SUCCESS,QR
T101467,M1001,C61831,2026-09-02 09:38:21,347984.59,INR,SUCCESS,QR
T101468,M1024,C73633,2026-09-02 11:19:20,86951.11,INR,SUCCESS,QR
T101469,M1007,C76203,2026-09-02 08:18:24,137839.89,INR,SUCCESS,POS
T101470,M1008,C83426,2026-09-02 17:26:25,46602.44,INR,SUCCESS,QR
T101471,M1024,C77992,2026-09-02 19:26:58,40819.64,INR,SUCCESS,QR
T101472,M1006,C55783,2026-09-02 12:50:34,1577.20,INR,SUCCESS,ONLINE
T101473,M1001,C90019,2026-09-02 16:12:37,397357.70,INR,SUCCESS,POS
T101474,M1006,C51959,2026-09-02 19:16:16,2332.37,INR,SUCCESS,ONLINE
T101475,M1016,C88746,2026-09-02 07:15:16,38813.05,INR,SUCCESS,POS
T101476,M1020,C63296,2026-09-02 19:44:41,5620.20,INR,SUCCESS,POS
T101477,M1004,C65204,2026-09-02 17:03:44,38383.67,INR,SUCCESS,ONLINE
T101478,M1020,C60887,2026-09-02 17:59:08,205339.40,INR,SUCCESS,POS
T101479,M1012,C66132,2026-09-02 06:11:33,2503.94,INR,FAILED,POS
T101480,M1000,C83890,2026-09-02 18:38:13,57112.31,INR,SUCCESS,POS
T101481,M1018,C78123,2026-09-02 12:48:53,58976.65,INR,SUCCESS,ONLINE
T101482,M1009,C64484,2026-09-02 19:12:36,3069.54,INR,SUCCESS,QR
T101483,M1001,C61826,2026-09-02 17:14:45,3809.79,INR,SUCCESS,QR
T101484,M1006,C95137,2026-09-02 17:00:49,28275.19,INR,SUCCESS,QR
T101485,M1005,C81470,2026-09-02 07:42:05,2478.86,INR,SUCCESS,QR
T101486,M1013,C81998,2026-09-02 22:08:04,3603.47,INR,SUCCESS,POS
T101487,M1021,C70141,2026-09-02 13:44:42,245825.19,INR,SUCCESS,POS
T101488,M1013,C98219,2026-09-02 21:28:01,25677.45,INR,SUCCESS,POS
T101489,M1026,C64785,2026-09-02 09:49:23,3757.44,INR,FAILED,QR
T101490,M1003,C84859,2026-09-02 10:14:04,285615.31,INR,SUCCESS,QR
T101491,M1003,C62138,2026-09-02 08:26:56,23264.61,INR,SUCCESS,QR
T101492,M1013,C57646,2026-09-02 14:17:53,85738.69,INR,SUCCESS,POS
T101493,M1027,C69468,2026-09-02 19:10:40,10799.11,INR,SUCCESS,QR
T101494,M1022,C85042,2026-09-02 09:55:10,1713.64,INR,SUCCESS,POS
T101495,M1000,C63644,2026-09-02 19:11:15,53092.83,INR,SUCCESS,POS
T101496,M1003,C89007,2026-09-02 14:28:08,304135.95,INR,SUCCESS,POS
T101497,M1013,C95954,2026-09-02 17:20:31,46337.50,INR,SUCCESS,QR
T101498,M1002,C53546,2026-09-02 15:33:20,208200.77,INR,SUCCESS,ONLINE
T101499,M1016,C62569,2026-09-02 09:01:33,287995.65,INR,SUCCESS,ONLINE
T101500,M1027,C87863,2026-09-02 08:37:29,2881.13,INR,SUCCESS,QR
T101501,M1028,C96379,2026-09-02 11:06:54,341607.69,INR,SUCCESS,ONLINE
T101502,M1005,C79473,2026-09-02 07:44:00,309980.09,INR,SUCCESS,ONLINE
T101503,M1001,C52344,2026-09-02 12:12:14,1958.33,INR,SUCCESS,QR
T101504,M1011,C80866,2026-09-02 18:32:02,43082.69,INR,SUCCESS,ONLINE
T101505,M1026,C56094,2026-09-02 06:42:15,2546.70,INR,SUCCESS,ONLINE
T101506,M1001,C62306,2026-09-02 20:29:41,3977.89,INR,SUCCESS,ONLINE
T101507,M1013,C88098,2026-09-02 12:22:51,20002.20,INR,SUCCESS,ONLINE
T101508,M1011,C76440,2026-09-02 06:19:49,24590.85,INR,SUCCESS,POS
T101509,M1023,C96407,2026-09-02 19:55:18,137057.82,INR,SUCCESS,POS
T101510,M1028,C63846,2026-09-02 16:50:17,6355.71,INR,SUCCESS,QR
T101511,M1015,C94651,2026-09-02 15:57:35,29414.15,INR,SUCCESS,POS
T101512,M1029,C86470,2026-09-02 13:44:31,367243.89,INR,FAILED,POS
T101513,M1003,C51711,2026-09-02 20:09:40,103510.81,INR,SUCCESS,POS
T101514,M1026,C59444,2026-09-02 15:28:11,10911.76,INR,FAILED,POS
T101515,M1011,C70770,2026-09-02 10:54:28,183180.97,INR,SUCCESS,ONLINE
T101516,M1027,C65117,2026-09-02 17:17:39,39264.00,INR,SUCCESS,ONLINE
T101517,M1018,C90056,2026-09-02 16:13:57,29605.98,INR,FAILED,POS
T101518,,C74180,2026-09-02 22:26:39,28622.86,INR,SUCCESS,ONLINE
T101519,M1009,C55406,2026-09-02 12:10:34,132826.37,INR,SUCCESS,QR
T101520,M1000,C67533,2026-09-02 20:16:36,45000.58,INR,SUCCESS,QR
T101521,M1023,C78811,2026-09-02 16:18:30,48128.76,INR,SUCCESS,POS
T101522,M1007,C89521,2026-09-02 06:16:45,22088.97,INR,SUCCESS,QR
T101523,M1014,C73375,2026-09-02 19:25:08,4153.56,INR,SUCCESS,POS
T101524,M1019,C74875,2026-09-02 13:52:20,122451.86,INR,SUCCESS,ONLINE
T101525,M1010,C72559,2026-09-02 08:52:37,380936.61,INR,SUCCESS,QR
T101526,M1004,C82513,2026-09-02 22:15:05,3130.14,INR,SUCCESS,ONLINE
T101527,M1002,C87043,2026-09-02 18:33:17,119433.24,INR,SUCCESS,ONLINE
T101528,M1020,C71469,2026-09-02 15:54:33,104570.74,INR,SUCCESS,QR
T101529,M1007,C53973,2026-09-02 16:13:53,48376.50,INR,SUCCESS,ONLINE
T101530,M1021,C88020,2026-09-02 08:17:23,1799.67,INR,SUCCESS,ONLINE
T101531,M1029,C78218,2026-09-02 12:54:40,13076.14,INR,SUCCESS,QR
T101532,M1029,C54399,2026-09-02 11:50:01,10010.10,INR,FAILED,ONLINE
T101533,M1005,C58835,2026-09-02 09:38:49,20795.06,INR,SUCCESS,ONLINE
T101534,M1011,C71020,2026-09-02 20:14:17,11618.43,INR,SUCCESS,POS
T101535,M1016,C97603,2026-09-02 21:07:45,166449.73,INR,SUCCESS,ONLINE
T101536,M1003,C59044,2026-09-02 06:33:32,2246.76,INR,SUCCESS,POS
T101537,M1003,C67623,2026-09-02 10:43:26,36924.91,INR,SUCCESS,POS
T101538,M1022,C85117,2026-09-02 09:09:36,41041.79,INR,SUCCESS,ONLINE
T101539,M8888,C76888,2026-09-02 21:28:20,1468.75,INR,SUCCESS,POS
T101540,M1016,C97391,2026-09-02 14:14:52,25801.23,INR,SUCCESS,QR
T101541,M1019,C78280,2026-09-02 15:14:35,1012.47,INR,SUCCESS,POS
T101542,M1004,C82877,2026-09-02 09:19:48,56850.91,INR,SUCCESS,QR
T101543,M1007,C87119,2026-09-02 10:06:00,2913.24,INR,SUCCESS,POS
T101544,M1008,C66050,2026-09-02 18:06:44,1770.20,INR,SUCCESS,QR
T101545,M1014,C71971,2026-09-02 18:41:03,41229.29,INR,SUCCESS,ONLINE
T101546,M1016,C57505,2026-09-02 17:05:08,32569.09,INR,SUCCESS,POS
T101547,M1002,C87848,2026-09-02 11:39:37,32241.32,INR,SUCCESS,ONLINE
T101548,M1026,C53647,2026-09-02 15:57:37,32493.33,INR,SUCCESS,QR
T101549,,C73128,2026-09-02 11:30:58,150742.72,INR,SUCCESS,POS
T101550,M1026,C98862,2026-09-02 21:04:57,337089.76,INR,SUCCESS,POS
T101551,M1016,C82035,2026-09-02 19:23:22,151.82,INR,REVERSED,QR
T101552,M1010,C85742,2026-09-02 07:02:25,52453.73,INR,SUCCESS,POS
T101553,M1027,C63356,2026-09-02 15:02:20,29533.20,INR,SUCCESS,ONLINE
T101554,M1021,C54303,2026-09-02 17:21:26,3050.62,INR,SUCCESS,ONLINE
T101555,M1025,C92865,2026-09-02 14:38:07,114474.75,INR,FAILED,POS
T101556,M1029,C96151,2026-09-02 07:57:47,29856.77,INR,SUCCESS,POS
T101557,M1002,C70118,2026-09-02 08:37:32,359163.31,INR,SUCCESS,POS
T101558,M1026,C53176,2026-09-02 08:42:18,148080.21,INR,SUCCESS,QR
T101559,M1005,C91533,2026-09-02 21:15:29,254480.79,INR,SUCCESS,POS
T101560,M1003,C53842,2026-09-02 14:04:01,575.62,INR,SUCCESS,QR
T101561,M1000,C59940,2026-09-02 21:10:16,10583.29,INR,SUCCESS,QR
T101562,M1001,C70156,2026-09-02 21:55:23,232056.62,INR,SUCCESS,QR
T101563,M1023,C52659,2026-09-02 15:06:44,118268.47,INR,SUCCESS,POS
T101564,M1001,C57669,2026-09-02 14:11:01,338792.17,INR,SUCCESS,QR
T101565,M1018,C67980,2026-09-02 11:04:57,248527.11,INR,SUCCESS,ONLINE
T101566,M1012,C76706,2026-09-02 20:31:34,3587.50,INR,SUCCESS,POS
T101567,M1015,C54679,2026-09-02 09:16:02,266319.03,INR,SUCCESS,POS
T101568,M1019,C86796,2026-09-02 10:08:46,386427.35,INR,SUCCESS,POS
T101569,M1014,C64678,2026-09-02 14:25:18,91825.81,INR,SUCCESS,ONLINE
T101570,M1027,C58629,2026-09-02 22:34:24,358541.28,INR,REVERSED,ONLINE
T101571,M1001,C86537,2026-09-02 07:11:29,326231.67,INR,SUCCESS,ONLINE
T101572,M1006,C86218,2026-09-02 11:47:30,3089.74,INR,SUCCESS,QR
T101573,M1026,C94792,2026-09-02 20:06:36,1097.13,INR,SUCCESS,POS
T101574,M1006,C59607,2026-09-02 06:49:48,2293.23,INR,SUCCESS,ONLINE
T101575,M1004,C99727,2026-09-02 18:41:29,375584.33,INR,SUCCESS,POS
T101576,M1017,C63082,2026-09-02 09:34:46,382486.69,INR,SUCCESS,QR
T101577,M1001,C57004,2026-09-02 07:02:03,2842.23,INR,SUCCESS,POS
T101578,M1016,C88499,2026-09-02 15:43:21,81009.77,INR,SUCCESS,POS
T101579,M1023,C81367,2026-09-02 13:03:57,2761.11,INR,SUCCESS,ONLINE
T101580,M1012,C67632,2026-09-02 21:15:23,2991.19,INR,SUCCESS,ONLINE
T101581,M1029,C70036,2026-09-02 10:49:11,328430.72,INR,SUCCESS,POS
T101582,M1018,C54840,2026-09-02 20:18:33,11331.81,INR,SUCCESS,ONLINE
T101583,M1015,C96980,2026-09-02 16:52:06,2744.35,INR,FAILED,POS
T101584,M1019,C61128,2026-09-02 06:26:19,272461.70,INR,SUCCESS,ONLINE
T101585,M1029,C50027,2026-09-02 06:43:51,38643.31,INR,SUCCESS,ONLINE
T101586,M1003,C61082,2026-09-02 09:04:38,45891.42,INR,SUCCESS,QR
T101587,M1003,C72823,2026-09-02 15:58:31,12333.25,INR,SUCCESS,ONLINE
T101588,M1025,C79363,2026-09-02 19:49:18,36329.56,INR,SUCCESS,ONLINE
T101589,M1002,C54943,2026-09-02 16:33:21,30184.32,INR,SUCCESS,ONLINE
T101590,M1027,C71558,2026-09-02 06:22:51,55684.77,INR,SUCCESS,ONLINE
T101591,M1015,C94394,2026-09-02 06:44:05,22654.66,INR,SUCCESS,ONLINE
T101592,M1010,C62828,2026-09-02 18:23:08,2098.99,INR,SUCCESS,ONLINE
T101593,M1021,C52841,2026-09-02 08:31:10,271156.26,INR,SUCCESS,QR
T101594,M1016,C75041,2026-09-02 14:48:08,3258.48,INR,SUCCESS,POS
T101595,M1015,C70528,2026-09-02 10:05:01,224894.45,INR,SUCCESS,POS
T101596,M1002,C72133,2026-09-02 06:22:57,58659.77,INR,SUCCESS,QR
T101597,M1007,C75385,2026-09-02 10:08:14,2656.70,INR,SUCCESS,QR
T101598,M1000,C52491,2026-09-02 06:05:58,1641.15,INR,SUCCESS,POS
T101599,M1027,C69270,2026-09-02 20:39:38,355331.83,INR,SUCCESS,QR
T101600,M1010,C98009,2026-09-03 12:28:19,1068.78,INR,REVERSED,POS
T101601,M1003,C52797,2026-09-03 17:45:32,337985.32,INR,SUCCESS,QR
T101602,M1019,C54429,2026-09-03 12:35:45,2989.73,INR,SUCCESS,QR
T101603,M1016,C97317,2026-09-03 16:56:38,2171.24,INR,SUCCESS,QR
T101604,M1023,C88611,2026-09-03 06:06:14,24075.99,INR,SUCCESS,QR
T101605,M1023,C50692,2026-09-03 12:56:59,117304.74,INR,SUCCESS,POS
T101606,M1024,C67560,2026-09-03 08:16:17,146914.14,INR,SUCCESS,POS
T101607,M1010,C80660,2026-09-03 22:19:48,470.89,INR,SUCCESS,ONLINE
T101608,M1009,C66699,2026-09-03 20:05:33,30060.97,INR,SUCCESS,POS
T101609,M1018,C64339,2026-09-03 18:12:50,2979.66,INR,SUCCESS,ONLINE
T101610,M1020,C59655,2026-09-03 11:10:42,158064.82,INR,FAILED,QR
T101611,M1023,C95123,2026-09-03 19:28:12,313.17,INR,FAILED,ONLINE
T101612,M1006,C95332,2026-09-03 13:04:34,238600.10,INR,SUCCESS,ONLINE
T101613,M1012,C72229,2026-09-03 17:26:33,3309.93,INR,SUCCESS,ONLINE
T101614,M1016,C74645,2026-09-03 20:29:00,50221.29,INR,SUCCESS,ONLINE
T101615,M1000,C88490,2026-09-03 10:43:38,5687.61,INR,SUCCESS,POS
T101616,M1012,C51006,2026-09-03 19:32:10,38485.81,INR,SUCCESS,POS
T101617,M1002,C74523,2026-09-03 07:33:57,323799.95,INR,SUCCESS,ONLINE
T101618,M1015,C58503,2026-09-03 12:37:01,43883.42,INR,SUCCESS,QR
T101619,M1013,C83202,2026-09-03 06:46:46,40979.59,INR,SUCCESS,POS
T101620,M1017,C88736,2026-09-03 09:23:51,3165.63,INR,SUCCESS,POS
T101621,M1022,C72849,2026-09-03 16:40:11,248649.67,INR,SUCCESS,POS
T101622,M1011,C78204,2026-09-03 21:28:23,28038.18,INR,FAILED,QR
T101623,M1020,C53659,2026-09-03 14:30:31,12795.09,INR,SUCCESS,ONLINE
T101624,M1014,C68771,2026-09-03 19:07:49,43553.17,INR,SUCCESS,QR
T101625,M1018,C78724,2026-09-03 10:33:56,113149.29,INR,SUCCESS,QR
T101626,M1023,C67399,2026-09-03 10:56:04,254011.09,INR,SUCCESS,QR
T101627,M1022,C74014,2026-09-03 17:03:57,269083.46,INR,SUCCESS,POS
T101628,M1029,C58930,2026-09-03 22:36:06,50720.01,INR,SUCCESS,QR
T101629,M1020,C98815,2026-09-03 21:29:09,570.57,INR,SUCCESS,QR
T101630,M1007,C68412,2026-09-03 21:51:02,236817.78,INR,SUCCESS,ONLINE
T101631,M1012,C74966,2026-09-03 12:30:56,17179.89,INR,SUCCESS,ONLINE
T101632,M1029,C90880,2026-09-03 11:04:07,270919.25,INR,SUCCESS,ONLINE
T101633,M1015,C84319,2026-09-03 22:07:30,50220.13,INR,SUCCESS,POS
T101634,M1011,C77457,2026-09-03 13:45:30,12780.29,INR,SUCCESS,QR
T101635,M1005,C71933,2026-09-03 07:31:31,42205.47,INR,SUCCESS,ONLINE
T101636,M1016,C67099,2026-09-03 21:05:28,43992.44,INR,SUCCESS,ONLINE
T101637,M1016,C84030,2026-09-03 13:58:54,1948.67,INR,FAILED,ONLINE
T101638,M1012,C80408,2026-09-03 17:44:35,3551.84,INR,SUCCESS,POS
T101639,M1007,C87151,2026-09-03 15:15:31,19553.91,INR,SUCCESS,POS
T101640,M1008,C76913,2026-09-03 11:16:45,167576.78,INR,SUCCESS,POS
T101641,M1007,C78987,2026-09-03 17:20:36,299556.34,INR,SUCCESS,ONLINE
T101642,M1012,C72096,2026-09-03 15:16:14,1829.06,INR,SUCCESS,QR
T101643,M1004,C73713,2026-09-03 14:33:06,89063.24,INR,SUCCESS,QR
T101644,M1014,C53672,2026-09-03 06:24:23,2348.73,INR,SUCCESS,POS
T101645,M1015,C63738,2026-09-03 17:31:41,30220.68,INR,SUCCESS,QR
T101646,M1000,C71177,2026-09-03 06:58:04,26656.68,INR,SUCCESS,ONLINE
T101647,M1029,C74069,2026-09-03 09:15:30,161532.10,INR,FAILED,POS
T101648,M1026,C79788,2026-09-03 13:53:53,30023.89,INR,SUCCESS,QR
T101649,M1021,C80898,2026-09-03 13:03:32,292102.84,INR,REVERSED,QR
T101650,M1020,C87697,2026-09-03 17:23:34,21238.67,INR,SUCCESS,ONLINE
T101651,M1001,C87762,2026-09-03 09:48:43,35209.72,INR,SUCCESS,ONLINE
T101652,M1019,C75729,2026-09-03 10:02:12,3303.82,INR,SUCCESS,ONLINE
T101653,M1014,C91162,2026-09-03 22:05:33,48491.87,INR,SUCCESS,POS
T101654,M1023,C60116,2026-09-03 08:52:08,205758.26,INR,SUCCESS,POS
T101655,M1005,C95763,2026-09-03 06:08:33,798.25,INR,SUCCESS,POS
T101656,M1007,C87194,2026-09-03 21:31:38,240821.02,INR,SUCCESS,ONLINE
T101657,M1018,C84080,2026-09-03 17:01:03,3425.12,INR,SUCCESS,ONLINE
T101658,M1025,C91788,2026-09-03 19:33:45,47175.21,INR,SUCCESS,ONLINE
T101659,M1005,C93798,2026-09-03 18:52:08,27745.20,INR,SUCCESS,QR
T101660,M1018,C71849,2026-09-03 11:47:17,3513.31,INR,SUCCESS,POS
T101661,M1028,C70785,2026-09-03 06:05:34,8642.86,INR,SUCCESS,QR
T101662,M1008,C65086,2026-09-03 16:32:40,51984.59,INR,FAILED,POS
T101663,M1018,C58194,2026-09-03 15:28:34,194031.39,INR,SUCCESS,QR
T101664,M1011,C58706,2026-09-03 22:44:10,58978.83,INR,SUCCESS,POS
T101665,M1007,C77252,2026-09-03 13:23:46,3654.62,INR,SUCCESS,QR
T101666,M1003,C52755,2026-09-03 11:51:03,24754.58,INR,SUCCESS,POS
T101667,M1004,C67169,2026-09-03 18:22:33,2214.79,INR,SUCCESS,POS
T101668,M1017,C50007,2026-09-03 20:14:11,124093.82,INR,SUCCESS,ONLINE
T101669,M1026,C62902,2026-09-03 12:45:01,449.44,INR,SUCCESS,QR
T101670,M1024,C51957,2026-09-03 06:09:02,397357.00,INR,SUCCESS,ONLINE
T101671,M1023,C74782,2026-09-03 20:26:54,20600.96,INR,SUCCESS,POS
T101672,M1013,C52859,2026-09-03 12:18:40,20876.89,INR,SUCCESS,POS
T101673,M1013,C83004,2026-09-03 19:48:08,57226.80,INR,SUCCESS,ONLINE
T101674,M1007,C67117,2026-09-03 15:12:10,4573.88,INR,SUCCESS,POS
T101675,M1010,C88806,2026-09-03 10:55:27,7570.74,INR,SUCCESS,QR
T101676,M1019,C91361,2026-09-03 15:18:29,34902.79,INR,SUCCESS,POS
T101677,M1012,C61850,2026-09-03 09:09:50,2085.97,INR,SUCCESS,ONLINE
T101678,M1020,C97584,2026-09-03 16:20:50,1190.39,INR,SUCCESS,POS
T101679,M1014,C93138,2026-09-03 12:48:57,347808.62,INR,SUCCESS,QR
T101680,M1000,C62907,2026-09-03 11:12:42,385375.03,INR,SUCCESS,ONLINE
T101681,M1018,C71895,2026-09-03 06:24:35,381207.83,INR,SUCCESS,POS
T101682,M1010,C57078,2026-09-03 13:28:45,41152.47,INR,SUCCESS,POS
T101683,M1017,C53181,2026-09-03 16:10:50,1792.03,INR,SUCCESS,ONLINE
T101684,M1017,C95881,2026-09-03 13:13:54,1625.39,INR,SUCCESS,QR
T101685,M1022,C54682,2026-09-03 18:02:31,36211.79,INR,SUCCESS,ONLINE
T101686,M1027,C54872,2026-09-03 19:41:37,2292.19,INR,SUCCESS,POS
T101687,M1023,C54884,2026-09-03 12:05:32,2813.80,INR,SUCCESS,QR
T101688,M1024,C93931,2026-09-03 20:04:11,388916.73,INR,SUCCESS,QR
T101689,M1015,C75842,2026-09-03 12:15:03,305798.93,INR,SUCCESS,QR
T101690,M1029,C66413,2026-09-03 11:38:09,167788.70,INR,REVERSED,ONLINE
T101691,M1020,C77215,2026-09-03 09:08:58,29772.99,INR,SUCCESS,POS
T101692,M1003,C59475,2026-09-03 09:34:38,189753.01,INR,SUCCESS,ONLINE
T101693,M1016,C89005,2026-09-03 09:24:20,57474.53,INR,SUCCESS,ONLINE
T101694,M1020,C52954,2026-09-03 11:26:34,3127.47,INR,SUCCESS,QR
T101695,M1027,C78409,2026-09-03 06:18:41,28141.74,INR,SUCCESS,QR
T101696,M1028,C73288,2026-09-03 22:00:12,3406.93,INR,SUCCESS,QR
T101697,M1017,C93878,2026-09-03 06:51:32,373.45,INR,FAILED,QR
T101698,M1020,C86562,2026-09-03 16:01:26,6966.37,INR,SUCCESS,QR
T101699,M1003,C74052,2026-09-03 16:39:24,287322.87,INR,SUCCESS,ONLINE
T101700,M1002,C52996,2026-09-03 14:13:12,1365.72,INR,SUCCESS,QR
T101701,M1027,C85779,2026-09-03 16:18:03,2209.60,INR,SUCCESS,POS
T101702,M1004,C91519,2026-09-03 11:48:02,3723.57,INR,SUCCESS,ONLINE
T101703,M1004,C94135,2026-09-03 17:44:54,258547.05,INR,SUCCESS,POS
T101704,M1015,C85946,2026-09-03 16:50:41,1387.45,INR,FAILED,QR
T101705,M1029,C56175,2026-09-03 19:34:31,42505.99,INR,SUCCESS,QR
T101706,M1018,C51750,2026-09-03 09:35:07,34192.97,INR,REVERSED,QR
T101707,M1015,C67549,2026-09-03 09:22:58,322044.67,INR,SUCCESS,QR
T101708,M1001,C70348,2026-09-03 08:32:42,2499.25,INR,SUCCESS,QR
T101709,M1012,C81950,2026-09-03 18:40:55,365324.32,INR,SUCCESS,ONLINE
T101710,M1020,C88759,2026-09-03 11:06:16,223345.78,INR,FAILED,QR
T101711,M1006,C65468,2026-09-03 14:13:55,39768.91,INR,SUCCESS,POS
T101712,M1005,C84432,2026-09-03 20:19:12,1030.53,INR,SUCCESS,QR
T101713,M1001,C60474,2026-09-03 06:08:29,28226.55,INR,SUCCESS,ONLINE
T101714,M1019,C90034,2026-09-03 06:17:21,222319.09,INR,SUCCESS,POS
T101715,M1014,C50619,2026-09-03 22:04:35,22564.87,INR,SUCCESS,ONLINE
T101716,M1000,C54128,2026-09-03 07:50:51,143434.33,INR,SUCCESS,QR
T101717,M1002,C84889,2026-09-03 20:16:43,1634.72,INR,SUCCESS,ONLINE
T101718,M1007,C94077,2026-09-03 13:05:28,3605.59,INR,SUCCESS,QR
T101719,M1010,C97937,2026-09-03 16:49:45,384257.42,INR,FAILED,QR
T101720,M1016,C72096,2026-09-03 19:30:24,3338.14,INR,SUCCESS,QR
T101721,M1018,C95810,2026-09-03 22:54:48,272481.55,INR,SUCCESS,POS
T101722,M1023,C59357,2026-09-03 21:50:31,395776.62,INR,SUCCESS,POS
T101723,M1028,C53926,2026-09-03 20:13:00,314416.98,INR,SUCCESS,ONLINE
T101724,M1011,C83231,2026-09-03 11:19:57,1193.91,INR,SUCCESS,QR
T101725,M1026,C69412,2026-09-03 22:34:40,32377.23,INR,FAILED,POS
T101726,M1000,C77384,2026-09-03 20:26:41,32621.65,INR,SUCCESS,POS
T101727,M1021,C83834,2026-09-03 07:18:43,2103.32,INR,SUCCESS,POS
T101728,M1029,C56998,2026-09-03 13:24:39,51122.82,INR,SUCCESS,QR
T101729,M1004,C92155,2026-09-03 19:46:02,462.66,INR,FAILED,ONLINE
T101730,M1026,C62349,2026-09-03 20:20:14,242676.96,INR,SUCCESS,ONLINE
T101731,M1007,C51426,2026-09-03 20:02:07,385604.17,INR,SUCCESS,QR
T101732,M1014,C78411,2026-09-03 07:25:02,6217.06,INR,REVERSED,ONLINE
T101733,M1001,C79854,2026-09-03 06:19:42,3095.28,INR,SUCCESS,QR
T101734,M1025,C69682,2026-09-03 22:14:28,2878.24,INR,SUCCESS,QR
T101735,M1019,C58845,2026-09-03 22:45:21,42967.05,INR,SUCCESS,ONLINE
T101736,M1021,C70777,2026-09-03 19:56:48,355856.69,INR,SUCCESS,ONLINE
T101737,M1008,C63875,2026-09-03 19:10:01,3595.65,INR,SUCCESS,ONLINE
T101738,M1021,C74786,2026-09-03 07:02:12,306158.75,INR,SUCCESS,POS
T101739,M1008,C94791,2026-09-03 09:20:24,174623.37,INR,SUCCESS,ONLINE
T101740,M1025,C67527,2026-09-03 16:26:01,293.37,INR,SUCCESS,ONLINE
T101741,M1009,C72668,2026-09-03 20:27:30,40109.13,INR,SUCCESS,ONLINE
T101742,M1012,C63687,2026-09-03 18:00:29,3830.35,INR,REVERSED,QR
T101743,M1001,C50788,2026-09-03 14:25:01,55661.20,INR,SUCCESS,ONLINE
T101744,M1001,C50580,2026-09-03 06:58:03,2338.58,INR,SUCCESS,QR
T101745,M1004,C67101,2026-09-03 22:31:01,1571.77,INR,SUCCESS,POS
T101746,M1005,C61400,2026-09-03 11:21:25,211097.02,INR,SUCCESS,QR
T101747,M1006,C73852,2026-09-03 14:17:58,771.15,INR,SUCCESS,POS
T101748,M1016,C78563,2026-09-03 11:11:39,229706.36,INR,SUCCESS,QR
T101749,M1009,C56264,2026-09-03 16:47:04,14506.66,INR,SUCCESS,QR
T101750,M1005,C71919,2026-09-03 11:09:46,197705.31,INR,SUCCESS,POS
T101751,M1009,C99106,2026-09-03 15:42:42,41028.28,INR,SUCCESS,ONLINE
T101752,M1014,C66822,2026-09-03 09:48:29,1625.76,INR,SUCCESS,ONLINE
T101753,M1004,C98885,2026-09-03 21:40:54,1512.96,INR,SUCCESS,QR
T101754,M1004,C89194,2026-09-03 10:48:15,320375.61,INR,SUCCESS,ONLINE
T101755,M1012,C90013,2026-09-03 19:09:38,1436.16,INR,SUCCESS,QR
T101756,M1012,C80695,2026-09-03 14:39:34,2460.06,INR,SUCCESS,QR
T101757,M1024,C99613,2026-09-03 10:06:43,26559.47,INR,SUCCESS,POS
T101758,M1019,C64460,2026-09-03 07:36:04,5832.36,INR,SUCCESS,POS
T101759,M1006,C72728,2026-09-03 17:07:40,19395.02,INR,SUCCESS,POS
T101760,M1016,C62828,2026-09-03 07:23:47,187922.87,INR,SUCCESS,ONLINE
T101761,M1028,C58741,2026-09-03 14:52:13,211811.47,INR,SUCCESS,ONLINE
T101762,M1029,C89746,2026-09-03 11:37:56,447.76,INR,SUCCESS,POS
T101763,M1006,C50983,2026-09-03 12:47:11,35740.45,INR,REVERSED,POS
T101764,M1011,C75166,2026-09-03 12:22:09,21761.30,INR,SUCCESS,ONLINE
T101765,M1022,C99438,2026-09-03 09:29:06,3519.70,INR,SUCCESS,QR
T101766,M1025,C95645,2026-09-03 07:26:43,43156.02,INR,SUCCESS,QR
T101767,M1022,C78965,2026-09-03 14:14:13,3144.97,INR,SUCCESS,POS
T101768,M1015,C91651,2026-09-03 22:32:50,40703.89,INR,SUCCESS,POS
T101769,M1004,C67802,2026-09-03 20:52:49,16172.68,INR,SUCCESS,POS
T101770,M1005,C76328,2026-09-03 12:06:02,1127.57,INR,SUCCESS,POS
T101771,M1013,C85767,2026-09-03 13:52:48,224866.19,INR,SUCCESS,POS
T101772,M1018,C64647,2026-09-03 19:41:40,12030.55,INR,SUCCESS,QR
T101773,M1026,C88493,2026-09-03 11:25:51,57586.47,INR,SUCCESS,POS
T101774,M1018,C86561,2026-09-03 13:14:18,303385.90,INR,SUCCESS,QR
T101775,M1005,C85332,2026-09-03 13:50:15,250431.48,INR,SUCCESS,POS
T101776,M1015,C71511,2026-09-03 17:35:59,58898.60,INR,SUCCESS,QR
T101777,M1023,C98294,2026-09-03 19:18:28,59741.45,USD,FAILED,ONLINE
T101778,M1024,C72793,2026-09-03 22:25:47,2598.49,INR,SUCCESS,ONLINE
T101779,M1007,C98930,2026-09-03 06:41:40,242297.08,INR,SUCCESS,POS
T101780,M1010,C64590,2026-09-03 07:43:29,330109.41,INR,SUCCESS,ONLINE
T101781,M1017,C96732,2026-09-03 08:51:47,324818.75,INR,SUCCESS,QR
T101782,M1003,C99963,2026-09-03 15:45:38,7023.90,INR,SUCCESS,ONLINE
T101783,M1024,C66456,2026-09-03 19:50:15,2810.07,INR,FAILED,POS
T101784,M1025,C80293,2026-09-03 13:56:42,396463.78,INR,SUCCESS,QR
T101785,M1024,C52506,2026-09-03 15:39:22,298.17,INR,SUCCESS,QR
T101786,M1004,C97769,2026-09-03 13:40:01,62245.41,INR,SUCCESS,POS
T101787,M1002,C83976,2026-09-03 16:32:54,56557.25,INR,SUCCESS,POS
T101788,M1022,C61583,2026-09-03 18:48:24,233429.52,INR,SUCCESS,POS
T101789,M1002,C67696,2026-09-03 19:37:40,189458.82,INR,SUCCESS,ONLINE
T101790,M1023,C53911,2026-09-03 13:57:36,306366.86,INR,SUCCESS,POS
T101791,M1021,C70274,2026-09-03 17:19:45,42660.75,INR,SUCCESS,QR
T101792,M9999,C94681,2026-09-03 10:22:22,2236.85,INR,SUCCESS,QR
T101793,M1017,C85498,2026-09-03 08:55:00,2993.15,INR,FAILED,ONLINE
T101794,M1017,C72030,2026-09-03 21:05:03,43033.51,INR,SUCCESS,POS
T101795,M1003,C67952,2026-09-03 16:55:40,290193.17,INR,SUCCESS,ONLINE
T101796,M1027,C52883,2026-09-03 15:42:09,352288.50,INR,SUCCESS,ONLINE
T101797,M1005,C51381,2026-09-03 18:40:28,3454.44,INR,SUCCESS,ONLINE
T101798,M1012,C60438,2026-09-03 09:55:23,1253.32,INR,SUCCESS,ONLINE
T101799,M1011,C50071,2026-09-03 10:00:41,17831.77,INR,SUCCESS,POS
T101800,M1002,C54926,2026-09-03 11:04:07,901.63,INR,SUCCESS,QR
T101801,M1022,C59588,2026-09-03 07:48:16,178085.64,INR,SUCCESS,QR
T101802,M1021,C56989,2026-09-03 14:18:58,34637.33,INR,SUCCESS,ONLINE
T101803,M1010,C54752,2026-09-03 14:21:03,100574.58,INR,SUCCESS,POS
T101804,M1003,C59880,2026-09-03 13:17:43,2353.53,INR,SUCCESS,ONLINE
T101805,M1005,C99690,2026-09-03 21:06:36,115858.65,INR,SUCCESS,ONLINE
T101806,M1020,C58203,2026-09-03 12:22:11,188430.38,INR,SUCCESS,ONLINE
T101807,M1026,C86632,2026-09-03 06:10:57,15695.79,INR,SUCCESS,QR
T101808,M1019,C81122,2026-09-03 21:51:37,219505.58,INR,SUCCESS,QR
T101809,M1011,C75565,2026-09-03 18:39:21,68644.47,INR,SUCCESS,POS
T101810,M1016,C98039,2026-09-03 20:10:20,289376.59,INR,SUCCESS,QR
T101811,M1002,C67998,2026-09-03 08:49:51,51478.31,INR,SUCCESS,ONLINE
T101812,M1015,C55916,2026-09-03 21:49:15,253274.10,INR,SUCCESS,POS
T101813,M1016,C67751,2026-09-03 22:02:04,38122.58,INR,SUCCESS,ONLINE
T101814,M1002,C93383,2026-09-03 06:59:59,1218.01,INR,SUCCESS,ONLINE
T101815,M1012,C68164,2026-09-03 19:37:35,377.31,INR,SUCCESS,ONLINE
T101816,M1029,C90364,2026-09-03 22:36:06,19664.29,INR,SUCCESS,ONLINE
T101817,M1027,C56014,2026-09-03 10:09:26,85764.82,INR,SUCCESS,ONLINE
T101818,,C77009,2026-09-03 11:40:54,45786.78,INR,SUCCESS,QR
T101819,M1011,C89415,2026-09-03 10:01:13,22145.06,INR,SUCCESS,QR
T101820,M1019,C56883,2026-09-03 07:22:28,591.96,INR,SUCCESS,POS
T101821,M1025,C90932,2026-09-03 15:53:07,46088.59,INR,FAILED,QR
T101822,M1003,C63657,2026-09-03 15:17:01,3227.92,INR,SUCCESS,QR
T101823,M1028,C81216,2026-09-03 18:25:56,380528.53,INR,SUCCESS,QR
T101824,M1023,C63522,2026-09-03 15:50:22,514.04,INR,SUCCESS,POS
T101825,M1022,C78048,2026-09-03 12:51:52,107483.00,INR,SUCCESS,ONLINE
T101826,M1003,C95471,2026-09-03 19:18:20,57930.17,INR,SUCCESS,POS
T101827,M1002,C73604,2026-09-03 19:43:03,4305.76,INR,SUCCESS,QR
T101828,M1027,C79117,2026-09-03 19:01:11,3435.96,INR,SUCCESS,POS
T101829,M1009,C97504,2026-09-03 22:52:31,30636.50,INR,SUCCESS,POS
T101830,M1018,C75011,2026-09-03 21:58:00,111513.40,INR,SUCCESS,ONLINE
T101831,M1014,C64175,2026-09-03 19:38:19,11135.00,INR,SUCCESS,ONLINE
T101832,M1001,C50541,2026-09-03 20:49:39,44769.39,INR,SUCCESS,QR
T101833,M1004,C98997,2026-09-03 19:10:27,22102.78,INR,SUCCESS,ONLINE
T101834,M1024,C83915,2026-09-03 11:34:07,3335.89,INR,SUCCESS,QR
T101835,M1006,C57343,2026-09-03 07:17:54,104399.19,INR,FAILED,POS
T101836,M1013,C92849,2026-09-03 15:43:09,7230.67,INR,SUCCESS,ONLINE
T101837,M9999,C50141,2026-09-03 21:04:18,1029.09,INR,SUCCESS,QR
T101838,M1001,C93876,2026-09-03 13:53:29,1332.97,INR,FAILED,ONLINE
T101839,M1003,C88430,2026-09-03 18:04:19,301.09,INR,SUCCESS,ONLINE
T101840,M1023,C85129,2026-09-03 08:03:39,306252.24,INR,SUCCESS,QR
T101841,M1006,C59156,2026-09-03 07:22:54,58532.85,INR,SUCCESS,ONLINE
T101842,M1016,C85459,2026-09-03 15:28:16,101955.94,INR,SUCCESS,QR
T101843,M1004,C89289,2026-09-03 12:24:04,906.41,INR,SUCCESS,POS
T101844,M1009,C87162,2026-09-03 20:12:16,52918.04,INR,FAILED,QR
T101845,M1010,C96805,2026-09-03 22:00:38,315456.51,INR,SUCCESS,QR
T101846,M1007,C72375,2026-09-03 22:29:22,13639.22,INR,SUCCESS,QR
T101847,M1026,C52608,2026-09-03 17:27:34,3905.40,INR,SUCCESS,ONLINE
T101848,M1017,C98173,2026-09-03 10:11:57,1874.00,INR,SUCCESS,QR
T101849,M1020,C76708,2026-09-03 22:33:08,329641.00,INR,SUCCESS,POS
T101850,M1001,C54138,2026-09-03 13:13:53,3519.94,INR,SUCCESS,QR
T101851,M1003,C71392,2026-09-03 14:26:02,96932.48,INR,SUCCESS,POS
T101852,M1029,C91949,2026-09-03 19:43:18,22134.95,INR,SUCCESS,QR
T101853,M1002,C78234,2026-09-03 21:23:14,1121.46,INR,SUCCESS,ONLINE
T101854,M1012,C51159,2026-09-03 10:36:13,52152.75,INR,SUCCESS,ONLINE
T101855,M1029,C82585,2026-09-03 09:17:51,248550.15,INR,SUCCESS,POS
T101856,M1005,C78641,2026-09-03 21:56:43,125678.22,INR,SUCCESS,ONLINE
T101857,M1025,C80130,2026-09-03 13:31:42,143353.32,INR,SUCCESS,QR
T101858,M1026,C98894,2026-09-03 22:24:48,54852.20,INR,SUCCESS,QR
T101859,M1029,C57392,2026-09-03 09:29:46,383568.57,INR,SUCCESS,ONLINE
T101860,M1027,C60761,2026-09-03 09:48:37,124151.20,INR,SUCCESS,QR
T101861,M1015,C56528,2026-09-03 06:34:08,50487.14,INR,SUCCESS,ONLINE
T101862,M1014,C66587,2026-09-03 12:37:21,47346.53,INR,SUCCESS,ONLINE
T101863,M1010,C66927,2026-09-03 07:35:33,52161.28,INR,SUCCESS,ONLINE
T101864,M1009,C75674,2026-09-03 21:53:11,67923.72,INR,SUCCESS,ONLINE
T101865,M1015,C62318,2026-09-03 09:11:28,2443.81,INR,SUCCESS,POS
T101866,M1020,C59957,2026-09-03 15:13:18,48401.27,INR,REVERSED,ONLINE
T101867,M1019,C57331,2026-09-03 20:01:51,138830.16,INR,SUCCESS,QR
T101868,M1012,C53026,2026-09-03 19:13:45,54272.58,INR,SUCCESS,ONLINE
T101869,M1005,C82387,2026-09-03 15:20:15,241.35,INR,SUCCESS,QR
T101870,M1008,C52264,2026-09-03 21:07:21,4698.51,INR,FAILED,QR
T101871,M1006,C94229,2026-09-03 17:39:17,339421.24,INR,SUCCESS,QR
T101872,M1006,C73847,2026-09-03 10:36:43,56630.23,INR,SUCCESS,QR
T101873,M1004,C82646,2026-09-03 12:20:37,108651.19,INR,SUCCESS,ONLINE
T101874,M1010,C76692,2026-09-03 11:25:24,211174.66,INR,SUCCESS,POS
T101875,M1029,C71429,2026-09-03 15:54:10,3644.07,INR,SUCCESS,ONLINE
T101876,M1024,C75810,2026-09-03 15:39:32,48925.31,INR,SUCCESS,ONLINE
T101877,M1011,C57547,2026-09-03 10:42:36,1979.15,INR,SUCCESS,QR
T101878,M1024,C95826,2026-09-03 16:24:31,13861.42,INR,SUCCESS,POS
T101879,M1023,C54855,2026-09-03 16:52:36,43103.27,INR,SUCCESS,POS
T101880,M1016,C82567,2026-09-03 12:52:28,1537.75,INR,SUCCESS,POS
T101881,M1027,C56842,2026-09-03 19:42:41,228476.57,INR,SUCCESS,ONLINE
T101882,M1015,C72971,2026-09-03 13:49:19,28204.71,INR,SUCCESS,POS
T101883,M1013,C92884,2026-09-03 06:15:59,15105.13,INR,SUCCESS,QR
T101884,M1020,C53604,2026-09-03 11:47:56,125102.96,INR,SUCCESS,QR
T101885,M1000,C56980,2026-09-03 10:18:02,350120.16,INR,SUCCESS,ONLINE
T101886,M1028,C75038,2026-09-03 19:37:32,1307.74,INR,SUCCESS,ONLINE
T101887,M1005,C68998,2026-09-03 13:41:37,832.96,INR,SUCCESS,QR
T101888,M1017,C72226,2026-09-03 12:57:40,151846.86,INR,SUCCESS,QR
T101889,M1003,C58305,2026-09-03 14:41:37,54912.01,INR,SUCCESS,QR
T101890,M1001,C58353,2026-09-03 11:56:48,1039.51,INR,SUCCESS,POS
T101891,M1003,C79610,2026-09-03 20:52:03,2302.06,INR,SUCCESS,QR
T101892,M1028,C88901,2026-09-03 17:38:29,12719.00,INR,FAILED,QR
T101893,M1019,C51233,2026-09-03 18:07:52,590.91,INR,FAILED,POS
T101894,M1007,C67514,2026-09-03 07:10:36,3414.22,INR,SUCCESS,ONLINE
T101895,M1010,C94657,2026-09-03 14:25:09,1298.27,INR,SUCCESS,POS
T101896,M1008,C93578,2026-09-03 19:19:53,144006.52,INR,SUCCESS,QR
T101897,M1015,C71673,2026-09-03 08:54:25,3311.98,INR,SUCCESS,QR
T101898,M1002,C64134,2026-09-03 13:56:22,59126.41,INR,SUCCESS,POS
T101899,M1029,C89314,2026-09-03 20:33:02,59954.21,INR,SUCCESS,ONLINE
T101900,M1005,C78430,2026-09-03 22:58:17,3361.14,INR,SUCCESS,QR
T101901,M1000,C87277,2026-09-03 06:44:50,392198.02,INR,SUCCESS,ONLINE
T101902,M1017,C89412,2026-09-03 22:59:08,223016.77,INR,SUCCESS,ONLINE
T101903,M1018,C50999,2026-09-03 20:50:21,317299.53,INR,SUCCESS,POS
T101904,M1004,C76801,2026-09-03 22:41:15,89910.87,INR,SUCCESS,ONLINE
T101905,M1029,C63703,2026-09-03 06:24:37,2198.81,INR,SUCCESS,POS
T101906,M1016,C67037,2026-09-03 13:09:52,29129.09,INR,FAILED,ONLINE
T101907,M1018,C77971,2026-09-03 13:03:46,2170.38,INR,SUCCESS,POS
T101908,M1007,C92255,2026-09-03 11:51:19,7485.84,INR,SUCCESS,QR
T101909,M1019,C99978,2026-09-03 22:00:25,206456.67,INR,SUCCESS,QR
T101910,M1016,C87082,2026-09-03 20:49:29,337625.16,INR,SUCCESS,ONLINE
T101911,M1029,C52184,2026-09-03 22:25:23,243857.41,INR,SUCCESS,ONLINE
T101912,M1005,C82177,2026-09-03 10:02:30,342127.90,INR,SUCCESS,QR
T101913,M1002,C95644,2026-09-03 18:13:56,3053.26,INR,SUCCESS,POS
T101914,M1013,C73253,2026-09-03 17:12:48,101479.44,INR,FAILED,ONLINE
T101915,M1025,C78877,2026-09-03 22:55:21,112105.77,INR,SUCCESS,ONLINE
T101916,M1021,C76874,2026-09-03 16:35:16,2877.75,INR,SUCCESS,POS
T101917,M1020,C51781,2026-09-03 10:31:23,54768.27,INR,SUCCESS,ONLINE
T101918,M1007,C77355,2026-09-03 16:59:59,42172.39,INR,SUCCESS,ONLINE
T101919,M1003,C57656,2026-09-03 20:14:13,46517.86,INR,SUCCESS,POS
T101920,M1009,C64568,2026-09-03 17:02:42,99736.68,INR,SUCCESS,POS
T101921,M1002,C79720,2026-09-03 09:10:08,2686.74,INR,SUCCESS,POS
T101922,M1022,C50583,2026-09-03 12:30:17,341016.42,INR,SUCCESS,QR
T101923,M1014,C61910,2026-09-03 17:38:57,3658.17,IN,SUCCESS,POS
T101924,M1009,C63920,2026-09-03 16:35:07,1268.19,INR,SUCCESS,ONLINE
T101925,M1000,C87530,2026-09-03 20:41:18,3848.53,INR,SUCCESS,POS
T101926,M1016,C86712,2026-09-03 09:06:57,49877.14,INR,SUCCESS,ONLINE
T101927,M1004,C67897,2026-09-03 18:40:09,25083.59,INR,SUCCESS,ONLINE
T101928,M1012,C89131,2026-09-03 19:42:10,2348.70,INR,SUCCESS,POS
T101929,M1027,C91834,2026-09-03 14:12:03,1439.40,INR,SUCCESS,ONLINE
T101930,M1021,C62677,2026-09-03 07:46:36,19611.15,INR,SUCCESS,POS
T101931,M1021,C65801,2026-09-03 14:11:51,93802.45,INR,SUCCESS,QR
T101932,M1002,C67656,2026-09-03 22:29:15,246599.60,INR,SUCCESS,ONLINE
T101933,M1003,C63564,2026-09-03 09:45:55,311896.45,INR,SUCCESS,ONLINE
T101934,M1014,C73882,2026-09-03 19:55:06,128473.03,INR,SUCCESS,QR
T101935,M1012,C83018,2026-09-03 20:26:45,3722.18,INR,SUCCESS,ONLINE
T101936,M1021,C87319,2026-09-03 21:47:58,6426.12,INR,SUCCESS,ONLINE
T101937,M1011,C91215,2026-09-03 22:39:56,44606.53,INR,SUCCESS,POS
T101938,M1009,C68874,2026-09-03 17:11:31,3768.35,INR,SUCCESS,QR
T101939,M1004,C97336,2026-09-03 09:12:28,47818.13,INR,SUCCESS,ONLINE
T101940,M1001,C61032,2026-09-03 11:48:58,586.22,INR,SUCCESS,ONLINE
T101941,M1023,C95993,2026-09-03 20:24:20,55459.21,INR,SUCCESS,ONLINE
T101942,M1025,C69307,2026-09-03 07:23:23,24954.44,INR,REVERSED,QR
T101943,M1027,C50919,2026-09-03 14:45:39,4451.42,INR,SUCCESS,QR
T101944,M1026,C94861,2026-09-03 12:14:46,1149.84,INR,FAILED,ONLINE
T101945,M1007,C59660,2026-09-03 13:02:16,25966.83,INR,FAILED,ONLINE
T101946,M1011,C55234,2026-09-03 13:23:39,106631.10,INR,SUCCESS,POS
T101947,M1008,C91727,2026-09-03 18:10:35,410.44,INR,SUCCESS,POS
T101948,M1008,C91945,2026-09-03 21:00:21,336276.39,INR,REVERSED,QR
T101949,M1024,C99808,2026-09-03 22:53:03,26376.32,INR,SUCCESS,POS
T101950,M1008,C51520,2026-09-03 10:49:18,551.05,INR,SUCCESS,QR
T101951,M1022,C94669,2026-09-03 20:08:39,398253.21,INR,SUCCESS,QR
T101952,M1022,C55058,2026-09-03 16:11:07,2881.82,INR,SUCCESS,POS
T101953,M1028,C69139,2026-09-03 15:11:20,1132.95,INR,SUCCESS,ONLINE
T101954,M1020,C76330,2026-09-03 20:12:14,1409.14,INR,SUCCESS,ONLINE
T101955,M1006,C63257,2026-09-03 07:37:38,7985.02,INR,FAILED,QR
T101956,M1029,C57830,2026-09-03 12:34:13,2900.55,INR,FAILED,QR
T101957,M1017,C71243,2026-09-03 21:51:56,55443.84,INR,SUCCESS,ONLINE
T101958,M1025,C89266,2026-09-03 22:20:29,3910.62,INR,FAILED,POS
T101959,M1018,C68526,2026-09-03 16:39:21,3531.07,INR,SUCCESS,POS
T101960,M1012,C80601,2026-09-03 14:45:21,314228.54,INR,SUCCESS,QR
T101961,M1015,C82772,2026-09-03 14:51:42,144784.07,INR,SUCCESS,ONLINE
T101962,M1022,C61673,2026-09-03 10:39:30,859.08,INR,SUCCESS,ONLINE
T101963,M1018,C89829,2026-09-03 17:12:53,2437.57,INR,SUCCESS,QR
T101964,M1029,C93728,2026-09-03 13:20:41,54498.05,INR,SUCCESS,POS
T101965,M1026,C97355,2026-09-03 06:27:24,224674.28,INR,SUCCESS,QR
T101966,M8888,C69565,2026-09-03 11:39:57,2763.10,INR,FAILED,QR
T101967,M1009,C77855,2026-09-03 09:21:07,330332.30,INR,SUCCESS,ONLINE
T101968,M1026,C62930,2026-09-03 14:54:29,55969.21,INR,SUCCESS,QR
T101969,M1003,C59147,2026-09-03 15:54:32,3910.50,INR,SUCCESS,QR
T101970,M1000,C88596,2026-09-03 07:32:15,57478.56,INR,SUCCESS,QR
T101971,M1024,C94856,2026-09-03 10:27:46,4503.53,INR,SUCCESS,ONLINE
T101972,M1017,C55475,2026-09-03 15:47:28,392767.83,INR,SUCCESS,QR
T101973,M1027,C55585,2026-09-03 18:35:36,108618.47,INR,SUCCESS,POS
T101974,M1022,C73619,2026-09-03 18:39:37,53166.24,INR,SUCCESS,QR
T101975,M1014,C77398,2026-09-03 17:48:17,8276.21,INR,SUCCESS,QR
T101976,M1023,C99415,2026-09-03 12:36:13,2250.37,INR,SUCCESS,QR
T101977,M1017,C77274,2026-09-03 11:02:57,347307.35,INR,SUCCESS,POS
T101978,M1018,C91666,2026-09-03 21:06:11,58238.83,INR,SUCCESS,POS
T101979,M1014,C74220,2026-09-03 10:46:51,2563.82,INR,SUCCESS,POS
T101980,M1011,C63944,2026-09-03 12:35:06,4364.46,INR,SUCCESS,QR
T101981,M1006,C92453,2026-09-03 22:34:48,395449.79,INR,SUCCESS,ONLINE
T101982,M1029,C95999,2026-09-03 06:14:12,56957.43,INR,SUCCESS,QR
T101983,M1014,C51356,2026-09-03 18:23:14,30588.04,INR,SUCCESS,POS
T101984,M1010,C59309,2026-09-03 11:45:34,352890.77,INR,SUCCESS,QR
T101985,M1022,C76031,2026-09-03 13:36:30,3938.96,INR,SUCCESS,QR
T101986,M1029,C50589,2026-09-03 19:25:32,26482.64,INR,SUCCESS,QR
T101987,M1009,C61374,2026-09-03 19:25:26,99430.69,INR,SUCCESS,POS
T101988,M1028,C86635,2026-09-03 17:04:15,281596.52,INR,SUCCESS,ONLINE
T101989,M1000,C94486,2026-09-03 09:54:27,748.81,INR,SUCCESS,POS
T101990,M1001,C86751,2026-09-03 11:15:42,6151.31,INR,SUCCESS,POS
T101991,M1009,C68563,2026-09-03 14:27:08,43441.44,INR,FAILED,ONLINE
T101992,M1005,C70698,2026-09-03 13:23:32,33410.44,INR,SUCCESS,ONLINE
T101993,M1014,C67512,2026-09-03 06:16:01,126437.41,INR,SUCCESS,QR
T101994,M1000,C94588,2026-09-03 14:47:02,1011.08,INR,SUCCESS,POS
T101995,M1013,C85629,2026-09-03 11:10:07,250699.14,INR,SUCCESS,QR
T101996,M1029,C84311,2026-09-03 19:14:07,58247.83,INR,SUCCESS,ONLINE
T101997,M1029,C83810,2026-09-03 10:54:52,45100.87,INR,SUCCESS,POS
T101998,M1001,C84892,2026-09-03 22:35:22,251197.00,INR,SUCCESS,POS
T101999,M1025,C58023,2026-09-03 18:50:07,102409.87,INR,SUCCESS,QR
T102000,M1016,C97039,2026-09-03 18:57:58,101862.64,INR,SUCCESS,QR
T102001,M1000,C73639,2026-09-03 18:29:31,56735.07,INR,SUCCESS,QR
T102002,M1011,C78851,2026-09-03 14:28:34,1745.88,INR,SUCCESS,QR
T102003,M1011,C75819,2026-09-03 08:39:08,86302.14,INR,SUCCESS,QR
T102004,M1020,C70645,2026-09-03 12:38:40,47241.02,INR,SUCCESS,POS
T102005,M1018,C86162,2026-09-03 09:34:53,42491.31,INR,SUCCESS,QR
T102006,M1005,C96246,2026-09-03 10:45:41,3675.98,INR,SUCCESS,POS
T102007,M1016,C79284,2026-09-03 13:03:19,279853.97,INR,SUCCESS,QR
T102008,M1008,C86466,2026-09-03 07:25:52,123387.60,INR,SUCCESS,QR
T102009,M1001,C51809,2026-09-03 09:33:46,1666.75,INR,SUCCESS,POS
T102010,M1010,C77559,2026-09-03 12:21:20,69746.32,INR,SUCCESS,ONLINE
T102011,M1021,C71951,2026-09-03 15:33:02,293875.61,INR,SUCCESS,POS
T102012,M1004,C62233,2026-09-03 13:15:57,138093.58,INR,SUCCESS,POS
T102013,M1026,C73265,2026-09-03 13:05:58,101525.25,INR,REVERSED,ONLINE
T102014,M1014,C60729,2026-09-03 12:36:41,65017.29,INR,SUCCESS,ONLINE
T102015,M1025,C66404,2026-09-03 22:36:02,44511.14,INR,SUCCESS,ONLINE
T102016,M1012,C89258,2026-09-03 20:38:12,352454.98,INR,SUCCESS,QR
T102017,M1019,C61847,2026-09-03 18:50:28,50903.08,INR,SUCCESS,ONLINE
T102018,M1027,C87682,2026-09-03 18:17:45,304271.71,INR,SUCCESS,POS
T102019,M1001,C54983,2026-09-03 16:17:47,1478.66,INR,SUCCESS,ONLINE
T102020,M1026,C78430,2026-09-03 07:34:59,3734.03,INR,REVERSED,POS
T102021,M1013,C79895,2026-09-03 12:52:54,16651.40,INR,SUCCESS,ONLINE
T102022,M1020,C94067,2026-09-03 07:36:41,244874.42,INR,SUCCESS,POS
T102023,M1017,C82613,2026-09-03 20:10:34,150323.37,INR,SUCCESS,ONLINE
T102024,M1017,C77242,2026-09-03 19:02:39,2051.29,INR,SUCCESS,QR
T102025,M1029,C83344,2026-09-03 10:14:41,323787.61,INR,SUCCESS,POS
T102026,M1000,C71795,2026-09-03 06:48:40,1680.60,INR,SUCCESS,QR
T102027,M1029,C99926,2026-09-03 19:42:38,149938.00,INR,SUCCESS,POS
T102028,M1015,C98828,2026-09-03 11:38:24,18890.22,INR,SUCCESS,ONLINE
T102029,M1029,C77395,2026-09-03 08:19:31,39357.58,INR,SUCCESS,POS
T102030,M1008,C92275,2026-09-03 18:23:44,324555.94,INR,SUCCESS,POS
T102031,M1004,C55311,2026-09-03 08:18:45,2657.78,INR,SUCCESS,POS
T102032,M1001,C68432,2026-09-03 20:16:10,1625.89,INR,SUCCESS,POS
T102033,M1028,C68107,2026-09-03 12:39:12,228.67,INR,FAILED,ONLINE
T102034,M1000,C85609,2026-09-03 12:34:15,1228.19,INR,SUCCESS,POS
T102035,M1027,C60010,2026-09-03 11:34:34,3089.53,INR,SUCCESS,POS
T102036,M1014,C92841,2026-09-03 22:04:39,915.70,INR,SUCCESS,ONLINE
T102037,M1009,C98544,2026-09-03 06:12:10,324500.01,INR,SUCCESS,QR
T102038,M1008,C58453,2026-09-03 18:16:12,14790.35,INR,SUCCESS,POS
T102039,M1029,C87418,2026-09-03 09:07:07,22345.49,INR,SUCCESS,QR
T102040,M1004,C95673,2026-09-03 15:08:12,40373.37,INR,SUCCESS,POS
T102041,M1022,C53332,2026-09-03 19:48:27,374632.93,INR,SUCCESS,QR
T102042,M1014,C99996,2026-09-03 15:29:27,2486.49,INR,SUCCESS,ONLINE
T102043,M1027,C93633,2026-09-03 10:22:09,1080.22,INR,SUCCESS,ONLINE
T102044,M1024,C72287,2026-09-03 07:45:30,43713.27,INR,SUCCESS,ONLINE
T102045,M1007,C91556,2026-09-03 07:45:18,4496.84,INR,SUCCESS,QR
T102046,M1024,C54819,2026-09-03 06:01:54,35764.40,INR,SUCCESS,ONLINE
T102047,M1002,C66442,2026-09-03 13:19:27,1753.38,INR,SUCCESS,QR
T102048,M1021,C95711,2026-09-03 22:45:41,4454.21,INR,SUCCESS,QR
T102049,M1003,C90349,2026-09-03 19:09:22,211064.98,INR,FAILED,POS
T102050,M1009,C81954,2026-09-03 18:02:47,3879.96,INR,SUCCESS,QR
T102051,M1013,C78219,2026-09-03 07:02:20,117083.63,INR,FAILED,QR
T102052,M1002,C65327,2026-09-03 06:03:05,74500.10,INR,SUCCESS,QR
T102053,M1004,C91751,2026-09-03 07:23:00,48954.21,INR,SUCCESS,ONLINE
T102054,M1027,C52960,2026-09-03 22:01:21,8213.64,INR,SUCCESS,ONLINE
T102055,M1003,C89079,2026-09-03 22:13:04,10796.10,INR,REVERSED,ONLINE
T102056,M1012,C74799,2026-09-03 18:31:10,40600.83,INR,SUCCESS,QR
T102057,M1011,C63445,2026-09-03 14:57:59,30545.48,INR,REVERSED,POS
T102058,M1024,C51054,2026-09-03 09:19:24,325.61,INR,SUCCESS,POS
T102059,M1006,C87269,2026-09-03 17:53:10,6142.93,INR,REVERSED,QR
T102060,M1028,C50762,2026-09-03 19:10:38,3510.39,INR,SUCCESS,ONLINE
T102061,M1022,C72841,2026-09-03 09:59:05,42368.13,INR,SUCCESS,ONLINE
T102062,M1001,C62566,2026-09-03 07:53:37,2911.53,INR,SUCCESS,POS
T102063,M1013,C58712,2026-09-03 15:31:08,1463.05,INR,SUCCESS,POS
T102064,M1020,C62517,2026-09-03 08:48:18,39937.59,INR,SUCCESS,POS
T102065,M1020,C73584,2026-09-03 12:09:41,577.08,INR,SUCCESS,QR
T102066,M1015,C88453,2026-09-03 09:01:33,156095.79,INR,FAILED,ONLINE
T102067,M1006,C72928,2026-09-03 10:32:35,53213.29,INR,SUCCESS,ONLINE
T102068,M8888,C78149,2026-09-03 17:10:19,2383.77,INR,SUCCESS,POS
T102069,M1014,C95348,2026-09-03 06:16:59,44928.68,INR,SUCCESS,QR
T102070,M1018,C82613,2026-09-03 22:22:23,390125.10,INR,SUCCESS,POS
T102071,M1001,C87393,2026-09-03 22:35:36,39722.84,INR,SUCCESS,QR
T102072,M1010,C76604,2026-09-03 19:16:24,3922.71,INR,SUCCESS,ONLINE
T102073,M1025,C83942,2026-09-03 21:19:46,3367.95,INR,SUCCESS,POS
T102074,M1009,C68729,2026-09-03 09:20:07,24165.18,INR,SUCCESS,QR
T102075,M1013,C61861,2026-09-03 17:06:48,1257.66,INR,SUCCESS,ONLINE
T102076,M1008,C74779,2026-09-03 08:41:39,3055.66,INR,SUCCESS,POS
T102077,M1018,C79032,2026-09-03 22:57:17,70702.30,INR,SUCCESS,QR
T102078,M1018,C90351,2026-09-03 11:23:19,1097.22,INR,SUCCESS,QR
T102079,M1004,C80661,2026-09-03 17:08:08,13488.76,INR,SUCCESS,QR
T102080,M1005,C57988,2026-09-03 11:30:35,129995.63,INR,SUCCESS,ONLINE
T102081,M1000,C75062,2026-09-03 22:56:22,6294.31,INR,SUCCESS,ONLINE
T102082,M1011,C79150,2026-09-03 18:08:44,98323.32,INR,SUCCESS,ONLINE
T102083,M1017,C53020,2026-09-03 18:24:23,374365.77,INR,SUCCESS,ONLINE
T102084,M1017,C79857,2026-09-03 09:09:46,56974.66,INR,SUCCESS,QR
T102085,M1026,C69902,2026-09-03 10:45:35,13835.98,INR,REVERSED,QR
T102086,M1008,C65201,2026-09-03 15:18:47,3746.58,INR,SUCCESS,QR
T102087,M1010,C66762,2026-09-03 07:40:00,70243.06,INR,SUCCESS,QR
T102088,M1011,C54129,2026-09-03 07:16:38,389.63,INR,SUCCESS,ONLINE
T102089,M1023,C51896,2026-09-03 18:24:14,55260.84,INR,REVERSED,POS
T102090,M1028,C83694,2026-09-03 10:42:56,2058.28,INR,SUCCESS,POS
T102091,M1008,C96496,2026-09-03 19:44:55,52868.44,INR,SUCCESS,QR
T102092,M1020,C58556,2026-09-03 12:03:53,1969.17,INR,SUCCESS,QR
T102093,M1016,C84195,2026-09-03 12:37:29,140157.13,INR,SUCCESS,QR
T102094,M1021,C70092,2026-09-03 21:15:27,3107.55,INR,SUCCESS,QR
T102095,M1004,C54523,2026-09-03 11:05:08,272518.89,INR,SUCCESS,POS
T102096,M1017,C80099,2026-09-03 11:49:43,389627.34,INR,SUCCESS,QR
T102097,M1008,C61526,2026-09-03 08:58:33,21200.25,INR,SUCCESS,QR
T102098,M1010,C87447,2026-09-03 16:14:30,3739.18,INR,SUCCESS,ONLINE
T102099,M1006,C75748,2026-09-03 19:02:54,208954.72,INR,SUCCESS,QR
T102100,M1024,C79967,2026-09-03 20:03:29,259.75,INR,SUCCESS,POS
T102101,M1020,C65357,2026-09-03 12:45:56,376355.24,INR,SUCCESS,ONLINE
T102102,M1026,C64116,2026-09-03 07:42:40,28489.03,INR,SUCCESS,POS
T102103,M1018,C89845,2026-09-03 12:21:40,2491.53,INR,SUCCESS,ONLINE
T102104,M1000,C88640,2026-09-03 09:56:57,172141.25,INR,SUCCESS,ONLINE
T102105,M1013,C63639,2026-09-03 15:52:52,97160.10,INR,FAILED,POS
T102106,M1029,C92084,2026-09-03 18:04:37,207865.11,INR,SUCCESS,QR
T102107,M1028,C87373,2026-09-03 17:08:26,205558.61,INR,SUCCESS,POS
T102108,M1014,C62498,2026-09-03 18:44:24,188907.81,INR,SUCCESS,ONLINE
T102109,M1000,C53338,2026-09-03 22:40:12,2161.36,INR,SUCCESS,QR
T102110,M1003,C93372,2026-09-03 09:35:03,2356.50,INR,SUCCESS,ONLINE
T102111,M1004,C92171,2026-09-03 14:42:41,8222.66,INR,SUCCESS,ONLINE
T102112,M1001,C61244,2026-09-03 16:20:29,183.01,INR,SUCCESS,QR
T102113,M1016,C83098,2026-09-03 18:37:07,2575.78,INR,SUCCESS,POS
T102114,M1028,C64681,2026-09-03 12:21:46,3816.55,INR,SUCCESS,POS
T102115,M1004,C53596,2026-09-03 19:27:38,3815.18,INR,SUCCESS,QR
T102116,M1022,C90641,2026-09-03 17:14:27,2205.09,INR,SUCCESS,ONLINE
T102117,M1011,C90744,2026-09-03 19:31:37,96681.98,INR,REVERSED,QR
T102118,M1009,C61835,2026-09-03 06:00:25,12225.56,INR,SUCCESS,ONLINE
T102119,M1009,C71014,2026-09-03 16:06:37,155939.76,INR,SUCCESS,POS
T102120,M1006,C93339,2026-09-03 15:36:59,151215.85,INR,SUCCESS,ONLINE
T102121,M1022,C84890,2026-09-03 12:57:43,57551.31,INR,FAILED,POS
T102122,M1018,C86280,2026-09-03 17:30:11,398366.26,INR,REVERSED,ONLINE
T102123,M1010,C70321,2026-09-03 14:30:50,355622.39,INR,SUCCESS,ONLINE
T102124,M1022,C96268,2026-09-03 12:30:48,20752.01,INR,SUCCESS,POS
T102125,M1001,C58777,2026-09-03 21:08:11,805.74,INR,SUCCESS,POS
T102126,M1003,C92714,2026-09-03 18:56:21,92572.89,INR,SUCCESS,POS
T102127,M1023,C92180,2026-09-03 11:06:58,325964.93,INR,SUCCESS,QR
T102128,M1010,C81283,2026-09-03 14:33:30,42937.64,INR,SUCCESS,POS
T102129,M1018,C94275,2026-09-03 21:57:04,391445.06,INR,SUCCESS,POS
T102130,M1004,C91421,2026-09-03 18:27:07,3785.23,INR,SUCCESS,POS
T102131,M1010,C72547,2026-09-03 20:04:12,50224.10,INR,SUCCESS,ONLINE
T102132,M1020,C74385,2026-09-03 17:38:37,36808.71,INR,SUCCESS,ONLINE
T102133,M1012,C74665,2026-09-03 18:40:40,32361.45,INR,SUCCESS,QR
T102134,M1027,C66198,2026-09-03 21:28:04,363692.55,INR,SUCCESS,QR
T102135,M1001,C77922,2026-09-03 20:21:20,137379.97,INR,SUCCESS,ONLINE
T102136,M1003,C75959,2026-09-03 13:36:46,55536.96,INR,SUCCESS,POS
T102137,M1011,C54567,2026-09-03 20:15:26,286881.61,INR,FAILED,ONLINE
T102138,M1025,C69978,2026-09-03 06:13:38,6413.81,INR,SUCCESS,POS
T102139,M1004,C73451,2026-09-03 18:16:05,279088.48,INR,SUCCESS,QR
T102140,M1019,C93260,2026-09-03 12:37:37,1266.49,INR,SUCCESS,ONLINE
T102141,M1007,C79219,2026-09-03 15:34:54,192170.38,INR,SUCCESS,POS
T102142,M1003,C99209,2026-09-03 14:01:22,5733.73,INR,SUCCESS,ONLINE
T102143,M1017,C51065,2026-09-03 18:53:08,39071.57,INR,SUCCESS,QR
T102144,M1010,C67185,2026-09-03 07:10:24,119536.11,INR,SUCCESS,ONLINE
T102145,M1026,C77263,2026-09-03 15:26:28,2777.34,INR,SUCCESS,QR
T102146,M1007,C70175,2026-09-03 12:54:30,84117.13,INR,SUCCESS,POS
T102147,M1025,C81421,2026-09-03 20:00:44,52050.14,INR,SUCCESS,POS
T102148,M1009,C75061,2026-09-03 11:31:20,59648.01,INR,SUCCESS,POS
T102149,M1010,C59691,2026-09-03 21:40:10,3865.99,INR,SUCCESS,ONLINE
T102150,M1017,C70058,2026-09-03 09:11:29,3764.28,INR,SUCCESS,QR
T102151,M1027,C68948,2026-09-03 07:04:25,518.23,INR,SUCCESS,POS
T102152,M1009,C61819,2026-09-03 09:50:23,381233.02,INR,SUCCESS,ONLINE
T102153,M1009,C70861,2026-09-03 14:20:30,109446.56,INR,SUCCESS,QR
T102154,M1013,C57927,2026-09-03 18:26:22,8455.27,INR,SUCCESS,POS
T102155,M1013,C51314,2026-09-03 19:27:55,46738.63,INR,SUCCESS,POS
T102156,M1022,C57407,2026-09-03 19:49:20,50665.26,INR,SUCCESS,POS
T102157,M1024,C92755,2026-09-03 06:44:09,86840.00,INR,SUCCESS,QR
T102158,M1013,C55794,2026-09-03 11:03:49,34756.75,INR,SUCCESS,QR
T102159,M1022,C75665,2026-09-03 12:24:49,270512.23,INR,SUCCESS,POS
T102160,M1012,C71520,2026-09-03 07:30:27,193797.92,INR,SUCCESS,QR
T102161,M1021,C50006,2026-09-03 17:08:07,630.41,INR,SUCCESS,POS
T102162,M1003,C86065,2026-09-03 19:19:20,16748.54,INR,FAILED,ONLINE
T102163,M1002,C73473,2026-09-03 19:38:58,34597.66,INR,SUCCESS,POS
T102164,M1022,C58799,2026-09-03 22:19:57,48265.62,INR,SUCCESS,ONLINE
T102165,M1017,C79212,2026-09-03 08:18:17,49227.61,INR,FAILED,QR
T102166,M1009,C90817,2026-09-03 11:45:45,220146.30,INR,SUCCESS,ONLINE
T102167,M1021,C52475,2026-09-03 19:44:16,325455.31,INR,SUCCESS,QR
T102168,M1011,C94202,2026-09-03 09:42:57,1623.11,INR,SUCCESS,ONLINE
T102169,M1022,C73880,2026-09-03 18:50:26,41984.66,INR,SUCCESS,POS
T102170,M1000,C71811,2026-09-03 18:31:35,68873.59,INR,SUCCESS,ONLINE
T102171,M1013,C62143,2026-09-03 21:32:33,105291.36,INR,SUCCESS,POS
T102172,M1023,C69114,2026-09-03 19:06:15,14346.31,INR,SUCCESS,QR
T102173,M1017,C71247,2026-09-03 12:21:11,1669.41,INR,SUCCESS,ONLINE
T102174,M1006,C70599,2026-09-03 10:02:25,332230.03,INR,SUCCESS,QR
T102175,M1013,C63385,2026-09-03 16:54:57,1934.79,INR,SUCCESS,POS
T102176,M1025,C52270,2026-09-03 06:34:23,231258.77,INR,SUCCESS,QR
T102177,M1021,C79851,2026-09-03 11:42:35,50989.83,INR,SUCCESS,QR
T102178,M1014,C89887,2026-09-03 21:05:02,5833.55,INR,SUCCESS,POS
T102179,M1005,C71811,2026-09-03 12:29:52,1584.28,INR,SUCCESS,QR
T102180,M1002,C97514,2026-09-03 17:59:26,123572.59,INR,SUCCESS,ONLINE
T102181,M1002,C52038,2026-09-03 06:54:30,12775.99,INR,SUCCESS,POS
T102182,M1015,C99591,2026-09-03 19:15:07,29389.27,INR,SUCCESS,ONLINE
T102183,M1020,C74765,2026-09-03 17:35:40,354.33,INR,SUCCESS,ONLINE
T102184,M1002,C65975,2026-09-03 22:03:20,1104.87,INR,SUCCESS,ONLINE
T102185,M1007,C99536,2026-09-03 09:27:54,2006.25,USD,SUCCESS,POS
T102186,M1020,C95610,2026-09-03 22:56:16,1189.27,INR,SUCCESS,ONLINE
T102187,M1027,C73415,2026-09-03 19:52:37,1897.62,INR,SUCCESS,ONLINE
T102188,M1013,C57129,2026-09-03 16:47:09,175628.03,INR,FAILED,POS
T102189,M1005,C70233,2026-09-03 17:38:41,225006.00,INR,SUCCESS,QR
T102190,M1002,C62462,2026-09-03 16:22:36,115468.79,INR,SUCCESS,QR
T102191,M1009,C97248,2026-09-03 18:49:12,1513.61,INR,SUCCESS,ONLINE
T102192,M1012,C92146,2026-09-03 11:06:18,35560.52,INR,SUCCESS,POS
T102193,M1024,C90813,2026-09-03 21:24:13,376727.87,INR,SUCCESS,POS
T102194,M1012,C57399,2026-09-03 06:11:51,297740.62,INR,SUCCESS,ONLINE
T102195,M1000,C57351,2026-09-03 17:53:56,342314.00,INR,SUCCESS,QR
T102196,M1023,C53743,2026-09-03 13:56:20,99197.37,INR,SUCCESS,POS
T102197,M1020,C71833,2026-09-03 08:11:20,162702.35,INR,SUCCESS,ONLINE
T102198,M1011,C96865,2026-09-03 06:23:49,12679.93,INR,SUCCESS,ONLINE
T102199,M1028,C94430,2026-09-03 08:36:01,340927.15,INR,SUCCESS,ONLINE
T102200,M1023,C51149,2026-09-03 16:14:04,336620.82,INR,SUCCESS,QR
T102201,M1012,C54177,2026-09-03 19:21:57,340196.98,INR,SUCCESS,QR
T102202,M1004,C99603,2026-09-03 16:20:13,1363.14,INR,SUCCESS,POS
T102203,M1012,C77717,2026-09-03 21:16:31,1044.19,INR,SUCCESS,POS
T102204,M1007,C80763,2026-09-03 15:52:05,162005.81,INR,SUCCESS,POS
T102205,M1017,C99173,2026-09-03 18:21:41,37991.94,INR,SUCCESS,ONLINE
T102206,M1016,C98079,2026-09-03 10:32:23,2290.29,INR,SUCCESS,QR
T102207,M1014,C86151,2026-09-03 06:19:31,252681.27,INR,SUCCESS,QR
T102208,M1029,C91102,2026-09-03 18:40:16,2186.86,INR,SUCCESS,POS
T102209,M1012,C95847,2026-09-03 19:18:09,2474.77,INR,SUCCESS,ONLINE
T102210,M1009,C81086,2026-09-03 10:24:52,29021.22,INR,SUCCESS,POS
T102211,M1019,C62564,2026-09-03 08:49:02,293588.93,INR,SUCCESS,QR
T102212,M1025,C77292,2026-09-03 13:28:46,3008.35,INR,SUCCESS,POS
T102213,M1026,C67559,2026-09-03 08:46:52,270656.58,INR,SUCCESS,POS
T102214,M1027,C92681,2026-09-03 20:46:08,12190.16,INR,SUCCESS,POS
T102215,M1026,C74008,2026-09-03 06:27:19,292335.83,INR,SUCCESS,ONLINE
T102216,M1016,C90220,2026-09-03 09:42:09,33084.92,INR,SUCCESS,QR
T102217,M1011,C93343,2026-09-03 13:41:40,290940.33,INR,SUCCESS,QR
T102218,M1004,C57986,2026-09-03 15:17:53,199154.37,INR,SUCCESS,POS
T102219,M1025,C94264,2026-09-03 19:28:34,206.65,INR,FAILED,POS
T102220,M1004,C61460,2026-09-03 07:29:22,36273.22,INR,SUCCESS,QR
T102221,M1013,C84410,2026-09-03 18:57:58,29043.59,INR,SUCCESS,ONLINE
T102222,M1002,C82281,2026-09-03 12:04:12,96749.49,INR,SUCCESS,QR
T102223,M1008,C61115,2026-09-03 15:17:47,57996.80,INR,SUCCESS,ONLINE
T102224,M1018,C63616,2026-09-03 06:35:03,24803.73,INR,REVERSED,ONLINE
T102225,M1005,C89861,2026-09-03 12:57:17,3690.94,INR,SUCCESS,QR
T102226,M1009,C91079,2026-09-03 10:45:35,399802.85,INR,SUCCESS,ONLINE
T102227,M1002,C60660,2026-09-03 22:28:06,831.84,INR,SUCCESS,ONLINE
T102228,M1015,C55805,2026-09-03 10:40:06,252764.86,INR,SUCCESS,POS
T102229,M1020,C87013,2026-09-03 10:39:19,58479.31,INR,SUCCESS,QR
T102230,M1007,C86977,2026-09-03 10:42:35,93602.32,INR,SUCCESS,QR
T102231,M1027,C74700,2026-09-03 16:00:24,3950.78,INR,SUCCESS,QR
T102232,M1005,C95576,2026-09-03 13:05:02,119458.45,INR,SUCCESS,ONLINE
T102233,M1002,C98869,2026-09-03 08:18:09,372121.84,INR,FAILED,QR
T102234,M1017,C68014,2026-09-03 11:52:23,128461.21,INR,SUCCESS,POS
T102235,M1005,C93175,2026-09-03 21:17:25,7491.97,INR,SUCCESS,ONLINE
T102236,M1017,C74855,2026-09-03 12:05:39,320916.43,INR,SUCCESS,ONLINE
T102237,M1019,C80093,2026-09-03 13:35:31,2934.51,INR,SUCCESS,ONLINE
T102238,M1009,C69694,2026-09-03 12:34:19,43689.43,INR,SUCCESS,POS
T102239,M1006,C83751,2026-09-03 18:50:20,149599.18,INR,SUCCESS,POS
T102240,M1021,C71904,2026-09-03 11:20:15,3737.85,INR,SUCCESS,POS
T102241,M1027,C80510,2026-09-03 16:16:42,54333.59,INR,SUCCESS,POS
T102242,M1002,C68141,2026-09-03 08:28:02,3183.91,INR,SUCCESS,POS
T102243,M1010,C85171,2026-09-03 12:58:25,375589.76,INR,FAILED,QR
T102244,M1018,C65279,2026-09-03 12:18:44,2107.74,INR,SUCCESS,ONLINE
T102245,M1024,C92461,2026-09-03 08:39:59,300487.52,INR,SUCCESS,POS
T102246,M1023,C71833,2026-09-03 16:45:39,399452.28,INR,SUCCESS,QR
T102247,M1010,C60642,2026-09-03 14:12:30,589.90,INR,SUCCESS,ONLINE
T102248,M1004,C54037,2026-09-03 13:36:49,56419.91,INR,SUCCESS,POS
T102249,M1024,C70701,2026-09-03 14:37:53,227187.99,INR,SUCCESS,ONLINE
T102250,M1002,C95237,2026-09-03 08:50:39,54750.28,INR,SUCCESS,QR
T102251,M1028,C89391,2026-09-03 11:35:08,181822.52,INR,SUCCESS,ONLINE
T102252,M1016,C88062,2026-09-03 07:31:39,179666.60,INR,SUCCESS,QR
T102253,M1001,C78896,2026-09-03 19:03:10,129106.11,INR,FAILED,POS
T102254,M1021,C91993,2026-09-03 08:36:10,2249.24,INR,SUCCESS,POS
T102255,M1000,C77322,2026-09-03 22:08:11,228995.48,INR,SUCCESS,QR
T102256,M1021,C77359,2026-09-03 20:16:37,327287.23,INR,SUCCESS,ONLINE
T102257,M1001,C59178,2026-09-03 22:04:37,15133.66,INR,SUCCESS,QR
T102258,M1028,C50410,2026-09-03 11:10:06,326906.65,INR,FAILED,ONLINE
T102259,M1026,C99503,2026-09-03 10:55:28,15980.33,INR,SUCCESS,ONLINE
T102260,M1005,C90876,2026-09-03 12:37:11,133413.00,INR,SUCCESS,POS
T102261,M1008,C81339,2026-09-03 13:26:52,319670.13,INR,SUCCESS,QR
T102262,M1014,C56132,2026-09-03 12:20:32,3838.86,INR,FAILED,QR
T102263,M1018,C50102,2026-09-03 20:27:02,33790.05,INR,SUCCESS,POS
T102264,M1009,C53597,2026-09-03 18:26:57,363211.51,INR,REVERSED,POS
T102265,M1028,C51408,2026-09-03 16:16:26,81726.25,INR,SUCCESS,ONLINE
T102266,M1012,C90242,2026-09-03 07:32:55,73167.06,INR,SUCCESS,QR
T102267,M1004,C70417,2026-09-03 16:11:53,42573.95,INR,FAILED,QR
T102268,M1029,C86432,2026-09-03 13:40:17,167901.95,INR,SUCCESS,QR
T102269,M1014,C70479,2026-09-03 17:59:25,945.77,INR,SUCCESS,QR
T102270,M1026,C90016,2026-09-03 08:04:42,1163.34,INR,SUCCESS,QR
T102271,M1001,C56384,2026-09-03 16:02:40,3519.49,INR,SUCCESS,POS
T102272,M1011,C95841,2026-09-03 16:21:31,235474.21,INR,SUCCESS,POS
T102273,M1020,C76323,2026-09-03 19:51:34,80936.39,INR,SUCCESS,QR
T102274,M1016,C93524,2026-09-03 10:40:05,57501.92,INR,SUCCESS,ONLINE
T102275,M1006,C88051,2026-09-03 06:59:34,35640.83,INR,FAILED,QR
T102276,M1014,C89474,2026-09-03 08:53:22,2567.34,INR,SUCCESS,ONLINE
T102277,M1028,C51184,2026-09-03 08:16:32,41960.22,INR,SUCCESS,ONLINE
T102278,M1022,C86275,2026-09-03 13:11:13,35503.88,INR,SUCCESS,POS
T102279,M1025,C67078,2026-09-03 20:35:19,35407.89,INR,SUCCESS,POS
T102280,M1025,C50250,2026-09-03 11:20:00,3963.96,INR,SUCCESS,QR
T102281,M1011,C96588,2026-09-03 16:43:46,32657.38,INR,FAILED,POS
T102282,M1012,C81993,2026-09-03 20:54:54,718.03,INR,FAILED,POS
T102283,M1026,C97661,2026-09-03 13:34:51,58516.14,INR,SUCCESS,QR
T102284,M1024,C51157,2026-09-03 18:31:37,399433.04,INR,SUCCESS,QR
T102285,M1017,C84079,2026-09-03 22:03:05,3147.79,INR,SUCCESS,QR
T102286,M1024,C88764,2026-09-03 08:15:02,1664.08,INR,SUCCESS,ONLINE
T102287,M1022,C56316,2026-09-03 07:12:48,13290.34,INR,SUCCESS,QR
T102288,M1005,C70657,2026-09-03 22:46:19,14688.98,INR,SUCCESS,ONLINE
T102289,M1009,C75274,2026-09-03 16:14:33,3674.70,INR,SUCCESS,ONLINE
T102290,M1028,C59478,2026-09-03 18:13:40,5984.09,INR,SUCCESS,POS
T102291,M1017,C84045,2026-09-03 12:40:53,2532.28,INR,SUCCESS,POS
T102292,M1002,C62163,2026-09-03 11:18:14,9499.11,INR,FAILED,POS
T102293,M1014,C93344,2026-09-03 21:56:58,196041.24,INR,SUCCESS,QR
T102294,M1011,C69493,2026-09-03 09:52:49,141021.71,INR,FAILED,POS
T102295,M1006,C97342,2026-09-03 20:44:55,2499.50,INR,FAILED,POS
T102296,M1000,C60261,2026-09-03 07:30:44,134109.95,INR,SUCCESS,POS
T102297,M1005,C87539,2026-09-03 17:14:31,11768.88,INR,SUCCESS,POS
T102298,M1013,C77259,2026-09-03 08:13:07,24613.86,INR,SUCCESS,POS
T102299,M1015,C61457,2026-09-03 20:12:40,1001.82,INR,SUCCESS,POS
T102300,M1011,C78615,2026-09-03 20:42:50,148390.89,INR,SUCCESS,ONLINE
T102301,M1012,C82746,2026-09-03 15:50:40,14072.97,USD,SUCCESS,POS
T102302,M1021,C98638,2026-09-03 11:08:43,1404.59,INR,SUCCESS,POS
T102303,M1014,C69411,2026-09-03 08:51:29,3484.31,INR,SUCCESS,POS
T102304,M1012,C97063,2026-09-03 10:13:29,44541.81,INR,SUCCESS,POS
T102305,M1002,C99941,2026-09-03 18:38:07,49240.55,INR,SUCCESS,ONLINE
T102306,M1025,C51312,2026-09-03 22:01:00,609.24,INR,SUCCESS,POS
T102307,M1003,C73479,2026-09-03 20:44:26,335936.22,INR,SUCCESS,POS
T102308,M1022,C56730,2026-09-03 20:15:32,9145.12,INR,SUCCESS,ONLINE
T102309,M1017,C51882,2026-09-03 20:41:34,323816.98,INR,SUCCESS,QR
T102310,M1005,C82390,2026-09-03 06:44:13,14571.95,INR,SUCCESS,ONLINE
T102311,M1029,C90042,2026-09-03 14:57:49,98223.18,INR,SUCCESS,QR
T102312,M1000,C67893,2026-09-03 08:28:07,59439.27,INR,SUCCESS,ONLINE
T102313,M1025,C93656,2026-09-03 15:28:06,306614.91,INR,SUCCESS,POS
T102314,M1002,C97328,2026-09-03 13:53:07,59960.37,INR,SUCCESS,ONLINE
T102315,M1011,C62142,2026-09-03 17:58:33,2454.90,INR,SUCCESS,QR
T102316,M1023,C90892,2026-09-03 06:06:43,2500.42,INR,SUCCESS,ONLINE
T102317,M1027,C66573,2026-09-03 20:16:25,1440.05,INR,SUCCESS,ONLINE
T102318,M1002,C79131,2026-09-03 18:48:57,316786.07,INR,SUCCESS,QR
T102319,M1028,C68426,2026-09-03 06:03:15,48529.49,INR,SUCCESS,QR
T102320,M1004,C77876,2026-09-03 08:50:53,28506.41,INR,SUCCESS,ONLINE
T102321,M1002,C84306,2026-09-03 09:18:48,32671.74,INR,SUCCESS,ONLINE
T102322,M1004,C75420,2026-09-03 13:31:43,63936.45,INR,SUCCESS,QR
T102323,M1029,C51131,2026-09-03 08:23:33,3979.95,INR,SUCCESS,ONLINE
T102324,M1023,C86318,2026-09-04 21:19:53,1294.23,INR,SUCCESS,ONLINE
T102325,M1027,C69830,2026-09-04 15:26:37,1088.04,INR,SUCCESS,POS
T102326,M1010,C50924,2026-09-04 13:45:18,31326.71,INR,SUCCESS,ONLINE
T102327,M1010,C85821,2026-09-04 06:36:04,56815.77,INR,SUCCESS,POS
T102328,M1021,C74600,2026-09-04 11:14:08,196173.64,INR,SUCCESS,POS
T102329,M1010,C53596,2026-09-04 22:56:38,20606.96,INR,SUCCESS,ONLINE
T102330,M1020,C99612,2026-09-04 08:41:07,302625.14,INR,REVERSED,ONLINE
T102331,M1027,C75558,2026-09-04 14:12:51,3874.20,INR,SUCCESS,POS
T102332,M1003,C62135,2026-09-04 12:58:12,14176.47,INR,SUCCESS,ONLINE
T102333,M9999,C76039,2026-09-04 10:39:56,32318.58,INR,SUCCESS,ONLINE
T102334,M1013,C99791,2026-09-04 19:40:17,116034.52,INR,SUCCESS,QR
T102335,M1013,C94432,2026-09-04 12:13:34,23441.32,INR,SUCCESS,POS
T102336,M1002,C51027,2026-09-04 22:46:07,2146.77,INR,SUCCESS,QR
T102337,M1016,C80065,2026-09-04 06:02:59,2729.06,INR,SUCCESS,POS
T102338,M1021,C91854,2026-09-04 10:06:18,385.91,INR,SUCCESS,ONLINE
T102339,M1005,C88105,2026-09-04 07:50:42,878.36,INR,FAILED,QR
T102340,M1010,C73770,2026-09-04 18:05:01,3101.99,INR,SUCCESS,ONLINE
T102341,M1020,C78089,2026-09-04 12:21:47,327192.63,INR,SUCCESS,QR
T102342,M1002,C57185,2026-09-04 10:44:34,60601.51,INR,FAILED,QR
T102343,M1027,C63985,2026-09-04 09:28:08,29067.87,INR,SUCCESS,QR
T102344,M1004,C78997,2026-09-04 18:11:23,393413.50,INR,SUCCESS,ONLINE
T102345,M1015,C83057,2026-09-04 11:45:34,329397.63,INR,SUCCESS,POS
T102346,M1023,C60593,2026-09-04 08:24:17,58214.81,INR,SUCCESS,ONLINE
T102347,M1021,C50660,2026-09-04 19:55:17,36021.90,INR,SUCCESS,ONLINE
T102348,M1004,C61832,2026-09-04 07:34:21,50136.73,INR,SUCCESS,QR
T102349,M1017,C96762,2026-09-04 18:26:17,300023.01,INR,SUCCESS,POS
T102350,M1029,C67059,2026-09-04 07:36:06,3574.44,INR,SUCCESS,ONLINE
T102351,M1028,C66645,2026-09-04 09:14:54,2917.27,INR,SUCCESS,QR
T102352,M1029,C91418,2026-09-04 18:54:24,225.66,INR,SUCCESS,POS
T102353,M1015,C96527,2026-09-04 16:12:17,37190.91,INR,SUCCESS,ONLINE
T102354,M1028,C53655,2026-09-04 12:35:33,394619.97,INR,SUCCESS,ONLINE
T102355,M1019,C86129,2026-09-04 07:15:48,39595.96,INR,SUCCESS,QR
T102356,M1008,C75922,2026-09-04 15:28:18,508.53,INR,SUCCESS,ONLINE
T102357,M1001,C97760,2026-09-04 15:42:27,41573.70,INR,FAILED,ONLINE
T102358,M1023,C74391,2026-09-04 10:35:35,328825.23,INR,SUCCESS,QR
T102359,M1000,C51234,2026-09-04 17:09:31,376.95,INR,REVERSED,POS
T102360,M1010,C70335,2026-09-04 12:40:52,1641.10,INR,SUCCESS,ONLINE
T102361,M1020,C91688,2026-09-04 19:57:01,2036.18,INR,SUCCESS,ONLINE
T102362,M1024,C78369,2026-09-04 13:50:58,221415.93,INR,SUCCESS,POS
T102363,M1010,C99779,2026-09-04 14:59:24,76331.26,INR,SUCCESS,POS
T102364,M1008,C82204,2026-09-04 07:06:00,103619.21,INR,SUCCESS,POS
T102365,M1019,C88414,2026-09-04 20:04:17,338371.15,INR,SUCCESS,QR
T102366,M1019,C56830,2026-09-04 06:26:56,90624.46,INR,SUCCESS,POS
T102367,M1018,C70281,2026-09-04 08:23:33,44620.06,INR,SUCCESS,QR
T102368,M1001,C92398,2026-09-04 09:57:18,25264.10,INR,SUCCESS,QR
T102369,M1017,C57896,2026-09-04 22:50:55,1086.57,INR,SUCCESS,POS
T102370,M1022,C57116,2026-09-04 12:21:08,18007.75,INR,SUCCESS,ONLINE
T102371,M1014,C64453,2026-09-04 16:42:13,362905.66,INR,SUCCESS,ONLINE
T102372,M1011,C85870,2026-09-04 06:54:56,749.28,INR,SUCCESS,QR
T102373,M1010,C77221,2026-09-04 21:04:31,329286.44,INR,SUCCESS,QR
T102374,M1008,C74012,2026-09-04 17:09:41,23066.20,INR,FAILED,POS
T102375,M1009,C80503,2026-09-04 07:05:38,57482.46,INR,SUCCESS,QR
T102376,M1018,C69996,2026-09-04 17:17:09,2623.28,INR,SUCCESS,ONLINE
T102377,M1015,C67356,2026-09-04 21:46:52,3478.41,INR,SUCCESS,ONLINE
T102378,M1022,C95406,2026-09-04 06:16:46,2047.17,INR,SUCCESS,QR
T102379,M1016,C98418,2026-09-04 07:09:05,52288.10,INR,SUCCESS,QR
T102380,M1029,C96444,2026-09-04 11:20:24,220192.70,INR,FAILED,ONLINE
T102381,M1008,C75845,2026-09-04 15:08:55,3284.99,INR,SUCCESS,ONLINE
T102382,M1029,C95280,2026-09-04 13:04:45,142465.67,INR,SUCCESS,QR
T102383,M1001,C96230,2026-09-04 09:41:22,146759.24,INR,SUCCESS,POS
T102384,M1003,C82987,2026-09-04 07:46:14,41772.84,INR,SUCCESS,ONLINE
T102385,M1002,C88023,2026-09-04 11:35:55,3926.48,INR,SUCCESS,POS
T102386,M1007,C75259,2026-09-04 11:54:47,124889.47,INR,SUCCESS,POS
T102387,M1015,C57363,2026-09-04 09:57:41,46127.20,INR,SUCCESS,QR
T102388,M1012,C76992,2026-09-04 20:11:35,20635.61,INR,SUCCESS,ONLINE
T102389,M1027,C63461,2026-09-04 07:34:16,46395.82,INR,SUCCESS,POS
T102390,M1017,C96350,2026-09-04 08:04:17,3872.25,INR,SUCCESS,QR
T102391,M1008,C57391,2026-09-04 14:10:45,29842.53,INR,SUCCESS,POS
T102392,M1006,C56212,2026-09-04 15:06:35,20790.68,INR,SUCCESS,POS
T102393,M1000,C94408,2026-09-04 17:47:52,34373.83,INR,SUCCESS,POS
T102394,M1024,C83500,2026-09-04 11:21:54,172941.27,INR,SUCCESS,POS
T102395,M1005,C56808,2026-09-04 14:32:17,49628.78,INR,SUCCESS,POS
T102396,M1007,C56479,2026-09-04 15:09:57,325819.93,INR,SUCCESS,QR
T102397,M1012,C50301,2026-09-04 22:19:43,141500.20,INR,SUCCESS,ONLINE
T102398,M1011,C76528,2026-09-04 13:39:49,50538.25,INR,SUCCESS,ONLINE
T102399,M1011,C85793,2026-09-04 08:45:26,320971.58,INR,SUCCESS,QR
T102400,M1028,C95769,2026-09-04 13:53:55,294007.08,INR,SUCCESS,ONLINE
T102401,M1022,C75205,2026-09-04 09:56:59,1526.95,INR,SUCCESS,ONLINE
T102402,M1014,C74702,2026-09-04 15:50:23,3852.81,INR,SUCCESS,POS
T102403,M1005,C53190,2026-09-04 12:34:57,3650.83,INR,SUCCESS,ONLINE
T102404,M1022,C63377,2026-09-04 13:30:52,334843.47,INR,SUCCESS,POS
T102405,M1014,C52133,2026-09-04 10:44:24,45476.66,INR,SUCCESS,QR
T102406,M1003,C97984,2026-09-04 16:58:42,238503.04,INR,SUCCESS,QR
T102407,M1020,C86099,2026-09-04 22:04:33,207546.18,INR,SUCCESS,QR
T102408,M1025,C71884,2026-09-04 12:46:24,58332.09,INR,SUCCESS,POS
T102409,M1019,C81953,2026-09-04 09:39:29,53464.01,INR,SUCCESS,QR
T102410,M1009,C55356,2026-09-04 15:03:55,49883.06,INR,FAILED,ONLINE
T102411,M1003,C94181,2026-09-04 08:38:08,9169.01,INR,FAILED,QR
T102412,M1026,C99519,2026-09-04 17:29:43,1057.30,INR,SUCCESS,QR
T102413,M1024,C78452,2026-09-04 17:20:33,23702.48,INR,SUCCESS,ONLINE
T102414,M1011,C93079,2026-09-04 18:48:26,57862.43,INR,SUCCESS,ONLINE
T102415,M1005,C51726,2026-09-04 09:49:19,254046.13,INR,SUCCESS,QR
T102416,M1008,C97704,2026-09-04 18:43:44,46128.10,INR,SUCCESS,ONLINE
T102417,M1004,C76818,2026-09-04 07:49:53,922.23,INR,SUCCESS,ONLINE
T102418,M1014,C71940,2026-09-04 21:10:17,317633.96,INR,SUCCESS,POS
T102419,M1025,C97610,2026-09-04 12:49:08,132942.50,INR,SUCCESS,POS
T102420,M1019,C99140,2026-09-04 17:11:47,13451.05,INR,SUCCESS,POS
T102421,M1011,C94343,2026-09-04 19:04:27,19788.90,INR,SUCCESS,POS
T102422,M1006,C83125,2026-09-04 20:31:04,346664.72,INR,SUCCESS,QR
T102423,M1016,C99463,2026-09-04 17:46:56,495.27,INR,SUCCESS,ONLINE
T102424,M1008,C55102,2026-09-04 18:05:54,2701.23,INR,SUCCESS,QR
T102425,M1029,C69797,2026-09-04 12:34:37,260917.72,INR,SUCCESS,ONLINE
T102426,M1021,C55805,2026-09-04 18:14:14,35475.77,INR,SUCCESS,POS
T102427,M1003,C70710,2026-09-04 06:58:00,41842.45,INR,SUCCESS,QR
T102428,M1010,C97762,2026-09-04 15:18:28,120580.52,INR,REVERSED,POS
T102429,M1007,C53958,2026-09-04 11:14:41,266964.87,INR,SUCCESS,ONLINE
T102430,M1029,C93181,2026-09-04 16:07:44,469.09,INR,SUCCESS,QR
T102431,M1018,C59735,2026-09-04 20:08:00,1259.28,INR,SUCCESS,QR
T102432,M1008,C86115,2026-09-04 07:31:28,299.30,INR,SUCCESS,ONLINE
T102433,M1025,C52317,2026-09-04 14:28:19,221049.61,INR,SUCCESS,QR
T102434,M1020,C67565,2026-09-04 13:25:30,2071.70,INR,SUCCESS,QR
T102435,M1022,C62534,2026-09-04 15:39:45,47518.96,INR,SUCCESS,ONLINE
T102436,M1014,C89481,2026-09-04 09:51:24,353810.42,INR,SUCCESS,POS
T102437,M1003,C68555,2026-09-04 14:00:00,1406.45,INR,SUCCESS,POS
T102438,M1027,C82067,2026-09-04 16:28:25,390226.33,INR,SUCCESS,QR
T102439,M1021,C84223,2026-09-04 16:07:03,2608.27,INR,SUCCESS,QR
T102440,M1021,C60428,2026-09-04 19:58:33,244288.77,INR,FAILED,ONLINE
T102441,M1000,C52962,2026-09-04 11:04:19,3916.51,INR,SUCCESS,ONLINE
T102442,M1005,C97834,2026-09-04 22:50:07,3827.12,INR,SUCCESS,ONLINE
T102443,M1004,C51915,2026-09-04 07:23:31,94834.50,INR,SUCCESS,POS
T102444,M1024,C59012,2026-09-04 11:51:43,64983.82,INR,SUCCESS,ONLINE
T102445,M1005,C69242,2026-09-04 20:19:23,21604.80,INR,SUCCESS,QR
T102446,M1001,C65706,2026-09-04 19:26:21,16826.58,INR,SUCCESS,QR
T102447,M1019,C65624,2026-09-04 07:35:59,44125.17,INR,SUCCESS,POS
T102448,M1014,C82221,2026-09-04 22:48:54,283436.53,INR,SUCCESS,POS
T102449,M1026,C75694,2026-09-04 11:40:05,118764.29,INR,FAILED,POS
T102450,M1008,C73418,2026-09-04 17:58:05,42110.39,INR,SUCCESS,POS
T102451,M1023,C71675,2026-09-04 10:55:36,78298.31,INR,SUCCESS,ONLINE
T102452,M1025,C97461,2026-09-04 16:10:11,30080.22,INR,SUCCESS,ONLINE
T102453,M1009,C71582,2026-09-04 11:20:49,3964.12,INR,SUCCESS,POS
T102454,M1003,C84720,2026-09-04 12:57:06,3925.13,INR,REVERSED,POS
T102455,M1023,C79896,2026-09-04 20:09:59,47024.47,INR,SUCCESS,QR
T102456,M1029,C93662,2026-09-04 06:17:24,2637.25,INR,SUCCESS,QR
T102457,M1011,C52064,2026-09-04 21:30:19,105206.35,INR,SUCCESS,POS
T102458,M1001,C52329,2026-09-04 15:05:43,1745.31,INR,SUCCESS,ONLINE
T102459,M1009,C50670,2026-09-04 14:48:02,365692.39,INR,SUCCESS,QR
T102460,M1009,C65608,2026-09-04 07:21:20,202179.97,INR,SUCCESS,POS
T102461,M1017,C85946,2026-09-04 20:36:37,208154.67,INR,SUCCESS,QR
T102462,M1000,C68908,2026-09-04 20:09:52,52756.11,INR,SUCCESS,QR
T102463,M9999,C67000,2026-09-04 06:55:29,34638.43,INR,SUCCESS,POS
T102464,M1027,C86945,2026-09-04 19:47:34,1395.94,INR,SUCCESS,ONLINE
T102465,M1019,C73320,2026-09-04 07:43:52,1321.59,INR,FAILED,ONLINE
T102466,M1017,C97577,2026-09-04 10:37:34,220.07,INR,SUCCESS,POS
T102467,M1014,C59056,2026-09-04 06:56:26,21768.02,INR,SUCCESS,ONLINE
T102468,M1008,C83031,2026-09-04 11:10:52,703.64,INR,SUCCESS,ONLINE
T102469,M1011,C87460,2026-09-04 06:43:57,3999.81,INR,SUCCESS,ONLINE
T102470,M1025,C56286,2026-09-04 19:19:00,358665.62,INR,SUCCESS,QR
T102471,M1019,C70591,2026-09-04 17:15:43,66953.44,INR,SUCCESS,ONLINE
T102472,M1022,C79474,2026-09-04 17:54:09,473.38,INR,SUCCESS,QR
T102473,M1026,C63050,2026-09-04 11:10:00,5861.44,INR,SUCCESS,POS
T102474,M1017,C61195,2026-09-04 07:01:49,4136.17,INR,SUCCESS,QR
T102475,M1011,C77331,2026-09-04 16:40:10,1792.95,INR,SUCCESS,ONLINE
T102476,M1013,C88636,2026-09-04 06:28:45,246763.95,INR,SUCCESS,ONLINE
T102477,M1024,C92913,2026-09-04 18:25:38,1245.96,INR,SUCCESS,ONLINE
T102478,M1005,C72882,2026-09-04 12:21:19,6980.07,INR,SUCCESS,ONLINE
T102479,M1012,C68996,2026-09-04 18:20:07,1373.98,INR,SUCCESS,ONLINE
T102480,M1003,C51266,2026-09-04 13:47:01,307311.82,INR,SUCCESS,POS
T102481,M1021,C89097,2026-09-04 16:24:47,9968.43,INR,SUCCESS,QR
T102482,M1005,C63437,2026-09-04 11:46:36,133816.01,INR,SUCCESS,ONLINE
T102483,M1028,C54801,2026-09-04 14:29:10,4237.09,INR,SUCCESS,ONLINE
T102484,M1007,C80546,2026-09-04 22:40:40,23386.57,INR,SUCCESS,QR
T102485,M1001,C74301,2026-09-04 16:24:01,5601.27,INR,SUCCESS,POS
T102486,M1007,C93913,2026-09-04 16:58:30,161.01,INR,SUCCESS,POS
T102487,M1001,C56348,2026-09-04 21:57:15,313520.51,INR,SUCCESS,ONLINE
T102488,M1016,C94058,2026-09-04 22:56:43,44880.65,INR,SUCCESS,QR
T102489,M1024,C83643,2026-09-04 18:03:37,295874.35,INR,SUCCESS,ONLINE
T102490,M1006,C87182,2026-09-04 19:19:19,173227.40,INR,SUCCESS,QR
T102491,M1012,C94459,2026-09-04 14:29:20,1353.57,INR,SUCCESS,QR
T102492,M1015,C61504,2026-09-04 06:06:48,1700.25,INR,SUCCESS,QR
T102493,M1016,C85956,2026-09-04 12:32:32,34655.15,INR,SUCCESS,POS
T102494,M1024,C73674,2026-09-04 09:42:26,13798.34,INR,FAILED,POS
T102495,M1012,C98733,2026-09-04 06:19:03,504.45,INR,SUCCESS,POS
T102496,M1023,C87608,2026-09-04 09:02:30,294190.87,INR,SUCCESS,POS
T102497,M1005,C58985,2026-09-04 09:18:50,251772.37,INR,SUCCESS,POS
T102498,M1023,C54680,2026-09-04 22:39:54,173077.91,INR,SUCCESS,ONLINE
T102499,M1027,C55142,2026-09-04 19:45:05,737.31,INR,SUCCESS,POS
T102500,M1020,C69917,2026-09-04 11:34:19,52618.81,INR,SUCCESS,ONLINE
T102501,M1024,C87834,2026-09-04 16:18:46,1303.01,INR,SUCCESS,ONLINE
T102502,M1009,C74006,2026-09-04 13:55:57,159170.60,INR,SUCCESS,ONLINE
T102503,M1013,C54196,2026-09-04 13:20:40,325267.63,INR,FAILED,ONLINE
T102504,M1027,C57952,2026-09-04 18:45:05,11171.47,INR,SUCCESS,QR
T102505,M1018,C81998,2026-09-04 10:04:55,34490.54,INR,SUCCESS,POS
T102506,M1013,C67550,2026-09-04 14:34:51,114347.68,INR,SUCCESS,ONLINE
T102507,M1024,C60421,2026-09-04 14:51:05,53959.47,INR,SUCCESS,ONLINE
T102508,M1011,C71231,2026-09-04 08:18:31,5449.98,INR,SUCCESS,QR
T102509,M1012,C79705,2026-09-04 08:15:03,32981.58,INR,SUCCESS,QR
T102510,M1016,C99067,2026-09-04 19:14:49,1267.09,INR,SUCCESS,POS
T102511,M1021,C64189,2026-09-04 21:24:01,1087.60,INR,SUCCESS,ONLINE
T102512,M1004,C60590,2026-09-04 22:59:15,7859.62,INR,SUCCESS,ONLINE
T102513,M1024,C93870,2026-09-04 21:58:10,340.19,INR,SUCCESS,ONLINE
T102514,M1011,C74853,2026-09-04 14:29:46,3053.50,INR,FAILED,QR
T102515,M1001,C55572,2026-09-04 16:36:49,129466.78,INR,SUCCESS,POS
T102516,M1027,C66192,2026-09-04 10:30:41,989.48,INR,SUCCESS,QR
T102517,M1022,C78892,2026-09-04 11:50:36,87673.19,INR,SUCCESS,POS
T102518,M1006,C93017,2026-09-04 07:29:20,186070.34,INR,FAILED,QR
T102519,M1016,C57231,2026-09-04 11:21:30,472.81,INR,SUCCESS,ONLINE
T102520,M1000,C82139,2026-09-04 10:36:08,116247.76,INR,SUCCESS,ONLINE
T102521,M1008,C68794,2026-09-04 19:41:45,224847.33,INR,SUCCESS,POS
T102522,M1001,C57789,2026-09-04 06:01:25,2655.08,INR,SUCCESS,QR
T102523,M1023,C50594,2026-09-04 14:07:22,51894.50,INR,SUCCESS,POS
T102524,M1014,C64599,2026-09-04 09:07:42,44460.98,INR,SUCCESS,POS
T102525,M1007,C89943,2026-09-04 13:58:31,3340.51,INR,SUCCESS,ONLINE
T102526,M1007,C80891,2026-09-04 11:36:39,24199.19,INR,REVERSED,POS
T102527,M1017,C67667,2026-09-04 19:38:15,2739.63,INR,FAILED,QR
T102528,M1023,C94383,2026-09-04 07:15:50,530.16,INR,SUCCESS,POS
T102529,M1021,C84967,2026-09-04 09:00:06,1681.48,INR,SUCCESS,ONLINE
T102530,M1010,C54163,2026-09-04 09:44:30,269304.90,INR,SUCCESS,POS
T102531,M1027,C66575,2026-09-04 17:32:17,6413.45,INR,SUCCESS,ONLINE
T102532,M1014,C73876,2026-09-04 12:24:13,32055.61,INR,REVERSED,POS
T102533,M1028,C64712,2026-09-04 07:55:45,22388.08,INR,SUCCESS,ONLINE
T102534,M1004,C66855,2026-09-04 11:03:49,32352.70,INR,SUCCESS,ONLINE
T102535,M1001,C91865,2026-09-04 11:50:44,45262.28,INR,FAILED,POS
T102536,M1028,C79883,2026-09-04 08:36:17,390225.53,INR,SUCCESS,POS
T102537,M1014,C63229,2026-09-04 11:40:27,54328.37,INR,FAILED,POS
T102538,M1026,C85030,2026-09-04 07:54:08,2629.58,INR,SUCCESS,QR
T102539,M1000,C99572,2026-09-04 07:05:37,192914.84,INR,SUCCESS,QR
T102540,M1004,C85877,2026-09-04 19:11:05,307.09,INR,FAILED,ONLINE
T102541,M1007,C86408,2026-09-04 19:35:26,156768.57,INR,FAILED,ONLINE
T102542,M1008,C69275,2026-09-04 15:51:11,137579.55,INR,SUCCESS,POS
T102543,M1029,C60989,2026-09-04 17:12:22,1065.45,INR,SUCCESS,ONLINE
T102544,M1020,C55626,2026-09-04 10:48:38,1882.33,INR,SUCCESS,QR
T102545,M1020,C50530,2026-09-04 08:24:04,32266.39,INR,SUCCESS,QR
T102546,M1013,C64986,2026-09-04 15:52:10,2491.33,INR,SUCCESS,QR
T102547,M1020,C53410,2026-09-04 11:39:24,16830.67,INR,SUCCESS,QR
T102548,M1028,C50572,2026-09-04 16:50:23,42403.30,INR,SUCCESS,ONLINE
T102549,M1024,C71428,2026-09-04 09:20:29,111537.26,INR,SUCCESS,POS
T102550,M9999,C55716,2026-09-04 10:56:07,72979.16,INR,REVERSED,QR
T102551,M1014,C69618,2026-09-04 16:24:17,14126.97,INR,SUCCESS,POS
T102552,M1001,C93623,2026-09-04 16:50:05,52775.29,INR,SUCCESS,QR
T102553,M1023,C87851,2026-09-04 07:06:47,560.40,INR,SUCCESS,POS
T102554,M1013,C79595,2026-09-04 22:34:50,1291.02,INR,SUCCESS,POS
T102555,M1002,C92363,2026-09-04 21:31:57,2738.04,INR,SUCCESS,QR
T102556,M1027,C87694,2026-09-04 15:14:07,154665.46,INR,SUCCESS,QR
T102557,M1011,C57802,2026-09-04 06:59:22,54231.56,INR,SUCCESS,QR
T102558,M1003,C65701,2026-09-04 19:45:37,236324.85,INR,FAILED,QR
T102559,M1028,C90354,2026-09-04 14:43:08,24542.84,INR,SUCCESS,POS
T102560,M1020,C79896,2026-09-04 07:10:45,301190.28,INR,SUCCESS,ONLINE
T102561,M1026,C54739,2026-09-04 22:01:30,234475.21,INR,SUCCESS,POS
T102562,M1022,C54870,2026-09-04 15:47:20,1762.94,INR,SUCCESS,QR
T102563,M1011,C98683,2026-09-04 10:15:31,36143.90,INR,SUCCESS,POS
T102564,M1001,C75005,2026-09-04 10:45:48,63616.49,INR,SUCCESS,QR
T102565,M1026,C53158,2026-09-04 17:23:35,35286.49,INR,SUCCESS,POS
T102566,M1019,C86279,2026-09-04 21:43:14,117239.17,INR,SUCCESS,ONLINE
T102567,M1022,C94585,2026-09-04 08:54:18,13546.17,INR,SUCCESS,ONLINE
T102568,M1011,C98022,2026-09-04 20:34:53,454.30,INR,SUCCESS,ONLINE
T102569,M1018,C84644,2026-09-04 10:37:00,199154.26,INR,SUCCESS,QR
T102570,M1015,C65612,2026-09-04 11:06:22,356.89,INR,SUCCESS,ONLINE
T102571,M1014,C95406,2026-09-04 09:43:30,725.14,INR,SUCCESS,QR
T102572,M1017,C65309,2026-09-04 15:21:02,310509.51,INR,SUCCESS,POS
T102573,M1029,C82112,2026-09-04 17:46:12,48728.40,INR,SUCCESS,QR
T102574,M1014,C73966,2026-09-04 20:16:10,2434.28,INR,SUCCESS,POS
T102575,M1021,C61687,2026-09-04 14:29:18,43791.41,INR,SUCCESS,POS
T102576,M1023,C87208,2026-09-04 11:15:27,1038.83,INR,SUCCESS,ONLINE
T102577,M1008,C55138,2026-09-04 16:54:03,705.18,INR,SUCCESS,ONLINE
T102578,M1002,C73834,2026-09-04 14:13:35,21739.47,INR,SUCCESS,ONLINE
T102579,M1028,C69117,2026-09-04 21:12:44,354102.36,INR,SUCCESS,POS
T102580,M1013,C54661,2026-09-04 18:13:15,3938.52,INR,SUCCESS,ONLINE
T102581,M1027,C72660,2026-09-04 19:12:31,136453.19,INR,SUCCESS,ONLINE
T102582,M1019,C72667,2026-09-04 07:28:16,3934.08,INR,FAILED,POS
T102583,M1003,C62097,2026-09-04 16:04:53,3775.01,INR,SUCCESS,ONLINE
T102584,M1016,C68324,2026-09-04 10:53:56,11872.37,INR,SUCCESS,POS
T102585,M1027,C86453,2026-09-04 16:35:27,356180.20,INR,FAILED,ONLINE
T102586,M1018,C70513,2026-09-04 18:12:03,3579.73,INR,SUCCESS,POS
T102587,M1023,C50088,2026-09-04 07:04:36,1259.49,INR,FAILED,QR
T102588,M1020,C53008,2026-09-04 20:21:17,3650.66,INR,SUCCESS,POS
T102589,M1008,C51955,2026-09-04 18:53:07,207.43,INR,SUCCESS,ONLINE
T102590,M1009,C61633,2026-09-04 13:21:42,8833.51,INR,SUCCESS,ONLINE
T102591,M1027,C68113,2026-09-04 21:36:30,46691.04,INR,SUCCESS,QR
T102592,M1024,C80541,2026-09-04 08:42:42,3706.17,INR,SUCCESS,ONLINE
T102593,M1010,C78355,2026-09-04 19:45:36,4012.79,INR,SUCCESS,ONLINE
T102594,M1005,C81599,2026-09-04 06:09:15,3192.02,INR,REVERSED,ONLINE
T102595,M1024,C62544,2026-09-04 06:44:08,495.44,INR,SUCCESS,POS
T102596,M1012,C78612,2026-09-04 19:46:04,1442.69,INR,SUCCESS,QR
T102597,M1001,C66570,2026-09-04 12:41:06,52810.08,INR,SUCCESS,ONLINE
T102598,M1003,C58056,2026-09-04 13:29:29,491.03,INR,SUCCESS,POS
T102599,M1012,C94398,2026-09-04 14:40:01,201315.29,INR,SUCCESS,QR
T102600,M1023,C59720,2026-09-04 20:59:34,284102.84,INR,SUCCESS,POS
T102601,M1004,C80446,2026-09-04 22:57:37,203162.72,INR,SUCCESS,ONLINE
T102602,M1019,C57874,2026-09-04 07:16:15,39634.80,INR,FAILED,ONLINE
T102603,M1005,C54940,2026-09-04 08:44:03,23365.88,INR,SUCCESS,ONLINE
T102604,M1024,C70412,2026-09-04 08:20:21,367494.56,INR,SUCCESS,POS
T102605,M1006,C81738,2026-09-04 20:38:31,277563.73,INR,FAILED,QR
T102606,M1002,C71924,2026-09-04 21:51:31,1524.09,INR,SUCCESS,ONLINE
T102607,M1019,C89412,2026-09-04 15:25:34,275315.64,INR,FAILED,POS
T102608,M1025,C86141,2026-09-04 10:41:47,266802.20,INR,SUCCESS,ONLINE
T102609,M1026,C75358,2026-09-04 18:50:48,12083.09,INR,SUCCESS,ONLINE
T102610,M1027,C69061,2026-09-04 08:31:38,170770.54,INR,SUCCESS,POS
T102611,M1020,C89788,2026-09-04 14:21:22,1349.74,INR,SUCCESS,POS
T102612,M1027,C99020,2026-09-04 09:08:42,20666.35,INR,FAILED,ONLINE
T102613,M1023,C68937,2026-09-04 15:43:07,24794.56,INR,SUCCESS,ONLINE
T102614,M1026,C73023,2026-09-04 08:08:21,11405.81,INR,SUCCESS,POS
T102615,M1020,C65388,2026-09-04 06:10:40,19225.94,INR,SUCCESS,ONLINE
T102616,M1006,C79607,2026-09-04 17:15:54,1537.61,INR,SUCCESS,ONLINE
T102617,M1013,C95310,2026-09-04 10:33:56,245727.74,INR,SUCCESS,ONLINE
T102618,M1006,C92796,2026-09-04 11:47:17,54116.34,INR,SUCCESS,QR
T102619,M1017,C63823,2026-09-04 12:53:28,173162.60,INR,SUCCESS,QR
T102620,M1023,C58415,2026-09-04 16:43:25,1493.46,INR,SUCCESS,POS
T102621,M1008,C87249,2026-09-04 16:54:43,28727.20,INR,SUCCESS,ONLINE
T102622,M1021,C92232,2026-09-04 06:54:39,312.65,INR,SUCCESS,ONLINE
T102623,M1023,C56012,2026-09-04 12:43:23,204694.06,INR,SUCCESS,ONLINE
T102624,M1003,C83634,2026-09-04 15:48:16,3415.32,INR,REVERSED,QR
T102625,M1005,C68871,2026-09-04 19:06:36,27701.81,INR,SUCCESS,ONLINE
T102626,M1021,C89280,2026-09-04 19:04:44,162098.41,INR,SUCCESS,QR
T102627,M1012,C68827,2026-09-04 12:03:24,16127.37,INR,SUCCESS,POS
T102628,M1002,C78470,2026-09-04 17:09:08,289.55,INR,SUCCESS,POS
T102629,M1012,C61707,2026-09-04 19:58:48,16035.00,INR,SUCCESS,POS
T102630,M1013,C75743,2026-09-04 11:37:05,2184.96,INR,SUCCESS,ONLINE
T102631,M1018,C87795,2026-09-04 11:51:37,39753.54,INR,SUCCESS,QR
T102632,M1006,C80116,2026-09-04 06:47:45,34172.86,INR,SUCCESS,ONLINE
T102633,M1025,C50305,2026-09-04 11:29:26,196035.05,INR,SUCCESS,POS
T102634,M1012,C68199,2026-09-04 22:54:41,2149.76,INR,SUCCESS,POS
T102635,M1014,C57691,2026-09-04 07:10:23,51132.76,INR,SUCCESS,ONLINE
T102636,M1002,C74675,2026-09-04 11:01:45,56806.27,INR,SUCCESS,QR
T102637,M1000,C51488,2026-09-04 22:22:09,203288.30,INR,SUCCESS,ONLINE
T102638,M1019,C64447,2026-09-04 11:05:59,36165.94,INR,SUCCESS,QR
T102639,M1027,C72513,2026-09-04 06:11:39,387266.78,INR,REVERSED,POS
T102640,M1003,C69347,2026-09-04 15:39:37,51075.42,INR,SUCCESS,ONLINE
T102641,M1027,C88087,2026-09-04 22:58:41,231.94,INR,SUCCESS,POS
T102642,M1027,C79229,2026-09-04 16:29:20,3913.30,INR,SUCCESS,QR
T102643,M1007,C60318,2026-09-04 07:46:13,16894.27,INR,REVERSED,POS
T102644,M1010,C83167,2026-09-04 11:32:28,2714.20,INR,SUCCESS,ONLINE
T102645,M1001,C52733,2026-09-04 12:43:59,1882.26,INR,SUCCESS,POS
T102646,M1012,C55634,2026-09-04 10:41:45,3168.34,INR,SUCCESS,POS
T102647,M1027,C81345,2026-09-04 21:07:40,375269.76,INR,SUCCESS,QR
T102648,M1027,C82049,2026-09-04 20:07:10,152814.76,INR,SUCCESS,POS
T102649,M1015,C55360,2026-09-04 22:59:10,27946.52,INR,SUCCESS,POS
T102650,M1011,C54020,2026-09-04 09:15:52,35367.84,INR,SUCCESS,QR
T102651,M1020,C60652,2026-09-04 10:17:18,42262.16,INR,SUCCESS,ONLINE
T102652,M1003,C63012,2026-09-04 15:07:05,215394.31,INR,SUCCESS,POS
T102653,M1006,C51610,2026-09-04 22:17:08,9550.29,INR,SUCCESS,ONLINE
T102654,M1005,C95237,2026-09-04 18:05:24,7629.92,INR,SUCCESS,QR
T102655,M1002,C95434,2026-09-04 09:48:46,196920.89,INR,SUCCESS,POS
T102656,M1015,C64390,2026-09-04 12:30:38,2732.27,INR,SUCCESS,QR
T102657,M1014,C53629,2026-09-04 16:54:19,20131.97,INR,SUCCESS,ONLINE
T102658,M1016,C62960,2026-09-04 09:27:03,117155.76,INR,SUCCESS,POS
T102659,M1001,C83748,2026-09-04 08:00:14,59602.77,INR,SUCCESS,ONLINE
T102660,M1013,C83375,2026-09-04 19:09:35,2431.43,INR,SUCCESS,POS
T102661,M1027,C87927,2026-09-04 11:29:37,82001.30,INR,SUCCESS,POS
T102662,M1024,C60907,2026-09-04 18:27:01,55583.48,INR,SUCCESS,ONLINE
T102663,M1016,C66629,2026-09-04 22:35:05,2316.63,,SUCCESS,ONLINE
T102664,M1008,C65617,2026-09-04 12:49:56,223125.72,INR,SUCCESS,ONLINE
T102665,M1003,C77602,2026-09-04 07:04:59,46683.76,INR,SUCCESS,POS
T102666,M1007,C81512,2026-09-04 11:42:41,3125.40,INR,SUCCESS,ONLINE
T102667,M1024,C75541,2026-09-04 16:07:49,78789.18,INR,SUCCESS,POS
T102668,M1004,C74257,2026-09-04 18:21:52,1920.92,INR,SUCCESS,QR
T102669,M1018,C89025,2026-09-04 22:45:10,333297.95,INR,REVERSED,ONLINE
T102670,M1025,C93032,2026-09-04 10:54:30,40837.75,INR,SUCCESS,QR
T102671,M1020,C63365,2026-09-04 22:56:42,55933.33,INR,FAILED,POS
T102672,M1016,C98208,2026-09-04 16:46:11,7870.85,INR,SUCCESS,POS
T102673,M1027,C97725,2026-09-04 18:46:09,18370.85,INR,SUCCESS,POS
T102674,M1003,C53744,2026-09-04 07:43:53,328374.55,INR,SUCCESS,POS
T102675,M1026,C87497,2026-09-04 11:35:33,3632.43,INR,SUCCESS,ONLINE
T102676,M1023,C77023,2026-09-04 08:36:02,68583.86,INR,SUCCESS,QR
T102677,M1029,C82803,2026-09-04 15:26:29,3184.11,INR,SUCCESS,ONLINE
T102678,M1006,C52640,2026-09-04 11:19:54,59793.02,INR,SUCCESS,ONLINE
T102679,M1024,C83595,2026-09-04 09:51:15,29286.73,INR,SUCCESS,QR
T102680,M1014,C75646,2026-09-04 07:45:58,3219.73,INR,SUCCESS,POS
T102681,M1022,C73109,2026-09-04 20:00:13,274804.66,INR,SUCCESS,ONLINE
T102682,M1011,C54961,2026-09-04 07:08:53,370484.57,INR,SUCCESS,ONLINE
T102683,M1008,C53476,2026-09-04 18:27:55,170900.64,INR,SUCCESS,ONLINE
T102684,M1027,C86103,2026-09-04 19:01:45,1079.24,INR,SUCCESS,ONLINE
T102685,M1012,C75935,2026-09-04 14:09:49,416.65,INR,SUCCESS,POS
T102686,M1001,C75852,2026-09-04 13:38:14,22972.18,INR,SUCCESS,ONLINE
T102687,M1005,C91957,2026-09-04 06:44:41,212304.45,INR,SUCCESS,ONLINE
T102688,M1011,C87571,2026-09-04 20:33:29,303343.42,INR,SUCCESS,QR
T102689,M1003,C77569,2026-09-04 18:03:34,2061.87,INR,SUCCESS,QR
T102690,M1026,C75807,2026-09-04 17:28:13,210453.38,INR,SUCCESS,QR
T102691,M1016,C80685,2026-09-04 20:59:05,13505.44,INR,SUCCESS,QR
T102692,M1023,C50981,2026-09-04 20:25:49,3804.02,INR,SUCCESS,QR
T102693,M1022,C69617,2026-09-04 06:27:46,3089.47,INR,SUCCESS,POS
T102694,M1000,C69920,2026-09-04 10:14:37,3642.27,INR,SUCCESS,QR
T102695,M1004,C55995,2026-09-04 17:56:57,336110.13,INR,FAILED,QR
T102696,M1026,C57716,2026-09-04 08:57:51,326652.89,INR,SUCCESS,ONLINE
T102697,M1008,C85318,2026-09-04 10:13:38,48745.37,INR,SUCCESS,ONLINE
T102698,M1029,C82089,2026-09-04 11:05:41,2969.88,INR,SUCCESS,POS
T102699,M1013,C66482,2026-09-04 18:01:14,1542.48,INR,SUCCESS,ONLINE
T102700,M1007,C99602,2026-09-04 15:29:25,1364.52,INR,SUCCESS,ONLINE
T102701,M1023,C55636,2026-09-04 22:16:39,59188.70,INR,REVERSED,POS
T102702,M1020,C95196,2026-09-04 06:12:46,8883.92,INR,SUCCESS,QR
T102703,M1012,C56467,2026-09-04 22:27:23,258653.93,INR,SUCCESS,QR
T102704,M1014,C62069,2026-09-04 15:32:33,53991.15,INR,SUCCESS,POS
T102705,M1010,C83497,2026-09-04 19:45:31,1957.12,INR,FAILED,POS
T102706,M1018,C99807,2026-09-04 13:20:09,31605.54,INR,SUCCESS,ONLINE
T102707,M1026,C71981,2026-09-04 17:01:31,907.05,INR,SUCCESS,QR
T102708,M1017,C81824,2026-09-04 20:38:15,54701.31,INR,SUCCESS,QR
T102709,M1001,C59877,2026-09-04 07:08:51,52561.42,INR,SUCCESS,POS
T102710,M1013,C55154,2026-09-04 17:02:32,17488.48,INR,SUCCESS,QR
T102711,M1006,C74423,2026-09-04 11:05:20,2680.92,INR,FAILED,ONLINE
T102712,M1006,C81485,2026-09-04 22:14:41,334531.26,INR,SUCCESS,ONLINE
T102713,M1026,C83297,2026-09-04 22:01:52,38125.15,INR,SUCCESS,QR
T102714,M1025,C63584,2026-09-04 14:06:59,3956.43,INR,SUCCESS,POS
T102715,M1013,C85848,2026-09-04 06:47:07,3487.41,INR,SUCCESS,ONLINE
T102716,M1028,C52710,2026-09-04 08:23:16,242010.34,INR,SUCCESS,POS
T102717,M1014,C97289,2026-09-04 19:45:46,231703.33,INR,SUCCESS,QR
T102718,M1001,C87016,2026-09-04 11:13:08,61168.45,INR,SUCCESS,POS
T102719,M1002,C99140,2026-09-04 06:42:38,226.05,INR,SUCCESS,ONLINE
T102720,M1019,C98140,2026-09-04 09:45:54,39459.78,INR,SUCCESS,POS
T102721,M1000,C62207,2026-09-04 14:15:15,31096.11,INR,SUCCESS,QR
T102722,M1022,C73507,2026-09-04 16:04:37,122137.40,INR,SUCCESS,QR
T102723,M1026,C85733,2026-09-04 21:21:38,2234.69,INR,SUCCESS,ONLINE
T102724,M1003,C94504,2026-09-04 08:37:18,22826.01,INR,SUCCESS,ONLINE
T102725,M1006,C82642,2026-09-04 22:44:35,294940.32,INR,SUCCESS,ONLINE
T102726,M1023,C54131,2026-09-04 16:51:36,3853.97,INR,SUCCESS,ONLINE
T102727,M1011,C78757,2026-09-04 07:26:39,83167.54,INR,SUCCESS,POS
T102728,M1020,C94974,2026-09-04 08:32:52,56886.51,INR,SUCCESS,POS
T102729,M1018,C50685,2026-09-04 11:12:24,42990.63,INR,SUCCESS,QR
T102730,M1003,C99373,2026-09-04 18:34:09,286889.57,INR,SUCCESS,QR
T102731,M1002,C80255,2026-09-04 06:00:39,2873.85,INR,SUCCESS,ONLINE
T102732,M1020,C93162,2026-09-04 11:40:35,1217.73,INR,SUCCESS,ONLINE
T102733,M1017,C54944,2026-09-04 15:10:46,18025.64,INR,SUCCESS,QR
T102734,M1018,C95192,2026-09-04 10:28:52,237837.73,INR,FAILED,ONLINE
T102735,M1025,C67013,2026-09-04 13:41:46,360.87,INR,SUCCESS,POS
T102736,M1011,C56568,2026-09-04 07:39:00,3180.32,INR,SUCCESS,QR
T102737,M1006,C51443,2026-09-04 18:27:33,47430.92,INR,SUCCESS,ONLINE
T102738,M1022,C89742,2026-09-04 06:51:58,14900.61,INR,SUCCESS,QR
T102739,M1016,C50908,2026-09-04 09:50:08,335787.49,INR,SUCCESS,ONLINE
T102740,M1003,C72881,2026-09-04 15:38:52,17357.16,INR,SUCCESS,QR
T102741,M1028,C96544,2026-09-04 14:01:07,2490.25,INR,FAILED,POS
T102742,M1022,C70084,2026-09-04 12:02:29,354420.34,INR,REVERSED,POS
T102743,,C77028,2026-09-04 13:07:58,314737.39,INR,SUCCESS,ONLINE
T102744,M1016,C75193,2026-09-04 13:39:01,241925.49,INR,SUCCESS,POS
T102745,M1022,C70359,2026-09-04 21:30:31,1553.40,INR,SUCCESS,ONLINE
T102746,M1027,C50776,2026-09-04 21:13:21,159190.27,INR,SUCCESS,POS
T102747,M1009,C68216,2026-09-04 18:48:12,2368.74,INR,SUCCESS,POS
T102748,M1000,C61340,2026-09-04 21:18:13,28137.94,INR,SUCCESS,QR
T102749,M1024,C86980,2026-09-04 10:26:02,18396.44,INR,SUCCESS,QR
T102750,M1024,C63491,2026-09-04 16:00:57,2903.72,INR,SUCCESS,ONLINE
T102751,M1028,C82706,2026-09-04 19:58:18,2240.97,INR,SUCCESS,POS
T102752,M1021,C69571,2026-09-04 10:50:14,273567.16,INR,SUCCESS,QR
T102753,M1012,C77898,2026-09-04 07:26:09,174391.87,INR,SUCCESS,QR
T102754,M1028,C89562,2026-09-04 15:32:22,19438.94,INR,SUCCESS,POS
T102755,M1023,C51025,2026-09-04 16:44:56,1797.86,INR,SUCCESS,QR
T102756,M1020,C64861,2026-09-04 10:22:53,3267.47,INR,SUCCESS,ONLINE
T102757,M1019,C57753,2026-09-04 20:33:42,3254.02,INR,SUCCESS,POS
T102758,M1029,C90783,2026-09-04 22:23:51,59115.40,INR,SUCCESS,POS
T102759,M1001,C64843,2026-09-04 21:10:34,2622.70,INR,SUCCESS,ONLINE
T102760,M1008,C80960,2026-09-04 19:16:07,14265.98,INR,SUCCESS,ONLINE
T102761,M1025,C79118,2026-09-04 08:38:23,48339.58,INR,SUCCESS,QR
T102762,M1021,C80148,2026-09-04 13:40:37,20111.15,INR,SUCCESS,QR
T102763,M1023,C93414,2026-09-04 20:43:20,37314.99,INR,SUCCESS,ONLINE
T102764,M1018,C80803,2026-09-04 11:15:26,52798.01,INR,SUCCESS,POS
T102765,M1028,C66513,2026-09-04 17:38:51,8706.90,INR,FAILED,POS
T102766,M1004,C83739,2026-09-04 09:33:13,29067.00,INR,SUCCESS,QR
T102767,M1016,C60584,2026-09-04 16:13:34,1110.51,INR,SUCCESS,ONLINE
T102768,M1024,C80741,2026-09-04 20:01:53,40778.38,INR,SUCCESS,ONLINE
T102769,M1013,C87597,2026-09-04 14:23:38,1556.73,INR,SUCCESS,POS
T102770,M1008,C93433,2026-09-04 21:40:25,3339.92,INR,SUCCESS,POS
T102771,M1020,C53825,2026-09-04 18:44:12,260901.15,INR,SUCCESS,ONLINE
T102772,M1021,C79106,2026-09-04 11:55:25,134451.75,INR,SUCCESS,ONLINE
T102773,M1012,C73731,2026-09-04 19:04:30,2320.19,INR,SUCCESS,POS
T102774,M1002,C56395,2026-09-04 15:45:47,33769.93,INR,SUCCESS,ONLINE
T102775,M1029,C55507,2026-09-04 20:35:09,2445.47,INR,SUCCESS,ONLINE
T102776,M1000,C94021,2026-09-04 18:37:21,17064.09,INR,SUCCESS,POS
T102777,M1028,C93927,2026-09-04 18:59:25,116447.32,INR,SUCCESS,QR
T102778,M1010,C56489,2026-09-04 11:59:47,23601.32,INR,SUCCESS,QR
T102779,M1008,C86032,2026-09-04 10:56:08,104630.01,INR,SUCCESS,POS
T102780,M1003,C86619,2026-09-04 22:36:31,155918.69,INR,SUCCESS,QR
T102781,M1021,C91801,2026-09-04 10:28:10,10736.78,INR,SUCCESS,POS
T102782,M1024,C74679,2026-09-04 07:02:01,36614.72,INR,SUCCESS,ONLINE
T102783,M1020,C50366,2026-09-04 06:59:47,195.38,INR,SUCCESS,POS
T102784,M1010,C50441,2026-09-04 17:46:12,781.03,INR,SUCCESS,QR
T102785,M1006,C62646,2026-09-04 17:17:58,17208.86,INR,SUCCESS,QR
T102786,M1019,C79443,2026-09-04 14:36:18,723.61,INR,SUCCESS,QR
T102787,M1014,C82756,2026-09-04 22:27:51,109104.39,INR,SUCCESS,ONLINE
T102788,M1029,C93831,2026-09-04 21:23:56,159148.01,INR,SUCCESS,QR
T102789,M1001,C72447,2026-09-04 15:07:28,113915.21,INR,REVERSED,QR
T102790,M1009,C91560,2026-09-04 20:23:58,24155.03,INR,SUCCESS,QR
T102791,M1027,C94840,2026-09-04 08:19:16,204541.79,INR,SUCCESS,POS
T102792,M1010,C77065,2026-09-04 14:38:24,59038.40,INR,SUCCESS,QR
T102793,M1018,C77067,2026-09-04 06:01:21,3811.84,INR,SUCCESS,QR
T102794,M1021,C63826,2026-09-04 15:00:47,148148.55,INR,SUCCESS,ONLINE
T102795,M1019,C53086,2026-09-04 16:09:45,1949.12,INR,SUCCESS,POS
T102796,M1004,C87968,2026-09-04 15:04:00,101123.81,INR,SUCCESS,ONLINE
T102797,M1013,C76289,2026-09-04 10:13:15,49846.13,INR,SUCCESS,ONLINE
T102798,M1017,C62752,2026-09-04 22:03:06,1681.25,INR,SUCCESS,QR
T102799,M1009,C72430,2026-09-04 13:57:18,3477.23,INR,SUCCESS,ONLINE
T102800,M1023,C69047,2026-09-04 15:49:31,127683.77,INR,FAILED,POS
T102801,M1022,C59734,2026-09-04 06:43:13,13207.16,INR,SUCCESS,QR
T102802,M1008,C98925,2026-09-04 11:36:40,2328.02,INR,SUCCESS,POS
T102803,M1018,C66859,2026-09-04 14:43:09,7460.40,INR,FAILED,QR
T102804,M1020,C52857,2026-09-04 16:39:40,4450.12,INR,SUCCESS,ONLINE
T102805,M1001,C81387,2026-09-04 21:57:36,48081.04,INR,FAILED,ONLINE
T102806,M1012,C72970,2026-09-04 16:52:16,73703.88,INR,SUCCESS,QR
T102807,M1022,C85140,2026-09-04 13:21:43,2244.96,INR,SUCCESS,QR
T102808,M1016,C63459,2026-09-04 20:30:48,272241.46,INR,SUCCESS,QR
T102809,M1001,C80877,2026-09-04 07:18:37,15459.68,INR,SUCCESS,ONLINE
T102810,M1006,C72996,2026-09-04 06:03:18,25929.05,INR,SUCCESS,POS
T102811,M1017,C92498,2026-09-04 20:34:47,209482.69,INR,SUCCESS,QR
T102812,M1015,C67800,2026-09-04 14:45:50,44149.02,INR,FAILED,POS
T102813,M1002,C69003,2026-09-04 18:03:58,996.76,INR,SUCCESS,ONLINE
T102814,M1007,C62676,2026-09-04 08:55:02,108760.07,INR,SUCCESS,ONLINE
T102815,M1025,C80305,2026-09-04 17:05:44,3597.81,INR,SUCCESS,ONLINE
T102816,M1020,C70803,2026-09-04 08:13:41,126089.33,INR,REVERSED,QR
T102817,M1009,C56267,2026-09-04 16:52:39,120286.50,INR,SUCCESS,ONLINE
T102818,M1007,C61254,2026-09-04 10:18:31,281228.31,INR,SUCCESS,ONLINE
T102819,M1010,C65776,2026-09-04 14:47:19,305678.74,INR,SUCCESS,QR
T102820,M1007,C58138,2026-09-04 13:50:40,237.33,INR,SUCCESS,QR
T102821,M1018,C91458,2026-09-04 13:32:24,59836.59,INR,SUCCESS,QR
T102822,M1007,C52639,2026-09-04 12:13:29,1267.78,INR,SUCCESS,ONLINE
T102823,M1018,C52053,2026-09-04 15:05:22,2932.40,INR,SUCCESS,QR
T102824,M1003,C92773,2026-09-04 12:06:59,152679.54,INR,SUCCESS,QR
T102825,M1026,C51487,2026-09-04 07:41:21,3145.12,INR,REVERSED,QR
T102826,M1019,C95388,2026-09-04 08:44:08,2088.41,INR,SUCCESS,QR
T102827,M1012,C51975,2026-09-04 21:44:40,343074.02,INR,SUCCESS,ONLINE
T102828,M1016,C62292,2026-09-04 16:32:05,12018.08,INR,SUCCESS,POS
T102829,M1003,C57633,2026-09-04 21:51:03,1134.31,INR,SUCCESS,QR
T102830,M1005,C74814,2026-09-04 22:35:41,58152.16,INR,SUCCESS,POS
T102831,M1023,C67017,2026-09-04 17:55:11,205834.52,INR,SUCCESS,QR
T102832,M1011,C94884,2026-09-04 15:55:21,47769.77,INR,SUCCESS,POS
T102833,M1009,C70568,2026-09-04 09:27:01,2132.84,INR,SUCCESS,QR
T102834,M1018,C82821,2026-09-04 06:37:38,1320.50,INR,SUCCESS,QR
T102835,M1024,C52184,2026-09-04 08:19:37,37549.03,INR,SUCCESS,POS
T102836,M1012,C59857,2026-09-04 13:31:23,3161.22,INR,SUCCESS,QR
T102837,,C99320,2026-09-04 16:48:40,71173.79,INR,SUCCESS,ONLINE
T102838,M1001,C83868,2026-09-04 16:31:22,193.97,INR,SUCCESS,POS
T102839,M1000,C57708,2026-09-04 15:02:08,324518.74,INR,SUCCESS,POS
T102840,M1025,C72545,2026-09-04 08:45:20,284621.67,INR,SUCCESS,POS
T102841,M1025,C91035,2026-09-04 13:45:35,1248.48,INR,SUCCESS,POS
T102842,M1009,C57706,2026-09-04 17:59:32,74579.06,INR,SUCCESS,ONLINE
T102843,M1002,C72428,2026-09-04 07:34:07,50142.36,INR,SUCCESS,POS
T102844,M1008,C87817,2026-09-04 17:43:44,40014.01,INR,FAILED,POS
T102845,M1011,C68950,2026-09-04 06:08:28,29053.58,INR,SUCCESS,QR
T102846,M1013,C70324,2026-09-04 06:22:40,10741.73,INR,SUCCESS,ONLINE
T102847,M1002,C77953,2026-09-04 22:11:52,71027.20,INR,SUCCESS,QR
T102848,M1016,C63446,2026-09-04 18:02:23,154682.61,INR,SUCCESS,POS
T102849,M1016,C96987,2026-09-04 17:15:55,342624.50,INR,SUCCESS,ONLINE
T102850,M1017,C87427,2026-09-04 22:58:28,363.32,INR,SUCCESS,QR
T102851,M1008,C73809,2026-09-04 11:15:31,66444.13,INR,FAILED,POS
T102852,M1005,C79404,2026-09-04 15:32:38,50555.76,INR,SUCCESS,POS
T102853,M1009,C73273,2026-09-04 19:00:20,38090.42,INR,SUCCESS,POS
T102854,M1015,C78240,2026-09-04 17:29:09,158851.22,INR,SUCCESS,ONLINE
T102855,M1020,C87455,2026-09-04 22:27:16,1553.73,INR,SUCCESS,QR
T102856,M1005,C94112,2026-09-04 12:39:13,127042.45,INR,SUCCESS,QR
T102857,M1001,C66059,2026-09-04 11:01:13,156736.30,INR,SUCCESS,QR
T102858,M1014,C75562,2026-09-04 16:47:58,205302.86,INR,SUCCESS,POS
T102859,M1029,C52283,2026-09-04 18:26:46,114168.68,INR,SUCCESS,ONLINE
T102860,M1014,C83514,2026-09-04 15:21:35,21591.53,INR,SUCCESS,QR
T102861,M1007,C83633,2026-09-04 11:44:21,259854.63,INR,SUCCESS,ONLINE
T102862,M1028,C66731,2026-09-04 19:06:23,2730.12,INR,SUCCESS,ONLINE
T102863,M1008,C59687,2026-09-04 07:11:58,1283.69,INR,SUCCESS,QR
T102864,M1014,C52250,2026-09-04 18:51:43,12741.86,INR,SUCCESS,QR
T102865,M1022,C65075,2026-09-04 21:58:51,281892.31,INR,SUCCESS,ONLINE
T102866,M1022,C81084,2026-09-04 21:51:52,50448.43,INR,SUCCESS,POS
T102867,M1024,C70413,2026-09-04 17:39:42,57155.34,INR,SUCCESS,POS
T102868,M1008,C69514,2026-09-04 18:44:03,4133.73,INR,SUCCESS,POS
T102869,M1010,C83914,2026-09-04 20:31:16,2254.49,INR,SUCCESS,POS
T102870,M1000,C65572,2026-09-04 09:01:25,381.85,INR,SUCCESS,QR
T102871,M1026,C52426,2026-09-04 17:17:32,343095.13,INR,SUCCESS,POS
T102872,M1020,C85250,2026-09-04 09:08:08,3859.46,INR,SUCCESS,ONLINE
T102873,M1007,C58292,2026-09-04 19:06:35,3506.97,INR,SUCCESS,QR
T102874,M1004,C77732,2026-09-04 08:20:38,86117.80,INR,SUCCESS,POS
T102875,M1023,C86832,2026-09-04 10:40:51,187266.88,INR,SUCCESS,ONLINE
T102876,M1011,C80167,2026-09-04 16:47:18,74016.94,INR,FAILED,POS
T102877,M1025,C73634,2026-09-04 14:05:36,36017.00,INR,SUCCESS,POS
T102878,M8888,C94913,2026-09-04 18:39:56,299070.83,INR,SUCCESS,QR
T102879,M1015,C69802,2026-09-04 12:50:37,327170.77,INR,SUCCESS,ONLINE
T102880,M1025,C87037,2026-09-04 09:32:48,1390.88,INR,SUCCESS,POS
T102881,M1021,C80044,2026-09-04 12:17:23,115309.08,INR,SUCCESS,POS
T102882,M1001,C52738,2026-09-04 09:31:36,37932.56,INR,REVERSED,ONLINE
T102883,M1028,C58539,2026-09-04 19:13:04,12572.51,INR,SUCCESS,ONLINE
T102884,M1027,C77501,2026-09-04 10:46:04,109472.97,INR,SUCCESS,QR
T102885,M1001,C87894,2026-09-04 15:45:38,51356.20,INR,SUCCESS,QR
T102886,M1027,C82928,2026-09-04 07:44:53,1858.61,INR,REVERSED,QR
T102887,M1010,C70802,2026-09-04 18:10:31,2993.77,INR,SUCCESS,POS
T102888,M1018,C87786,2026-09-04 22:45:38,1646.27,INR,SUCCESS,ONLINE
T102889,M1005,C57252,2026-09-04 18:42:26,45100.06,INR,SUCCESS,QR
T102890,M1012,C50489,2026-09-04 18:43:56,127805.40,INR,SUCCESS,ONLINE
T102891,M1029,C81293,2026-09-04 13:43:58,626.93,INR,SUCCESS,ONLINE
T102892,M1023,C62492,2026-09-04 15:31:14,89268.16,INR,SUCCESS,QR
T102893,M1008,C86016,2026-09-04 14:01:16,2664.07,INR,SUCCESS,QR
T102894,M1006,C99032,2026-09-04 16:53:09,286087.03,INR,SUCCESS,ONLINE
T102895,M1019,C87306,2026-09-04 06:32:51,29695.70,INR,SUCCESS,ONLINE
T102896,M1025,C72499,2026-09-04 19:18:38,52246.36,INR,SUCCESS,QR
T102897,M1014,C51787,2026-09-04 21:46:18,1651.59,INR,SUCCESS,QR
T102898,M1010,C50496,2026-09-04 06:26:53,39887.39,INR,SUCCESS,POS
T102899,M1007,C82242,2026-09-04 17:40:29,1765.16,INR,SUCCESS,POS
T102900,M1003,C60141,2026-09-04 17:12:15,258421.52,INR,SUCCESS,QR
T102901,M1012,C71314,2026-09-04 09:52:04,3257.39,INR,SUCCESS,POS
T102902,M1020,C84370,2026-09-04 21:21:20,69415.13,INR,SUCCESS,QR
T102903,M1015,C85943,2026-09-04 10:02:03,6375.86,INR,SUCCESS,POS
T102904,M1020,C87614,2026-09-04 11:24:04,29283.09,INR,SUCCESS,ONLINE
T102905,M1029,C95080,2026-09-04 20:29:01,54434.46,INR,SUCCESS,ONLINE
T102906,M1010,C71356,2026-09-04 18:23:28,276.06,INR,REVERSED,ONLINE
T102907,M1006,C97542,2026-09-04 14:20:56,91584.79,INR,SUCCESS,QR
T102908,M1024,C55469,2026-09-04 10:28:02,9082.65,INR,SUCCESS,QR
T102909,M1016,C71994,2026-09-04 13:34:50,64518.37,INR,REVERSED,ONLINE
T102910,M1002,C64189,2026-09-04 07:23:50,299312.37,INR,SUCCESS,ONLINE
T102911,M1003,C50348,2026-09-04 10:32:47,17247.04,INR,REVERSED,QR
T102912,M1010,C61065,2026-09-04 20:51:41,53441.16,INR,SUCCESS,POS
T102913,M1015,C70075,2026-09-04 21:04:07,3953.11,INR,FAILED,POS
T102914,M1024,C93864,2026-09-04 13:19:11,53244.67,INR,SUCCESS,ONLINE
T102915,M1027,C73936,2026-09-04 07:54:28,36244.44,INR,SUCCESS,ONLINE
T102916,M1020,C56955,2026-09-04 16:28:54,53619.38,INR,SUCCESS,QR
T102917,M1007,C95354,2026-09-04 20:32:16,279501.09,INR,SUCCESS,QR
T102918,M1009,C80741,2026-09-04 12:57:40,48542.13,INR,SUCCESS,POS
T102919,M1000,C60118,2026-09-04 12:35:15,478.50,INR,SUCCESS,QR
T102920,M1016,C90233,2026-09-04 20:59:42,1249.43,INR,SUCCESS,QR
T102921,M1000,C98406,2026-09-04 09:10:40,429.19,INR,SUCCESS,QR
T102922,M1016,C89240,2026-09-04 17:00:14,2069.64,INR,SUCCESS,QR
T102923,M1018,C57031,2026-09-04 14:17:10,3785.43,INR,SUCCESS,ONLINE
T102924,M1027,C98865,2026-09-04 07:12:34,4754.90,INR,SUCCESS,ONLINE
T102925,M1013,C63979,2026-09-04 16:56:05,17084.79,INR,SUCCESS,QR
T102926,M1014,C81187,2026-09-04 06:43:00,356066.85,INR,FAILED,QR
T102927,M1000,C58756,2026-09-04 21:15:28,3757.44,INR,SUCCESS,POS
T102928,M1020,C85688,2026-09-04 16:30:20,1161.95,INR,SUCCESS,POS
T102929,M1014,C84836,2026-09-04 16:15:07,376509.55,INR,SUCCESS,POS
T102930,M1008,C62413,2026-09-04 13:28:08,33845.91,INR,SUCCESS,ONLINE
T102931,M1018,C56010,2026-09-04 12:00:06,1877.69,INR,SUCCESS,ONLINE
T102932,M1009,C70603,2026-09-04 07:15:06,786.35,INR,SUCCESS,POS
T102933,M1019,C54011,2026-09-04 16:40:51,50543.64,INR,SUCCESS,ONLINE
T102934,M1003,C57873,2026-09-04 15:23:31,231279.67,INR,SUCCESS,POS
T102935,M1023,C51210,2026-09-04 20:57:52,37038.44,INR,SUCCESS,QR
T102936,M1011,C78849,2026-09-04 06:27:05,1423.16,INR,SUCCESS,QR
T102937,M1028,C80134,2026-09-04 10:00:11,558.02,INR,SUCCESS,POS
T102938,M1018,C57824,2026-09-04 11:03:53,434.24,INR,SUCCESS,ONLINE
T102939,M1016,C62450,2026-09-04 08:00:39,55626.80,INR,SUCCESS,ONLINE
T102940,M1027,C65590,2026-09-04 08:43:34,175991.62,INR,SUCCESS,ONLINE
T102941,M1029,C82753,2026-09-04 10:30:45,40392.96,INR,SUCCESS,ONLINE
T102942,M1023,C92796,2026-09-04 18:57:17,3313.38,INR,SUCCESS,POS
T102943,M1015,C87632,2026-09-04 19:11:28,54290.33,INR,SUCCESS,POS
T102944,M1015,C95928,2026-09-04 08:29:29,364519.27,INR,FAILED,QR
T102945,M1003,C84230,2026-09-04 18:36:45,367586.05,INR,SUCCESS,QR
T102946,M1012,C68893,2026-09-04 16:19:09,2468.65,INR,SUCCESS,POS
T102947,M1013,C83184,2026-09-04 20:26:36,162175.38,INR,SUCCESS,QR
T102948,M1029,C71777,2026-09-04 15:10:30,144914.21,INR,SUCCESS,ONLINE
T102949,M1012,C51830,2026-09-04 15:49:12,347734.79,INR,SUCCESS,QR
T102950,M1000,C54668,2026-09-04 14:52:10,136223.28,INR,SUCCESS,ONLINE
T102951,M1010,C97443,2026-09-04 15:11:24,297908.64,INR,SUCCESS,POS
T102952,M1012,C53215,2026-09-04 13:43:48,46722.45,INR,FAILED,POS
T102953,M1022,C93237,2026-09-04 09:31:04,58548.96,INR,SUCCESS,ONLINE
T102954,M1022,C81756,2026-09-04 19:01:29,1817.44,INR,SUCCESS,POS
T102955,M1011,C86927,2026-09-04 21:40:50,57955.38,INR,SUCCESS,ONLINE
T102956,M1009,C96430,2026-09-04 21:40:38,3414.59,INR,SUCCESS,POS
T102957,M1029,C91811,2026-09-04 09:53:00,2930.47,INR,SUCCESS,QR
T102958,M1029,C52963,2026-09-04 19:47:28,1944.35,INR,SUCCESS,POS
T102959,M1001,C88667,2026-09-04 22:03:07,219720.12,INR,SUCCESS,QR
T102960,M1020,C54059,2026-09-04 12:05:19,1431.99,INR,FAILED,ONLINE
T102961,M1005,C94073,2026-09-04 18:22:55,299.70,INR,SUCCESS,QR
T102962,M1007,C94716,2026-09-04 15:55:01,2464.60,INR,SUCCESS,POS
T102963,M1002,C52894,2026-09-04 17:37:11,149760.09,INR,REVERSED,POS
T102964,M1015,C55760,2026-09-04 10:27:29,1763.43,INR,SUCCESS,ONLINE
T102965,M1004,C82701,2026-09-04 07:41:48,395442.96,INR,SUCCESS,ONLINE
T102966,M1018,C69414,2026-09-04 15:53:57,314583.94,INR,SUCCESS,POS
T102967,M1010,C94687,2026-09-04 15:36:35,658.12,INR,SUCCESS,QR
T102968,M1017,C87589,2026-09-04 14:43:08,16382.32,INR,SUCCESS,POS
T102969,M1011,C55153,2026-09-04 18:14:21,350585.06,INR,SUCCESS,ONLINE
T102970,M1000,C65218,2026-09-04 14:04:10,419.54,INR,SUCCESS,ONLINE
T102971,M1015,C88743,2026-09-04 08:18:16,1674.19,INR,FAILED,POS
T102972,M1020,C55335,2026-09-04 09:00:28,156661.13,INR,SUCCESS,QR
T102973,M1004,C94132,2026-09-04 20:51:42,180.69,INR,SUCCESS,POS
T102974,M1023,C63390,2026-09-04 06:19:53,2364.94,INR,FAILED,ONLINE
T102975,M1023,C88427,2026-09-04 10:21:34,233716.47,INR,SUCCESS,POS
T102976,M1028,C60895,2026-09-04 07:13:15,223398.44,INR,SUCCESS,QR
T102977,M1027,C69678,2026-09-04 11:55:20,2726.54,INR,SUCCESS,QR
T102978,M1018,C94092,2026-09-04 07:13:35,37826.86,INR,SUCCESS,ONLINE
T102979,M1000,C72072,2026-09-04 11:40:17,1650.10,INR,SUCCESS,QR
T102980,M1023,C66319,2026-09-04 16:01:07,44718.23,INR,SUCCESS,QR
T102981,M1023,C97458,2026-09-04 20:21:59,55682.58,INR,SUCCESS,QR
T102982,M1019,C76930,2026-09-04 18:51:54,92231.79,INR,SUCCESS,ONLINE
T102983,M1019,C85164,2026-09-04 08:59:15,241792.96,INR,SUCCESS,ONLINE
T102984,M1011,C82415,2026-09-04 15:10:53,50914.42,INR,FAILED,QR
T102985,M1026,C64069,2026-09-04 20:19:15,17497.60,INR,SUCCESS,ONLINE
T102986,M1018,C61114,2026-09-04 12:22:27,157339.04,INR,SUCCESS,POS
T102987,M1014,C54389,2026-09-04 15:29:21,19947.95,INR,SUCCESS,ONLINE
T102988,M1002,C99166,2026-09-04 20:57:31,167744.57,INR,SUCCESS,ONLINE
T102989,M1007,C75215,2026-09-04 10:51:01,20739.79,INR,SUCCESS,POS
T102990,M1025,C53520,2026-09-04 07:35:17,208725.50,INR,SUCCESS,ONLINE
T102991,M1016,C89467,2026-09-04 20:10:53,1127.27,INR,SUCCESS,ONLINE
T102992,M1019,C51815,2026-09-04 13:20:48,31848.77,INR,SUCCESS,QR
T102993,M1018,C52550,2026-09-04 12:24:47,49462.92,INR,SUCCESS,POS
T102994,M1016,C82061,2026-09-04 06:21:54,393049.43,INR,SUCCESS,POS
T102995,M1015,C61362,2026-09-04 16:11:43,336001.60,INR,SUCCESS,QR
T102996,M1013,C94285,2026-09-04 22:05:31,3869.79,INR,SUCCESS,QR
T102997,M1015,C56061,2026-09-04 12:41:18,121981.75,INR,SUCCESS,QR
T102998,M1020,C88597,2026-09-04 19:28:21,2947.98,INR,REVERSED,ONLINE
T102999,M1028,C50556,2026-09-04 17:06:59,3754.64,INR,SUCCESS,ONLINE
T103000,M1026,C80142,2026-09-04 20:47:07,2230.19,INR,SUCCESS,POS
T103001,M1004,C66204,2026-09-04 20:07:46,313.47,INR,SUCCESS,POS
T103002,M1016,C74533,2026-09-04 22:08:52,2729.21,INR,SUCCESS,ONLINE
T103003,M1004,C72772,2026-09-04 10:17:17,21329.17,INR,SUCCESS,POS
T103004,M1023,C56278,2026-09-04 09:58:03,369870.14,INR,SUCCESS,ONLINE
T103005,M1009,C68822,2026-09-04 10:48:04,2276.16,INR,SUCCESS,QR
T103006,M1002,C84126,2026-09-04 16:55:10,334234.88,INR,SUCCESS,POS
T103007,M1020,C52705,2026-09-04 19:06:13,6347.57,INR,SUCCESS,ONLINE
T103008,M1008,C87786,2026-09-04 18:40:16,226881.96,INR,SUCCESS,ONLINE
T103009,M1027,C73869,2026-09-04 06:34:58,383906.83,INR,SUCCESS,POS
T103010,M1026,C81727,2026-09-04 19:33:57,109442.44,INR,REVERSED,QR
T103011,M1012,C56960,2026-09-04 09:45:12,807.46,INR,SUCCESS,POS
T103012,M1012,C71178,2026-09-04 10:48:51,70110.93,INR,SUCCESS,POS
T103013,M1028,C68041,2026-09-04 21:02:08,22627.65,INR,SUCCESS,ONLINE
T103014,M1012,C63780,2026-09-04 21:00:10,147443.19,INR,SUCCESS,ONLINE
T103015,M1004,C83077,2026-09-04 09:20:09,357962.66,INR,SUCCESS,ONLINE
T103016,M1026,C68143,2026-09-04 14:11:44,132091.03,INR,FAILED,POS
T103017,M1012,C95180,2026-09-04 22:53:56,1519.39,INR,SUCCESS,ONLINE
T103018,M1009,C63726,2026-09-04 06:01:30,238714.99,INR,SUCCESS,ONLINE
T103019,M1028,C67081,2026-09-04 14:31:42,3128.92,INR,SUCCESS,ONLINE
T103020,M1013,C70198,2026-09-04 13:02:31,31435.82,INR,SUCCESS,QR
T103021,M1022,C91464,2026-09-04 11:32:14,23895.82,INR,SUCCESS,POS
T103022,M1016,C56041,2026-09-04 06:08:45,118867.03,INR,SUCCESS,QR
T103023,M1010,C60315,2026-09-04 19:51:31,54685.66,INR,SUCCESS,POS
T103024,M1028,C71877,2026-09-04 21:11:12,57343.39,INR,SUCCESS,POS
T103025,M1025,C89492,2026-09-04 12:49:46,142308.54,INR,SUCCESS,ONLINE
T103026,M1005,C71482,2026-09-04 11:10:57,2024.31,INR,REVERSED,ONLINE
T103027,M1018,C85231,2026-09-04 20:49:52,263035.04,INR,SUCCESS,POS
T103028,M1004,C80970,2026-09-04 12:30:40,1929.99,INR,SUCCESS,ONLINE
T103029,M1005,C85056,2026-09-04 16:45:31,2881.22,INR,SUCCESS,POS
T103030,M1007,C88071,2026-09-04 22:05:46,366389.91,INR,SUCCESS,POS
T103031,M1011,C81078,2026-09-04 08:55:37,33512.76,INR,SUCCESS,QR
T103032,M1021,C88989,2026-09-04 16:56:27,52379.46,INR,SUCCESS,POS
T103033,M1023,C93972,2026-09-04 09:24:29,9389.68,INR,SUCCESS,QR
T103034,M1016,C64667,2026-09-04 12:34:53,291986.98,INR,SUCCESS,POS
T103035,M1014,C62690,2026-09-04 12:36:43,52998.73,INR,SUCCESS,QR
T103036,M1019,C95398,2026-09-04 13:39:32,1174.80,INR,FAILED,QR
T103037,M1025,C86585,2026-09-04 16:26:27,244006.73,INR,SUCCESS,POS
T103038,M1008,C58769,2026-09-04 20:34:15,13727.32,INR,SUCCESS,ONLINE
T103039,M1029,C75839,2026-09-04 08:35:41,2938.09,INR,SUCCESS,ONLINE
T103040,M1013,C88833,2026-09-04 07:38:19,2955.08,INR,SUCCESS,QR
T103041,M1028,C81105,2026-09-04 18:14:19,253268.07,INR,SUCCESS,QR
T103042,M1011,C93579,2026-09-04 09:30:49,2514.89,INR,SUCCESS,POS
T103043,M1026,C94139,2026-09-04 15:12:49,54763.33,INR,SUCCESS,POS
T103044,M1009,C68570,2026-09-04 11:24:48,2956.05,INR,SUCCESS,QR
T103045,M1015,C62282,2026-09-04 18:26:11,235717.67,INR,SUCCESS,QR
T103046,M1021,C93567,2026-09-04 06:46:39,190584.04,INR,SUCCESS,QR
T103047,M1020,C53560,2026-09-04 21:21:38,274515.28,INR,SUCCESS,ONLINE
T103048,M1025,C75040,2026-09-04 17:45:53,218066.73,INR,SUCCESS,POS
T103049,M1010,C68700,2026-09-04 22:26:33,871.49,INR,SUCCESS,QR
T103050,M1006,C82963,2026-09-04 15:42:52,3337.56,INR,SUCCESS,QR
T103051,M1022,C81804,2026-09-04 20:07:15,12593.79,INR,SUCCESS,QR
T103052,M1011,C83009,2026-09-04 07:22:35,1523.61,INR,SUCCESS,ONLINE
T103053,M1027,C95444,2026-09-04 12:57:16,226944.91,INR,SUCCESS,POS
T103054,M1001,C62365,2026-09-04 22:52:31,103122.43,INR,SUCCESS,QR
T103055,M1003,C63745,2026-09-04 06:29:51,19885.17,INR,SUCCESS,POS
T103056,M1026,C98833,2026-09-04 06:38:11,93526.80,INR,SUCCESS,POS
T103057,M1005,C84975,2026-09-05 16:20:09,44975.56,INR,SUCCESS,POS
T103058,M1023,C82842,2026-09-05 21:46:03,39701.44,INR,FAILED,QR
T103059,M1026,C82875,2026-09-05 06:02:41,24463.30,INR,SUCCESS,QR
T103060,M1027,C54889,2026-09-05 15:38:45,5397.09,INR,SUCCESS,ONLINE
T103061,M1013,C64411,2026-09-05 10:56:54,2349.10,INR,SUCCESS,POS
T103062,M1007,C81463,2026-09-05 18:23:48,152687.29,INR,SUCCESS,POS
T103063,M1008,C83888,2026-09-05 16:56:27,3765.18,INR,SUCCESS,QR
T103064,M1019,C83210,2026-09-05 18:54:43,1435.35,INR,SUCCESS,ONLINE
T103065,M1027,C66089,2026-09-05 21:47:00,2035.00,INR,SUCCESS,POS
T103066,M1021,C63431,2026-09-05 22:53:21,2262.58,INR,SUCCESS,ONLINE
T103067,M1020,C60034,2026-09-05 14:50:44,1052.96,INR,SUCCESS,QR
T103068,M1020,C52925,2026-09-05 22:15:13,193.49,INR,SUCCESS,QR
T103069,M1012,C84277,2026-09-05 20:57:56,32302.90,INR,SUCCESS,POS
T103070,M1003,C71961,2026-09-05 13:15:42,391642.13,INR,SUCCESS,POS
T103071,M1018,C81314,2026-09-05 15:28:23,262665.06,INR,FAILED,QR
T103072,M1018,C69262,2026-09-05 07:37:48,19735.30,INR,SUCCESS,ONLINE
T103073,M1027,C76028,2026-09-05 06:41:05,44099.60,INR,SUCCESS,ONLINE
T103074,M1014,C57541,2026-09-05 16:49:02,3567.67,INR,SUCCESS,ONLINE
T103075,M1027,C95115,2026-09-05 07:07:02,40365.96,INR,SUCCESS,POS
T103076,M1007,C97220,2026-09-05 18:20:53,298.29,INR,SUCCESS,POS
T103077,M1020,C57535,2026-09-05 20:11:10,35112.35,INR,FAILED,POS
T103078,M1026,C57525,2026-09-05 16:16:57,10962.88,INR,SUCCESS,ONLINE
T103079,M1015,C95856,2026-09-05 10:51:01,118386.57,INR,SUCCESS,ONLINE
T103080,M1003,C98466,2026-09-05 14:02:57,163067.13,INR,FAILED,ONLINE
T103081,M1018,C77282,2026-09-05 16:59:18,3629.45,INR,SUCCESS,ONLINE
T103082,M1019,C58364,2026-09-05 10:24:55,298248.95,INR,SUCCESS,POS
T103083,M1011,C51716,2026-09-05 19:24:53,3433.97,INR,REVERSED,POS
T103084,M1017,C98478,2026-09-05 10:37:05,9410.32,INR,SUCCESS,POS
T103085,M1021,C72115,2026-09-05 11:55:45,47573.21,INR,SUCCESS,ONLINE
T103086,M1021,C69095,2026-09-05 19:08:40,394339.37,INR,SUCCESS,ONLINE
T103087,M1017,C58015,2026-09-05 06:24:28,2288.48,INR,SUCCESS,ONLINE
T103088,M1006,C62045,2026-09-05 08:51:53,1278.67,INR,SUCCESS,QR
T103089,M1012,C69521,2026-09-05 09:55:59,215118.89,INR,SUCCESS,ONLINE
T103090,M1016,C81110,2026-09-05 21:49:36,1063.05,INR,SUCCESS,ONLINE
T103091,M1000,C98479,2026-09-05 16:27:08,110864.17,INR,SUCCESS,QR
T103092,M1029,C52703,2026-09-05 19:30:12,7602.94,INR,SUCCESS,POS
T103093,M1027,C55436,2026-09-05 09:07:50,1551.22,INR,SUCCESS,QR
T103094,M1003,C52446,2026-09-05 17:43:59,485.43,INR,SUCCESS,QR
T103095,M1018,C55201,2026-09-05 16:44:18,531.54,INR,SUCCESS,QR
T103096,M1021,C55551,2026-09-05 17:07:07,1475.49,INR,SUCCESS,QR
T103097,M1029,C76411,2026-09-05 21:04:30,2167.71,INR,SUCCESS,ONLINE
T103098,M1018,C92667,2026-09-05 18:13:02,3736.83,INR,SUCCESS,ONLINE
T103099,M1001,C61071,2026-09-05 17:09:21,1426.77,INR,SUCCESS,QR
T103100,M1019,C83893,2026-09-05 18:49:24,179071.60,INR,SUCCESS,POS
T103101,M1018,C86740,2026-09-05 17:24:11,47052.11,INR,SUCCESS,ONLINE
T103102,M1000,C58385,2026-09-05 22:29:43,1585.00,INR,SUCCESS,ONLINE
T103103,M1021,C93913,2026-09-05 21:06:53,49101.49,INR,SUCCESS,POS
T103104,M1002,C73260,2026-09-05 06:41:00,55964.16,INR,SUCCESS,ONLINE
T103105,M1029,C93416,2026-09-05 16:37:19,41305.06,INR,FAILED,ONLINE
T103106,M1011,C91120,2026-09-05 18:25:31,254511.04,INR,SUCCESS,QR
T103107,M9999,C61830,2026-09-05 17:18:41,34682.66,INR,SUCCESS,POS
T103108,M1004,C79051,2026-09-05 06:12:06,365924.98,INR,SUCCESS,ONLINE
T103109,M1011,C74677,2026-09-05 09:35:38,340009.78,INR,SUCCESS,ONLINE
T103110,M1010,C83758,2026-09-05 10:41:50,31801.89,INR,SUCCESS,POS
T103111,M1021,C67333,2026-09-05 18:35:04,49839.54,INR,SUCCESS,QR
T103112,M1020,C55759,2026-09-05 21:06:50,1312.58,INR,SUCCESS,ONLINE
T103113,M1001,C57593,2026-09-05 18:52:56,240200.83,INR,SUCCESS,QR
T103114,M1022,C93694,2026-09-05 07:43:19,141847.16,INR,SUCCESS,ONLINE
T103115,M1023,C90413,2026-09-05 14:16:46,1256.86,INR,SUCCESS,QR
T103116,M1021,C80039,2026-09-05 12:02:46,274278.09,INR,SUCCESS,POS
T103117,M1018,C93343,2026-09-05 19:06:54,21256.17,INR,SUCCESS,QR
T103118,M1002,C86629,2026-09-05 22:20:26,733.47,INR,SUCCESS,QR
T103119,M1002,C80283,2026-09-05 08:36:05,3508.05,INR,SUCCESS,QR
T103120,M1022,C82611,2026-09-05 14:58:46,20132.91,INR,SUCCESS,POS
T103121,M1028,C89854,2026-09-05 14:45:57,3487.25,INR,SUCCESS,ONLINE
T103122,M1002,C57424,2026-09-05 16:00:14,3809.88,INR,SUCCESS,POS
T103123,M1019,C67957,2026-09-05 18:20:01,31044.14,INR,SUCCESS,ONLINE
T103124,M1023,C66094,2026-09-05 20:10:12,17555.36,INR,SUCCESS,QR
T103125,M1024,C63579,2026-09-05 12:43:23,27977.82,INR,FAILED,QR
T103126,M1006,C88175,2026-09-05 17:35:58,4354.53,INR,SUCCESS,ONLINE
T103127,M1001,C81853,2026-09-05 18:01:52,48616.18,INR,SUCCESS,POS
T103128,M1000,C86543,2026-09-05 13:10:41,38496.03,INR,SUCCESS,ONLINE
T103129,M1003,C90821,2026-09-05 06:15:42,30283.88,INR,SUCCESS,POS
T103130,M1005,C55189,2026-09-05 10:40:42,1747.08,INR,SUCCESS,POS
T103131,M1002,C91790,2026-09-05 08:12:02,191357.36,INR,SUCCESS,POS
T103132,M1008,C63232,2026-09-05 06:44:01,372829.84,INR,SUCCESS,ONLINE
T103133,M1017,C59750,2026-09-05 17:39:26,10610.28,INR,SUCCESS,ONLINE
T103134,M1008,C89845,2026-09-05 06:54:23,300084.43,INR,SUCCESS,POS
T103135,M1014,C53167,2026-09-05 11:52:10,24817.51,INR,SUCCESS,QR
T103136,M1024,C89666,2026-09-05 15:27:54,1973.57,INR,SUCCESS,POS
T103137,M1000,C78425,2026-09-05 16:56:00,176152.27,INR,SUCCESS,POS
T103138,M1021,C53540,2026-09-05 09:13:44,2362.24,INR,SUCCESS,POS
T103139,M1005,C60522,2026-09-05 22:11:02,3047.52,INR,SUCCESS,ONLINE
T103140,M1028,C57136,2026-09-05 15:45:17,6406.96,INR,SUCCESS,ONLINE
T103141,M1027,C81280,2026-09-05 10:55:03,1062.35,INR,SUCCESS,POS
T103142,M1019,C94401,2026-09-05 15:09:20,384549.88,INR,SUCCESS,ONLINE
T103143,M1019,C92112,2026-09-05 16:20:51,43806.83,INR,SUCCESS,ONLINE
T103144,M1002,C61129,2026-09-05 16:47:13,42489.99,INR,SUCCESS,QR
T103145,M1019,C61558,2026-09-05 07:14:17,3321.65,INR,SUCCESS,QR
T103146,M1009,C57839,2026-09-05 10:08:35,18758.61,INR,SUCCESS,POS
T103147,M1024,C69865,2026-09-05 15:18:22,278649.50,INR,SUCCESS,POS
T103148,M1009,C66570,2026-09-05 07:39:17,31765.09,INR,SUCCESS,POS
T103149,M1006,C52668,2026-09-05 17:21:24,44195.30,INR,SUCCESS,QR
T103150,M1006,C54117,2026-09-05 06:57:24,45393.16,INR,SUCCESS,QR
T103151,M1005,C77186,2026-09-05 18:13:09,1246.28,INR,SUCCESS,ONLINE
T103152,M1011,C86256,2026-09-05 07:56:12,2622.35,INR,SUCCESS,ONLINE
T103153,M1007,C96093,2026-09-05 07:32:22,34022.67,INR,SUCCESS,POS
T103154,M1009,C50794,2026-09-05 10:28:11,19374.39,INR,SUCCESS,QR
T103155,M1022,C73352,2026-09-05 20:57:20,2437.91,INR,SUCCESS,POS
T103156,M1025,C93805,2026-09-05 17:40:28,241611.37,INR,SUCCESS,ONLINE
T103157,M1014,C92803,2026-09-05 06:30:07,40655.80,INR,SUCCESS,QR
T103158,M1018,C54590,2026-09-05 13:21:13,55445.03,INR,FAILED,POS
T103159,M1008,C72184,2026-09-05 06:14:49,3498.70,INR,SUCCESS,QR
T103160,M1022,C76425,2026-09-05 18:46:08,374835.59,INR,SUCCESS,ONLINE
T103161,M1015,C80113,2026-09-05 15:10:25,340400.25,INR,SUCCESS,POS
T103162,M1014,C78809,2026-09-05 08:11:08,348705.65,INR,SUCCESS,ONLINE
T103163,M1020,C84317,2026-09-05 20:52:55,73336.03,INR,SUCCESS,QR
T103164,M1028,C63288,2026-09-05 09:58:37,180596.31,INR,SUCCESS,POS
T103165,M1004,C71434,2026-09-05 09:02:35,3111.73,INR,SUCCESS,QR
T103166,M1009,C95645,2026-09-05 21:45:41,44281.78,INR,SUCCESS,QR
T103167,M1023,C60444,2026-09-05 19:20:11,27445.43,INR,SUCCESS,POS
T103168,M1019,C99496,2026-09-05 15:13:20,3196.74,INR,SUCCESS,QR
T103169,M1000,C68132,2026-09-05 16:03:31,47773.49,INR,SUCCESS,POS
T103170,M1027,C67179,2026-09-05 21:27:31,11748.73,INR,SUCCESS,QR
T103171,M1025,C62877,2026-09-05 14:51:40,38253.80,INR,SUCCESS,QR
T103172,M1018,C87692,2026-09-05 18:50:42,54266.35,INR,SUCCESS,POS
T103173,M1000,C53111,2026-09-05 06:07:15,311849.69,INR,SUCCESS,ONLINE
T103174,M1011,C68986,2026-09-05 12:58:59,274940.09,INR,SUCCESS,ONLINE
T103175,M1025,C95219,2026-09-05 13:04:39,1776.27,INR,SUCCESS,ONLINE
T103176,M1011,C59175,2026-09-05 08:08:34,193935.48,INR,REVERSED,QR
T103177,M1029,C96302,2026-09-05 18:46:22,2489.33,INR,SUCCESS,ONLINE
T103178,M1024,C94381,2026-09-05 08:06:16,3676.82,INR,SUCCESS,QR
T103179,M1009,C94530,2026-09-05 09:06:55,2784.61,INR,SUCCESS,ONLINE
T103180,M1014,C86141,2026-09-05 21:57:15,2857.38,INR,SUCCESS,ONLINE
T103181,M1007,C80450,2026-09-05 13:41:21,45485.35,INR,SUCCESS,ONLINE
T103182,M1013,C51577,2026-09-05 17:16:55,1952.95,INR,SUCCESS,ONLINE
T103183,M1014,C88835,2026-09-05 06:18:40,25892.43,INR,SUCCESS,QR
T103184,M1018,C85970,2026-09-05 20:43:13,42388.59,INR,SUCCESS,POS
T103185,M1013,C76901,2026-09-05 21:59:33,926.12,INR,SUCCESS,POS
T103186,M1022,C98017,2026-09-05 20:02:10,2366.26,INR,SUCCESS,ONLINE
T103187,M1004,C89665,2026-09-05 15:17:03,338654.67,INR,SUCCESS,QR
T103188,M1001,C84432,2026-09-05 12:54:08,297616.46,INR,SUCCESS,ONLINE
T103189,M1004,C55118,2026-09-05 09:43:40,14542.87,INR,SUCCESS,POS
T103190,M1022,C78276,2026-09-05 15:09:40,1168.45,INR,SUCCESS,QR
T103191,M1026,C72510,2026-09-05 19:39:37,3622.43,INR,SUCCESS,ONLINE
T103192,M1029,C86847,2026-09-05 10:53:07,29462.09,INR,SUCCESS,QR
T103193,M1004,C69844,2026-09-05 10:22:04,754.35,INR,SUCCESS,ONLINE
T103194,M1008,C63599,2026-09-05 06:13:41,57540.95,INR,SUCCESS,POS
T103195,M1008,C70736,2026-09-05 07:23:31,848.47,INR,SUCCESS,POS
T103196,M1029,C91297,2026-09-05 13:09:35,31386.92,INR,SUCCESS,ONLINE
T103197,M1001,C67313,2026-09-05 09:09:47,258877.05,INR,SUCCESS,ONLINE
T103198,M1005,C90005,2026-09-05 09:21:58,119568.86,INR,SUCCESS,QR
T103199,M1021,C93703,2026-09-05 11:05:15,1871.47,INR,REVERSED,QR
T103200,M1017,C82061,2026-09-05 14:15:55,297412.62,INR,SUCCESS,ONLINE
T103201,M1029,C55861,2026-09-05 06:09:24,208097.38,INR,SUCCESS,ONLINE
T103202,M1026,C96894,2026-09-05 18:42:50,39462.41,INR,SUCCESS,ONLINE
T103203,M1010,C62956,2026-09-05 09:23:50,33074.21,INR,SUCCESS,POS
T103204,M1011,C62088,2026-09-05 18:22:03,25561.01,INR,SUCCESS,POS
T103205,M1002,C53458,2026-09-05 16:26:21,43095.62,INR,SUCCESS,POS
T103206,M1025,C81164,2026-09-05 14:21:37,32490.89,INR,SUCCESS,QR
T103207,M9999,C80234,2026-09-05 21:02:18,331881.45,INR,SUCCESS,QR
T103208,M1009,C67060,2026-09-05 07:34:38,8830.33,INR,SUCCESS,QR
T103209,M1005,C83424,2026-09-05 07:10:54,4590.21,INR,SUCCESS,QR
T103210,M1024,C80119,2026-09-05 20:16:26,3130.94,INR,SUCCESS,POS
T103211,M1001,C65641,2026-09-05 17:19:48,172769.99,INR,SUCCESS,ONLINE
T103212,M1024,C73621,2026-09-05 15:15:39,171411.97,INR,FAILED,POS
T103213,M1024,C99723,2026-09-05 06:22:21,355531.53,INR,SUCCESS,POS
T103214,M1000,C63649,2026-09-05 10:07:49,3476.34,INR,SUCCESS,QR
T103215,M1005,C77622,2026-09-05 16:25:09,68562.65,INR,FAILED,QR
T103216,M1022,C79756,2026-09-05 17:33:49,30111.88,INR,SUCCESS,QR
T103217,M1003,C51306,2026-09-05 21:33:51,2940.01,INR,SUCCESS,POS
T103218,M1012,C50240,2026-09-05 21:35:28,8880.77,INR,SUCCESS,POS
T103219,M1015,C61741,2026-09-05 21:05:01,30164.90,INR,SUCCESS,POS
T103220,M1002,C78840,2026-09-05 12:43:56,47396.83,INR,SUCCESS,ONLINE
T103221,M1018,C79645,2026-09-05 06:08:57,228.63,INR,SUCCESS,ONLINE
T103222,M1007,C97191,2026-09-05 10:21:51,17070.28,INR,SUCCESS,ONLINE
T103223,M1022,C61247,2026-09-05 15:03:45,429.31,INR,SUCCESS,ONLINE
T103224,M1006,C68642,2026-09-05 19:32:44,399592.78,INR,SUCCESS,POS
T103225,M1012,C68576,2026-09-05 21:22:51,242341.27,INR,SUCCESS,POS
T103226,M1008,C70958,2026-09-05 14:37:15,1592.90,INR,SUCCESS,QR
T103227,M1022,C66981,2026-09-05 11:46:41,28863.11,INR,REVERSED,ONLINE
T103228,M1029,C79155,2026-09-05 18:41:14,1763.21,INR,SUCCESS,ONLINE
T103229,M1008,C83838,2026-09-05 13:49:08,162913.09,INR,SUCCESS,QR
T103230,M1013,C58037,2026-09-05 09:23:40,18008.53,INR,SUCCESS,ONLINE
T103231,M1024,C79074,2026-09-05 18:09:29,73845.12,INR,SUCCESS,ONLINE
T103232,,C89453,2026-09-05 07:51:06,57272.06,INR,SUCCESS,ONLINE
T103233,M1007,C90049,2026-09-05 10:31:36,1944.46,INR,SUCCESS,ONLINE
T103234,M1016,C50685,2026-09-05 18:09:58,37394.80,INR,SUCCESS,QR
T103235,M1029,C60918,2026-09-05 09:46:20,199528.67,INR,SUCCESS,POS
T103236,M1018,C87432,2026-09-05 15:27:55,2177.80,INR,SUCCESS,ONLINE
T103237,M1005,C63020,2026-09-05 13:36:00,1618.03,INR,SUCCESS,QR
T103238,M1004,C99767,2026-09-05 17:17:14,5087.74,INR,SUCCESS,ONLINE
T103239,M1008,C98953,2026-09-05 08:44:24,113040.92,INR,SUCCESS,POS
T103240,M1003,C71155,2026-09-05 07:15:14,331999.58,INR,SUCCESS,ONLINE
T103241,M1016,C99428,2026-09-05 15:15:24,47177.54,INR,SUCCESS,POS
T103242,M1024,C71953,2026-09-05 14:17:04,461.17,INR,SUCCESS,ONLINE
T103243,M1014,C82242,2026-09-05 11:27:33,42490.99,INR,SUCCESS,QR
T103244,M1021,C97625,2026-09-05 10:26:31,334004.48,INR,SUCCESS,QR
T103245,M1028,C57583,2026-09-05 16:13:32,201957.36,INR,SUCCESS,QR
T103246,M1025,C57699,2026-09-05 07:17:12,53459.02,INR,REVERSED,QR
T103247,M1009,C58721,2026-09-05 13:02:14,21378.48,INR,SUCCESS,QR
T103248,M1028,C59624,2026-09-05 20:29:29,369340.26,INR,SUCCESS,ONLINE
T103249,M1022,C66773,2026-09-05 06:48:43,13325.36,INR,SUCCESS,POS
T103250,M1010,C50777,2026-09-05 16:19:29,2858.22,INR,SUCCESS,POS
T103251,M1004,C93580,2026-09-05 09:39:19,15640.49,INR,SUCCESS,POS
T103252,M1001,C70886,2026-09-05 17:56:49,48495.49,INR,SUCCESS,ONLINE
T103253,M1000,C78790,2026-09-05 20:36:30,299799.58,INR,SUCCESS,POS
T103254,M1023,C50889,2026-09-05 08:05:46,40410.27,INR,SUCCESS,QR
T103255,M1027,C80867,2026-09-05 09:49:57,2041.53,INR,SUCCESS,QR
T103256,M1020,C85031,2026-09-05 19:11:00,817.80,INR,SUCCESS,POS
T103257,M1008,C93072,2026-09-05 09:30:05,37036.97,INR,SUCCESS,QR
T103258,M1014,C79665,2026-09-05 13:03:12,31120.54,INR,SUCCESS,ONLINE
T103259,M1002,C75003,2026-09-05 15:51:09,39475.38,INR,SUCCESS,ONLINE
T103260,M1029,C77235,2026-09-05 14:53:56,359355.27,INR,SUCCESS,QR
T103261,M1029,C88949,2026-09-05 17:44:53,46309.03,INR,SUCCESS,ONLINE
T103262,M1005,C52983,2026-09-05 09:24:04,1355.81,INR,FAILED,POS
T103263,M1027,C93126,2026-09-05 18:12:55,556.45,INR,SUCCESS,QR
T103264,M1027,C55759,2026-09-05 14:03:12,51167.88,INR,SUCCESS,QR
T103265,M1005,C57920,2026-09-05 17:23:28,3224.44,INR,SUCCESS,POS
T103266,M1015,C69147,2026-09-05 08:05:14,234.29,INR,SUCCESS,QR
T103267,M1004,C72303,2026-09-05 12:03:43,17192.37,INR,SUCCESS,QR
T103268,M1005,C50801,2026-09-05 17:40:30,214779.04,INR,SUCCESS,ONLINE
T103269,M1015,C61460,2026-09-05 14:31:48,1972.33,INR,SUCCESS,ONLINE
T103270,M1018,C94236,2026-09-05 22:30:14,31806.19,INR,SUCCESS,POS
T103271,M1015,C55234,2026-09-05 09:10:22,1623.08,INR,SUCCESS,ONLINE
T103272,M1001,C78771,2026-09-05 06:01:29,2554.39,INR,SUCCESS,QR
T103273,M1008,C62274,2026-09-05 09:56:42,329.31,INR,SUCCESS,ONLINE
T103274,M1022,C65629,2026-09-05 12:45:53,302667.00,INR,SUCCESS,ONLINE
T103275,M1022,C54421,2026-09-05 13:01:26,346304.29,INR,SUCCESS,ONLINE
T103276,M1007,C70074,2026-09-05 18:46:59,49665.02,INR,SUCCESS,QR
T103277,M1016,C65321,2026-09-05 17:20:33,42977.74,INR,SUCCESS,ONLINE
T103278,M1007,C61705,2026-09-05 16:02:05,34646.33,INR,SUCCESS,QR
T103279,M1013,C84692,2026-09-05 13:44:42,327696.01,INR,SUCCESS,POS
T103280,M1010,C60179,2026-09-05 10:07:47,53714.63,INR,SUCCESS,ONLINE
T103281,M1005,C79015,2026-09-05 07:19:53,10556.00,INR,SUCCESS,QR
T103282,M1028,C94125,2026-09-05 09:37:35,1496.18,INR,SUCCESS,ONLINE
T103283,M1004,C93419,2026-09-05 12:18:16,59878.88,INR,SUCCESS,POS
T103284,M1011,C71773,2026-09-05 14:06:35,45760.35,INR,SUCCESS,POS
T103285,M1024,C94105,2026-09-05 21:51:38,3376.04,INR,REVERSED,ONLINE
T103286,M1000,C58337,2026-09-05 16:29:29,210623.76,INR,SUCCESS,POS
T103287,,C79046,2026-09-05 14:01:42,149193.42,INR,SUCCESS,QR
T103288,M1002,C95616,2026-09-05 16:33:14,119699.03,INR,SUCCESS,QR
T103289,M1024,C79361,2026-09-05 15:25:43,25330.46,INR,SUCCESS,POS
T103290,M1020,C52604,2026-09-05 15:51:19,17544.25,INR,SUCCESS,QR
T103291,M1008,C52622,2026-09-05 15:41:06,1495.44,INR,SUCCESS,ONLINE
T103292,M1022,C79615,2026-09-05 15:33:20,1936.47,INR,SUCCESS,QR
T103293,M1001,C67702,2026-09-05 20:09:16,316495.98,INR,SUCCESS,ONLINE
T103294,M1012,C71975,2026-09-05 21:17:19,236992.07,INR,SUCCESS,ONLINE
T103295,M1009,C60788,2026-09-05 15:55:08,40125.02,USD,REVERSED,ONLINE
T103296,M1013,C80657,2026-09-05 22:24:17,9303.17,INR,SUCCESS,POS
T103297,M1023,C65164,2026-09-05 18:12:19,1057.00,INR,SUCCESS,QR
T103298,M1009,C88867,2026-09-05 10:10:21,11482.43,INR,SUCCESS,ONLINE
T103299,M1012,C68882,2026-09-05 13:51:17,3001.17,INR,SUCCESS,POS
T103300,M1017,C50853,2026-09-05 07:17:39,2616.68,INR,SUCCESS,ONLINE
T103301,M1014,C65188,2026-09-05 09:58:17,1126.47,INR,FAILED,QR
T103302,M1015,C75450,2026-09-05 15:16:12,19017.13,INR,SUCCESS,POS
T103303,M1020,C54347,2026-09-05 14:11:59,49758.68,INR,FAILED,POS
T103304,M1018,C80820,2026-09-05 20:09:41,167712.12,INR,SUCCESS,POS
T103305,M1003,C64870,2026-09-05 09:33:22,119270.93,INR,SUCCESS,QR
T103306,M1017,C82202,2026-09-05 20:41:18,197223.19,INR,SUCCESS,POS
T103307,M1011,C80946,2026-09-05 06:17:22,2855.87,INR,SUCCESS,ONLINE
T103308,M1022,C91641,2026-09-05 15:31:31,262992.27,INR,SUCCESS,ONLINE
T103309,M1027,C95627,2026-09-05 09:33:13,165877.08,INR,SUCCESS,POS
T103310,M1018,C83202,2026-09-05 15:46:39,212822.07,INR,SUCCESS,QR
T103311,M1007,C79021,2026-09-05 08:22:38,14647.02,INR,SUCCESS,POS
T103312,M1009,C89137,2026-09-05 19:28:19,47311.88,INR,SUCCESS,ONLINE
T103313,M1009,C64612,2026-09-05 16:04:22,309907.86,INR,SUCCESS,POS
T103314,M1025,C65820,2026-09-05 13:35:05,329557.21,INR,SUCCESS,ONLINE
T103315,M1013,C61698,2026-09-05 08:45:10,134114.54,INR,SUCCESS,ONLINE
T103316,M1001,C93562,2026-09-05 11:59:52,1437.97,INR,SUCCESS,POS
T103317,M1009,C96949,2026-09-05 14:44:24,16393.23,INR,SUCCESS,POS
T103318,M1022,C95165,2026-09-05 07:40:08,187.10,INR,SUCCESS,QR
T103319,M1011,C75710,2026-09-05 07:24:52,1809.36,INR,SUCCESS,QR
T103320,M1025,C87854,2026-09-05 06:33:42,44216.34,INR,SUCCESS,POS
T103321,M1022,C65760,2026-09-05 16:27:11,48210.81,INR,SUCCESS,QR
T103322,M1017,C80122,2026-09-05 16:57:42,42336.46,INR,SUCCESS,ONLINE
T103323,M1013,C54909,2026-09-05 18:10:06,3842.15,INR,FAILED,ONLINE
T103324,M1005,C91287,2026-09-05 15:26:21,42442.19,INR,SUCCESS,QR
T103325,M1009,C68723,2026-09-05 07:22:03,713.28,INR,SUCCESS,ONLINE
T103326,M1027,C97078,2026-09-05 06:25:33,350984.19,INR,SUCCESS,POS
T103327,M1015,C56530,2026-09-05 15:56:28,675.12,INR,FAILED,POS
T103328,M1010,C84478,2026-09-05 12:16:07,1414.00,INR,SUCCESS,ONLINE
T103329,M1017,C71663,2026-09-05 15:18:43,59884.26,INR,SUCCESS,ONLINE
T103330,M1012,C84497,2026-09-05 13:19:44,46385.90,INR,SUCCESS,QR
T103331,M1016,C74765,2026-09-05 22:57:06,14798.03,INR,SUCCESS,ONLINE
T103332,M1029,C54516,2026-09-05 10:25:13,41243.90,INR,SUCCESS,POS
T103333,M1011,C65295,2026-09-05 06:47:42,492.81,INR,SUCCESS,ONLINE
T103334,M1025,C94004,2026-09-05 09:20:38,2081.24,INR,SUCCESS,ONLINE
T103335,M1018,C50684,2026-09-05 15:42:56,2517.81,INR,SUCCESS,ONLINE
T103336,M1024,C58376,2026-09-05 06:55:51,241234.31,INR,SUCCESS,QR
T103337,M1022,C95376,2026-09-05 17:21:32,156050.07,INR,SUCCESS,QR
T103338,M1015,C89259,2026-09-05 07:14:51,205.90,INR,SUCCESS,QR
T103339,M1010,C65968,2026-09-05 13:57:30,2020.59,INR,SUCCESS,ONLINE
T103340,M1003,C94404,2026-09-05 22:49:12,9788.29,INR,SUCCESS,ONLINE
T103341,M1002,C56826,2026-09-05 20:45:49,3017.44,INR,FAILED,POS
T103342,M1010,C95259,2026-09-05 16:25:14,527.34,INR,SUCCESS,POS
T103343,M1000,C60082,2026-09-05 11:40:39,3132.56,INR,SUCCESS,ONLINE
T103344,M1023,C97718,2026-09-05 16:02:49,30593.43,INR,SUCCESS,POS
T103345,M1012,C98229,2026-09-05 10:57:18,3297.45,INR,SUCCESS,ONLINE
T103346,M1017,C71710,2026-09-05 08:24:28,384845.29,INR,SUCCESS,QR
T103347,M1026,C76373,2026-09-05 08:36:35,67820.33,INR,SUCCESS,ONLINE
T103348,M1005,C76408,2026-09-05 08:30:28,339759.30,INR,SUCCESS,QR
T103349,M1015,C57915,2026-09-05 12:57:05,52307.68,INR,SUCCESS,QR
T103350,M1022,C58642,2026-09-05 09:23:50,331965.59,INR,SUCCESS,POS
T103351,M1004,C82629,2026-09-05 20:46:46,3629.56,INR,SUCCESS,POS
T103352,M1011,C67063,2026-09-05 13:06:42,3767.81,INR,SUCCESS,ONLINE
T103353,M1017,C52062,2026-09-05 09:03:49,527.89,INR,SUCCESS,QR
T103354,M1029,C56482,2026-09-05 15:12:08,1889.88,INR,SUCCESS,QR
T103355,M1014,C71336,2026-09-05 09:44:07,38831.68,INR,SUCCESS,POS
T103356,M1003,C95501,2026-09-05 17:24:42,3546.17,INR,REVERSED,POS
T103357,M1026,C68200,2026-09-05 07:20:40,3204.57,INR,SUCCESS,QR
T103358,M1002,C73385,2026-09-05 09:56:38,43573.95,INR,SUCCESS,ONLINE
T103359,M1001,C85142,2026-09-05 06:53:01,9681.30,INR,FAILED,POS
T103360,M1005,C51421,2026-09-05 20:19:11,11132.89,INR,FAILED,ONLINE
T103361,M1011,C59897,2026-09-05 18:28:20,48102.99,INR,SUCCESS,ONLINE
T103362,M1006,C89659,2026-09-05 06:05:36,156540.65,INR,FAILED,POS
T103363,M1011,C51014,2026-09-05 20:09:17,3537.05,INR,FAILED,QR
T103364,M1025,C90110,2026-09-05 13:01:34,132130.97,INR,SUCCESS,ONLINE
T103365,M1007,C88339,2026-09-05 13:35:37,3254.49,INR,SUCCESS,QR
T103366,M1014,C68720,2026-09-05 14:54:48,95833.67,INR,SUCCESS,ONLINE
T103367,M1015,C88090,2026-09-05 16:18:14,231898.07,INR,FAILED,ONLINE
T103368,M1029,C85248,2026-09-05 13:36:39,43887.57,INR,SUCCESS,POS
T103369,M1008,C70772,2026-09-05 15:13:28,216690.98,INR,SUCCESS,QR
T103370,M1021,C52337,2026-09-05 06:35:37,104908.19,INR,SUCCESS,POS
T103371,M1007,C53510,2026-09-05 21:26:56,267741.11,INR,SUCCESS,ONLINE
T103372,M1025,C75637,2026-09-05 20:28:37,188030.00,INR,REVERSED,ONLINE
T103373,M1028,C51886,2026-09-05 07:27:42,5277.02,INR,SUCCESS,ONLINE
T103374,M1024,C64977,2026-09-05 13:05:02,6181.57,INR,SUCCESS,QR
T103375,M1019,C93209,2026-09-05 08:34:32,310.87,INR,SUCCESS,ONLINE
T103376,M1005,C67649,2026-09-05 11:29:34,195.85,INR,SUCCESS,ONLINE
T103377,M1002,C66659,2026-09-05 12:39:48,214929.32,INR,SUCCESS,POS
T103378,M1013,C67428,2026-09-05 17:05:20,36677.90,INR,SUCCESS,ONLINE
T103379,M1013,C61766,2026-09-05 18:20:51,27554.14,INR,SUCCESS,POS
T103380,M1006,C57496,2026-09-05 09:19:11,49799.72,INR,SUCCESS,ONLINE
T103381,M1028,C80607,2026-09-05 18:49:15,293731.22,INR,SUCCESS,QR
T103382,M1026,C61267,2026-09-05 22:09:57,3800.49,INR,SUCCESS,ONLINE
T103383,M1029,C94681,2026-09-05 19:13:28,158829.51,INR,SUCCESS,ONLINE
T103384,M1021,C67337,2026-09-05 11:18:46,39745.82,INR,SUCCESS,ONLINE
T103385,M1000,C58627,2026-09-05 22:52:38,3520.92,INR,SUCCESS,POS
T103386,M1025,C92293,2026-09-05 16:04:58,118170.89,INR,SUCCESS,POS
T103387,M1003,C72226,2026-09-05 11:29:58,2588.36,INR,SUCCESS,QR
T103388,M1013,C89261,2026-09-05 09:30:06,54441.51,INR,SUCCESS,QR
T103389,M1009,C73681,2026-09-05 10:33:35,349587.21,INR,SUCCESS,QR
T103390,M1014,C94680,2026-09-05 19:17:36,274628.44,INR,SUCCESS,QR
T103391,M1012,C96572,2026-09-05 08:03:29,2710.00,INR,FAILED,POS
T103392,M1022,C53222,2026-09-05 17:43:39,1915.97,INR,FAILED,ONLINE
T103393,M9999,C62011,2026-09-05 21:38:05,29357.36,INR,SUCCESS,QR
T103394,M1011,C86282,2026-09-05 06:09:05,237061.89,INR,SUCCESS,QR
T103395,M1005,C86047,2026-09-05 21:52:07,305637.84,INR,SUCCESS,QR
T103396,M1016,C85643,2026-09-05 18:32:28,376488.07,INR,SUCCESS,POS
T103397,M1015,C82241,2026-09-05 17:03:32,73881.35,INR,SUCCESS,QR
T103398,M1012,C61729,2026-09-05 21:47:51,247996.41,INR,SUCCESS,ONLINE
T103399,M1013,C85306,2026-09-05 14:10:19,49015.20,INR,SUCCESS,ONLINE
T103400,M1006,C69571,2026-09-05 20:56:59,12032.74,INR,SUCCESS,QR
T103401,M1025,C92499,2026-09-05 15:37:24,24222.73,INR,SUCCESS,QR
T103402,M1023,C72193,2026-09-05 08:50:23,256863.64,INR,SUCCESS,POS
T103403,M1018,C56574,2026-09-05 21:20:46,326074.83,INR,SUCCESS,POS
T103404,M1012,C86102,2026-09-05 10:24:43,38176.37,INR,SUCCESS,QR
T103405,M1016,C88527,2026-09-05 18:51:21,2431.34,INR,SUCCESS,ONLINE
T103406,M1000,C94995,2026-09-05 19:48:27,105313.41,INR,SUCCESS,POS
T103407,M1018,C88272,2026-09-05 09:29:22,77691.03,INR,SUCCESS,QR
T103408,M1001,C99046,2026-09-05 07:46:54,484.89,INR,SUCCESS,POS
T103409,M1023,C76613,2026-09-05 21:53:44,3475.54,INR,SUCCESS,POS
T103410,M1010,C93920,2026-09-05 16:24:03,123056.95,INR,SUCCESS,QR
T103411,M1000,C61912,2026-09-05 10:01:21,3275.19,INR,SUCCESS,ONLINE
T103412,M1018,C70512,2026-09-05 07:42:11,3408.16,INR,SUCCESS,ONLINE
T103413,M1010,C51350,2026-09-05 15:51:37,22427.24,INR,SUCCESS,POS
T103414,M1012,C70001,2026-09-05 11:17:08,2271.07,INR,SUCCESS,QR
T103415,M1023,C66175,2026-09-05 10:38:41,13665.70,INR,REVERSED,POS
T103416,M1029,C60398,2026-09-05 18:11:00,1527.47,INR,SUCCESS,ONLINE
T103417,M1028,C94991,2026-09-05 18:48:17,24609.68,INR,SUCCESS,QR
T103418,M1023,C73927,2026-09-05 11:44:08,28602.98,INR,SUCCESS,ONLINE
T103419,M1029,C86195,2026-09-05 18:41:54,74017.51,INR,SUCCESS,QR
T103420,M1014,C57127,2026-09-05 12:22:41,78350.00,INR,SUCCESS,POS
T103421,M1017,C85744,2026-09-05 08:02:04,199583.39,INR,FAILED,QR
T103422,M1019,C77269,2026-09-05 20:47:22,23266.20,INR,SUCCESS,QR
T103423,M1003,C92294,2026-09-05 17:47:32,59344.45,INR,FAILED,QR
T103424,M1022,C89885,2026-09-05 06:09:21,40370.88,INR,SUCCESS,ONLINE
T103425,M1016,C66235,2026-09-05 06:37:00,300646.68,INR,SUCCESS,QR
T103426,M1028,C52595,2026-09-05 12:26:08,3323.35,INR,SUCCESS,POS
T103427,M1004,C60804,2026-09-05 06:10:47,275970.56,INR,SUCCESS,ONLINE
T103428,M1021,C64833,2026-09-05 14:14:01,244.79,INR,SUCCESS,QR
T103429,M1029,C62913,2026-09-05 09:52:55,152090.95,INR,FAILED,ONLINE
T103430,M1021,C52342,2026-09-05 09:07:44,28404.23,INR,SUCCESS,QR
T103431,M1017,C91283,2026-09-05 20:55:21,3388.42,INR,SUCCESS,QR
T103432,M1005,C60722,2026-09-05 10:22:22,3537.98,INR,SUCCESS,QR
T103433,M1005,C72183,2026-09-05 22:18:51,154269.97,INR,FAILED,POS
T103434,M1021,C64108,2026-09-05 21:53:04,416.44,INR,SUCCESS,POS
T103435,M1005,C61834,2026-09-05 21:26:37,1231.59,INR,SUCCESS,QR
T103436,M1028,C78701,2026-09-05 16:10:19,176388.60,INR,SUCCESS,POS
T103437,M1014,C86734,2026-09-05 17:23:59,33304.86,INR,SUCCESS,POS
T103438,M1008,C87273,2026-09-05 17:34:25,839.68,INR,SUCCESS,ONLINE
T103439,M1024,C94196,2026-09-05 08:41:50,3464.37,INR,SUCCESS,QR
T103440,M1009,C66845,2026-09-05 20:59:01,31940.06,INR,SUCCESS,QR
T103441,M1022,C64282,2026-09-05 11:22:02,264688.78,INR,FAILED,POS
T103442,M1021,C51801,2026-09-05 16:55:10,2407.85,INR,SUCCESS,POS
T103443,M1005,C83549,2026-09-05 15:45:21,25826.36,INR,SUCCESS,POS
T103444,M1003,C91012,2026-09-05 07:19:29,157.72,INR,SUCCESS,ONLINE
T103445,M1021,C88171,2026-09-05 19:47:01,10818.85,INR,SUCCESS,POS
T103446,M1003,C53552,2026-09-05 22:03:11,857.02,INR,SUCCESS,ONLINE
T103447,M1028,C50959,2026-09-05 22:52:34,3539.93,INR,SUCCESS,ONLINE
T103448,M1008,C50026,2026-09-05 07:34:53,118257.08,INR,SUCCESS,POS
T103449,M1007,C86313,2026-09-05 18:51:04,55986.91,INR,SUCCESS,QR
T103450,M1023,C73543,2026-09-05 15:30:46,2976.43,INR,SUCCESS,ONLINE
T103451,M1017,C59860,2026-09-05 22:15:00,3400.15,INR,SUCCESS,POS
T103452,M1018,C81953,2026-09-05 11:30:28,67533.12,INR,SUCCESS,QR
T103453,M1017,C70634,2026-09-05 15:23:28,3703.62,INR,REVERSED,QR
T103454,M1019,C97118,2026-09-05 10:03:25,395101.94,INR,SUCCESS,ONLINE
T103455,M1016,C52162,2026-09-05 19:03:26,2023.81,INR,SUCCESS,QR
T103456,M1005,C72370,2026-09-05 06:44:15,27692.60,INR,SUCCESS,POS
T103457,M1013,C73969,2026-09-05 22:16:47,228.65,INR,SUCCESS,ONLINE
T103458,M1024,C69515,2026-09-05 14:28:04,221987.23,INR,SUCCESS,ONLINE
T103459,M1029,C74738,2026-09-05 19:00:45,344603.13,INR,SUCCESS,POS
T103460,M1008,C75232,2026-09-05 12:00:33,310068.64,INR,SUCCESS,ONLINE
T103461,M1011,C67795,2026-09-05 15:17:13,10679.61,INR,SUCCESS,QR
T103462,M1004,C64847,2026-09-05 11:57:21,265.55,INR,SUCCESS,QR
T103463,M1019,C63424,2026-09-05 14:50:18,98620.10,INR,SUCCESS,QR
T103464,M1004,C53986,2026-09-05 11:29:46,14764.25,INR,FAILED,POS
T103465,M1014,C95232,2026-09-05 17:00:38,2420.48,INR,SUCCESS,ONLINE
T103466,M1027,C98660,2026-09-05 16:05:02,10264.64,INR,SUCCESS,POS
T103467,M1014,C56070,2026-09-05 21:38:32,2372.24,INR,SUCCESS,POS
T103468,M1026,C90925,2026-09-05 06:35:37,1722.29,INR,SUCCESS,QR
T103469,M1016,C73414,2026-09-05 16:21:10,117545.30,INR,SUCCESS,ONLINE
T103470,M1029,C80566,2026-09-05 13:26:15,17655.40,INR,SUCCESS,QR
T103471,M1009,C60138,2026-09-05 21:18:46,27025.05,INR,SUCCESS,QR
T103472,M1015,C74233,2026-09-05 20:38:17,3778.08,INR,SUCCESS,QR
T103473,M1016,C94220,2026-09-05 22:05:25,53354.75,INR,SUCCESS,POS
T103474,M1024,C50265,2026-09-05 07:19:00,34448.57,INR,SUCCESS,ONLINE
T103475,M1021,C78317,2026-09-05 07:27:10,66335.39,INR,SUCCESS,QR
T103476,M1016,C56909,2026-09-05 20:34:50,53752.82,INR,FAILED,POS
T103477,M1008,C55423,2026-09-05 07:59:04,2140.90,INR,SUCCESS,POS
T103478,M1009,C52749,2026-09-05 17:24:27,354443.25,INR,SUCCESS,POS
T103479,M1023,C80176,2026-09-05 14:12:24,1137.56,INR,SUCCESS,POS
T103480,M1024,C68087,2026-09-05 12:35:58,3664.00,INR,SUCCESS,POS
T103481,M1013,C70896,2026-09-05 14:47:04,736.55,INR,SUCCESS,POS
T103482,M1018,C63282,2026-09-05 17:41:07,2212.50,INR,SUCCESS,QR
T103483,M1023,C87697,2026-09-05 16:59:17,890.30,INR,SUCCESS,POS
T103484,M1016,C97087,2026-09-05 17:40:30,218415.34,INR,SUCCESS,POS
T103485,M1020,C66192,2026-09-05 13:51:00,53563.82,INR,SUCCESS,POS
T103486,M1023,C94429,2026-09-05 13:54:28,58243.53,INR,SUCCESS,ONLINE
T103487,M1001,C67312,2026-09-05 16:06:57,29211.23,INR,FAILED,QR
T103488,M1004,C77822,2026-09-05 09:59:22,29614.54,INR,SUCCESS,QR
T103489,M1021,C82691,2026-09-05 14:18:23,3770.89,INR,SUCCESS,ONLINE
T103490,M1027,C87921,2026-09-05 07:49:56,271907.63,INR,SUCCESS,QR
T103491,M1004,C87401,2026-09-05 09:10:07,1282.94,INR,SUCCESS,ONLINE
T103492,M1010,C76298,2026-09-05 14:18:48,32514.45,INR,SUCCESS,POS
T103493,M1020,C84583,2026-09-05 15:31:11,288331.00,INR,SUCCESS,POS
T103494,M1027,C77319,2026-09-05 08:00:39,337.75,INR,REVERSED,POS
T103495,M1004,C69316,2026-09-05 09:30:40,18457.97,INR,SUCCESS,ONLINE
T103496,M1028,C77418,2026-09-05 18:02:36,3369.54,INR,SUCCESS,ONLINE
T103497,M1021,C70864,2026-09-05 17:02:05,312739.35,INR,SUCCESS,QR
T103498,M1019,C94663,2026-09-05 18:35:33,266.01,INR,SUCCESS,POS
T103499,M1010,C94260,2026-09-05 10:24:57,805.58,INR,SUCCESS,QR
T103500,M1014,C60054,2026-09-05 15:30:49,3854.02,INR,SUCCESS,ONLINE
T103501,M1021,C66098,2026-09-05 08:10:16,16379.03,INR,SUCCESS,QR
T103502,M1005,C72938,2026-09-05 15:49:05,18844.90,INR,SUCCESS,ONLINE
T103503,M1000,C77074,2026-09-05 14:19:00,3455.27,INR,FAILED,POS
T103504,M1025,C53440,2026-09-05 18:20:47,54868.67,INR,SUCCESS,QR
T103505,M1029,C80958,2026-09-05 06:48:41,948.73,INR,SUCCESS,QR
T103506,M1000,C61760,2026-09-05 17:29:22,230163.65,INR,SUCCESS,QR
T103507,M1002,C58036,2026-09-05 07:20:38,71372.15,INR,SUCCESS,ONLINE
T103508,M1009,C53455,2026-09-05 14:07:05,81936.47,INR,SUCCESS,ONLINE
T103509,M1021,C92990,2026-09-05 16:26:22,32442.09,INR,REVERSED,POS
T103510,M1028,C83322,2026-09-05 21:36:46,446.35,INR,FAILED,POS
T103511,M1027,C54995,2026-09-05 19:21:46,3422.50,INR,REVERSED,ONLINE
T103512,M1007,C69491,2026-09-05 12:35:32,2858.14,INR,FAILED,QR
T103513,M1016,C98533,2026-09-05 14:48:32,149740.68,INR,FAILED,POS
T103514,M1012,C85202,2026-09-05 21:23:12,327.19,INR,SUCCESS,QR
T103515,M1008,C57258,2026-09-05 22:28:26,42649.58,INR,SUCCESS,QR
T103516,M1026,C82465,2026-09-05 11:53:37,769.03,INR,SUCCESS,POS
T103517,M1005,C69843,2026-09-05 17:45:15,321276.95,INR,FAILED,ONLINE
T103518,M1004,C65442,2026-09-05 10:45:50,41183.32,INR,SUCCESS,POS
T103519,M1012,C61941,2026-09-05 16:54:50,50344.41,INR,SUCCESS,QR
T103520,M1009,C96744,2026-09-05 21:29:23,633.80,INR,SUCCESS,ONLINE
T103521,M1028,C75687,2026-09-05 13:58:04,9497.86,INR,SUCCESS,POS
T103522,M1002,C89556,2026-09-05 21:14:52,3665.91,INR,SUCCESS,POS
T103523,M1011,C99415,2026-09-05 13:23:15,2548.82,INR,SUCCESS,ONLINE
T103524,M1023,C92101,2026-09-05 17:53:13,292373.94,INR,SUCCESS,POS
T103525,M1000,C80461,2026-09-05 15:02:18,169347.84,INR,REVERSED,POS
T103526,M1009,C82515,2026-09-05 10:19:54,50370.95,INR,SUCCESS,QR
T103527,M1007,C81967,2026-09-05 16:05:00,2714.00,INR,SUCCESS,QR
T103528,M1001,C92141,2026-09-05 17:43:06,138298.04,INR,SUCCESS,ONLINE
T103529,M1024,C59466,2026-09-05 08:13:29,807.70,INR,SUCCESS,POS
T103530,M1014,C70488,2026-09-05 21:49:19,2138.84,INR,SUCCESS,POS
T103531,M1020,C96840,2026-09-05 18:55:20,417.29,INR,SUCCESS,POS
T103532,M1001,C95323,2026-09-05 20:48:53,1689.99,INR,SUCCESS,QR
T103533,M1017,C58507,2026-09-05 09:21:40,40306.54,INR,FAILED,ONLINE
T103534,M1007,C94187,2026-09-05 13:44:19,1653.65,INR,SUCCESS,POS
T103535,M1025,C51215,2026-09-05 19:26:03,43675.05,INR,FAILED,QR
T103536,M1008,C81037,2026-09-05 22:11:15,19359.25,INR,SUCCESS,POS
T103537,M1025,C74403,2026-09-05 16:30:59,1944.54,INR,SUCCESS,POS
T103538,M1002,C64921,2026-09-05 10:57:49,2550.10,INR,SUCCESS,QR
T103539,M1012,C59310,2026-09-05 18:38:16,33817.25,INR,FAILED,ONLINE
T103540,M1022,C50612,2026-09-05 22:39:31,255.46,INR,SUCCESS,QR
T103541,M1022,C65727,2026-09-05 17:40:17,24488.88,INR,SUCCESS,POS
T103542,M1014,C57828,2026-09-05 06:55:19,3063.57,INR,SUCCESS,ONLINE
T103543,M1002,C78930,2026-09-05 20:23:59,201.95,INR,SUCCESS,POS
T103544,M1002,C77985,2026-09-05 12:22:36,3597.57,INR,SUCCESS,ONLINE
T103545,M1020,C86811,2026-09-05 10:56:06,390746.74,INR,SUCCESS,ONLINE
T103546,M1029,C74958,2026-09-05 22:40:54,338292.84,INR,SUCCESS,ONLINE
T103547,M1008,C92412,2026-09-05 14:48:06,37535.35,INR,SUCCESS,QR
T103548,M1001,C77721,2026-09-05 09:25:35,21436.03,INR,SUCCESS,QR
T103549,M1013,C63635,2026-09-05 15:31:30,220718.41,INR,SUCCESS,POS
T103550,M1018,C78117,2026-09-05 07:06:18,78053.47,INR,SUCCESS,POS
T103551,M1018,C92572,2026-09-05 13:25:03,65697.06,INR,SUCCESS,QR
T103552,M1003,C83491,2026-09-05 07:11:36,23298.50,USD,FAILED,ONLINE
T103553,M1025,C89354,2026-09-05 12:25:44,17402.98,INR,SUCCESS,ONLINE
T103554,M1000,C66284,2026-09-05 19:31:47,3972.14,INR,SUCCESS,ONLINE
T103555,M1015,C84231,2026-09-05 18:10:50,8894.06,INR,FAILED,POS
T103556,M1020,C61192,2026-09-05 18:29:07,570.73,INR,SUCCESS,POS
T103557,M1003,C99176,2026-09-05 14:53:07,1913.65,INR,SUCCESS,POS
T103558,M1020,C68462,2026-09-05 18:57:19,194185.28,INR,SUCCESS,POS
T103559,M1004,C77484,2026-09-05 21:55:52,182130.89,INR,SUCCESS,POS
T103560,M1015,C54868,2026-09-05 06:02:06,49685.13,INR,SUCCESS,POS
T103561,M1027,C95660,2026-09-05 08:56:36,52625.62,INR,FAILED,QR
T103562,M1021,C80606,2026-09-05 16:26:39,113430.36,INR,SUCCESS,POS
T103563,M1022,C86818,2026-09-05 11:59:26,56037.77,INR,SUCCESS,POS
T103564,M1027,C67827,2026-09-05 10:40:43,53726.23,INR,SUCCESS,ONLINE
T103565,M1013,C68922,2026-09-05 07:02:53,1585.74,INR,SUCCESS,ONLINE
T103566,M1021,C84815,2026-09-05 17:23:03,1979.39,INR,SUCCESS,POS
T103567,M1004,C57382,2026-09-05 14:37:47,2960.75,INR,SUCCESS,QR
T103568,M1016,C55727,2026-09-05 11:24:40,24596.15,INR,REVERSED,POS
T103569,M1022,C91558,2026-09-05 16:50:13,336394.89,INR,SUCCESS,POS
T103570,M1028,C79204,2026-09-05 11:01:41,574.33,INR,SUCCESS,POS
T103571,M1025,C94543,2026-09-05 18:06:14,69223.24,INR,REVERSED,ONLINE
T103572,M1016,C77722,2026-09-05 16:54:33,354096.60,INR,SUCCESS,ONLINE
T103573,M1002,C86060,2026-09-05 19:20:09,57191.15,INR,SUCCESS,ONLINE
T103574,M1021,C91184,2026-09-05 16:07:54,114787.59,INR,SUCCESS,POS
T103575,M1026,C73819,2026-09-05 10:24:29,847.32,INR,SUCCESS,QR
T103576,M1013,C93336,2026-09-05 08:35:56,631.49,INR,SUCCESS,POS
T103577,M1025,C66025,2026-09-05 17:12:03,2125.46,INR,SUCCESS,POS
T103578,M1027,C62748,2026-09-05 06:57:51,265118.39,INR,SUCCESS,ONLINE
T103579,M1015,C52858,2026-09-05 09:25:47,3906.79,INR,SUCCESS,POS
T103580,M1009,C76046,2026-09-05 21:14:20,29695.08,INR,SUCCESS,ONLINE
T103581,M1013,C81989,2026-09-05 18:43:47,16727.69,INR,SUCCESS,POS
T103582,M1016,C69132,2026-09-05 15:02:31,38424.63,INR,SUCCESS,POS
T103583,M1003,C88386,2026-09-05 11:57:26,56842.68,INR,FAILED,POS
T103584,M1012,C52839,2026-09-05 13:38:38,94480.09,INR,SUCCESS,ONLINE
T103585,M1011,C71092,2026-09-05 16:57:49,188.78,INR,SUCCESS,POS
T103586,M1016,C99499,2026-09-05 07:41:32,185435.29,INR,SUCCESS,QR
T103587,M1004,C94698,2026-09-05 10:17:47,243036.19,INR,SUCCESS,POS
T103588,M1021,C84823,2026-09-05 10:53:37,3022.64,INR,SUCCESS,POS
T103589,M1012,C72570,2026-09-05 21:56:20,97699.92,INR,SUCCESS,ONLINE
T103590,M1018,C56155,2026-09-05 08:17:50,393808.10,INR,FAILED,POS
T103591,M1019,C95333,2026-09-05 07:51:17,58679.02,INR,SUCCESS,POS
T103592,M1029,C76771,2026-09-05 18:54:53,53683.83,INR,SUCCESS,POS
T103593,M1009,C64290,2026-09-05 14:32:08,3177.94,INR,SUCCESS,ONLINE
T103594,M1028,C93933,2026-09-05 20:45:19,308288.92,INR,SUCCESS,QR
T103595,M1000,C58670,2026-09-05 09:02:24,1705.91,INR,SUCCESS,POS
T103596,M1024,C75199,2026-09-05 17:16:15,43227.01,INR,SUCCESS,POS
T103597,M1014,C76756,2026-09-05 16:13:22,12216.23,INR,SUCCESS,POS
T103598,M1020,C77048,2026-09-05 07:54:03,240317.81,INR,SUCCESS,QR
T103599,M1001,C89637,2026-09-05 16:43:24,1017.13,INR,SUCCESS,QR
T103600,M1006,C68224,2026-09-05 18:50:07,47043.30,INR,SUCCESS,QR
T103601,M1023,C51893,2026-09-05 17:47:16,2183.64,INR,SUCCESS,QR
T103602,M1020,C51289,2026-09-05 11:38:58,23783.59,INR,SUCCESS,ONLINE
T103603,M1003,C95199,2026-09-05 12:04:57,168403.96,INR,SUCCESS,QR
T103604,M1016,C76316,2026-09-05 17:00:50,14387.35,INR,SUCCESS,QR
T103605,M1023,C96710,2026-09-05 16:41:41,2081.83,INR,SUCCESS,POS
T103606,M1017,C80305,2026-09-05 14:06:32,356912.91,INR,SUCCESS,QR
T103607,M1019,C77280,2026-09-05 15:05:51,38060.36,INR,SUCCESS,QR
T103608,M1024,C57933,2026-09-05 18:58:43,320413.36,INR,SUCCESS,QR
T103609,M1014,C85172,2026-09-05 22:08:54,865.41,INR,SUCCESS,QR
T103610,M1011,C90861,2026-09-05 22:10:35,37495.01,INR,FAILED,POS
T103611,M1003,C77967,2026-09-05 17:44:55,2858.26,INR,SUCCESS,QR
T103612,M1022,C77367,2026-09-05 18:51:37,144418.11,INR,SUCCESS,ONLINE
T103613,M1014,C58763,2026-09-05 19:17:17,7200.16,INR,SUCCESS,QR
T103614,M1027,C78395,2026-09-05 21:47:35,388136.78,INR,FAILED,ONLINE
T103615,M1028,C91049,2026-09-05 22:32:08,33902.13,INR,SUCCESS,POS
T103616,M1001,C53166,2026-09-05 18:47:13,36783.82,INR,SUCCESS,POS
T103617,M1009,C51634,2026-09-05 10:43:51,152266.08,INR,SUCCESS,QR
T103618,M1002,C87920,2026-09-05 22:12:23,544.73,INR,SUCCESS,QR
T103619,M1007,C89159,2026-09-05 08:12:27,375319.43,INR,SUCCESS,ONLINE
T103620,M1014,C52494,2026-09-05 18:18:26,3268.46,INR,SUCCESS,ONLINE
T103621,M1002,C93978,2026-09-05 06:00:36,39419.59,INR,REVERSED,ONLINE
T103622,M1023,C85332,2026-09-05 21:38:22,152043.39,INR,SUCCESS,POS
T103623,M1026,C55827,2026-09-05 22:16:31,37341.98,INR,SUCCESS,ONLINE
T103624,M1000,C53979,2026-09-05 16:56:09,343582.22,INR,SUCCESS,QR
T103625,M1013,C62543,2026-09-05 16:20:19,2382.92,INR,SUCCESS,QR
T103626,M1027,C68053,2026-09-05 09:54:59,18068.25,INR,SUCCESS,POS
T103627,M1004,C72867,2026-09-05 14:44:07,38921.81,INR,SUCCESS,POS
T103628,M1021,C79799,2026-09-05 16:54:52,8870.16,INR,SUCCESS,ONLINE
T103629,M1003,C94306,2026-09-05 22:56:28,203136.65,INR,SUCCESS,POS
T103630,M1023,C86756,2026-09-05 14:13:54,331829.54,INR,SUCCESS,QR
T103631,M1013,C91990,2026-09-05 21:41:54,21532.36,INR,SUCCESS,ONLINE
T103632,M1015,C60944,2026-09-05 16:03:31,42129.56,INR,SUCCESS,ONLINE
T103633,M1003,C62308,2026-09-05 16:56:19,215950.55,INR,SUCCESS,POS
T103634,M1024,C50220,2026-09-05 08:02:29,34654.32,INR,SUCCESS,ONLINE
T103635,M1010,C74871,2026-09-05 09:23:14,334.20,INR,SUCCESS,QR
T103636,M1028,C57814,2026-09-05 06:13:59,58039.01,INR,SUCCESS,POS
T103637,M1015,C88365,2026-09-05 08:18:50,61253.48,INR,SUCCESS,ONLINE
T103638,M1003,C79616,2026-09-05 09:01:26,26749.84,INR,FAILED,ONLINE
T103639,M1015,C80414,2026-09-05 14:14:51,128145.37,INR,SUCCESS,POS
T103640,M1021,C55871,2026-09-05 18:41:52,348921.27,INR,SUCCESS,QR
T103641,M1015,C53675,2026-09-05 21:31:21,2299.10,INR,SUCCESS,POS
T103642,M1027,C50127,2026-09-05 14:21:19,105942.26,INR,FAILED,ONLINE
T103643,M1025,C60422,2026-09-05 06:49:52,3675.18,INR,SUCCESS,QR
T103644,M1011,C77007,2026-09-05 17:53:00,12238.36,INR,SUCCESS,QR
T103645,M1003,C75172,2026-09-05 20:21:37,1302.10,INR,SUCCESS,POS
T103646,M1022,C78745,2026-09-05 19:13:00,168375.15,INR,SUCCESS,QR
T103647,M1002,C84245,2026-09-05 16:14:21,172873.54,INR,SUCCESS,POS
T103648,M1029,C69734,2026-09-05 07:45:01,9459.32,INR,SUCCESS,QR
T103649,M1014,C66100,2026-09-05 18:14:42,64401.53,INR,SUCCESS,ONLINE
T103650,M1019,C86883,2026-09-05 11:35:37,43758.16,INR,SUCCESS,QR
T103651,M1014,C61041,2026-09-05 16:24:36,81322.66,INR,SUCCESS,ONLINE
T103652,M1021,C91758,2026-09-05 21:36:11,326867.18,INR,SUCCESS,POS
T103653,M1013,C67795,2026-09-05 06:29:06,3021.39,INR,SUCCESS,ONLINE
T103654,M1005,C83036,2026-09-05 19:50:39,18888.42,INR,SUCCESS,ONLINE
T103655,M1020,C72127,2026-09-05 11:21:43,163895.04,INR,SUCCESS,ONLINE
T103656,M1006,C74723,2026-09-05 10:01:59,1422.92,INR,SUCCESS,QR
T103657,M1026,C55651,2026-09-05 20:10:21,144257.26,INR,SUCCESS,ONLINE
T103658,M1022,C85433,2026-09-05 14:36:54,56324.40,INR,SUCCESS,POS
T103659,M1019,C63042,2026-09-05 18:30:24,5659.43,INR,SUCCESS,QR
T103660,M1010,C97106,2026-09-05 15:02:40,3973.06,INR,SUCCESS,QR
T103661,M1029,C86978,2026-09-05 12:50:14,230646.54,INR,SUCCESS,POS
T103662,M1000,C69636,2026-09-05 15:11:12,19735.49,INR,SUCCESS,ONLINE
T103663,M1013,C97972,2026-09-05 13:07:28,2108.82,INR,SUCCESS,ONLINE
T103664,M1019,C59264,2026-09-05 08:58:56,333.02,INR,SUCCESS,POS
T103665,M1002,C63851,2026-09-05 22:00:50,2293.45,INR,SUCCESS,ONLINE
T103666,M1006,C58567,2026-09-05 08:29:05,2709.88,INR,FAILED,ONLINE
T103667,M1015,C53520,2026-09-05 08:52:32,29860.38,INR,SUCCESS,QR
T103668,M1007,C75985,2026-09-05 18:01:13,56233.18,INR,SUCCESS,ONLINE
T103669,M1003,C93729,2026-09-05 19:01:30,26802.54,INR,SUCCESS,ONLINE
T103670,M1022,C72975,2026-09-05 07:22:28,2137.26,INR,SUCCESS,QR
T103671,M1019,C72310,2026-09-05 07:20:17,40032.51,INR,SUCCESS,QR
T103672,M1018,C93525,2026-09-05 19:56:03,294741.92,INR,FAILED,POS
T103673,M1016,C58822,2026-09-05 19:20:23,1416.04,INR,SUCCESS,ONLINE
T103674,M1023,C74399,2026-09-05 12:52:36,20632.69,INR,SUCCESS,ONLINE
T103675,M1021,C80699,2026-09-05 07:38:53,347532.64,INR,FAILED,POS
T103676,M1022,C57577,2026-09-05 10:35:04,1601.33,INR,SUCCESS,ONLINE
T103677,M1000,C57094,2026-09-05 12:14:07,40135.94,INR,SUCCESS,POS
T103678,M1028,C77572,2026-09-05 06:30:56,155973.17,INR,SUCCESS,QR
T103679,M1008,C58308,2026-09-05 21:35:43,119631.56,INR,SUCCESS,QR
T103680,M1011,C83382,2026-09-05 21:14:58,2497.60,INR,SUCCESS,QR
T103681,M1022,C51181,2026-09-05 21:00:32,260906.30,INR,SUCCESS,ONLINE
T103682,M1017,C95051,2026-09-05 17:17:41,29086.39,INR,SUCCESS,POS
T103683,M1018,C89200,2026-09-05 13:55:09,30425.47,INR,SUCCESS,QR
T103684,M1004,C89946,2026-09-05 11:36:13,43452.95,INR,SUCCESS,ONLINE
T103685,M1001,C97149,2026-09-05 21:21:28,153786.26,INR,SUCCESS,ONLINE
T103686,M1023,C88473,2026-09-05 06:00:00,44084.26,INR,SUCCESS,ONLINE
T103687,,C73999,2026-09-05 17:00:26,4198.11,INR,SUCCESS,QR
T103688,M8888,C81125,2026-09-05 11:12:36,35500.16,INR,SUCCESS,QR
T103689,M1006,C52960,2026-09-05 06:07:41,1326.47,INR,FAILED,POS
T103690,M1027,C81913,2026-09-05 15:53:18,326.27,INR,SUCCESS,POS
T103691,M1004,C56237,2026-09-05 12:58:13,1817.61,INR,SUCCESS,QR
T103692,M1004,C85636,2026-09-05 12:26:32,2522.43,INR,REVERSED,POS
T103693,M1017,C93238,2026-09-05 14:01:35,305060.91,INR,FAILED,ONLINE
T103694,M1024,C54585,2026-09-05 16:23:51,30097.90,INR,SUCCESS,ONLINE
T103695,M1005,C90370,2026-09-05 20:03:22,11570.71,INR,SUCCESS,POS
T103696,M1001,C89417,2026-09-05 17:53:32,63072.41,INR,SUCCESS,QR
T103697,M1023,C77289,2026-09-05 17:36:43,39527.70,INR,FAILED,QR
T103698,M1015,C90148,2026-09-05 09:05:43,50312.13,INR,SUCCESS,ONLINE
T103699,M1026,C83727,2026-09-05 21:08:08,37826.95,INR,SUCCESS,POS
T103700,M1009,C93582,2026-09-05 07:13:14,245.13,INR,SUCCESS,ONLINE
T103701,M1028,C89514,2026-09-05 06:46:25,10317.68,INR,SUCCESS,QR
T103702,M1013,C86263,2026-09-05 19:21:31,1580.52,INR,SUCCESS,QR
T103703,M1008,C92742,2026-09-05 18:20:15,34522.94,INR,SUCCESS,QR
T103704,M1016,C55085,2026-09-05 10:02:57,247321.09,INR,SUCCESS,QR
T103705,M1007,C84730,2026-09-05 08:16:45,293677.50,INR,SUCCESS,POS
T103706,M1001,C58136,2026-09-05 17:23:14,189.57,INR,FAILED,ONLINE
T103707,M1014,C52444,2026-09-05 08:36:19,89441.20,INR,SUCCESS,QR
T103708,M1000,C61946,2026-09-05 11:14:21,47487.86,INR,SUCCESS,QR
T103709,M1024,C95210,2026-09-05 07:12:02,343192.02,INR,SUCCESS,POS
T103710,M1001,C90707,2026-09-05 17:03:25,125866.58,INR,SUCCESS,QR
T103711,M1006,C66913,2026-09-05 20:15:44,123779.91,INR,SUCCESS,POS
T103712,M1015,C60671,2026-09-05 07:15:59,152541.55,INR,SUCCESS,ONLINE
T103713,M1027,C91614,2026-09-05 19:18:10,28263.83,INR,SUCCESS,QR
T103714,M1024,C95070,2026-09-05 16:10:37,176775.47,INR,SUCCESS,ONLINE
T103715,M1004,C74406,2026-09-05 14:05:08,34996.04,INR,SUCCESS,POS
T103716,M1018,C83100,2026-09-05 18:38:56,56021.39,INR,SUCCESS,ONLINE
T103717,M1006,C95963,2026-09-05 18:24:32,117382.84,INR,SUCCESS,QR
T103718,M1007,C73761,2026-09-05 09:35:16,33689.76,INR,SUCCESS,ONLINE
T103719,M1024,C56436,2026-09-05 22:27:24,271.61,INR,SUCCESS,QR
T103720,M1028,C57806,2026-09-05 09:19:15,189169.80,INR,SUCCESS,QR
T103721,M1001,C81255,2026-09-05 20:21:19,2673.26,INR,SUCCESS,ONLINE
T103722,M1018,C99168,2026-09-05 14:10:55,2738.28,INR,FAILED,QR
T103723,M1010,C70213,2026-09-05 09:23:40,2465.24,INR,SUCCESS,QR
T103724,M1013,C80412,2026-09-05 18:57:57,2803.91,INR,SUCCESS,POS
T103725,M1001,C68555,2026-09-05 09:58:01,2942.66,INR,SUCCESS,QR
T103726,M1021,C87194,2026-09-05 12:08:43,258390.28,INR,SUCCESS,ONLINE
T103727,M1001,C92988,2026-09-05 20:17:29,34958.57,INR,SUCCESS,ONLINE
T103728,M1023,C63098,2026-09-05 21:03:35,91280.62,INR,SUCCESS,POS
T103729,M1007,C63339,2026-09-05 13:06:57,3544.43,INR,SUCCESS,ONLINE
T103730,M1019,C78003,2026-09-05 17:22:41,3146.78,INR,SUCCESS,ONLINE
T103731,M1018,C68530,2026-09-05 10:06:09,378.41,INR,SUCCESS,ONLINE
T103732,M1017,C89123,2026-09-05 12:11:42,52801.58,INR,SUCCESS,ONLINE
T103733,M1027,C69168,2026-09-05 17:36:14,39712.14,INR,SUCCESS,QR
T103734,M1019,C53437,2026-09-05 12:13:14,3020.43,INR,SUCCESS,QR
T103735,M1018,C81018,2026-09-05 09:47:07,282600.33,INR,FAILED,ONLINE
T103736,M1002,C62116,2026-09-05 08:10:19,151985.43,INR,SUCCESS,ONLINE
T103737,M1019,C86922,2026-09-05 09:40:55,92216.75,INR,SUCCESS,ONLINE
T103738,M1008,C71162,2026-09-05 08:15:37,344.29,INR,SUCCESS,ONLINE
T103739,M1014,C95305,2026-09-05 22:16:33,179174.90,INR,SUCCESS,POS
T103740,M1013,C62986,2026-09-05 10:11:50,192189.42,INR,SUCCESS,POS
T103741,M1000,C88905,2026-09-05 09:38:36,2064.76,INR,SUCCESS,QR
T103742,M1015,C63449,2026-09-05 10:39:14,6470.82,INR,SUCCESS,POS
T103743,M1007,C60200,2026-09-05 21:28:13,19461.77,INR,SUCCESS,ONLINE
T103744,M1004,C82052,2026-09-05 19:08:52,3938.82,INR,SUCCESS,ONLINE
T103745,M1028,C88439,2026-09-05 09:08:54,50009.96,INR,SUCCESS,POS
T103746,M1021,C87994,2026-09-05 11:19:08,47957.57,INR,SUCCESS,QR
T103747,M1023,C83261,2026-09-05 21:26:56,46115.32,INR,SUCCESS,ONLINE
T103748,M1003,C98426,2026-09-05 13:06:49,6012.33,INR,SUCCESS,QR
T103749,M1004,C53675,2026-09-05 22:24:53,179752.30,INR,SUCCESS,QR
T103750,M1014,C92182,2026-09-05 11:55:19,2130.51,INR,SUCCESS,QR
T103751,M1018,C97047,2026-09-05 20:15:23,3939.15,INR,SUCCESS,QR
T103752,M1027,C74431,2026-09-05 06:40:34,107896.29,INR,SUCCESS,QR
T103753,M1019,C93064,2026-09-05 13:18:30,58989.65,INR,SUCCESS,QR
T103754,M1027,C79933,2026-09-05 15:34:59,11858.05,INR,SUCCESS,QR
T103755,M1011,C59185,2026-09-05 06:34:13,46210.90,INR,SUCCESS,ONLINE
T103756,M1024,C55589,2026-09-05 21:41:11,48297.65,INR,SUCCESS,ONLINE
T103757,M1016,C93278,2026-09-05 08:01:12,1420.96,INR,REVERSED,QR
T103758,M1023,C89656,2026-09-05 11:17:03,2064.82,INR,SUCCESS,ONLINE
T103759,M1007,C81065,2026-09-05 16:23:40,2090.99,INR,SUCCESS,QR
T103760,M1010,C86289,2026-09-05 19:22:04,45974.07,INR,SUCCESS,QR
T103761,M1019,C57545,2026-09-05 15:33:08,3224.30,INR,SUCCESS,ONLINE
T103762,M1005,C67693,2026-09-05 09:37:18,26226.11,INR,REVERSED,POS
T103763,M1020,C81161,2026-09-05 10:34:20,2831.90,INR,SUCCESS,QR
T103764,M1017,C65909,2026-09-05 08:54:25,24809.19,INR,SUCCESS,ONLINE
T103765,M1016,C74422,2026-09-05 10:40:15,161578.03,INR,SUCCESS,ONLINE
T103766,M1007,C96395,2026-09-06 21:19:39,42322.07,INR,SUCCESS,ONLINE
T103767,M1024,C77078,2026-09-06 10:36:11,43060.61,INR,SUCCESS,QR
T103768,M1007,C59924,2026-09-06 14:23:32,2490.14,INR,SUCCESS,QR
T103769,M1016,C63530,2026-09-06 06:06:28,14214.43,INR,SUCCESS,POS
T103770,M1024,C98500,2026-09-06 07:34:10,3060.64,INR,SUCCESS,POS
T103771,M1015,C93049,2026-09-06 14:55:59,361.00,INR,SUCCESS,POS
T103772,M1024,C94968,2026-09-06 19:13:47,12024.92,INR,SUCCESS,POS
T103773,M1011,C91578,2026-09-06 12:50:58,284791.29,INR,SUCCESS,QR
T103774,M1019,C55159,2026-09-06 15:33:59,73112.35,IN,REVERSED,POS
T103775,M1029,C67719,2026-09-06 14:36:23,1456.94,INR,SUCCESS,ONLINE
T103776,M1012,C99578,2026-09-06 10:20:41,66559.09,INR,SUCCESS,QR
T103777,M1017,C80677,2026-09-06 12:18:36,2168.76,INR,SUCCESS,POS
T103778,M1014,C99739,2026-09-06 22:40:51,2776.47,INR,SUCCESS,QR
T103779,M1016,C89123,2026-09-06 18:15:13,98672.72,INR,REVERSED,QR
T103780,M1027,C71672,2026-09-06 20:42:41,215.43,INR,SUCCESS,QR
T103781,M1014,C87962,2026-09-06 10:23:43,261141.04,INR,SUCCESS,QR
T103782,M1025,C79335,2026-09-06 17:45:15,157752.12,INR,SUCCESS,ONLINE
T103783,M1013,C71623,2026-09-06 09:13:59,411.91,INR,SUCCESS,ONLINE
T103784,M1005,C87383,2026-09-06 10:21:33,3108.30,INR,SUCCESS,QR
T103785,M1012,C82718,2026-09-06 19:59:40,306092.30,INR,SUCCESS,ONLINE
T103786,M1016,C68437,2026-09-06 10:47:35,42584.14,INR,SUCCESS,ONLINE
T103787,,C95729,2026-09-06 17:25:14,248272.87,INR,FAILED,QR
T103788,M1009,C86446,2026-09-06 06:09:19,1900.65,INR,SUCCESS,ONLINE
T103789,M1005,C81940,2026-09-06 08:10:58,115644.40,INR,SUCCESS,ONLINE
T103790,M1026,C84780,2026-09-06 18:21:20,15592.15,INR,SUCCESS,QR
T103791,M1019,C77888,2026-09-06 08:14:59,54555.44,INR,FAILED,QR
T103792,M1024,C86812,2026-09-06 15:44:10,377187.95,INR,SUCCESS,QR
T103793,M1007,C79020,2026-09-06 15:53:59,1048.81,INR,REVERSED,ONLINE
T103794,M1029,C59620,2026-09-06 11:02:32,75421.42,INR,SUCCESS,POS
T103795,M1026,C50563,2026-09-06 15:09:05,418.61,INR,SUCCESS,QR
T103796,M1019,C83129,2026-09-06 16:58:52,272048.12,INR,SUCCESS,QR
T103797,M1011,C85958,2026-09-06 08:58:23,155934.38,INR,SUCCESS,ONLINE
T103798,M1029,C54191,2026-09-06 17:49:36,42812.91,INR,SUCCESS,POS
T103799,M1019,C93034,2026-09-06 22:27:45,1090.67,INR,SUCCESS,QR
T103800,M1029,C77060,2026-09-06 13:50:52,54788.01,INR,SUCCESS,ONLINE
T103801,M1001,C63833,2026-09-06 18:21:27,6659.90,INR,SUCCESS,POS
T103802,M1001,C99116,2026-09-06 12:03:49,3835.06,INR,SUCCESS,QR
T103803,M1009,C59159,2026-09-06 12:35:23,236258.12,INR,SUCCESS,ONLINE
T103804,M1002,C84669,2026-09-06 13:55:31,165135.24,INR,SUCCESS,QR
T103805,M1019,C82571,2026-09-06 12:58:26,10645.96,INR,SUCCESS,QR
T103806,M1015,C76511,2026-09-06 07:22:26,2342.27,INR,FAILED,ONLINE
T103807,M1012,C86355,2026-09-06 20:07:51,311466.17,INR,REVERSED,QR
T103808,M1022,C98363,2026-09-06 21:29:24,270845.36,INR,SUCCESS,POS
T103809,M1014,C62377,2026-09-06 08:52:11,17415.02,INR,SUCCESS,POS
T103810,M1005,C72807,2026-09-06 10:51:37,34045.94,INR,SUCCESS,ONLINE
T103811,M1029,C94303,2026-09-06 22:01:26,49427.90,INR,SUCCESS,ONLINE
T103812,M1027,C87324,2026-09-06 09:01:25,305188.30,INR,SUCCESS,QR
T103813,M1022,C53065,2026-09-06 13:17:27,33319.95,INR,SUCCESS,QR
T103814,M1014,C93762,2026-09-06 08:50:21,743.64,INR,SUCCESS,ONLINE
T103815,M1018,C63789,2026-09-06 16:00:58,340524.13,INR,SUCCESS,QR
T103816,M1016,C76445,2026-09-06 20:53:21,2070.14,INR,SUCCESS,QR
T103817,M1016,C72105,2026-09-06 08:39:06,3721.35,INR,REVERSED,POS
T103818,M1000,C84808,2026-09-06 14:42:54,12700.53,INR,REVERSED,QR
T103819,M1008,C77708,2026-09-06 17:09:04,10450.94,INR,SUCCESS,ONLINE
T103820,M1012,C62414,2026-09-06 12:30:18,2901.71,INR,SUCCESS,POS
T103821,M1023,C64894,2026-09-06 08:33:45,315744.41,INR,FAILED,POS
T103822,M1012,C87220,2026-09-06 16:44:03,1856.76,INR,SUCCESS,POS
T103823,M1000,C77186,2026-09-06 09:01:07,34596.39,INR,SUCCESS,ONLINE
T103824,M1020,C88151,2026-09-06 17:32:25,29765.32,INR,SUCCESS,ONLINE
T103825,M1003,C77504,2026-09-06 20:37:43,45297.06,INR,SUCCESS,POS
T103826,M1013,C67722,2026-09-06 12:57:50,118725.07,INR,SUCCESS,POS
T103827,M1026,C95241,2026-09-06 21:37:41,216048.03,INR,SUCCESS,QR
T103828,M1010,C94508,2026-09-06 19:55:02,22116.01,INR,SUCCESS,ONLINE
T103829,M1025,C56720,2026-09-06 06:35:50,1753.51,INR,SUCCESS,POS
T103830,M1000,C96456,2026-09-06 21:19:33,357537.88,INR,SUCCESS,POS
T103831,M1015,C52527,2026-09-06 13:51:16,3888.05,INR,SUCCESS,POS
T103832,M1018,C51598,2026-09-06 21:33:19,2321.33,INR,SUCCESS,QR
T103833,M1000,C50390,2026-09-06 07:43:09,304717.38,INR,SUCCESS,POS
T103834,M1026,C88568,2026-09-06 10:12:48,349515.26,INR,SUCCESS,POS
T103835,M1019,C53208,2026-09-06 09:12:44,20237.78,INR,FAILED,POS
T103836,M1002,C58054,2026-09-06 09:26:02,9325.59,INR,SUCCESS,QR
T103837,M1018,C77115,2026-09-06 22:01:54,420.51,INR,SUCCESS,ONLINE
T103838,M1022,C89495,2026-09-06 15:11:24,3339.22,INR,SUCCESS,POS
T103839,M1024,C54140,2026-09-06 14:43:44,2279.49,INR,SUCCESS,POS
T103840,M1002,C53432,2026-09-06 17:03:47,2408.09,INR,SUCCESS,QR
T103841,M1018,C99599,2026-09-06 10:06:35,379405.14,INR,SUCCESS,QR
T103842,M1001,C80259,2026-09-06 20:57:39,27908.56,INR,SUCCESS,QR
T103843,M1014,C68012,2026-09-06 21:04:12,367273.69,INR,SUCCESS,POS
T103844,M1008,C67254,2026-09-06 14:28:07,42027.78,,SUCCESS,QR
T103845,M1026,C81412,2026-09-06 14:22:05,135702.93,INR,SUCCESS,ONLINE
T103846,M1003,C77281,2026-09-06 22:34:17,18642.03,INR,SUCCESS,ONLINE
T103847,M1026,C88995,2026-09-06 19:37:28,23980.91,INR,SUCCESS,POS
T103848,M1024,C86229,2026-09-06 09:07:10,244200.39,INR,SUCCESS,POS
T103849,M1009,C79377,2026-09-06 06:00:54,31971.47,INR,SUCCESS,QR
T103850,M1025,C95911,2026-09-06 06:39:11,13125.59,INR,SUCCESS,ONLINE
T103851,M1012,C63742,2026-09-06 21:14:08,28969.54,INR,SUCCESS,ONLINE
T103852,M1028,C95544,2026-09-06 07:04:13,316002.31,INR,SUCCESS,ONLINE
T103853,M1005,C80978,2026-09-06 10:10:12,23727.93,INR,FAILED,QR
T103854,M1003,C83306,2026-09-06 06:00:36,7677.42,INR,SUCCESS,POS
T103855,M1019,C94732,2026-09-06 20:36:03,2063.29,INR,SUCCESS,POS
T103856,M1009,C95251,2026-09-06 12:39:01,45420.80,INR,SUCCESS,POS
T103857,M1024,C82142,2026-09-06 22:24:30,279364.35,INR,REVERSED,ONLINE
T103858,M1008,C86360,2026-09-06 13:39:59,140082.24,INR,FAILED,ONLINE
T103859,M1015,C66255,2026-09-06 08:15:25,59500.64,INR,SUCCESS,POS
T103860,M1024,C50262,2026-09-06 08:19:26,239976.57,INR,SUCCESS,QR
T103861,M1013,C63199,2026-09-06 16:31:12,3407.20,INR,SUCCESS,ONLINE
T103862,M1022,C99562,2026-09-06 09:09:43,3860.59,INR,SUCCESS,QR
T103863,M1005,C86660,2026-09-06 14:46:16,2722.24,INR,SUCCESS,QR
T103864,M1027,C52613,2026-09-06 06:55:20,20206.31,INR,SUCCESS,ONLINE
T103865,M1019,C67698,2026-09-06 21:28:11,386077.63,INR,FAILED,QR
T103866,M1000,C76190,2026-09-06 12:05:22,28396.34,INR,SUCCESS,POS
T103867,M1005,C57232,2026-09-06 21:04:29,979.03,INR,SUCCESS,ONLINE
T103868,M1004,C69735,2026-09-06 20:34:52,562.74,INR,SUCCESS,ONLINE
T103869,M1012,C59464,2026-09-06 21:30:07,313372.26,INR,SUCCESS,POS
T103870,M1018,C59664,2026-09-06 16:55:26,48327.54,INR,SUCCESS,POS
T103871,M1020,C54098,2026-09-06 06:03:50,3419.65,INR,SUCCESS,QR
T103872,M1014,C94199,2026-09-06 12:12:06,2781.67,INR,SUCCESS,QR
T103873,M1027,C74798,2026-09-06 22:09:31,480.94,INR,FAILED,ONLINE
T103874,M1027,C78149,2026-09-06 22:46:37,9669.73,INR,SUCCESS,POS
T103875,M1020,C87265,2026-09-06 09:15:12,310234.15,INR,SUCCESS,POS
T103876,M1024,C78249,2026-09-06 21:39:17,55072.73,INR,SUCCESS,POS
T103877,M1024,C76220,2026-09-06 21:59:09,2432.83,INR,SUCCESS,POS
T103878,M1024,C73036,2026-09-06 09:34:28,112009.21,INR,SUCCESS,POS
T103879,M1000,C93714,2026-09-06 21:45:21,3528.95,INR,FAILED,POS
T103880,M1015,C99775,2026-09-06 08:37:13,91015.23,INR,SUCCESS,ONLINE
T103881,M1019,C73710,2026-09-06 12:13:53,28190.64,INR,SUCCESS,POS
T103882,M1026,C75023,2026-09-06 14:09:31,9126.62,INR,SUCCESS,POS
T103883,M1018,C79519,2026-09-06 11:54:39,3603.43,INR,SUCCESS,QR
T103884,M1021,C83078,2026-09-06 11:38:50,53209.07,INR,FAILED,QR
T103885,M1020,C56092,2026-09-06 09:24:50,996.96,INR,SUCCESS,POS
T103886,M1014,C63019,2026-09-06 09:06:53,294134.21,INR,SUCCESS,ONLINE
T103887,M1003,C79153,2026-09-06 08:11:02,3776.71,INR,SUCCESS,POS
T103888,M1014,C68726,2026-09-06 21:39:40,2991.47,INR,SUCCESS,ONLINE
T103889,M1003,C58461,2026-09-06 10:08:26,31329.33,INR,SUCCESS,ONLINE
T103890,M1008,C98598,2026-09-06 15:55:48,207866.86,INR,SUCCESS,ONLINE
T103891,M1024,C57509,2026-09-06 14:48:03,19620.86,INR,SUCCESS,ONLINE
T103892,M1006,C77235,2026-09-06 14:36:18,23769.45,INR,SUCCESS,ONLINE
T103893,M1001,C56595,2026-09-06 12:04:17,410.67,INR,SUCCESS,POS
T103894,M1017,C96816,2026-09-06 06:20:17,44315.28,INR,SUCCESS,POS
T103895,M1029,C84141,2026-09-06 07:56:02,41443.69,INR,SUCCESS,ONLINE
T103896,M1020,C54223,2026-09-06 15:03:07,861.12,INR,SUCCESS,QR
T103897,M1010,C65237,2026-09-06 22:42:14,50498.16,INR,SUCCESS,POS
T103898,M1002,C74562,2026-09-06 08:52:46,1352.90,INR,SUCCESS,POS
T103899,M1003,C81009,2026-09-06 06:52:17,24364.51,INR,SUCCESS,POS
T103900,M1000,C65258,2026-09-06 21:59:36,1461.66,INR,SUCCESS,POS
T103901,M1004,C63748,2026-09-06 17:57:38,1488.29,INR,FAILED,ONLINE
T103902,M1020,C53605,2026-09-06 06:16:01,208838.59,INR,SUCCESS,QR
T103903,M1028,C50367,2026-09-06 12:46:43,73966.47,INR,SUCCESS,POS
T103904,M1018,C79148,2026-09-06 10:10:47,406.05,INR,SUCCESS,POS
T103905,M1025,C63446,2026-09-06 13:07:33,384639.42,INR,SUCCESS,POS
T103906,M1001,C88554,2026-09-06 19:14:18,334811.96,,SUCCESS,POS
T103907,M1009,C84143,2026-09-06 15:42:13,27212.06,INR,SUCCESS,QR
T103908,M1006,C50249,2026-09-06 11:26:52,331564.28,INR,SUCCESS,POS
T103909,M1007,C56812,2026-09-06 09:38:21,1856.06,INR,SUCCESS,QR
T103910,M1029,C64820,2026-09-06 11:00:28,25196.66,INR,SUCCESS,POS
T103911,M1013,C60774,2026-09-06 21:20:35,1884.24,INR,SUCCESS,QR
T103912,M1007,C82738,2026-09-06 19:13:15,14105.17,INR,SUCCESS,QR
T103913,M1015,C55042,2026-09-06 14:02:04,391884.25,INR,SUCCESS,QR
T103914,M1003,C72567,2026-09-06 18:32:02,227041.35,INR,SUCCESS,POS
T103915,M1005,C67743,2026-09-06 17:49:04,41433.47,INR,SUCCESS,POS
T103916,M1018,C61209,2026-09-06 09:13:09,3394.38,INR,SUCCESS,ONLINE
T103917,M1013,C98576,2026-09-06 18:23:53,225811.82,INR,SUCCESS,ONLINE
T103918,M1001,C64008,2026-09-06 08:25:11,388136.67,INR,REVERSED,POS
T103919,M1022,C77264,2026-09-06 06:18:12,191465.47,INR,REVERSED,QR
T103920,M1014,C59056,2026-09-06 15:03:59,2163.76,INR,SUCCESS,POS
T103921,M1019,C95155,2026-09-06 07:58:05,3470.65,INR,SUCCESS,QR
T103922,M1005,C96928,2026-09-06 19:43:16,355779.14,INR,SUCCESS,QR
T103923,M1027,C74670,2026-09-06 15:37:00,419.30,INR,SUCCESS,ONLINE
T103924,M1019,C77265,2026-09-06 14:31:45,233982.97,INR,SUCCESS,QR
T103925,M1022,C66871,2026-09-06 08:31:51,2298.36,INR,SUCCESS,POS
T103926,M1013,C88500,2026-09-06 08:44:28,53616.50,INR,SUCCESS,POS
T103927,M1003,C70828,2026-09-06 22:25:40,131902.67,INR,SUCCESS,POS
T103928,M1002,C92383,2026-09-06 18:55:27,49175.58,INR,SUCCESS,ONLINE
T103929,M1024,C72070,2026-09-06 22:06:42,383438.79,INR,SUCCESS,QR
T103930,M1021,C56487,2026-09-06 13:14:23,368500.57,INR,SUCCESS,QR
T103931,M1010,C91787,2026-09-06 09:17:41,247644.71,INR,SUCCESS,ONLINE
T103932,M1025,C68772,2026-09-06 12:50:04,38992.78,USD,SUCCESS,ONLINE
T103933,M1014,C84068,2026-09-06 06:18:24,369420.06,INR,SUCCESS,POS
T103934,M1024,C92098,2026-09-06 06:51:45,1605.64,INR,SUCCESS,QR
T103935,M1011,C72904,2026-09-06 21:58:38,3006.84,INR,SUCCESS,QR
T103936,M1005,C85172,2026-09-06 19:49:10,162749.74,INR,SUCCESS,QR
T103937,M1020,C76923,2026-09-06 08:51:46,95631.96,INR,SUCCESS,ONLINE
T103938,M1009,C77032,2026-09-06 12:51:20,662.81,INR,SUCCESS,ONLINE
T103939,M1020,C74938,2026-09-06 19:58:23,67075.61,INR,SUCCESS,QR
T103940,M1024,C99621,2026-09-06 20:20:18,1640.51,INR,SUCCESS,ONLINE
T103941,M1013,C94097,2026-09-06 15:01:43,254731.81,INR,SUCCESS,ONLINE
T103942,M1026,C67850,2026-09-06 19:31:20,2899.41,INR,SUCCESS,POS
T103943,M1028,C92584,2026-09-06 20:15:37,737.78,INR,SUCCESS,ONLINE
T103944,M1023,C71666,2026-09-06 19:28:41,2795.74,INR,SUCCESS,QR
T103945,M1026,C58587,2026-09-06 18:05:29,375440.65,INR,SUCCESS,QR
T103946,M1022,C69780,2026-09-06 09:59:22,129337.18,INR,SUCCESS,QR
T103947,M1004,C92963,2026-09-06 14:06:20,10617.52,INR,SUCCESS,QR
T103948,M1013,C95264,2026-09-06 16:23:51,5545.94,INR,SUCCESS,ONLINE
T103949,M1006,C86009,2026-09-06 10:41:16,155521.78,INR,SUCCESS,QR
T103950,M1009,C98507,2026-09-06 15:43:34,41360.33,INR,SUCCESS,ONLINE
T103951,M1005,C51173,2026-09-06 07:29:03,322229.98,INR,SUCCESS,POS
T103952,M1007,C57764,2026-09-06 15:14:23,6687.33,INR,SUCCESS,ONLINE
T103953,M1001,C73216,2026-09-06 11:41:07,1633.80,INR,SUCCESS,ONLINE
T103954,M1027,C76283,2026-09-06 22:21:14,399397.34,INR,SUCCESS,QR
T103955,M1001,C51807,2026-09-06 19:21:59,3957.58,INR,SUCCESS,POS
T103956,M1013,C95257,2026-09-06 21:24:59,2926.05,INR,SUCCESS,ONLINE
T103957,M1022,C99682,2026-09-06 15:11:56,389759.88,INR,SUCCESS,POS
T103958,M1020,C64457,2026-09-06 22:50:01,2066.49,INR,SUCCESS,POS
T103959,M1015,C87658,2026-09-06 16:00:51,32806.06,INR,SUCCESS,ONLINE
T103960,M1018,C58784,2026-09-06 07:38:01,2594.65,INR,SUCCESS,POS
T103961,M1016,C57257,2026-09-06 17:27:11,1700.89,INR,SUCCESS,QR
T103962,M1013,C76792,2026-09-06 11:26:45,110666.70,INR,SUCCESS,ONLINE
T103963,M1009,C57722,2026-09-06 15:23:05,34216.97,INR,SUCCESS,POS
T103964,M1029,C96615,2026-09-06 12:54:48,25004.77,INR,SUCCESS,ONLINE
T103965,M1000,C73154,2026-09-06 19:07:21,190206.76,INR,SUCCESS,POS
T103966,M1005,C72391,2026-09-06 13:08:30,67562.46,INR,SUCCESS,ONLINE
T103967,M1022,C63888,2026-09-06 07:04:11,269531.49,INR,SUCCESS,ONLINE
T103968,M1027,C80148,2026-09-06 09:35:06,382868.77,INR,SUCCESS,QR
T103969,M1019,C96690,2026-09-06 13:52:43,117187.39,INR,SUCCESS,QR
T103970,M1019,C94668,2026-09-06 18:22:33,19384.74,INR,SUCCESS,POS
T103971,M1003,C96558,2026-09-06 20:11:12,246924.25,INR,REVERSED,POS
T103972,M1017,C92238,2026-09-06 17:18:32,24668.44,INR,SUCCESS,ONLINE
T103973,M1005,C98738,2026-09-06 08:11:10,224016.99,INR,SUCCESS,POS
T103974,M1029,C74399,2026-09-06 22:54:57,24592.68,INR,SUCCESS,ONLINE
T103975,M1026,C59839,2026-09-06 08:32:38,1296.61,INR,FAILED,POS
T103976,M1025,C75873,2026-09-06 07:41:10,31546.64,INR,SUCCESS,POS
T103977,M1021,C56648,2026-09-06 17:14:56,4221.97,INR,SUCCESS,QR
T103978,M1003,C51392,2026-09-06 18:36:57,1008.35,INR,SUCCESS,POS
T103979,M1006,C57477,2026-09-06 14:35:44,9068.29,INR,SUCCESS,POS
T103980,M1012,C96882,2026-09-06 12:40:01,257879.14,INR,SUCCESS,QR
T103981,M1010,C78712,2026-09-06 11:09:03,978.16,INR,SUCCESS,ONLINE
T103982,M1019,C57574,2026-09-06 11:23:09,292359.63,INR,SUCCESS,QR
T103983,M1025,C57411,2026-09-06 21:59:26,296246.66,INR,SUCCESS,ONLINE
T103984,M1023,C95584,2026-09-06 08:37:54,183608.15,INR,SUCCESS,ONLINE
T103985,M1015,C62357,2026-09-06 22:35:44,27471.98,INR,SUCCESS,QR
T103986,M1019,C66977,2026-09-06 18:34:28,47173.56,INR,SUCCESS,POS
T103987,M1015,C58420,2026-09-06 12:40:45,25519.17,INR,SUCCESS,POS
T103988,M1029,C51487,2026-09-06 17:25:04,382162.31,INR,SUCCESS,ONLINE
T103989,M1001,C88169,2026-09-06 20:46:02,19775.16,INR,SUCCESS,POS
T103990,M1008,C50011,2026-09-06 14:48:54,33870.28,INR,SUCCESS,ONLINE
T103991,M1024,C95409,2026-09-06 16:10:30,301117.88,INR,SUCCESS,QR
T103992,M1021,C86047,2026-09-06 15:58:26,533.96,INR,SUCCESS,ONLINE
T103993,M1009,C58569,2026-09-06 13:04:45,13130.68,INR,SUCCESS,POS
T103994,M1029,C82444,2026-09-06 21:50:59,304380.48,INR,SUCCESS,ONLINE
T103995,M1019,C73552,2026-09-06 17:13:32,356864.26,INR,SUCCESS,POS
T103996,M1004,C72289,2026-09-06 18:22:36,218724.80,INR,SUCCESS,QR
T103997,M1003,C98018,2026-09-06 08:55:12,18935.46,INR,SUCCESS,POS
T103998,M1001,C84551,2026-09-06 21:27:06,1196.99,INR,SUCCESS,POS
T103999,M1028,C69817,2026-09-06 11:51:51,1013.28,INR,SUCCESS,QR
T104000,M1010,C71325,2026-09-06 18:22:39,48604.33,INR,SUCCESS,ONLINE
T104001,M1027,C61331,2026-09-06 06:31:15,52953.14,INR,SUCCESS,ONLINE
T104002,M1000,C92900,2026-09-06 13:27:23,34761.03,INR,SUCCESS,QR
T104003,M1024,C81377,2026-09-06 13:00:40,5265.89,INR,SUCCESS,ONLINE
T104004,M1004,C93678,2026-09-06 11:41:47,3638.48,INR,SUCCESS,QR
T104005,M1008,C54432,2026-09-06 20:40:38,3772.37,INR,SUCCESS,POS
T104006,M1025,C65097,2026-09-06 21:18:22,353.31,INR,SUCCESS,ONLINE
T104007,M1019,C71244,2026-09-06 12:56:34,17737.55,INR,SUCCESS,QR
T104008,M1021,C78647,2026-09-06 20:24:20,56367.97,INR,SUCCESS,POS
T104009,M1027,C57377,2026-09-06 13:14:11,80851.29,INR,SUCCESS,ONLINE
T104010,M1014,C68525,2026-09-06 12:47:49,751.71,INR,SUCCESS,ONLINE
T104011,M1026,C84218,2026-09-06 09:46:33,48412.52,INR,SUCCESS,POS
T104012,M1017,C61021,2026-09-06 09:38:20,56093.65,INR,SUCCESS,QR
T104013,M1002,C91627,2026-09-06 08:23:13,88536.83,INR,SUCCESS,ONLINE
T104014,M1025,C84966,2026-09-06 08:57:44,31669.02,INR,SUCCESS,ONLINE
T104015,M1013,C81287,2026-09-06 10:14:50,17182.91,INR,FAILED,ONLINE
T104016,M1024,C85282,2026-09-06 18:43:26,352761.13,INR,SUCCESS,POS
T104017,M1023,C83052,2026-09-06 08:49:43,17563.45,INR,SUCCESS,ONLINE
T104018,M1024,C88671,2026-09-06 11:36:43,74986.09,INR,SUCCESS,POS
T104019,M1010,C51184,2026-09-06 07:11:52,218247.41,INR,SUCCESS,POS
T104020,M1016,C59881,2026-09-06 06:12:36,2971.82,INR,SUCCESS,POS
T104021,M1024,C69974,2026-09-06 09:17:17,43314.81,INR,SUCCESS,QR
T104022,M1013,C98338,2026-09-06 19:11:52,6135.94,INR,SUCCESS,ONLINE
T104023,M1016,C59596,2026-09-06 14:04:34,57444.54,INR,SUCCESS,POS
T104024,M1010,C64781,2026-09-06 11:33:48,207897.85,INR,SUCCESS,QR
T104025,M1022,C76361,2026-09-06 17:56:23,30969.41,INR,SUCCESS,ONLINE
T104026,M1004,C79938,2026-09-06 13:53:26,322.05,INR,SUCCESS,ONLINE
T104027,M1008,C75794,2026-09-06 07:57:06,364974.92,INR,SUCCESS,QR
T104028,M1004,C57532,2026-09-06 09:13:20,12680.26,INR,SUCCESS,ONLINE
T104029,M1025,C99088,2026-09-06 22:35:16,111431.36,INR,SUCCESS,QR
T104030,M1002,C64303,2026-09-06 16:43:31,2824.11,INR,SUCCESS,POS
T104031,M1025,C96474,2026-09-06 18:14:00,1749.94,INR,SUCCESS,POS
T104032,M1018,C86048,2026-09-06 13:39:49,134717.89,INR,SUCCESS,QR
T104033,M1010,C63766,2026-09-06 15:10:19,113494.10,INR,SUCCESS,POS
T104034,M1008,C66219,2026-09-06 06:28:04,196353.16,INR,SUCCESS,QR
T104035,M1020,C74507,2026-09-06 12:12:50,616.39,INR,SUCCESS,ONLINE
T104036,M1005,C98391,2026-09-06 11:01:45,195703.62,INR,SUCCESS,POS
T104037,M1006,C66185,2026-09-06 21:16:18,239387.94,INR,SUCCESS,POS
T104038,M1000,C73114,2026-09-06 20:07:33,29065.02,INR,SUCCESS,QR
T104039,M1001,C76011,2026-09-06 15:05:39,7795.37,INR,SUCCESS,POS
T104040,M1016,C93761,2026-09-06 17:10:36,303.50,INR,SUCCESS,POS
T104041,M1004,C99685,2026-09-06 06:10:33,326013.95,INR,SUCCESS,QR
T104042,M1016,C85111,2026-09-06 20:50:59,352256.23,INR,SUCCESS,QR
T104043,M1006,C84520,2026-09-06 08:10:47,244728.23,INR,SUCCESS,POS
T104044,M1004,C52952,2026-09-06 13:10:35,2740.02,INR,SUCCESS,POS
T104045,M1019,C58517,2026-09-06 18:56:22,1057.39,INR,SUCCESS,QR
T104046,M1029,C60665,2026-09-06 16:17:46,3288.39,INR,SUCCESS,QR
T104047,M1024,C65543,2026-09-06 15:03:36,46887.08,INR,SUCCESS,QR
T104048,M1026,C75425,2026-09-06 09:54:27,48138.23,INR,SUCCESS,POS
T104049,M1020,C81169,2026-09-06 08:58:35,23503.53,INR,SUCCESS,ONLINE
T104050,M1003,C79423,2026-09-06 11:40:16,21333.84,INR,SUCCESS,POS
T104051,M1019,C54082,2026-09-06 14:48:59,6321.86,INR,SUCCESS,POS
T104052,M1000,C72517,2026-09-06 12:16:13,47287.83,INR,SUCCESS,QR
T104053,M1009,C53382,2026-09-06 21:29:59,259495.98,INR,SUCCESS,QR
T104054,M1004,C52310,2026-09-06 14:31:35,261238.42,INR,SUCCESS,QR
T104055,M1014,C98967,2026-09-06 16:29:19,25125.05,INR,SUCCESS,ONLINE
T104056,M1013,C90776,2026-09-06 12:50:52,100743.50,INR,SUCCESS,ONLINE
T104057,M1024,C73105,2026-09-06 16:43:53,2940.94,INR,SUCCESS,ONLINE
T104058,M1029,C86809,2026-09-06 13:00:54,3473.53,INR,SUCCESS,QR
T104059,M1007,C95353,2026-09-06 12:20:26,1624.76,INR,SUCCESS,ONLINE
T104060,M1009,C87863,2026-09-06 15:10:12,208010.91,INR,SUCCESS,ONLINE
T104061,M1018,C96796,2026-09-06 10:25:15,215.18,INR,SUCCESS,POS
T104062,M1011,C81870,2026-09-06 19:12:08,212980.03,INR,SUCCESS,POS
T104063,M1005,C57259,2026-09-06 07:23:15,94331.88,INR,SUCCESS,POS
T104064,M1010,C51748,2026-09-06 09:21:16,3135.55,INR,REVERSED,POS
T104065,M1009,C50109,2026-09-06 12:13:34,237683.82,INR,SUCCESS,ONLINE
T104066,M1027,C84310,2026-09-06 06:11:11,2318.08,INR,SUCCESS,QR
T104067,M1027,C98829,2026-09-06 14:42:34,86332.51,INR,SUCCESS,ONLINE
T104068,M1000,C78438,2026-09-06 20:14:52,367927.79,INR,SUCCESS,QR
T104069,M1006,C68144,2026-09-06 19:38:05,3121.29,INR,SUCCESS,POS
T104070,M1003,C78937,2026-09-06 09:39:42,168.53,INR,SUCCESS,POS
T104071,M1006,C92348,2026-09-06 19:40:00,259714.04,INR,SUCCESS,POS
T104072,M1017,C77601,2026-09-06 10:23:23,14463.23,INR,SUCCESS,ONLINE
T104073,M1003,C93027,2026-09-06 11:19:49,242046.47,INR,SUCCESS,POS
T104074,M1003,C67460,2026-09-06 18:30:07,4178.46,INR,SUCCESS,ONLINE
T104075,M1016,C73469,2026-09-06 12:59:16,248579.99,INR,SUCCESS,QR
T104076,M1029,C61013,2026-09-06 12:20:44,2203.12,INR,SUCCESS,QR
T104077,M1028,C90945,2026-09-06 17:27:07,1388.42,INR,SUCCESS,POS
T104078,M1004,C63649,2026-09-06 14:34:43,359624.53,INR,SUCCESS,QR
T104079,M1022,C74627,2026-09-06 13:36:24,94548.61,INR,SUCCESS,ONLINE
T104080,M1017,C71594,2026-09-06 14:49:31,356150.62,INR,SUCCESS,POS
T104081,M1013,C73965,2026-09-06 11:40:44,49651.08,INR,SUCCESS,QR
T104082,M1009,C58907,2026-09-06 13:36:20,793.27,INR,SUCCESS,POS
T104083,M1003,C60835,2026-09-06 15:50:15,2524.18,INR,SUCCESS,POS
T104084,M1008,C50252,2026-09-06 18:20:48,13108.69,INR,SUCCESS,POS
T104085,M1018,C95530,2026-09-06 13:19:49,50743.49,INR,SUCCESS,ONLINE
T104086,M1024,C83594,2026-09-06 18:02:09,259564.81,INR,SUCCESS,QR
T104087,M1001,C63025,2026-09-06 07:57:13,2224.91,INR,SUCCESS,ONLINE
T104088,M1018,C84584,2026-09-06 14:02:03,59298.71,INR,SUCCESS,POS
T104089,M1013,C67783,2026-09-06 07:05:00,234070.79,INR,SUCCESS,POS
T104090,M1028,C62378,2026-09-06 11:54:32,75581.72,INR,SUCCESS,QR
T104091,M1018,C87717,2026-09-06 13:03:31,3146.11,INR,SUCCESS,ONLINE
T104092,M1011,C86326,2026-09-06 06:57:17,49593.87,INR,SUCCESS,ONLINE
T104093,M1003,C76569,2026-09-06 17:18:16,21563.07,INR,SUCCESS,POS
T104094,M1022,C66152,2026-09-06 20:16:16,13743.06,INR,SUCCESS,ONLINE
T104095,M1003,C89522,2026-09-06 07:27:20,2781.03,INR,SUCCESS,POS
T104096,M1001,C77083,2026-09-06 12:30:47,327060.77,INR,SUCCESS,POS
T104097,M1005,C76107,2026-09-06 19:08:48,23261.86,INR,SUCCESS,ONLINE
T104098,M1007,C77681,2026-09-06 17:23:05,901.18,INR,SUCCESS,ONLINE
T104099,M1015,C71288,2026-09-06 19:00:00,41234.35,INR,SUCCESS,ONLINE
T104100,M1009,C77911,2026-09-06 20:40:59,167871.92,INR,SUCCESS,ONLINE
T104101,M1017,C66079,2026-09-06 15:43:56,3692.90,INR,SUCCESS,POS
T104102,M1013,C85293,2026-09-06 22:09:28,336514.83,INR,SUCCESS,POS
T104103,M1017,C98143,2026-09-06 14:41:00,1007.08,INR,SUCCESS,POS
T104104,M1005,C52369,2026-09-06 16:28:02,107005.27,INR,SUCCESS,ONLINE
T104105,M1024,C74831,2026-09-06 14:24:28,3771.96,INR,SUCCESS,ONLINE
T104106,M1027,C92321,2026-09-06 12:08:54,47920.91,INR,SUCCESS,QR
T104107,M1018,C50080,2026-09-06 10:59:16,2607.95,INR,FAILED,POS
T104108,M1013,C54960,2026-09-06 17:50:48,106951.76,INR,REVERSED,POS
T104109,M1006,C51632,2026-09-06 09:23:15,367519.92,INR,SUCCESS,POS
T104110,M1024,C52373,2026-09-06 21:36:24,2059.58,INR,SUCCESS,POS
T104111,M1013,C65173,2026-09-06 20:46:27,17251.85,INR,SUCCESS,ONLINE
T104112,M1000,C57315,2026-09-06 15:06:06,6788.05,INR,SUCCESS,QR
T104113,M1027,C70161,2026-09-06 11:07:24,19700.76,INR,FAILED,QR
T104114,M1025,C59161,2026-09-06 14:28:18,51997.17,INR,SUCCESS,POS
T104115,M1001,C57617,2026-09-06 15:50:18,183306.04,INR,SUCCESS,ONLINE
T104116,M1013,C50390,2026-09-06 06:00:46,804.69,INR,SUCCESS,QR
T104117,M1024,C53529,2026-09-06 16:11:46,1343.37,INR,SUCCESS,POS
T104118,M1026,C76266,2026-09-06 19:22:34,22584.12,INR,SUCCESS,ONLINE
T104119,M1008,C81771,2026-09-06 18:57:37,22099.50,INR,SUCCESS,QR
T104120,M1027,C51964,2026-09-06 06:16:00,10418.28,INR,SUCCESS,ONLINE
T104121,M1001,C84387,2026-09-06 06:38:42,1406.99,INR,FAILED,ONLINE
T104122,M1008,C88968,2026-09-06 15:12:27,44539.91,INR,SUCCESS,QR
T104123,M1000,C55872,2026-09-06 12:27:25,1332.85,INR,SUCCESS,POS
T104124,M1026,C91783,2026-09-06 18:12:30,380909.68,INR,FAILED,POS
T104125,M1000,C88650,2026-09-06 09:27:30,301832.03,INR,SUCCESS,ONLINE
T104126,M1022,C74523,2026-09-06 19:40:10,26907.17,INR,SUCCESS,QR
T104127,M1026,C79181,2026-09-06 08:16:28,25948.01,INR,SUCCESS,QR
T104128,M1012,C63781,2026-09-06 13:47:48,310469.15,INR,SUCCESS,POS
T104129,M1021,C66269,2026-09-06 06:19:13,3243.83,INR,SUCCESS,POS
T104130,M1025,C80454,2026-09-06 13:40:25,18228.63,INR,SUCCESS,ONLINE
T104131,M1003,C78721,2026-09-06 07:52:42,48420.20,INR,SUCCESS,POS
T104132,M1005,C71506,2026-09-06 17:12:37,68989.12,INR,SUCCESS,POS
T104133,M1021,C77275,2026-09-06 21:30:02,10914.00,INR,FAILED,ONLINE
T104134,M1011,C58757,2026-09-06 06:51:18,23348.37,INR,SUCCESS,ONLINE
T104135,M1022,C88647,2026-09-06 11:35:14,1524.45,INR,SUCCESS,QR
T104136,M1013,C68018,2026-09-06 17:08:38,2121.41,INR,SUCCESS,QR
T104137,M1001,C76676,2026-09-06 17:39:29,14397.90,INR,SUCCESS,ONLINE
T104138,M1012,C78804,2026-09-06 09:16:00,32596.98,INR,SUCCESS,ONLINE
T104139,M1021,C54869,2026-09-06 21:48:24,152670.04,INR,SUCCESS,POS
T104140,M1007,C74951,2026-09-06 11:01:19,3377.54,INR,FAILED,POS
T104141,M1022,C86396,2026-09-06 13:32:29,47169.72,INR,SUCCESS,POS
T104142,M1021,C88697,2026-09-06 17:53:35,1981.23,INR,SUCCESS,ONLINE
T104143,M1010,C74721,2026-09-06 09:14:55,1900.42,INR,SUCCESS,POS
T104144,M1004,C85688,2026-09-06 16:41:12,15629.93,INR,SUCCESS,QR
T104145,M1028,C57135,2026-09-06 12:29:09,255781.65,INR,SUCCESS,POS
T104146,M1010,C65158,2026-09-06 08:48:13,3854.90,INR,SUCCESS,QR
T104147,M1015,C67790,2026-09-06 17:05:46,3076.50,INR,SUCCESS,POS
T104148,M1010,C60811,2026-09-06 20:01:41,182514.98,INR,SUCCESS,QR
T104149,M1007,C89646,2026-09-06 06:14:47,20504.18,INR,SUCCESS,ONLINE
T104150,M1023,C83383,2026-09-06 20:54:51,27590.62,INR,SUCCESS,POS
T104151,M1009,C62117,2026-09-06 17:16:00,25556.72,INR,SUCCESS,QR
T104152,M1014,C63478,2026-09-06 12:02:28,390623.56,INR,REVERSED,ONLINE
T104153,M1013,C77942,2026-09-06 19:12:10,2600.13,INR,SUCCESS,QR
T104154,M1001,C66289,2026-09-06 14:27:38,20783.15,INR,SUCCESS,POS
T104155,M1017,C76962,2026-09-06 21:24:51,207924.67,INR,SUCCESS,ONLINE
T104156,M1026,C59684,2026-09-06 11:22:42,40681.87,INR,SUCCESS,POS
T104157,M1007,C81052,2026-09-06 21:50:20,1147.83,INR,FAILED,POS
T104158,M1004,C81732,2026-09-06 07:42:48,1635.41,INR,REVERSED,POS
T104159,M1029,C62843,2026-09-06 13:04:47,279564.97,INR,SUCCESS,QR
T104160,M1022,C57787,2026-09-06 18:00:34,398559.48,INR,SUCCESS,QR
T104161,M1002,C64643,2026-09-06 06:32:14,597.63,INR,SUCCESS,QR
T104162,M1004,C65570,2026-09-06 06:51:28,89560.98,INR,SUCCESS,ONLINE
T104163,M1002,C87067,2026-09-06 21:35:20,15513.55,INR,SUCCESS,QR
T104164,M1005,C80975,2026-09-06 11:13:24,6763.83,INR,SUCCESS,QR
T104165,M1023,C50761,2026-09-06 21:13:13,210538.86,INR,SUCCESS,ONLINE
T104166,M1010,C68586,2026-09-06 07:34:02,425.09,INR,SUCCESS,ONLINE
T104167,M1011,C63487,2026-09-06 16:19:35,229908.76,INR,REVERSED,ONLINE
T104168,M1028,C95173,2026-09-06 20:13:02,51798.64,INR,SUCCESS,POS
T104169,M1004,C57415,2026-09-06 10:19:06,271238.87,INR,SUCCESS,POS
T104170,M1009,C91570,2026-09-06 13:15:25,4675.36,INR,SUCCESS,POS
T104171,M1018,C57652,2026-09-06 22:12:29,399401.57,INR,SUCCESS,POS
T104172,M1008,C82533,2026-09-06 08:02:56,35492.46,INR,SUCCESS,POS
T104173,M1017,C63633,2026-09-06 06:14:30,57230.48,INR,SUCCESS,POS
T104174,M1015,C63680,2026-09-06 11:13:21,34971.73,INR,SUCCESS,QR
T104175,M1006,C52934,2026-09-06 20:44:03,122613.75,INR,REVERSED,POS
T104176,M1019,C82827,2026-09-06 08:36:51,341838.48,INR,SUCCESS,ONLINE
T104177,M1015,C94818,2026-09-06 11:00:45,120925.81,INR,SUCCESS,ONLINE
T104178,M1026,C83346,2026-09-06 12:12:23,37860.61,INR,SUCCESS,QR
T104179,M1003,C51382,2026-09-06 09:29:28,111941.96,INR,SUCCESS,POS
T104180,M1018,C96900,2026-09-06 19:29:08,9363.82,INR,SUCCESS,ONLINE
T104181,M1006,C80866,2026-09-06 14:13:23,23764.43,INR,SUCCESS,QR
T104182,M1010,C90430,2026-09-06 14:46:31,1629.17,INR,SUCCESS,POS
T104183,M1028,C79352,2026-09-06 10:54:39,214283.77,INR,SUCCESS,QR
T104184,M1027,C58676,2026-09-06 18:48:20,78675.22,INR,REVERSED,QR
T104185,M1022,C96305,2026-09-06 15:05:40,25040.58,INR,SUCCESS,QR
T104186,M1016,C63546,2026-09-06 18:15:17,21100.93,INR,SUCCESS,POS
T104187,M1005,C97987,2026-09-06 15:30:03,348255.54,INR,SUCCESS,ONLINE
T104188,M1011,C81936,2026-09-06 16:11:22,24593.77,INR,SUCCESS,QR
T104189,M1025,C58399,2026-09-06 17:58:16,190194.51,INR,FAILED,QR
T104190,M1006,C72931,2026-09-06 13:06:21,2907.13,INR,SUCCESS,ONLINE
T104191,M1007,C75963,2026-09-06 16:04:57,873.24,INR,SUCCESS,ONLINE
T104192,M1018,C69632,2026-09-06 13:32:55,162996.27,INR,SUCCESS,POS
T104193,M1005,C53968,2026-09-06 20:07:25,266321.06,INR,SUCCESS,ONLINE
T104194,M1019,C60618,2026-09-06 08:52:04,15274.15,INR,SUCCESS,QR
T104195,M1020,C85016,2026-09-06 11:48:22,138446.90,INR,SUCCESS,POS
T104196,M1017,C56423,2026-09-06 12:22:09,40887.11,INR,SUCCESS,POS
T104197,M1022,C95748,2026-09-06 19:08:44,2133.22,INR,SUCCESS,ONLINE
T104198,M1026,C87408,2026-09-06 19:37:19,43237.37,INR,FAILED,POS
T104199,M1013,C90300,2026-09-06 16:36:43,56363.22,INR,SUCCESS,QR
T104200,M1026,C59053,2026-09-06 12:54:09,191165.17,INR,SUCCESS,POS
T104201,M1015,C88530,2026-09-06 14:43:27,271.70,INR,SUCCESS,ONLINE
T104202,M1013,C74925,2026-09-06 08:53:52,33635.54,INR,SUCCESS,ONLINE
T104203,M1022,C65184,2026-09-06 21:16:02,2226.15,INR,SUCCESS,ONLINE
T104204,M1029,C99811,2026-09-06 06:45:18,175439.04,INR,FAILED,ONLINE
T104205,M1008,C99734,2026-09-06 13:40:45,43093.47,INR,SUCCESS,ONLINE
T104206,M1026,C64440,2026-09-06 12:37:38,2049.78,INR,SUCCESS,QR
T104207,M1010,C60368,2026-09-06 15:10:24,109719.91,INR,SUCCESS,ONLINE
T104208,M1028,C93009,2026-09-06 20:20:55,586.83,INR,SUCCESS,ONLINE
T104209,M1024,C56173,2026-09-06 18:22:26,2751.77,INR,SUCCESS,ONLINE
T104210,M1003,C86463,2026-09-06 19:51:52,912.83,INR,SUCCESS,POS
T104211,M1009,C56423,2026-09-06 16:36:39,307484.86,INR,SUCCESS,ONLINE
T104212,M1008,C85983,2026-09-06 09:38:17,235662.21,INR,SUCCESS,POS
T104213,M1009,C78391,2026-09-06 20:14:55,34748.73,INR,SUCCESS,POS
T104214,M1012,C80637,2026-09-06 19:43:35,219558.85,INR,SUCCESS,POS
T104215,M1014,C70242,2026-09-06 19:44:50,49711.19,INR,SUCCESS,QR
T104216,M1016,C80875,2026-09-06 06:59:49,1728.95,INR,SUCCESS,POS
T104217,M1011,C87029,2026-09-06 20:23:10,2825.11,INR,SUCCESS,ONLINE
T104218,M1021,C54678,2026-09-06 07:00:29,159529.46,INR,FAILED,QR
T104219,M1004,C82252,2026-09-06 07:41:40,2163.13,INR,SUCCESS,POS
T104220,M1006,C79563,2026-09-06 08:02:55,465.16,INR,SUCCESS,ONLINE
T104221,M1002,C59519,2026-09-06 17:53:14,50931.82,INR,SUCCESS,ONLINE
T104222,M1025,C58263,2026-09-06 06:26:10,67052.98,INR,SUCCESS,QR
T104223,M1016,C84517,2026-09-06 15:15:12,700.09,INR,SUCCESS,POS
T104224,M1008,C90933,2026-09-06 15:38:52,24711.75,INR,SUCCESS,ONLINE
T104225,M1014,C96885,2026-09-06 10:04:32,3798.94,INR,SUCCESS,POS
T104226,M1014,C96044,2026-09-06 11:18:19,1155.95,INR,SUCCESS,QR
T104227,M1005,C91460,2026-09-06 14:54:00,27227.84,INR,SUCCESS,QR
T104228,M1011,C86102,2026-09-06 06:00:47,167426.34,INR,SUCCESS,ONLINE
T104229,M1019,C50834,2026-09-06 15:43:31,3391.56,INR,SUCCESS,POS
T104230,M1020,C95882,2026-09-06 21:27:58,159179.59,INR,SUCCESS,ONLINE
T104231,M1001,C78507,2026-09-06 22:16:41,46390.90,INR,SUCCESS,QR
T104232,M1001,C71088,2026-09-06 22:48:27,15846.65,INR,FAILED,QR
T104233,M1018,C85407,2026-09-06 15:47:14,2655.56,INR,SUCCESS,ONLINE
T104234,M1026,C67710,2026-09-06 17:26:34,11246.42,INR,SUCCESS,ONLINE
T104235,M1020,C65877,2026-09-06 18:58:29,39129.13,INR,SUCCESS,ONLINE
T104236,M1010,C61724,2026-09-06 11:40:34,2833.03,INR,SUCCESS,POS
T104237,M1002,C79696,2026-09-06 22:42:39,5696.65,INR,SUCCESS,QR
T104238,M1005,C82761,2026-09-06 10:16:04,58995.69,INR,SUCCESS,POS
T104239,M1011,C77790,2026-09-06 07:22:34,48399.84,INR,SUCCESS,QR
T104240,M1016,C92780,2026-09-06 21:49:54,827.41,INR,SUCCESS,QR
T104241,M1000,C72762,2026-09-06 21:37:17,53829.20,INR,SUCCESS,ONLINE
T104242,M1016,C57683,2026-09-06 10:45:25,184176.82,INR,FAILED,POS
T104243,M1025,C62020,2026-09-06 21:33:09,44028.34,INR,SUCCESS,POS
T104244,M1011,C73049,2026-09-06 16:58:32,2997.81,INR,SUCCESS,POS
T104245,M1026,C68055,2026-09-06 11:33:05,121594.20,INR,SUCCESS,QR
T104246,M1006,C68539,2026-09-06 18:20:41,3948.53,INR,SUCCESS,QR
T104247,M1020,C82894,2026-09-06 13:46:15,49506.96,INR,SUCCESS,QR
T104248,M1022,C70535,2026-09-06 12:18:13,967.41,INR,SUCCESS,POS
T104249,M8888,C69194,2026-09-06 15:24:40,58630.53,INR,SUCCESS,QR
T104250,M1020,C81098,2026-09-06 20:18:26,181095.58,INR,SUCCESS,ONLINE
T104251,M1024,C69826,2026-09-06 13:05:18,227825.80,INR,SUCCESS,ONLINE
T104252,M1026,C82174,2026-09-06 16:25:47,2295.87,INR,SUCCESS,ONLINE
T104253,M1024,C89923,2026-09-06 21:32:23,268998.95,INR,SUCCESS,ONLINE
T104254,M1016,C58951,2026-09-06 12:11:43,2277.66,INR,SUCCESS,ONLINE
T104255,M1012,C97717,2026-09-06 20:31:26,198652.61,INR,SUCCESS,QR
T104256,M1024,C87427,2026-09-06 14:22:15,338037.34,INR,REVERSED,ONLINE
T104257,M1005,C70469,2026-09-06 09:08:04,1595.36,INR,SUCCESS,ONLINE
T104258,M1011,C62737,2026-09-06 22:53:52,50448.12,INR,SUCCESS,QR
T104259,M1022,C51694,2026-09-06 21:50:52,1920.73,INR,REVERSED,QR
T104260,M1028,C56254,2026-09-06 18:51:50,101689.98,INR,REVERSED,ONLINE
T104261,M1004,C71637,2026-09-06 21:53:29,51113.41,INR,SUCCESS,POS
T104262,M1029,C95902,2026-09-06 20:04:48,2297.03,INR,SUCCESS,POS
T104263,M1028,C77733,2026-09-06 18:10:29,699.74,INR,SUCCESS,POS
T104264,M1002,C94934,2026-09-06 13:57:05,339361.72,INR,SUCCESS,POS
T104265,M1024,C66334,2026-09-06 07:52:03,3033.39,INR,REVERSED,ONLINE
T104266,M1015,C69512,2026-09-06 16:36:58,184803.92,INR,SUCCESS,POS
T104267,M1017,C58594,2026-09-06 07:54:38,274526.43,INR,SUCCESS,ONLINE
T104268,M1011,C63938,2026-09-06 14:35:40,182158.43,INR,FAILED,ONLINE
T104269,M1028,C72235,2026-09-06 16:23:51,378600.18,INR,SUCCESS,QR
T104270,M1001,C77559,2026-09-06 16:13:38,26297.04,INR,SUCCESS,ONLINE
T104271,M1004,C99672,2026-09-06 22:42:13,95165.85,INR,SUCCESS,ONLINE
T104272,M1020,C70783,2026-09-06 12:58:51,293180.36,INR,SUCCESS,ONLINE
T104273,M1025,C81411,2026-09-06 11:11:14,221069.15,INR,SUCCESS,ONLINE
T104274,M1027,C95196,2026-09-06 14:22:06,2305.27,INR,FAILED,ONLINE
T104275,M1021,C63622,2026-09-06 20:25:40,59084.18,INR,SUCCESS,QR
T104276,M1002,C86528,2026-09-06 14:25:24,313015.63,INR,SUCCESS,POS
T104277,M1024,C64265,2026-09-06 16:19:22,57755.90,INR,SUCCESS,QR
T104278,M1006,C96610,2026-09-06 10:13:51,106659.15,INR,SUCCESS,ONLINE
T104279,M1003,C70417,2026-09-06 19:43:25,361583.55,INR,SUCCESS,ONLINE
T104280,M1003,C95679,2026-09-06 14:03:02,51795.51,INR,SUCCESS,POS
T104281,M1004,C72427,2026-09-06 13:35:48,396737.03,INR,SUCCESS,QR
T104282,M1028,C59390,2026-09-06 10:06:45,100651.87,INR,SUCCESS,ONLINE
T104283,M1014,C56881,2026-09-06 21:11:09,3113.81,INR,SUCCESS,QR
T104284,M1020,C74076,2026-09-06 19:27:46,34471.33,INR,SUCCESS,POS
T104285,M1001,C89851,2026-09-06 16:41:17,80738.68,INR,SUCCESS,QR
T104286,M1024,C85368,2026-09-06 16:47:20,58750.30,INR,SUCCESS,QR
T104287,M1005,C59228,2026-09-06 22:59:38,4454.17,INR,SUCCESS,QR
T104288,M1024,C78858,2026-09-06 18:54:39,45596.30,INR,SUCCESS,QR
T104289,M1012,C82825,2026-09-06 14:38:12,212299.64,INR,SUCCESS,QR
T104290,M1005,C67807,2026-09-06 06:41:31,56771.41,INR,SUCCESS,QR
T104291,M1025,C91110,2026-09-06 14:27:38,305159.98,INR,FAILED,POS
T104292,M1009,C61994,2026-09-06 10:12:45,35462.79,INR,SUCCESS,POS
T104293,M1020,C91302,2026-09-06 06:27:14,39479.30,INR,REVERSED,ONLINE
T104294,M1006,C85530,2026-09-06 14:31:19,197061.93,INR,SUCCESS,POS
T104295,M1015,C90936,2026-09-06 19:35:19,2131.10,INR,SUCCESS,ONLINE
T104296,M1013,C52136,2026-09-06 13:59:49,1536.81,INR,SUCCESS,QR
T104297,M1002,C84483,2026-09-06 13:17:42,8969.63,INR,SUCCESS,ONLINE
T104298,M1019,C98869,2026-09-06 21:07:40,40573.77,INR,SUCCESS,ONLINE
T104299,M1024,C63968,2026-09-06 14:20:03,316355.25,INR,SUCCESS,POS
T104300,M1023,C80676,2026-09-06 17:38:41,266927.46,INR,FAILED,QR
T104301,M1001,C58566,2026-09-06 11:38:18,15763.05,INR,SUCCESS,ONLINE
T104302,M1010,C59446,2026-09-06 20:57:42,1003.28,INR,SUCCESS,ONLINE
T104303,M1008,C99264,2026-09-06 07:22:37,380013.20,INR,REVERSED,POS
T104304,M1007,C85421,2026-09-06 11:01:13,458.22,INR,SUCCESS,ONLINE
T104305,M1006,C62554,2026-09-06 09:44:36,125560.34,INR,SUCCESS,POS
T104306,M1025,C53893,2026-09-06 19:10:17,346521.93,INR,SUCCESS,QR
T104307,M1009,C52136,2026-09-06 09:14:43,325592.86,INR,SUCCESS,QR
T104308,M1004,C93678,2026-09-06 22:49:59,2506.98,INR,REVERSED,QR
T104309,M1017,C97247,2026-09-06 11:16:34,285186.42,INR,SUCCESS,ONLINE
T104310,M1021,C95139,2026-09-06 11:34:20,152523.45,INR,SUCCESS,ONLINE
T104311,M1016,C88928,2026-09-06 18:22:57,114013.44,INR,SUCCESS,QR
T104312,M1016,C94699,2026-09-06 09:25:19,200370.62,INR,SUCCESS,QR
T104313,M1013,C50480,2026-09-06 21:36:52,2609.20,INR,SUCCESS,POS
T104314,M1015,C63028,2026-09-06 21:34:08,397014.82,INR,SUCCESS,ONLINE
T104315,M1027,C98446,2026-09-06 11:07:50,39132.42,INR,SUCCESS,POS
T104316,M1021,C96234,2026-09-06 15:40:11,347038.34,INR,SUCCESS,ONLINE
T104317,M1005,C57676,2026-09-06 13:23:57,32741.32,INR,SUCCESS,QR
T104318,M1015,C79751,2026-09-06 13:02:47,35642.24,INR,SUCCESS,QR
T104319,M1005,C75030,2026-09-06 10:41:53,200438.41,INR,SUCCESS,QR
T104320,M1028,C87267,2026-09-06 12:08:56,312459.99,INR,SUCCESS,ONLINE
T104321,M1020,C56561,2026-09-06 19:00:37,1984.77,INR,SUCCESS,QR
T104322,M1014,C91899,2026-09-06 17:03:03,782.37,INR,SUCCESS,ONLINE
T104323,M1015,C94751,2026-09-06 15:14:56,1496.79,INR,SUCCESS,ONLINE
T104324,M1000,C93584,2026-09-06 11:54:25,700.40,INR,SUCCESS,ONLINE
T104325,M1002,C68209,2026-09-06 10:46:53,368423.49,INR,SUCCESS,POS
T104326,M1006,C88015,2026-09-06 11:41:11,394466.49,INR,SUCCESS,ONLINE
T104327,M1029,C59173,2026-09-06 13:51:25,944.83,INR,FAILED,ONLINE
T104328,M1022,C62035,2026-09-06 19:58:05,715.86,INR,SUCCESS,ONLINE
T104329,M1016,C53010,2026-09-06 11:55:32,74002.63,INR,SUCCESS,ONLINE
T104330,M1019,C85256,2026-09-06 11:43:41,25526.04,INR,REVERSED,ONLINE
T104331,M1024,C61891,2026-09-06 16:35:18,107103.36,INR,SUCCESS,QR
T104332,M1025,C55803,2026-09-06 16:04:25,598.69,INR,SUCCESS,QR
T104333,M1005,C84078,2026-09-06 14:25:46,175321.91,INR,SUCCESS,ONLINE
T104334,M1014,C80883,2026-09-06 16:10:32,13368.20,INR,SUCCESS,ONLINE
T104335,M1021,C67661,2026-09-06 12:26:27,367885.85,INR,SUCCESS,QR
T104336,M1028,C92171,2026-09-06 10:35:21,373365.40,INR,SUCCESS,QR
T104337,M1000,C73935,2026-09-06 09:55:34,156500.54,INR,SUCCESS,POS
T104338,M1020,C63420,2026-09-06 07:37:04,227077.19,INR,SUCCESS,ONLINE
T104339,,C74937,2026-09-06 14:49:47,260149.53,INR,SUCCESS,ONLINE
T104340,M1006,C60986,2026-09-06 07:19:05,311877.03,INR,SUCCESS,POS
T104341,M1013,C59960,2026-09-06 11:04:31,200990.60,INR,SUCCESS,ONLINE
T104342,M1017,C89866,2026-09-06 21:53:46,28294.71,INR,SUCCESS,POS
T104343,M1018,C79160,2026-09-06 20:37:19,1253.05,INR,SUCCESS,ONLINE
T104344,M1012,C65548,2026-09-06 10:22:21,2364.25,INR,SUCCESS,ONLINE
T104345,M1013,C96868,2026-09-06 13:09:41,248038.15,INR,SUCCESS,ONLINE
T104346,M1018,C69092,2026-09-06 09:23:28,212058.96,INR,SUCCESS,ONLINE
T104347,M1025,C71117,2026-09-06 20:44:04,1138.46,INR,FAILED,POS
T104348,M1023,C64051,2026-09-06 16:23:12,395991.66,INR,SUCCESS,POS
T104349,M1023,C89987,2026-09-06 11:21:15,1340.15,INR,SUCCESS,QR
T104350,M1009,C80174,2026-09-06 08:09:19,2271.86,INR,SUCCESS,ONLINE
T104351,M1007,C86091,2026-09-06 06:43:34,245309.75,INR,SUCCESS,QR
T104352,M1002,C76083,2026-09-06 19:22:08,3044.49,INR,SUCCESS,QR
T104353,M1006,C73451,2026-09-06 07:32:21,3532.21,INR,SUCCESS,QR
T104354,M1002,C81238,2026-09-06 11:26:32,35192.65,INR,SUCCESS,POS
T104355,M1005,C88565,2026-09-06 13:45:12,383476.64,INR,SUCCESS,POS
T104356,M1004,C94644,2026-09-06 18:18:05,141180.32,INR,SUCCESS,QR
T104357,M1008,C86157,2026-09-06 10:03:09,939.78,INR,SUCCESS,POS
T104358,M1002,C92823,2026-09-06 06:08:08,229590.20,INR,SUCCESS,POS
T104359,M1026,C69876,2026-09-06 12:41:43,6436.61,INR,SUCCESS,ONLINE
T104360,M1008,C83175,2026-09-06 12:00:04,2667.10,INR,SUCCESS,POS
T104361,M1008,C54721,2026-09-06 21:57:38,51592.98,INR,SUCCESS,QR
T104362,M1014,C84054,2026-09-06 14:42:03,79483.67,INR,SUCCESS,POS
T104363,M1025,C83248,2026-09-06 15:55:28,270568.66,INR,SUCCESS,QR
T104364,M1018,C80923,2026-09-06 14:43:06,2974.61,INR,SUCCESS,ONLINE
T104365,M1017,C52302,2026-09-06 20:35:50,52226.31,INR,SUCCESS,ONLINE
T104366,M1002,C84490,2026-09-06 17:46:57,25653.92,INR,SUCCESS,POS
T104367,M1021,C95843,2026-09-06 12:03:45,3846.87,INR,SUCCESS,POS
T104368,M1026,C63976,2026-09-06 18:57:48,89451.93,INR,SUCCESS,ONLINE
T104369,M1015,C62125,2026-09-06 14:07:10,2122.12,INR,SUCCESS,ONLINE
T104370,M1027,C89720,2026-09-06 08:47:28,44387.29,INR,SUCCESS,ONLINE
T104371,M1014,C64559,2026-09-06 20:09:10,17141.69,INR,SUCCESS,ONLINE
T104372,M1022,C91445,2026-09-06 12:02:18,3486.58,INR,SUCCESS,QR
T104373,M1024,C88668,2026-09-06 20:19:50,49455.78,INR,SUCCESS,QR
T104374,M1029,C79202,2026-09-06 15:22:25,335.96,INR,SUCCESS,QR
T104375,M1019,C87121,2026-09-06 17:59:20,5106.43,INR,SUCCESS,ONLINE
T104376,M1021,C56571,2026-09-06 16:35:27,377244.03,INR,SUCCESS,ONLINE
T104377,M1017,C96443,2026-09-06 06:10:49,1269.68,INR,SUCCESS,POS
T104378,M1004,C51463,2026-09-06 10:51:45,337422.93,INR,SUCCESS,POS
T104379,M1022,C84726,2026-09-06 11:10:57,64761.32,INR,SUCCESS,POS
T104380,M1012,C69885,2026-09-06 09:13:42,23379.50,INR,SUCCESS,POS
T104381,M1021,C87313,2026-09-06 20:10:27,5051.23,INR,SUCCESS,ONLINE
T104382,M1014,C73822,2026-09-06 07:40:55,1684.45,INR,SUCCESS,QR
T104383,M1007,C98147,2026-09-06 16:27:16,3376.18,INR,SUCCESS,POS
T104384,M1000,C83240,2026-09-06 11:21:15,35305.10,INR,SUCCESS,QR
T104385,M1022,C94396,2026-09-06 16:09:57,16258.38,INR,SUCCESS,POS
T104386,M1026,C70955,2026-09-06 18:06:16,334434.66,INR,SUCCESS,ONLINE
T104387,M1000,C70217,2026-09-06 09:19:21,139820.95,INR,SUCCESS,QR
T104388,M1020,C88402,2026-09-06 14:26:53,6180.08,INR,SUCCESS,QR
T104389,M1029,C94988,2026-09-06 21:06:54,3485.77,INR,SUCCESS,POS
T104390,M1004,C53548,2026-09-06 18:56:40,3270.98,INR,SUCCESS,ONLINE
T104391,M1000,C58659,2026-09-06 22:49:12,358531.85,INR,SUCCESS,QR
T104392,M1000,C82983,2026-09-06 20:20:30,134546.76,INR,SUCCESS,ONLINE
T104393,M1014,C53045,2026-09-06 19:04:00,31109.46,INR,SUCCESS,POS
T104394,M1026,C60221,2026-09-06 13:17:24,2990.25,INR,SUCCESS,ONLINE
T104395,M1008,C50504,2026-09-06 18:10:33,73473.79,INR,SUCCESS,ONLINE
T104396,M1001,C77190,2026-09-06 14:14:01,308.07,INR,SUCCESS,POS
T104397,M1013,C61631,2026-09-06 17:40:33,1774.36,INR,SUCCESS,POS
T104398,M1021,C62216,2026-09-06 07:11:57,10836.62,INR,SUCCESS,QR
T104399,M1020,C96923,2026-09-06 20:41:28,3757.82,INR,SUCCESS,ONLINE
T104400,M1005,C96791,2026-09-06 11:35:53,17272.17,INR,SUCCESS,QR
T104401,M1019,C83957,2026-09-06 22:30:24,11499.40,INR,SUCCESS,ONLINE
T104402,M1006,C85150,2026-09-06 09:02:02,8016.37,INR,SUCCESS,QR
T104403,M1023,C99262,2026-09-06 15:46:03,289493.21,INR,SUCCESS,ONLINE
T104404,M1020,C88003,2026-09-06 07:03:31,3670.58,INR,SUCCESS,POS
T104405,M1016,C96581,2026-09-06 19:52:08,3906.35,INR,SUCCESS,POS
T104406,M1026,C60439,2026-09-06 21:49:11,73977.97,INR,SUCCESS,POS
T104407,M1015,C75421,2026-09-06 06:30:37,309.15,INR,SUCCESS,ONLINE
T104408,M1005,C93885,2026-09-06 12:37:05,1190.46,INR,SUCCESS,ONLINE
T104409,M1013,C55332,2026-09-06 12:58:29,2624.05,INR,SUCCESS,ONLINE
T104410,M1026,C88396,2026-09-06 20:14:20,3850.85,INR,SUCCESS,QR
T104411,M1007,C97586,2026-09-06 17:51:09,3331.67,INR,FAILED,POS
T104412,M1007,C99766,2026-09-06 16:33:59,3857.90,INR,SUCCESS,QR
T104413,M1002,C59565,2026-09-06 17:07:59,84702.70,INR,SUCCESS,QR
T104414,M1011,C67105,2026-09-06 09:26:16,2479.77,INR,SUCCESS,ONLINE
T104415,M1024,C89026,2026-09-06 19:46:12,403.01,INR,FAILED,ONLINE
T104416,M1009,C53266,2026-09-06 20:02:47,301642.00,INR,SUCCESS,QR
T104417,M1023,C98310,2026-09-06 16:39:41,1701.58,INR,SUCCESS,ONLINE
T104418,M1029,C52570,2026-09-06 12:17:06,194.13,INR,SUCCESS,ONLINE
T104419,M1007,C87329,2026-09-06 15:07:40,103004.04,INR,FAILED,QR
T104420,M1020,C86336,2026-09-06 07:14:52,3865.22,INR,SUCCESS,POS
T104421,M1011,C72246,2026-09-06 18:01:22,295762.84,INR,SUCCESS,QR
T104422,M1009,C60579,2026-09-06 07:06:29,203083.08,INR,SUCCESS,ONLINE
T104423,M1003,C81173,2026-09-06 11:34:24,54364.40,INR,SUCCESS,ONLINE
T104424,M1003,C64210,2026-09-06 12:59:37,26425.58,INR,SUCCESS,ONLINE
T104425,M1012,C64413,2026-09-06 12:32:19,30454.11,INR,SUCCESS,POS
T104426,M1009,C57859,2026-09-06 07:07:30,57670.07,INR,SUCCESS,QR
T104427,M1028,C50781,2026-09-06 16:44:03,33364.41,INR,SUCCESS,QR
T104428,M1017,C65746,2026-09-06 21:51:58,157153.28,INR,SUCCESS,ONLINE
T104429,M1011,C97998,2026-09-06 17:03:43,30844.42,INR,SUCCESS,QR
T104430,M1001,C51823,2026-09-06 18:22:07,3254.71,INR,SUCCESS,ONLINE
T104431,M1003,C76282,2026-09-06 11:47:00,325203.51,INR,SUCCESS,ONLINE
T104432,M1022,C79391,2026-09-06 10:54:12,3518.25,INR,SUCCESS,ONLINE
T104433,M1011,C68780,2026-09-06 14:21:05,631.63,INR,SUCCESS,ONLINE
T104434,M1001,C66485,2026-09-06 08:36:13,2493.33,INR,SUCCESS,POS
T104435,M1003,C63554,2026-09-06 20:56:46,83473.89,INR,SUCCESS,POS
T104436,M1021,C90810,2026-09-06 16:49:04,46619.68,INR,SUCCESS,POS
T104437,M1013,C91268,2026-09-06 17:40:28,216795.26,INR,SUCCESS,POS
T104438,M1006,C64198,2026-09-06 11:50:17,53361.31,INR,SUCCESS,QR
T104439,M1022,C69731,2026-09-06 18:29:04,3738.53,INR,FAILED,ONLINE
T104440,M1018,C64916,2026-09-06 21:40:05,49386.83,INR,SUCCESS,ONLINE
T104441,M1012,C87479,2026-09-06 08:59:27,179204.55,INR,FAILED,ONLINE
T104442,M1020,C59228,2026-09-06 08:17:39,35900.20,INR,SUCCESS,ONLINE
T104443,M1020,C80562,2026-09-06 20:55:13,144038.31,INR,SUCCESS,POS
T104444,M1003,C74814,2026-09-06 12:45:27,54164.49,INR,SUCCESS,QR
T104445,M1021,C99845,2026-09-06 08:04:53,586.23,INR,SUCCESS,QR
T104446,M1029,C60515,2026-09-06 11:58:15,1620.07,INR,FAILED,POS
T104447,M1007,C79187,2026-09-06 14:34:04,599.95,INR,SUCCESS,QR
T104448,M1022,C57595,2026-09-06 13:19:00,36707.90,INR,SUCCESS,QR
T104449,M1019,C80234,2026-09-06 12:38:19,49709.88,INR,SUCCESS,POS
T104450,M1010,C88879,2026-09-06 13:08:24,731.11,INR,SUCCESS,ONLINE
T104451,M1017,C71260,2026-09-06 17:33:13,2724.48,INR,SUCCESS,QR
T104452,M1001,C81840,2026-09-06 14:02:05,2344.61,INR,SUCCESS,ONLINE
T104453,M1028,C64817,2026-09-06 11:02:46,125856.09,INR,SUCCESS,POS
T104454,M1004,C69772,2026-09-06 22:37:30,1961.08,INR,SUCCESS,ONLINE
T104455,M1017,C67033,2026-09-06 11:22:47,1460.97,INR,REVERSED,ONLINE
T104456,M1029,C95328,2026-09-06 20:57:41,1106.61,INR,SUCCESS,POS
T104457,M1024,C53048,2026-09-06 06:46:36,221831.56,INR,SUCCESS,POS
T104458,M1019,C97089,2026-09-06 12:33:34,43403.91,INR,SUCCESS,ONLINE
T104459,M1003,C74368,2026-09-06 18:33:51,1841.75,INR,FAILED,POS
T104460,M1019,C69997,2026-09-06 19:20:54,17024.74,INR,SUCCESS,QR
T104461,M1010,C77614,2026-09-06 08:14:43,222505.12,INR,SUCCESS,POS
T104462,M1001,C73788,2026-09-06 13:02:06,285997.58,INR,SUCCESS,ONLINE
T104463,M1016,C92036,2026-09-06 22:35:08,1885.92,INR,SUCCESS,QR
T104464,M1004,C58167,2026-09-06 06:27:44,33290.41,INR,SUCCESS,POS
T104465,M1001,C89303,2026-09-06 09:09:29,1904.31,INR,SUCCESS,QR
T104466,M1025,C98673,2026-09-06 13:13:15,39348.43,INR,SUCCESS,ONLINE
T104467,M1022,C60564,2026-09-06 13:33:48,186906.12,INR,SUCCESS,POS
T104468,M1017,C87602,2026-09-06 11:06:56,12221.32,INR,SUCCESS,POS
T104469,M1000,C68337,2026-09-06 20:41:42,20693.62,INR,SUCCESS,POS
T104470,M1008,C57647,2026-09-06 07:16:02,20156.15,INR,SUCCESS,ONLINE
T104471,M1020,C50054,2026-09-06 09:55:43,214867.03,INR,SUCCESS,POS
T104472,M1010,C59424,2026-09-06 19:27:17,10212.66,INR,SUCCESS,QR
T104473,M1020,C67554,2026-09-06 08:31:10,35309.95,INR,SUCCESS,QR
T104474,M1022,C90602,2026-09-06 14:39:43,31190.49,INR,SUCCESS,POS
T104475,M1018,C96000,2026-09-06 15:07:56,6943.52,INR,SUCCESS,POS
T104476,M1020,C69799,2026-09-06 16:54:25,2293.41,INR,SUCCESS,POS
T104477,M1028,C89961,2026-09-06 16:12:22,1142.61,INR,SUCCESS,POS
T104478,M1018,C56169,2026-09-06 21:51:52,3125.01,INR,SUCCESS,ONLINE
T104479,M1029,C82609,2026-09-06 14:47:07,54189.98,INR,SUCCESS,POS
T104480,M1000,C72955,2026-09-06 12:23:06,29046.35,INR,SUCCESS,ONLINE
T104481,M1008,C71243,2026-09-06 13:57:46,1926.60,INR,SUCCESS,ONLINE
T104482,M1007,C77366,2026-09-06 14:03:12,469.99,INR,SUCCESS,POS
T104483,M1002,C63623,2026-09-06 18:51:23,229108.07,INR,SUCCESS,POS
T104484,M1000,C77775,2026-09-06 20:26:23,47485.09,INR,SUCCESS,POS
T104485,M1016,C65695,2026-09-06 13:29:10,2914.25,INR,SUCCESS,ONLINE
T104486,M1005,C68006,2026-09-06 17:28:03,41035.81,INR,SUCCESS,QR
T104487,M1013,C52406,2026-09-06 21:59:32,1082.17,INR,SUCCESS,QR
T104488,M1026,C64392,2026-09-06 06:38:32,170835.46,INR,SUCCESS,POS
T104489,M1009,C81293,2026-09-06 20:02:57,123058.07,INR,SUCCESS,ONLINE
T104490,M1000,C76933,2026-09-06 18:54:32,46428.27,INR,SUCCESS,QR
T104491,M1014,C56293,2026-09-06 09:43:01,820.51,INR,SUCCESS,QR
T104492,M1026,C70909,2026-09-06 11:58:23,3919.76,INR,SUCCESS,QR
T104493,M1012,C81467,2026-09-06 07:21:31,3774.79,INR,SUCCESS,QR
T104494,M1020,C75667,2026-09-06 22:29:51,3068.21,INR,SUCCESS,POS
T104495,M1018,C83128,2026-09-06 18:12:22,3911.72,INR,FAILED,POS
T104496,M1024,C67022,2026-09-06 18:56:21,3120.48,INR,SUCCESS,QR
T104497,M1003,C63563,2026-09-06 09:35:33,1095.90,INR,SUCCESS,QR
T104498,M1006,C84225,2026-09-06 11:09:53,305068.34,INR,SUCCESS,ONLINE
T104499,M1003,C85211,2026-09-06 07:12:38,38781.71,INR,SUCCESS,QR
T104500,M1027,C87031,2026-09-06 21:00:05,46896.33,INR,SUCCESS,POS
T104501,M1000,C55969,2026-09-06 15:51:05,3763.30,INR,REVERSED,QR
T104502,M1010,C76996,2026-09-06 11:08:35,48297.31,INR,SUCCESS,ONLINE
T104503,M1011,C79458,2026-09-06 08:57:39,2182.19,INR,SUCCESS,POS
T104504,M1002,C72574,2026-09-06 13:56:05,20121.91,INR,SUCCESS,ONLINE
T104505,M1011,C84802,2026-09-06 16:10:23,91499.82,INR,SUCCESS,POS
T104506,M1002,C57903,2026-09-06 21:04:50,3047.39,INR,SUCCESS,POS
T104507,M1013,C51431,2026-09-06 09:19:54,188472.31,INR,SUCCESS,POS
T104508,M1024,C97014,2026-09-06 12:11:38,27521.75,INR,SUCCESS,ONLINE
T104509,M1003,C97288,2026-09-06 07:26:22,34912.97,INR,SUCCESS,POS
T104510,M1007,C61566,2026-09-06 15:11:53,38967.43,INR,SUCCESS,POS
T104511,M1024,C96334,2026-09-06 15:42:11,56897.13,INR,SUCCESS,POS
T104512,M1001,C77862,2026-09-06 17:14:46,190806.97,INR,SUCCESS,POS
T104513,M1006,C65935,2026-09-06 19:09:03,2590.03,INR,SUCCESS,QR
T104514,M1001,C61991,2026-09-06 16:32:53,200.66,INR,SUCCESS,ONLINE
T104515,M1016,C76344,2026-09-06 20:48:32,2418.18,INR,REVERSED,QR
T104516,M1026,C91150,2026-09-06 15:25:31,2130.47,INR,SUCCESS,ONLINE
T104517,M1029,C82494,2026-09-06 20:42:25,236406.16,INR,SUCCESS,QR
T104518,M1023,C54244,2026-09-06 13:58:25,317857.97,INR,SUCCESS,QR
T104519,M1005,C57575,2026-09-06 17:27:11,19051.32,INR,SUCCESS,QR
T104520,M1015,C53210,2026-09-06 18:43:17,281397.74,INR,SUCCESS,QR
T104521,M1006,C57971,2026-09-06 20:25:12,154653.44,INR,SUCCESS,QR
T104522,M1002,C68931,2026-09-06 10:17:19,908.41,INR,FAILED,QR
T104523,M1003,C72431,2026-09-06 07:55:19,1999.50,INR,SUCCESS,ONLINE
T104524,M1022,C55589,2026-09-06 08:27:07,58075.28,INR,SUCCESS,ONLINE
T104525,M1008,C78496,2026-09-06 07:56:39,40638.32,INR,SUCCESS,QR
T104526,M1001,C82711,2026-09-06 20:26:50,25751.74,INR,SUCCESS,QR
T104527,M1009,C97642,2026-09-06 21:13:27,3512.72,INR,SUCCESS,POS
T104528,M1026,C68888,2026-09-06 08:39:23,209252.12,INR,SUCCESS,QR
T104529,M1016,C63808,2026-09-06 13:36:08,49980.45,INR,SUCCESS,QR
T104530,M1016,C79943,2026-09-06 15:26:02,37706.54,INR,SUCCESS,POS
T104531,M1024,C53395,2026-09-06 20:29:56,246451.23,INR,SUCCESS,ONLINE
T104532,M1020,C71715,2026-09-06 15:04:46,30118.25,INR,SUCCESS,QR
T104533,M1008,C67017,2026-09-06 08:29:12,907.93,INR,FAILED,QR
T104534,M1017,C87161,2026-09-06 08:36:08,5817.97,INR,SUCCESS,POS
T104535,M1018,C99104,2026-09-06 06:31:40,66477.99,INR,SUCCESS,ONLINE
T104536,M1006,C69743,2026-09-06 07:39:51,3616.76,INR,SUCCESS,QR
T104537,M1028,C72110,2026-09-06 22:57:14,1544.05,INR,SUCCESS,QR
T104538,M1022,C96259,2026-09-06 06:24:32,225586.97,INR,SUCCESS,POS
T104539,M1015,C99639,2026-09-06 18:45:37,12607.06,INR,REVERSED,ONLINE
T104540,M1013,C68003,2026-09-06 21:36:54,1296.15,INR,SUCCESS,ONLINE
T104541,M1015,C97096,2026-09-06 22:59:21,2823.25,INR,SUCCESS,POS
T104542,M1024,C57144,2026-09-06 13:17:49,53862.50,INR,SUCCESS,QR
T104543,M1011,C59729,2026-09-06 09:56:56,3469.13,INR,SUCCESS,QR
T104544,M1028,C85405,2026-09-06 21:39:39,149448.97,INR,SUCCESS,POS
T104545,M1018,C67571,2026-09-06 08:53:27,279259.83,INR,SUCCESS,QR
T104546,M1027,C68529,2026-09-06 14:20:24,291725.78,INR,SUCCESS,ONLINE
T104547,M1026,C73730,2026-09-06 06:00:49,190063.52,INR,SUCCESS,QR
T104548,M1004,C64436,2026-09-06 17:34:46,105094.59,INR,SUCCESS,QR
T104549,M1010,C79104,2026-09-06 19:37:57,3212.15,INR,SUCCESS,ONLINE
T104550,M1010,C59636,2026-09-06 15:26:33,812.49,INR,SUCCESS,QR
T104551,M1011,C62448,2026-09-06 21:33:21,3220.40,INR,SUCCESS,QR
T104552,M1028,C95239,2026-09-06 13:17:28,3774.50,INR,SUCCESS,QR
T104553,M1015,C70743,2026-09-06 20:10:06,3935.94,INR,SUCCESS,POS
T104554,M1018,C96737,2026-09-06 11:56:48,455.74,INR,SUCCESS,POS
T104555,M1023,C77002,2026-09-06 18:55:18,355032.76,INR,SUCCESS,QR
T104556,M1028,C99038,2026-09-06 18:02:22,15020.79,INR,SUCCESS,QR
T104557,M1000,C51039,2026-09-06 10:09:26,340488.42,INR,SUCCESS,POS
T104558,M1025,C77627,2026-09-06 21:38:32,1232.37,INR,SUCCESS,POS
T104559,M1005,C84526,2026-09-06 12:52:41,3044.96,INR,SUCCESS,ONLINE
T104560,M1015,C53987,2026-09-06 06:58:05,2637.70,INR,SUCCESS,ONLINE
T104561,M1023,C51351,2026-09-06 08:46:15,2126.77,INR,SUCCESS,POS
T104562,M1019,C94341,2026-09-06 12:13:50,337112.37,INR,SUCCESS,ONLINE
T104563,M1022,C51987,2026-09-06 08:32:08,3203.03,INR,SUCCESS,QR
T104564,M1025,C56639,2026-09-06 07:24:50,15093.20,INR,SUCCESS,QR
T104565,M1005,C99881,2026-09-06 21:52:37,911.82,INR,SUCCESS,ONLINE
T104566,M1026,C80419,2026-09-06 20:53:12,175517.60,INR,SUCCESS,ONLINE
T104567,M1026,C79217,2026-09-06 14:22:52,103230.22,INR,SUCCESS,ONLINE
T104568,M1005,C52252,2026-09-06 14:01:41,1456.32,INR,SUCCESS,QR
T104569,M1008,C84774,2026-09-06 08:32:45,122057.73,INR,SUCCESS,ONLINE
T104570,M1011,C96275,2026-09-06 19:56:25,41024.14,INR,SUCCESS,QR
T104571,M1021,C63685,2026-09-06 14:06:03,727.88,INR,SUCCESS,ONLINE
T104572,M1017,C86542,2026-09-06 06:20:10,76797.52,INR,SUCCESS,QR
T104573,M1013,C84876,2026-09-06 16:10:42,1985.49,INR,SUCCESS,QR
T104574,M1017,C79817,2026-09-06 10:30:45,887.21,INR,SUCCESS,POS
T104575,M1014,C74861,2026-09-06 21:31:45,342744.90,INR,SUCCESS,ONLINE
T104576,M1009,C92998,2026-09-06 10:51:10,42872.26,INR,SUCCESS,ONLINE
T104577,M1025,C57506,2026-09-06 19:27:38,2177.38,INR,SUCCESS,POS
T104578,M1026,C84663,2026-09-06 21:54:15,24536.03,INR,SUCCESS,POS
T104579,M1002,C58574,2026-09-06 10:34:33,36913.18,INR,SUCCESS,ONLINE
T104580,M1001,C71888,2026-09-06 06:41:17,89120.87,INR,SUCCESS,POS
T104581,M1000,C96863,2026-09-06 06:20:41,25633.17,INR,SUCCESS,POS
T104582,M1018,C86157,2026-09-06 16:04:02,362112.24,INR,SUCCESS,POS
T104583,M1004,C91310,2026-09-06 11:13:25,37708.14,INR,SUCCESS,ONLINE
T104584,M1008,C52517,2026-09-06 08:40:53,355002.10,INR,SUCCESS,POS
T104585,M1009,C89780,2026-09-06 17:35:11,40601.04,INR,SUCCESS,POS
T104586,M1020,C76213,2026-09-06 11:10:03,5413.70,INR,SUCCESS,POS
T104587,M1008,C99486,2026-09-06 09:59:29,399895.53,INR,SUCCESS,ONLINE
T104588,M1018,C96309,2026-09-06 17:33:50,279528.73,INR,SUCCESS,QR
T104589,M1015,C65053,2026-09-06 06:54:18,2140.00,INR,SUCCESS,QR
T104590,M1000,C88455,2026-09-06 19:56:02,222872.34,INR,SUCCESS,POS
T104591,M1013,C52267,2026-09-06 09:26:24,253478.91,INR,SUCCESS,ONLINE
T104592,M1003,C75063,2026-09-06 18:58:22,3660.41,INR,SUCCESS,QR
T104593,M1025,C53339,2026-09-06 09:09:39,6181.80,INR,SUCCESS,QR
T104594,M1002,C50930,2026-09-06 16:53:55,21255.91,INR,SUCCESS,POS
T104595,M1004,C93601,2026-09-06 19:58:42,270852.80,INR,SUCCESS,POS
T104596,M1026,C89503,2026-09-06 08:13:23,3820.47,INR,SUCCESS,POS
T104597,M1027,C65097,2026-09-06 14:41:09,2456.41,INR,SUCCESS,POS
T104598,M1009,C61663,2026-09-06 20:16:45,3594.23,INR,SUCCESS,ONLINE
T104599,M1024,C73962,2026-09-06 18:13:30,103785.22,INR,SUCCESS,QR
T104600,M1017,C78109,2026-09-06 06:42:08,16778.20,INR,SUCCESS,QR
T104601,M1003,C94146,2026-09-06 21:28:13,219955.37,INR,SUCCESS,QR
T104602,M1021,C86063,2026-09-06 22:02:46,3279.10,INR,SUCCESS,QR
T104603,M1010,C82839,2026-09-06 18:52:24,341236.75,INR,SUCCESS,ONLINE
T104604,M1010,C78242,2026-09-06 11:43:28,50067.53,INR,SUCCESS,ONLINE
T104605,M1001,C73932,2026-09-06 15:09:07,1558.32,INR,SUCCESS,POS
T104606,M1003,C74039,2026-09-06 14:47:47,28725.86,INR,SUCCESS,POS
T104607,M1005,C87798,2026-09-06 22:05:59,197309.50,INR,SUCCESS,POS
T104608,M1005,C98431,2026-09-06 15:13:39,896.60,INR,SUCCESS,ONLINE
T104609,M1007,C82278,2026-09-06 19:25:49,49532.13,INR,SUCCESS,POS
T104610,M1023,C66895,2026-09-06 20:23:25,296367.82,INR,SUCCESS,QR
T104611,M1012,C69829,2026-09-06 06:16:58,267417.38,INR,SUCCESS,POS
T104612,M1014,C72106,2026-09-06 10:25:30,57573.91,INR,SUCCESS,POS
T104613,M1010,C56545,2026-09-06 09:44:48,2620.87,INR,SUCCESS,QR
T104614,M1012,C81181,2026-09-06 20:34:33,398693.93,INR,FAILED,POS
T104615,M1006,C86375,2026-09-06 18:06:20,3809.80,INR,SUCCESS,QR
T104616,M1004,C98395,2026-09-06 07:42:17,81135.87,INR,SUCCESS,QR
T104617,M1026,C50744,2026-09-06 20:01:07,2476.09,INR,REVERSED,POS
T104618,M1010,C64216,2026-09-06 14:44:31,31804.59,INR,SUCCESS,ONLINE
T104619,M1008,C64784,2026-09-06 10:23:53,175.01,INR,SUCCESS,ONLINE
T104620,M1006,C59625,2026-09-06 22:00:33,9343.43,INR,REVERSED,ONLINE
T104621,M1012,C72454,2026-09-06 06:35:08,12880.99,INR,SUCCESS,ONLINE
T104622,M1002,C98952,2026-09-06 11:38:18,352.57,INR,SUCCESS,QR
T104623,M1022,C61448,2026-09-06 06:35:45,393708.86,INR,SUCCESS,POS
T104624,M1017,C97834,2026-09-06 22:22:11,365144.23,INR,SUCCESS,POS
T104625,M1023,C55824,2026-09-06 11:15:30,20629.29,INR,SUCCESS,POS
T104626,M8888,C94664,2026-09-06 12:42:04,292.56,INR,SUCCESS,ONLINE
T104627,M1021,C80424,2026-09-06 16:43:47,173009.53,INR,SUCCESS,ONLINE
T104628,M1000,C79012,2026-09-06 21:23:34,30713.75,INR,SUCCESS,ONLINE
T104629,M1021,C82179,2026-09-06 18:36:02,189452.60,INR,SUCCESS,QR
T104630,M1017,C88600,2026-09-07 16:22:16,2905.15,,SUCCESS,QR
T104631,M1023,C83522,2026-09-07 08:03:31,15116.42,INR,SUCCESS,QR
T104632,M1026,C69157,2026-09-07 14:51:05,3821.77,INR,SUCCESS,QR
T104633,M1016,C53583,2026-09-07 10:30:52,797.42,INR,SUCCESS,POS
T104634,M1020,C64752,2026-09-07 09:36:53,135819.26,INR,SUCCESS,ONLINE
T104635,M1009,C70300,2026-09-07 07:42:12,1931.01,INR,SUCCESS,POS
T104636,M1024,C95359,2026-09-07 11:51:01,24526.62,INR,SUCCESS,QR
T104637,M1029,C83917,2026-09-07 14:48:54,49161.92,INR,SUCCESS,ONLINE
T104638,M1018,C95920,2026-09-07 16:55:14,8438.34,INR,SUCCESS,QR
T104639,M1005,C89415,2026-09-07 07:05:05,59051.83,INR,SUCCESS,POS
T104640,M1004,C71619,2026-09-07 22:18:19,1466.14,INR,SUCCESS,ONLINE
T104641,M1008,C98016,2026-09-07 08:28:28,73384.87,INR,SUCCESS,QR
T104642,M1014,C61320,2026-09-07 19:45:02,467.78,INR,SUCCESS,ONLINE
T104643,M1000,C91500,2026-09-07 20:20:00,15501.48,INR,SUCCESS,POS
T104644,M1022,C62774,2026-09-07 06:15:04,37881.81,INR,FAILED,QR
T104645,M1018,C87042,2026-09-07 13:04:35,6290.38,INR,SUCCESS,QR
T104646,M1006,C70623,2026-09-07 18:23:03,51799.96,INR,SUCCESS,POS
T104647,M1008,C92157,2026-09-07 09:16:40,10026.53,INR,SUCCESS,QR
T104648,M1017,C50845,2026-09-07 17:59:04,16820.41,INR,SUCCESS,ONLINE
T104649,M1004,C76739,2026-09-07 18:33:18,330124.02,INR,SUCCESS,POS
T104650,M1024,C87507,2026-09-07 20:54:58,376.76,INR,SUCCESS,POS
T104651,M1024,C98323,2026-09-07 21:22:46,23846.68,INR,SUCCESS,QR
T104652,M1022,C81273,2026-09-07 07:46:09,104589.22,INR,SUCCESS,ONLINE
T104653,M1024,C68880,2026-09-07 21:50:33,1353.58,INR,SUCCESS,POS
T104654,M1009,C70615,2026-09-07 14:27:45,50732.75,INR,SUCCESS,QR
T104655,M1013,C88645,2026-09-07 16:08:51,190618.67,INR,SUCCESS,ONLINE
T104656,M1014,C80743,2026-09-07 14:22:45,29378.38,INR,SUCCESS,POS
T104657,M1029,C53254,2026-09-07 19:39:35,52820.26,,SUCCESS,ONLINE
T104658,M1013,C52152,2026-09-07 09:15:54,125079.17,INR,FAILED,ONLINE
T104659,M1001,C53299,2026-09-07 11:40:07,273.65,INR,SUCCESS,QR
T104660,M1006,C52371,2026-09-07 07:03:09,318948.22,INR,SUCCESS,POS
T104661,M1007,C63122,2026-09-07 15:53:09,184709.13,INR,SUCCESS,QR
T104662,M1021,C70115,2026-09-07 09:00:18,200203.10,INR,SUCCESS,ONLINE
T104663,M1000,C62772,2026-09-07 18:40:44,234.39,INR,SUCCESS,QR
T104664,M1023,C85700,2026-09-07 12:25:39,343063.08,INR,FAILED,POS
T104665,M1027,C76089,2026-09-07 20:55:37,56447.19,INR,SUCCESS,POS
T104666,M1013,C84634,2026-09-07 21:14:23,6305.03,INR,SUCCESS,POS
T104667,M1001,C72217,2026-09-07 21:59:28,695.59,INR,SUCCESS,ONLINE
T104668,M1003,C95008,2026-09-07 11:07:34,829.80,INR,SUCCESS,QR
T104669,M1008,C54258,2026-09-07 14:19:39,348192.71,INR,SUCCESS,QR
T104670,M1014,C97099,2026-09-07 06:44:58,19561.74,INR,SUCCESS,ONLINE
T104671,M1003,C59114,2026-09-07 08:20:09,3310.19,INR,SUCCESS,ONLINE
T104672,M1026,C74643,2026-09-07 18:03:29,198839.77,INR,SUCCESS,QR
T104673,M1010,C75254,2026-09-07 08:08:55,46034.61,INR,SUCCESS,ONLINE
T104674,M1023,C96614,2026-09-07 20:31:03,671.28,INR,SUCCESS,QR
T104675,M1018,C90129,2026-09-07 12:02:31,622.55,INR,SUCCESS,QR
T104676,M1024,C89584,2026-09-07 06:30:39,142448.07,INR,REVERSED,POS
T104677,M1021,C90834,2026-09-07 12:55:43,154604.24,INR,SUCCESS,QR
T104678,M1014,C81683,2026-09-07 20:03:07,2288.70,INR,SUCCESS,ONLINE
T104679,M1019,C99426,2026-09-07 17:34:45,41213.80,INR,SUCCESS,POS
T104680,M1005,C70284,2026-09-07 19:36:27,1942.87,INR,SUCCESS,ONLINE
T104681,M1004,C90421,2026-09-07 13:57:36,59647.21,INR,SUCCESS,ONLINE
T104682,M1000,C82687,2026-09-07 12:00:18,64553.70,INR,SUCCESS,ONLINE
T104683,M1017,C94307,2026-09-07 07:32:06,94684.17,INR,SUCCESS,QR
T104684,M1028,C53607,2026-09-07 20:40:23,369470.14,INR,SUCCESS,QR
T104685,M1015,C53884,2026-09-07 22:18:34,165834.33,INR,SUCCESS,QR
T104686,M1020,C84529,2026-09-07 16:23:43,57144.15,INR,SUCCESS,POS
T104687,M1007,C79656,2026-09-07 11:01:49,19392.78,INR,SUCCESS,ONLINE
T104688,M1023,C79387,2026-09-07 16:22:17,284012.53,INR,SUCCESS,ONLINE
T104689,M1000,C76619,2026-09-07 20:27:42,50264.91,INR,SUCCESS,POS
T104690,M1010,C62710,2026-09-07 10:20:43,38215.64,INR,SUCCESS,ONLINE
T104691,M1010,C97226,2026-09-07 17:31:51,4537.10,INR,SUCCESS,QR
T104692,M1003,C77091,2026-09-07 22:15:48,219592.90,INR,SUCCESS,ONLINE
T104693,M1029,C73145,2026-09-07 17:35:54,1085.91,INR,SUCCESS,POS
T104694,M1009,C63012,2026-09-07 17:24:19,2656.75,INR,SUCCESS,ONLINE
T104695,M1000,C50709,2026-09-07 14:07:26,228971.57,INR,SUCCESS,POS
T104696,M1003,C75153,2026-09-07 12:48:11,53792.08,INR,SUCCESS,POS
T104697,M1025,C88082,2026-09-07 06:20:59,5769.72,INR,SUCCESS,ONLINE
T104698,M1019,C95671,2026-09-07 08:28:37,12174.68,INR,SUCCESS,QR
T104699,M1020,C98528,2026-09-07 18:29:59,278595.98,INR,SUCCESS,QR
T104700,M1006,C95374,2026-09-07 16:52:03,321.77,INR,SUCCESS,QR
T104701,M1019,C83322,2026-09-07 06:42:39,287461.16,INR,SUCCESS,ONLINE
T104702,M1009,C58171,2026-09-07 21:00:26,1666.49,INR,SUCCESS,POS
T104703,M1005,C50820,2026-09-07 12:58:28,863.84,INR,SUCCESS,ONLINE
T104704,M1015,C91536,2026-09-07 22:19:20,6778.41,INR,SUCCESS,QR
T104705,M1022,C65478,2026-09-07 08:39:26,1693.44,INR,SUCCESS,QR
T104706,M1006,C92129,2026-09-07 08:05:31,14574.10,INR,SUCCESS,ONLINE
T104707,M1006,C86646,2026-09-07 18:10:26,368357.94,INR,SUCCESS,POS
T104708,M1001,C66220,2026-09-07 14:05:13,332391.89,INR,SUCCESS,POS
T104709,M1001,C87302,2026-09-07 20:50:16,38439.32,INR,SUCCESS,POS
T104710,M1002,C59247,2026-09-07 14:57:34,14190.38,INR,SUCCESS,POS
T104711,M1010,C55570,2026-09-07 22:54:37,1654.62,INR,SUCCESS,ONLINE
T104712,M1006,C60604,2026-09-07 08:05:29,3278.92,INR,SUCCESS,QR
T104713,M1023,C80073,2026-09-07 18:58:23,938.85,INR,SUCCESS,POS
T104714,M1024,C75035,2026-09-07 16:11:42,7918.19,INR,SUCCESS,QR
T104715,M1020,C52593,2026-09-07 10:48:30,1480.90,INR,SUCCESS,POS
T104716,M1010,C91235,2026-09-07 17:28:14,46255.84,INR,SUCCESS,ONLINE
T104717,M1000,C93285,2026-09-07 07:16:42,358781.61,INR,SUCCESS,POS
T104718,M1009,C89429,2026-09-07 18:18:04,121672.81,INR,SUCCESS,ONLINE
T104719,M1019,C52031,2026-09-07 09:11:10,300008.49,INR,SUCCESS,POS
T104720,M1018,C87956,2026-09-07 11:07:26,21833.49,INR,SUCCESS,QR
T104721,M1003,C81557,2026-09-07 08:55:19,349998.67,INR,FAILED,ONLINE
T104722,M1018,C56696,2026-09-07 07:56:57,22356.28,INR,FAILED,QR
T104723,M1010,C59590,2026-09-07 13:01:42,254808.24,INR,SUCCESS,QR
T104724,M1018,C88121,2026-09-07 13:49:04,2087.11,INR,SUCCESS,POS
T104725,M1017,C96715,2026-09-07 10:00:43,1025.97,INR,SUCCESS,POS
T104726,M1002,C77216,2026-09-07 18:05:35,1774.67,INR,SUCCESS,POS
T104727,M1023,C68249,2026-09-07 08:47:06,282951.49,INR,SUCCESS,QR
T104728,M1023,C57113,2026-09-07 16:14:02,1295.26,INR,SUCCESS,ONLINE
T104729,M1007,C64982,2026-09-07 14:47:43,24777.10,INR,SUCCESS,ONLINE
T104730,M1026,C92158,2026-09-07 08:13:52,18990.66,INR,SUCCESS,ONLINE
T104731,M1013,C59814,2026-09-07 17:30:50,362.55,INR,SUCCESS,QR
T104732,M1028,C76808,2026-09-07 20:48:54,15036.58,INR,SUCCESS,QR
T104733,M1004,C91816,2026-09-07 18:57:02,35362.83,INR,SUCCESS,POS
T104734,M1010,C66730,2026-09-07 14:41:21,22272.34,INR,SUCCESS,POS
T104735,M1026,C79063,2026-09-07 08:06:26,368321.94,INR,SUCCESS,QR
T104736,M1023,C78830,2026-09-07 21:41:36,14506.99,INR,SUCCESS,ONLINE
T104737,M1000,C79308,2026-09-07 06:49:56,1396.98,INR,SUCCESS,ONLINE
T104738,M1017,C63731,2026-09-07 08:18:45,33689.72,INR,SUCCESS,POS
T104739,M1020,C65216,2026-09-07 20:48:48,740.38,INR,FAILED,ONLINE
T104740,M1029,C63531,2026-09-07 07:39:59,15792.56,INR,SUCCESS,QR
T104741,M1019,C96795,2026-09-07 15:34:34,55376.42,INR,SUCCESS,POS
T104742,M1000,C51757,2026-09-07 10:28:14,257575.01,INR,FAILED,QR
T104743,M1004,C87943,2026-09-07 12:53:17,17374.57,INR,FAILED,POS
T104744,M1018,C92399,2026-09-07 18:10:07,366129.90,INR,SUCCESS,QR
T104745,M1010,C69352,2026-09-07 19:01:32,362195.53,INR,SUCCESS,QR
T104746,M1005,C60632,2026-09-07 17:58:40,310.37,INR,SUCCESS,ONLINE
T104747,M1020,C74662,2026-09-07 17:10:26,65094.03,INR,SUCCESS,POS
T104748,M1023,C94487,2026-09-07 22:08:16,55716.52,INR,SUCCESS,QR
T104749,M1009,C73276,2026-09-07 07:21:55,309861.95,INR,SUCCESS,POS
T104750,M1025,C72353,2026-09-07 16:09:48,214.23,INR,SUCCESS,POS
T104751,M1008,C55867,2026-09-07 16:09:09,2467.18,INR,FAILED,POS
T104752,M1007,C96872,2026-09-07 18:23:02,1796.76,INR,SUCCESS,POS
T104753,M1020,C87262,2026-09-07 17:48:22,21657.42,INR,SUCCESS,POS
T104754,M1008,C82698,2026-09-07 09:32:26,203244.26,INR,SUCCESS,QR
T104755,M1002,C63435,2026-09-07 20:40:31,1295.80,INR,SUCCESS,QR
T104756,M1018,C80794,2026-09-07 10:11:26,411.38,INR,SUCCESS,ONLINE
T104757,M1017,C58804,2026-09-07 10:21:59,30032.43,INR,SUCCESS,QR
T104758,M1010,C66028,2026-09-07 06:06:52,338059.16,INR,SUCCESS,POS
T104759,M1015,C89445,2026-09-07 13:31:32,140125.66,INR,SUCCESS,POS
T104760,M1002,C79008,2026-09-07 06:00:33,49981.69,INR,SUCCESS,QR
T104761,M1007,C71957,2026-09-07 10:15:51,357849.18,INR,SUCCESS,POS
T104762,M1017,C77492,2026-09-07 06:42:20,390666.10,INR,SUCCESS,POS
T104763,M1005,C95169,2026-09-07 10:01:47,18508.02,INR,REVERSED,ONLINE
T104764,M1010,C71660,2026-09-07 10:39:55,6657.55,INR,SUCCESS,QR
T104765,M1008,C51143,2026-09-07 16:11:42,29051.06,INR,SUCCESS,ONLINE
T104766,M1020,C78765,2026-09-07 15:26:54,8776.20,INR,SUCCESS,POS
T104767,M1000,C70110,2026-09-07 17:15:13,184.48,INR,SUCCESS,QR
T104768,M1004,C52752,2026-09-07 19:09:19,12030.76,INR,SUCCESS,QR
T104769,M1014,C84178,2026-09-07 22:43:48,613.75,INR,REVERSED,POS
T104770,M1019,C51381,2026-09-07 12:49:38,52286.70,INR,SUCCESS,ONLINE
T104771,M1028,C54195,2026-09-07 10:07:49,9121.17,INR,FAILED,QR
T104772,M1006,C91485,2026-09-07 06:51:16,2711.58,INR,SUCCESS,QR
T104773,M1001,C71318,2026-09-07 09:44:49,3550.52,INR,SUCCESS,ONLINE
T104774,M1000,C68253,2026-09-07 21:21:00,146414.13,INR,SUCCESS,POS
T104775,M1004,C74937,2026-09-07 07:44:48,7263.93,INR,SUCCESS,POS
T104776,M1010,C67820,2026-09-07 15:02:39,398535.96,INR,SUCCESS,ONLINE
T104777,M1004,C91972,2026-09-07 18:16:23,97872.66,INR,SUCCESS,POS
T104778,M1015,C65305,2026-09-07 12:31:07,148175.28,INR,SUCCESS,ONLINE
T104779,M1024,C61904,2026-09-07 14:57:27,21598.09,INR,SUCCESS,ONLINE
T104780,M1022,C56857,2026-09-07 07:34:44,1691.79,INR,REVERSED,ONLINE
T104781,M1027,C50013,2026-09-07 15:14:24,31290.44,INR,FAILED,ONLINE
T104782,M1028,C91485,2026-09-07 14:21:41,22804.32,INR,SUCCESS,POS
T104783,M1025,C80275,2026-09-07 19:33:10,1612.34,INR,SUCCESS,ONLINE
T104784,M1005,C56506,2026-09-07 15:06:28,25373.39,INR,SUCCESS,QR
T104785,M1022,C82876,2026-09-07 18:54:17,434.65,INR,SUCCESS,ONLINE
T104786,M1015,C88255,2026-09-07 09:19:26,243003.47,INR,FAILED,ONLINE
T104787,M1000,C65161,2026-09-07 14:09:21,167285.90,INR,SUCCESS,ONLINE
T104788,M1025,C96754,2026-09-07 09:03:42,26880.03,INR,SUCCESS,POS
T104789,M1024,C63839,2026-09-07 12:11:00,8091.56,INR,SUCCESS,QR
T104790,M1012,C50021,2026-09-07 12:11:09,43351.76,INR,SUCCESS,ONLINE
T104791,M1005,C87772,2026-09-07 15:37:23,50623.65,INR,SUCCESS,POS
T104792,M1002,C75567,2026-09-07 16:28:54,123934.97,INR,SUCCESS,QR
T104793,M1000,C52872,2026-09-07 20:30:11,2107.41,INR,SUCCESS,QR
T104794,M1018,C55907,2026-09-07 08:59:25,59832.97,INR,SUCCESS,POS
T104795,M1025,C89998,2026-09-07 21:39:26,190219.51,INR,SUCCESS,QR
T104796,M1027,C61121,2026-09-07 10:31:35,209884.78,INR,SUCCESS,QR
T104797,M1029,C63181,2026-09-07 11:38:08,39071.00,INR,SUCCESS,QR
T104798,M1024,C74217,2026-09-07 09:26:30,180653.52,INR,SUCCESS,QR
T104799,M1014,C86003,2026-09-07 22:56:55,285526.38,INR,SUCCESS,POS
T104800,M1016,C58249,2026-09-07 11:39:51,696.45,INR,SUCCESS,QR
T104801,M1028,C94161,2026-09-07 11:43:41,165529.14,INR,SUCCESS,QR
T104802,M1007,C59577,2026-09-07 19:10:53,2080.94,INR,SUCCESS,QR
T104803,M1025,C59129,2026-09-07 21:05:49,10335.19,INR,SUCCESS,ONLINE
T104804,M1029,C74150,2026-09-07 11:53:48,14658.11,INR,FAILED,QR
T104805,M1014,C51919,2026-09-07 21:58:52,304342.62,INR,SUCCESS,ONLINE
T104806,M1022,C57762,2026-09-07 08:36:52,27771.09,INR,SUCCESS,POS
T104807,M1017,C89430,2026-09-07 19:33:49,32351.96,INR,SUCCESS,POS
T104808,M1003,C59936,2026-09-07 19:26:32,309955.06,INR,SUCCESS,POS
T104809,M1020,C77101,2026-09-07 13:11:06,297987.58,INR,SUCCESS,ONLINE
T104810,M1008,C72752,2026-09-07 22:34:34,38397.18,INR,SUCCESS,ONLINE
T104811,M1008,C90005,2026-09-07 17:59:14,230680.87,INR,SUCCESS,QR
T104812,M1018,C79357,2026-09-07 11:25:22,29648.75,INR,SUCCESS,QR
T104813,M1025,C60252,2026-09-07 17:00:04,942.14,INR,SUCCESS,POS
T104814,M1007,C62345,2026-09-07 14:33:02,3149.97,INR,SUCCESS,POS
T104815,M1018,C87760,2026-09-07 06:18:43,2357.12,INR,SUCCESS,ONLINE
T104816,M1027,C97670,2026-09-07 11:18:02,2121.99,INR,SUCCESS,POS
T104817,M1012,C57221,2026-09-07 19:09:10,42539.84,INR,SUCCESS,POS
T104818,M1015,C91260,2026-09-07 08:46:38,330368.33,INR,SUCCESS,QR
T104819,M1015,C84615,2026-09-07 13:05:39,21918.64,INR,SUCCESS,ONLINE
T104820,M1000,C55383,2026-09-07 20:10:25,339398.23,INR,SUCCESS,ONLINE
T104821,M1008,C67505,2026-09-07 17:00:16,3506.30,INR,FAILED,QR
T104822,M1012,C55362,2026-09-07 12:46:39,2802.54,INR,SUCCESS,POS
T104823,M1011,C99100,2026-09-07 20:24:48,315991.66,INR,SUCCESS,QR
T104824,M1015,C53224,2026-09-07 21:04:16,63013.36,INR,SUCCESS,ONLINE
T104825,M1020,C81697,2026-09-07 18:00:03,43099.88,INR,SUCCESS,POS
T104826,M1012,C87037,2026-09-07 09:53:51,3361.32,INR,FAILED,ONLINE
T104827,M1028,C74372,2026-09-07 21:47:26,10761.15,INR,SUCCESS,ONLINE
T104828,M1003,C87910,2026-09-07 13:49:30,2269.90,INR,FAILED,ONLINE
T104829,M1026,C72115,2026-09-07 21:05:40,327762.14,INR,REVERSED,ONLINE
T104830,M1026,C93437,2026-09-07 17:06:25,395562.21,INR,SUCCESS,ONLINE
T104831,M1027,C73057,2026-09-07 09:26:47,4281.07,INR,SUCCESS,POS
T104832,M1006,C90336,2026-09-07 22:13:22,46796.47,INR,SUCCESS,POS
T104833,M1011,C89309,2026-09-07 17:47:17,29255.10,INR,SUCCESS,POS
T104834,M1010,C89881,2026-09-07 12:37:17,2188.74,INR,SUCCESS,QR
T104835,M1007,C73824,2026-09-07 17:32:43,2176.54,INR,SUCCESS,POS
T104836,M1029,C83967,2026-09-07 15:28:21,2999.57,INR,SUCCESS,ONLINE
T104837,M1029,C56394,2026-09-07 10:09:06,45668.30,INR,SUCCESS,POS
T104838,M1009,C90636,2026-09-07 18:53:43,266253.39,INR,SUCCESS,ONLINE
T104839,M1024,C73966,2026-09-07 14:30:45,150.35,INR,SUCCESS,POS
T104840,M1010,C89667,2026-09-07 06:28:02,21950.45,INR,SUCCESS,ONLINE
T104841,M1011,C76157,2026-09-07 22:29:48,3500.77,INR,SUCCESS,QR
T104842,M1026,C67953,2026-09-07 11:52:41,35180.51,INR,SUCCESS,QR
T104843,M1014,C74417,2026-09-07 15:35:50,194540.55,INR,SUCCESS,QR
T104844,M1006,C70705,2026-09-07 10:11:59,1408.96,INR,SUCCESS,ONLINE
T104845,M1015,C54461,2026-09-07 11:48:48,3321.67,INR,SUCCESS,QR
T104846,M1000,C83387,2026-09-07 14:43:58,55322.74,INR,REVERSED,POS
T104847,M1009,C99940,2026-09-07 19:41:55,775.08,INR,SUCCESS,QR
T104848,M1004,C61981,2026-09-07 19:58:24,45343.83,INR,SUCCESS,POS
T104849,M1022,C92268,2026-09-07 15:48:37,724.16,INR,SUCCESS,ONLINE
T104850,M1016,C57325,2026-09-07 06:55:32,142710.10,INR,SUCCESS,ONLINE
T104851,M1008,C75543,2026-09-07 08:32:02,396407.01,INR,SUCCESS,POS
T104852,M1028,C74438,2026-09-07 19:12:05,350514.95,INR,SUCCESS,POS
T104853,M1021,C58660,2026-09-07 15:12:31,795.57,INR,SUCCESS,ONLINE
T104854,M1026,C69359,2026-09-07 06:45:33,47690.32,INR,SUCCESS,POS
T104855,M1015,C66711,2026-09-07 19:55:41,32093.21,INR,SUCCESS,ONLINE
T104856,M1004,C68170,2026-09-07 22:23:23,312891.40,INR,SUCCESS,QR
T104857,M1005,C88722,2026-09-07 08:05:50,58550.03,INR,SUCCESS,ONLINE
T104858,M1020,C62430,2026-09-07 16:09:18,11167.52,INR,REVERSED,QR
T104859,M1004,C58347,2026-09-07 13:38:32,1063.69,INR,SUCCESS,POS
T104860,M1008,C95041,2026-09-07 15:04:57,3937.16,INR,SUCCESS,ONLINE
T104861,M1009,C87457,2026-09-07 21:01:49,1541.71,INR,SUCCESS,QR
T104862,M1003,C83006,2026-09-07 15:10:02,7778.98,INR,SUCCESS,ONLINE
T104863,M1006,C72410,2026-09-07 09:47:25,12410.17,INR,SUCCESS,QR
T104864,M1026,C56077,2026-09-07 13:55:02,54415.65,INR,SUCCESS,QR
T104865,M1006,C68785,2026-09-07 22:53:52,2604.62,INR,SUCCESS,ONLINE
T104866,M1001,C92315,2026-09-07 19:21:19,3775.75,INR,SUCCESS,ONLINE
T104867,M1025,C59446,2026-09-07 09:41:27,1469.58,INR,SUCCESS,ONLINE
T104868,M1007,C62900,2026-09-07 09:06:03,160261.27,INR,SUCCESS,POS
T104869,M1015,C99414,2026-09-07 09:23:42,54518.69,INR,SUCCESS,ONLINE
T104870,M1010,C74769,2026-09-07 20:38:43,361364.72,INR,SUCCESS,QR
T104871,M1021,C88085,2026-09-07 22:43:08,1790.14,INR,SUCCESS,ONLINE
T104872,M1025,C90901,2026-09-07 13:21:05,52830.11,INR,SUCCESS,ONLINE
T104873,M1028,C70072,2026-09-07 08:42:18,320847.13,INR,SUCCESS,QR
T104874,M1013,C81242,2026-09-07 07:28:59,32514.19,INR,SUCCESS,POS
T104875,M1002,C51998,2026-09-07 11:28:13,59469.68,INR,SUCCESS,POS
T104876,M1009,C81023,2026-09-07 12:08:07,154716.40,INR,SUCCESS,ONLINE
T104877,M1015,C88706,2026-09-07 14:37:56,327604.25,INR,FAILED,QR
T104878,M1020,C84657,2026-09-07 06:57:59,7509.92,INR,SUCCESS,POS
T104879,M1010,C98383,2026-09-07 16:05:32,3999.01,INR,SUCCESS,QR
T104880,M1018,C78088,2026-09-07 09:34:52,2432.25,INR,SUCCESS,POS
T104881,M1006,C92022,2026-09-07 19:21:12,144172.75,INR,SUCCESS,ONLINE
T104882,M1022,C66238,2026-09-07 06:59:20,15495.99,INR,SUCCESS,POS
T104883,M1026,C85087,2026-09-07 15:16:29,204261.25,INR,SUCCESS,POS
T104884,M1027,C59192,2026-09-07 13:06:07,395783.11,INR,SUCCESS,ONLINE
T104885,M1007,C57315,2026-09-07 09:49:03,38443.13,INR,SUCCESS,QR
T104886,M1028,C72317,2026-09-07 18:54:30,12081.65,INR,SUCCESS,POS
T104887,M1005,C53316,2026-09-07 16:35:45,510.96,INR,SUCCESS,POS
T104888,M1006,C51319,2026-09-07 07:09:29,3894.14,INR,SUCCESS,ONLINE
T104889,M1024,C64894,2026-09-07 13:14:03,3771.69,INR,SUCCESS,ONLINE
T104890,M1021,C66335,2026-09-07 10:04:15,3526.83,INR,REVERSED,POS
T104891,M1011,C67657,2026-09-07 06:26:14,360801.50,INR,SUCCESS,QR
T104892,M1008,C63533,2026-09-07 08:35:46,1486.17,INR,SUCCESS,QR
T104893,M1005,C69193,2026-09-07 11:30:12,3605.33,INR,SUCCESS,QR
T104894,M1001,C66465,2026-09-07 12:44:31,29683.89,INR,SUCCESS,POS
T104895,M1003,C90251,2026-09-07 08:15:53,14845.44,INR,SUCCESS,ONLINE
T104896,M1000,C90322,2026-09-07 13:32:48,176534.10,INR,FAILED,QR
T104897,M1018,C80671,2026-09-07 15:41:27,43715.04,INR,SUCCESS,POS
T104898,M1023,C71235,2026-09-07 16:19:20,36885.33,INR,SUCCESS,QR
T104899,M1012,C62948,2026-09-07 09:02:30,18474.56,INR,SUCCESS,QR
T104900,M1005,C84796,2026-09-07 20:19:33,1272.32,INR,SUCCESS,ONLINE
T104901,M1027,C85875,2026-09-07 10:43:25,258405.88,INR,SUCCESS,POS
T104902,M1029,C90685,2026-09-07 09:08:54,181867.43,INR,SUCCESS,POS
T104903,M1018,C55476,2026-09-07 16:11:03,190822.26,INR,SUCCESS,ONLINE
T104904,M1007,C85061,2026-09-07 08:57:44,1841.63,INR,SUCCESS,POS
T104905,M1016,C78312,2026-09-07 14:07:56,20391.97,INR,SUCCESS,QR
T104906,M1007,C79713,2026-09-07 09:25:26,58402.59,INR,SUCCESS,ONLINE
T104907,M1027,C88683,2026-09-07 08:55:49,55424.33,INR,SUCCESS,QR
T104908,M1009,C66549,2026-09-07 06:23:06,13678.91,INR,SUCCESS,POS
T104909,M1020,C97430,2026-09-07 12:39:57,2111.29,INR,SUCCESS,ONLINE
T104910,M1024,C69915,2026-09-07 15:55:23,1937.55,INR,SUCCESS,ONLINE
T104911,M1021,C70962,2026-09-07 16:39:53,71708.73,INR,SUCCESS,ONLINE
T104912,M1010,C73114,2026-09-07 22:18:36,48809.26,INR,SUCCESS,ONLINE
T104913,M1018,C79846,2026-09-07 09:54:00,209.71,INR,SUCCESS,POS
T104914,M1021,C95306,2026-09-07 06:24:35,11789.54,INR,SUCCESS,ONLINE
T104915,M1009,C91687,2026-09-07 15:13:06,306.72,INR,SUCCESS,QR
T104916,M1009,C74831,2026-09-07 14:45:59,1741.36,INR,SUCCESS,POS
T104917,M1023,C69365,2026-09-07 14:21:05,276020.61,INR,SUCCESS,POS
T104918,M1022,C60679,2026-09-07 17:10:52,40196.72,INR,SUCCESS,ONLINE
T104919,M1023,C98341,2026-09-07 09:03:01,306693.52,INR,SUCCESS,POS
T104920,M1025,C98831,2026-09-07 10:45:46,56467.60,INR,SUCCESS,POS
T104921,M1027,C75147,2026-09-07 13:50:20,566.90,INR,SUCCESS,QR
T104922,M1021,C70984,2026-09-07 16:01:56,3936.26,INR,FAILED,QR
T104923,M1020,C54946,2026-09-07 12:32:04,1359.54,INR,SUCCESS,QR
T104924,M1028,C66099,2026-09-07 06:31:48,76092.94,INR,SUCCESS,QR
T104925,M1021,C66966,2026-09-07 22:58:08,129028.42,INR,SUCCESS,QR
T104926,M1002,C96539,2026-09-07 11:53:17,2444.79,INR,FAILED,QR
T104927,M1026,C70674,2026-09-07 08:30:04,2908.77,INR,SUCCESS,POS
T104928,M1009,C57764,2026-09-07 08:29:23,264602.94,INR,REVERSED,QR
T104929,M1023,C85391,2026-09-07 08:13:42,1854.11,INR,SUCCESS,QR
T104930,M1009,C79105,2026-09-07 22:51:19,437.50,INR,SUCCESS,POS
T104931,M1010,C94758,2026-09-07 22:11:04,246640.13,INR,SUCCESS,ONLINE
T104932,M1017,C65340,2026-09-07 20:45:17,34351.91,INR,SUCCESS,ONLINE
T104933,M1024,C86524,2026-09-07 08:06:30,264504.89,INR,SUCCESS,POS
T104934,M1026,C70197,2026-09-07 09:25:47,25744.51,INR,SUCCESS,QR
T104935,M1020,C63642,2026-09-07 21:21:45,2187.91,INR,SUCCESS,QR
T104936,M1013,C77166,2026-09-07 11:13:46,328692.60,INR,SUCCESS,ONLINE
T104937,M1005,C54018,2026-09-07 17:06:15,2266.75,INR,SUCCESS,QR
T104938,M1011,C64864,2026-09-07 06:16:07,2526.04,INR,SUCCESS,POS
T104939,M1003,C88598,2026-09-07 15:54:54,3886.00,INR,SUCCESS,POS
T104940,M1009,C77615,2026-09-07 14:17:43,3974.61,INR,SUCCESS,POS
T104941,M1006,C65188,2026-09-07 13:03:02,40268.81,INR,SUCCESS,QR
T104942,M1028,C64674,2026-09-07 11:50:00,111441.59,INR,SUCCESS,ONLINE
T104943,M1016,C68133,2026-09-07 06:27:46,9802.16,INR,REVERSED,ONLINE
T104944,M1017,C63347,2026-09-07 14:23:13,1470.19,INR,FAILED,QR
T104945,M1015,C85072,2026-09-07 10:40:09,2914.28,INR,SUCCESS,QR
T104946,M1024,C80025,2026-09-07 14:41:32,50361.58,INR,SUCCESS,QR
T104947,M1007,C58189,2026-09-07 11:17:38,13428.08,INR,SUCCESS,ONLINE
T104948,M1026,C96475,2026-09-07 15:05:04,3735.14,INR,SUCCESS,POS
T104949,M1026,C59212,2026-09-07 16:29:20,3897.50,INR,SUCCESS,POS
T104950,M1025,C96037,2026-09-07 15:06:28,129011.77,INR,SUCCESS,QR
T104951,M1002,C85745,2026-09-07 21:03:31,202149.73,INR,SUCCESS,QR
T104952,M1001,C79028,2026-09-07 18:38:37,3843.82,INR,SUCCESS,POS
T104953,M1015,C53888,2026-09-07 21:35:19,2327.86,INR,REVERSED,ONLINE
T104954,M1022,C84236,2026-09-07 19:38:50,14992.51,INR,SUCCESS,QR
T104955,M1008,C91186,2026-09-07 14:09:06,45510.13,INR,SUCCESS,ONLINE
T104956,M1001,C71993,2026-09-07 08:28:18,309168.45,INR,FAILED,POS
T104957,M1001,C61473,2026-09-07 08:02:18,106112.80,INR,SUCCESS,ONLINE
T104958,M1016,C89168,2026-09-07 19:00:56,372928.68,INR,SUCCESS,POS
T104959,M1003,C70215,2026-09-07 17:04:29,201200.17,INR,REVERSED,ONLINE
T104960,M1018,C86683,2026-09-07 17:53:33,350327.31,INR,SUCCESS,ONLINE
T104961,M1021,C85976,2026-09-07 11:33:16,686.94,INR,SUCCESS,QR
T104962,M1002,C93543,2026-09-07 07:41:24,48428.44,INR,SUCCESS,ONLINE
T104963,M1016,C91202,2026-09-07 18:45:34,1117.66,INR,SUCCESS,POS
T104964,M1014,C55870,2026-09-07 08:24:52,5830.03,INR,SUCCESS,QR
T104965,M1015,C83203,2026-09-07 10:09:35,113505.70,INR,SUCCESS,QR
T104966,M1007,C84807,2026-09-07 13:13:07,345813.42,INR,SUCCESS,ONLINE
T104967,M1012,C60473,2026-09-07 15:40:16,369166.18,INR,SUCCESS,ONLINE
T104968,M1025,C64795,2026-09-07 19:21:51,95369.52,INR,SUCCESS,ONLINE
T104969,M1008,C91099,2026-09-07 07:42:09,3099.41,INR,SUCCESS,QR
T104970,M1013,C87735,2026-09-07 18:44:30,29204.40,INR,SUCCESS,ONLINE
T104971,M1009,C92061,2026-09-07 13:24:30,297400.57,INR,SUCCESS,ONLINE
T104972,M1019,C55744,2026-09-07 13:42:13,2347.34,INR,SUCCESS,POS
T104973,M1019,C79568,2026-09-07 19:54:18,2194.11,INR,SUCCESS,ONLINE
T104974,M1023,C60140,2026-09-07 08:13:59,13868.04,INR,FAILED,ONLINE
T104975,M1026,C90045,2026-09-07 20:03:41,284490.17,,SUCCESS,QR
T104976,M1026,C96398,2026-09-07 18:07:11,7249.19,INR,SUCCESS,ONLINE
T104977,M1016,C52684,2026-09-07 17:55:28,204173.01,INR,SUCCESS,ONLINE
T104978,M1010,C59767,2026-09-07 11:41:39,355714.14,INR,FAILED,POS
T104979,M1022,C93134,2026-09-07 07:01:08,27370.49,INR,SUCCESS,ONLINE
T104980,M1000,C79361,2026-09-07 20:58:18,27660.43,INR,SUCCESS,POS
T104981,M1002,C54519,2026-09-07 21:46:41,277062.86,INR,SUCCESS,POS
T104982,M1005,C69070,2026-09-07 14:04:28,2850.76,INR,SUCCESS,QR
T104983,M1000,C95252,2026-09-07 17:48:26,499.69,INR,SUCCESS,ONLINE
T104984,M1012,C56343,2026-09-07 18:20:33,57192.40,INR,SUCCESS,POS
T104985,M1026,C56945,2026-09-07 22:37:30,2298.83,INR,SUCCESS,POS
T104986,M1022,C50848,2026-09-07 08:48:23,269.12,INR,SUCCESS,POS
T104987,M1002,C92594,2026-09-07 20:59:48,122471.96,INR,SUCCESS,QR
T104988,M1008,C85836,2026-09-07 19:32:55,918.16,INR,SUCCESS,ONLINE
T104989,M1005,C57342,2026-09-07 16:02:14,1914.30,INR,FAILED,POS
T104990,M1006,C80108,2026-09-07 17:57:41,3582.00,INR,SUCCESS,POS
T104991,M1004,C69937,2026-09-07 11:04:19,25106.92,INR,SUCCESS,POS
T104992,M1001,C55632,2026-09-07 16:06:41,173198.45,INR,SUCCESS,QR
T104993,M1002,C97053,2026-09-07 07:09:30,2085.76,INR,SUCCESS,QR
T104994,M1018,C84600,2026-09-07 10:38:43,193.84,INR,SUCCESS,POS
T104995,M1023,C67895,2026-09-07 14:25:02,3513.90,INR,FAILED,POS
T104996,M1000,C99020,2026-09-07 12:15:09,1060.45,INR,SUCCESS,QR
T104997,M1024,C73382,2026-09-07 07:53:46,396645.69,INR,SUCCESS,ONLINE
T104998,M1005,C65061,2026-09-07 19:38:38,2910.51,INR,FAILED,QR
T104999,M1015,C65593,2026-09-07 17:18:42,121254.74,INR,SUCCESS,POS
T105000,M1022,C79812,2026-09-07 12:29:59,22426.15,INR,FAILED,QR
T105001,M1013,C83991,2026-09-07 16:19:33,203128.34,INR,SUCCESS,ONLINE
T105002,M1019,C93164,2026-09-07 08:36:39,399868.70,INR,SUCCESS,QR
T105003,M1028,C77198,2026-09-07 15:04:50,52259.68,INR,SUCCESS,QR
T105004,M1009,C56464,2026-09-07 22:07:00,44476.55,INR,SUCCESS,ONLINE
T105005,M1018,C99819,2026-09-07 16:27:34,416.86,INR,SUCCESS,ONLINE
T105006,M1001,C63380,2026-09-07 18:14:37,34101.16,INR,SUCCESS,POS
T105007,M1007,C97287,2026-09-07 10:19:10,384966.65,INR,SUCCESS,QR
T105008,M1005,C78122,2026-09-07 17:18:43,48928.43,INR,SUCCESS,ONLINE
T105009,M1028,C53787,2026-09-07 22:41:35,840.06,INR,SUCCESS,ONLINE
T105010,M1002,C76688,2026-09-07 13:48:38,902.55,INR,SUCCESS,POS
T105011,M1001,C97817,2026-09-07 21:59:17,57013.86,INR,SUCCESS,QR
T105012,M1009,C70441,2026-09-07 08:45:47,352727.73,INR,SUCCESS,QR
T105013,M1017,C61057,2026-09-07 09:56:14,15592.21,INR,SUCCESS,POS
T105014,M1017,C79720,2026-09-07 09:10:30,58338.89,INR,SUCCESS,ONLINE
T105015,M1024,C56150,2026-09-07 19:08:07,370886.98,INR,SUCCESS,ONLINE
T105016,M1005,C94704,2026-09-07 08:29:40,475.84,INR,SUCCESS,ONLINE
T105017,M1018,C59338,2026-09-07 19:00:16,2079.75,INR,SUCCESS,ONLINE
T105018,M1000,C67976,2026-09-07 22:53:11,13295.36,INR,SUCCESS,POS
T105019,M1001,C53966,2026-09-07 09:15:29,273584.90,INR,SUCCESS,POS
T105020,M1016,C85525,2026-09-07 14:33:05,9540.93,INR,SUCCESS,QR
T105021,M1013,C59954,2026-09-07 17:33:21,184554.39,INR,SUCCESS,POS
T105022,M1000,C67985,2026-09-07 12:09:18,30163.25,INR,REVERSED,ONLINE
T105023,M1010,C56553,2026-09-07 17:31:39,3060.96,INR,FAILED,QR
T105024,M1018,C59727,2026-09-07 08:35:55,2105.78,INR,SUCCESS,ONLINE
T105025,M1007,C91772,2026-09-07 11:05:41,55354.40,INR,SUCCESS,POS
T105026,M1015,C73969,2026-09-07 08:13:49,7949.61,INR,SUCCESS,POS
T105027,M1010,C81636,2026-09-07 11:05:30,157003.89,INR,SUCCESS,POS
T105028,M1009,C94227,2026-09-07 20:21:01,28115.90,INR,SUCCESS,POS
T105029,M1015,C84049,2026-09-07 20:12:11,3900.64,INR,SUCCESS,QR
T105030,M1024,C57147,2026-09-07 15:35:59,374476.44,INR,SUCCESS,ONLINE
T105031,M1029,C87539,2026-09-07 13:16:05,164923.69,INR,SUCCESS,POS
T105032,M1010,C55090,2026-09-07 18:44:00,20692.18,INR,SUCCESS,ONLINE
T105033,M1000,C78728,2026-09-07 08:56:07,168105.23,INR,SUCCESS,QR
T105034,M1004,C51584,2026-09-07 14:39:40,1401.75,INR,SUCCESS,QR
T105035,M1000,C69093,2026-09-07 07:50:35,7191.95,INR,SUCCESS,POS
T105036,M1017,C93757,2026-09-07 19:12:58,12492.13,INR,SUCCESS,QR
T105037,M1024,C89716,2026-09-07 18:32:32,32716.29,INR,SUCCESS,POS
T105038,M1007,C74034,2026-09-07 20:22:48,124932.31,INR,SUCCESS,ONLINE
T105039,M1004,C77488,2026-09-07 11:15:04,18189.18,INR,SUCCESS,ONLINE
T105040,M1008,C89926,2026-09-07 09:17:16,30139.52,INR,SUCCESS,POS
T105041,M1022,C53737,2026-09-07 15:09:30,7698.67,INR,SUCCESS,QR
T105042,M1022,C90729,2026-09-07 21:21:35,802.70,INR,FAILED,QR
T105043,M1005,C59024,2026-09-07 06:30:02,182535.15,INR,SUCCESS,ONLINE
T105044,M1019,C55771,2026-09-07 15:52:00,3413.10,INR,SUCCESS,POS
T105045,M1023,C92258,2026-09-07 21:37:34,3173.42,INR,SUCCESS,POS
T105046,M1021,C78303,2026-09-07 12:54:00,1233.06,INR,SUCCESS,ONLINE
T105047,M1028,C53553,2026-09-07 08:14:49,59199.79,INR,SUCCESS,ONLINE
T105048,M1013,C89804,2026-09-07 10:56:46,32456.10,INR,SUCCESS,ONLINE
T105049,M1013,C74864,2026-09-07 06:35:40,1558.18,INR,SUCCESS,ONLINE
T105050,M1007,C66726,2026-09-07 14:32:44,3657.70,INR,SUCCESS,POS
T105051,M1007,C51252,2026-09-07 16:47:01,103537.94,INR,SUCCESS,POS
T105052,M1028,C91839,2026-09-07 22:25:23,211606.05,INR,SUCCESS,QR
T105053,M1006,C61707,2026-09-07 11:06:34,6211.20,INR,SUCCESS,ONLINE
T105054,M1007,C63756,2026-09-07 11:42:33,1726.72,INR,SUCCESS,QR
T105055,M1024,C66692,2026-09-07 06:21:48,168051.40,INR,SUCCESS,ONLINE
T105056,M1014,C54981,2026-09-07 13:49:59,34711.34,INR,SUCCESS,ONLINE
T105057,M1013,C58367,2026-09-07 15:02:42,767.56,INR,SUCCESS,POS
T105058,M1016,C76145,2026-09-07 07:58:24,176260.58,INR,SUCCESS,ONLINE
T105059,M1023,C53502,2026-09-07 08:06:07,13415.86,INR,SUCCESS,ONLINE
T105060,M1028,C52388,2026-09-07 20:26:58,11074.68,INR,REVERSED,POS
T105061,M1010,C83813,2026-09-07 09:08:03,19419.18,INR,SUCCESS,QR
T105062,M1026,C79114,2026-09-07 20:18:06,45197.23,INR,SUCCESS,POS
T105063,M1019,C96461,2026-09-07 08:00:02,379182.25,INR,SUCCESS,ONLINE
T105064,M1017,C67997,2026-09-07 12:17:54,17541.70,INR,SUCCESS,POS
T105065,M1023,C72613,2026-09-07 13:27:58,156454.52,INR,SUCCESS,ONLINE
T105066,M1027,C68471,2026-09-07 19:28:14,369941.17,INR,SUCCESS,QR
T105067,M1022,C53212,2026-09-07 15:40:22,2844.20,INR,SUCCESS,QR
T105068,M8888,C71412,2026-09-07 17:05:52,245.42,INR,SUCCESS,QR
T105069,M1007,C56186,2026-09-07 07:36:20,14677.39,INR,FAILED,QR
T105070,M1025,C74399,2026-09-07 07:48:06,167387.55,INR,SUCCESS,QR
T105071,M1024,C96636,2026-09-07 19:50:01,3183.32,INR,SUCCESS,ONLINE
T105072,M1022,C69286,2026-09-07 20:05:57,2421.57,INR,SUCCESS,QR
T105073,M1005,C63620,2026-09-07 21:07:46,130229.87,INR,SUCCESS,POS
T105074,M1019,C99546,2026-09-07 10:55:38,3077.51,INR,SUCCESS,POS
T105075,M1014,C58815,2026-09-07 22:59:50,3407.99,INR,SUCCESS,QR
T105076,M1017,C71292,2026-09-07 08:36:19,45041.59,INR,SUCCESS,QR
T105077,M1004,C83366,2026-09-07 14:20:13,213984.99,INR,SUCCESS,QR
T105078,M1006,C93298,2026-09-07 06:47:59,9422.27,INR,SUCCESS,QR
T105079,M1013,C84046,2026-09-07 18:42:05,48567.51,INR,SUCCESS,POS
T105080,M1007,C96795,2026-09-07 18:34:57,38044.31,INR,SUCCESS,ONLINE
T105081,M1026,C84261,2026-09-07 13:28:50,149481.79,INR,SUCCESS,QR
T105082,M1023,C63516,2026-09-07 19:01:43,1708.62,INR,SUCCESS,QR
T105083,M1006,C65126,2026-09-07 13:08:14,18965.42,INR,SUCCESS,POS
T105084,M1001,C52717,2026-09-07 13:55:57,2333.60,INR,SUCCESS,QR
T105085,M1000,C50891,2026-09-07 21:58:04,7883.64,INR,SUCCESS,QR
T105086,M1009,C68688,2026-09-07 20:37:35,173507.51,INR,SUCCESS,POS
T105087,M1018,C73986,2026-09-07 11:00:51,273.21,INR,SUCCESS,ONLINE
T105088,M1018,C85102,2026-09-07 12:15:30,2464.04,INR,SUCCESS,POS
T105089,M1005,C79083,2026-09-07 19:43:12,2196.81,INR,SUCCESS,ONLINE
T105090,M1022,C77138,2026-09-07 10:50:59,30217.94,INR,SUCCESS,QR
T105091,M1009,C66571,2026-09-07 14:31:36,3366.34,INR,SUCCESS,QR
T105092,M1013,C56085,2026-09-07 09:22:02,512.74,INR,SUCCESS,ONLINE
T105093,M1010,C64754,2026-09-07 15:37:33,1062.68,INR,FAILED,ONLINE
T105094,M1029,C95692,2026-09-07 08:44:20,2081.60,INR,SUCCESS,ONLINE
T105095,M1001,C72348,2026-09-07 13:20:30,3626.01,INR,SUCCESS,POS
T105096,M1009,C67040,2026-09-07 10:05:15,6522.25,INR,SUCCESS,QR
T105097,M1013,C77406,2026-09-07 21:25:15,1136.09,INR,SUCCESS,ONLINE
T105098,M1013,C70312,2026-09-07 10:00:39,79803.82,INR,SUCCESS,QR
T105099,M1020,C98847,2026-09-07 07:58:35,424.87,INR,SUCCESS,POS
T105100,M1026,C76499,2026-09-07 11:26:17,2661.03,INR,SUCCESS,POS
T105101,M1004,C63316,2026-09-07 14:31:49,291213.94,INR,SUCCESS,POS
T105102,M1029,C74860,2026-09-07 11:53:49,479.09,INR,SUCCESS,POS
T105103,M1011,C59333,2026-09-07 08:32:46,177239.34,INR,SUCCESS,QR
T105104,M1022,C62308,2026-09-07 14:03:15,13512.66,INR,SUCCESS,POS
T105105,M1020,C78642,2026-09-07 12:44:30,2311.24,INR,SUCCESS,ONLINE
T105106,M1023,C51939,2026-09-07 18:23:33,954.38,INR,SUCCESS,ONLINE
T105107,M1002,C50289,2026-09-07 10:55:49,27126.40,INR,SUCCESS,QR
T105108,M1001,C68527,2026-09-07 16:44:33,1302.06,INR,FAILED,QR
T105109,M1012,C62537,2026-09-07 19:38:40,7306.22,INR,SUCCESS,POS
T105110,M1027,C84166,2026-09-07 19:38:10,3770.99,INR,SUCCESS,POS
T105111,M1003,C82523,2026-09-07 21:07:11,27368.22,INR,SUCCESS,QR
T105112,M1011,C58685,2026-09-07 13:43:40,2345.38,INR,SUCCESS,QR
T105113,M1008,C64476,2026-09-07 10:59:51,196.41,INR,SUCCESS,POS
T105114,M1029,C53817,2026-09-07 17:46:05,259103.94,INR,SUCCESS,POS
T105115,M1013,C77780,2026-09-07 13:00:03,346811.95,INR,SUCCESS,POS
T105116,M1017,C72951,2026-09-07 07:09:23,12731.60,INR,SUCCESS,QR
T105117,M1014,C51906,2026-09-07 16:37:52,8475.06,INR,SUCCESS,POS
T105118,M1002,C55707,2026-09-07 07:55:10,301773.73,INR,REVERSED,ONLINE
T105119,M1022,C88162,2026-09-07 12:15:57,3910.90,INR,SUCCESS,POS
T105120,M1003,C54147,2026-09-07 08:06:46,29274.18,INR,SUCCESS,QR
T105121,M1000,C91398,2026-09-07 15:11:51,323273.25,INR,SUCCESS,ONLINE
T105122,M1019,C93900,2026-09-07 20:29:13,185.57,INR,SUCCESS,ONLINE
T105123,M1021,C81206,2026-09-07 13:40:18,11926.35,INR,SUCCESS,ONLINE
T105124,M1028,C94947,2026-09-07 13:09:33,368044.88,INR,SUCCESS,ONLINE
T105125,M1007,C61610,2026-09-07 07:54:27,1367.65,INR,SUCCESS,POS
T105126,M1002,C99335,2026-09-07 19:02:42,48416.91,INR,SUCCESS,ONLINE
T105127,M1025,C58944,2026-09-07 17:35:09,704.01,INR,SUCCESS,POS
T105128,M1003,C69994,2026-09-07 12:21:55,56357.14,INR,SUCCESS,ONLINE
T105129,M1003,C50572,2026-09-07 22:26:49,3884.39,INR,SUCCESS,POS
T105130,M1002,C81825,2026-09-07 21:34:33,215112.00,INR,REVERSED,QR
T105131,M1008,C83341,2026-09-07 16:47:43,13384.50,INR,SUCCESS,ONLINE
T105132,M1024,C51547,2026-09-07 06:54:38,372073.10,INR,SUCCESS,QR
T105133,M1017,C53759,2026-09-07 12:13:08,25569.25,INR,SUCCESS,QR
T105134,M1028,C64814,2026-09-07 10:54:20,64694.39,INR,SUCCESS,POS
T105135,M1006,C56137,2026-09-07 07:59:45,5213.89,INR,SUCCESS,POS
T105136,M1011,C94041,2026-09-07 09:52:10,2442.39,INR,SUCCESS,POS
T105137,M1007,C81764,2026-09-07 08:16:47,45124.74,INR,SUCCESS,POS
T105138,M1000,C75605,2026-09-07 16:18:44,2691.77,INR,SUCCESS,POS
T105139,M1012,C52178,2026-09-07 08:30:47,364044.68,INR,SUCCESS,POS
T105140,M1021,C75223,2026-09-07 16:21:35,231907.43,INR,SUCCESS,ONLINE
T105141,M1005,C84078,2026-09-07 17:03:54,3584.77,INR,SUCCESS,POS
T105142,M1028,C53158,2026-09-07 21:04:46,1350.35,INR,SUCCESS,POS
T105143,M1005,C53569,2026-09-07 14:52:38,352977.56,INR,REVERSED,POS
T105144,M1011,C68081,2026-09-07 13:56:56,1521.67,INR,SUCCESS,ONLINE
T105145,M1007,C64522,2026-09-07 16:44:44,12874.84,INR,SUCCESS,QR
T105146,M1029,C57603,2026-09-07 08:13:18,5119.32,INR,SUCCESS,POS
T105147,M1015,C79632,2026-09-07 12:46:05,34532.92,INR,SUCCESS,POS
T105148,M1013,C72316,2026-09-07 15:43:00,19179.90,INR,SUCCESS,QR
T105149,M1007,C97163,2026-09-07 20:35:22,2453.42,INR,SUCCESS,QR
T105150,M1016,C82579,2026-09-07 06:54:17,2104.92,INR,SUCCESS,ONLINE
T105151,M1011,C65685,2026-09-07 12:11:20,369.00,INR,SUCCESS,QR
T105152,M1013,C53031,2026-09-07 16:26:27,112320.70,INR,SUCCESS,POS
T105153,M1022,C98264,2026-09-07 07:27:12,3003.12,INR,SUCCESS,QR
T105154,M1009,C76772,2026-09-07 20:03:35,1904.60,INR,SUCCESS,QR
T105155,M1004,C61533,2026-09-07 15:16:02,682.82,INR,SUCCESS,POS
T105156,M1024,C68917,2026-09-07 13:03:31,2335.00,INR,SUCCESS,QR
T105157,M1028,C66608,2026-09-07 10:57:22,666.17,INR,SUCCESS,POS
T105158,M1028,C90132,2026-09-07 12:45:05,317328.09,INR,SUCCESS,POS
T105159,M1027,C75096,2026-09-07 14:15:20,55714.16,INR,FAILED,ONLINE
T105160,M1004,C82177,2026-09-07 15:33:52,2919.12,INR,SUCCESS,POS
T105161,M1027,C92360,2026-09-07 07:30:28,2434.24,INR,SUCCESS,QR
T105162,M1025,C96373,2026-09-07 08:01:48,47067.24,INR,SUCCESS,QR
T105163,M1027,C89601,2026-09-07 08:31:23,25214.92,INR,SUCCESS,POS
T105164,M1011,C65939,2026-09-07 10:09:16,158213.00,INR,SUCCESS,POS
T105165,M1005,C79911,2026-09-07 10:02:58,50151.74,INR,REVERSED,QR
T105166,M1014,C78335,2026-09-07 12:39:47,386856.82,INR,SUCCESS,ONLINE
T105167,M1014,C58736,2026-09-07 13:05:47,280013.87,INR,SUCCESS,ONLINE
T105168,M1008,C82699,2026-09-07 14:06:31,24586.12,INR,SUCCESS,POS
T105169,M1010,C52922,2026-09-07 13:18:53,2810.79,INR,SUCCESS,ONLINE
T105170,M1003,C85409,2026-09-07 07:24:20,3163.00,INR,SUCCESS,ONLINE
T105171,M1010,C98987,2026-09-07 21:43:16,19481.34,INR,FAILED,ONLINE
T105172,M1027,C91879,2026-09-07 18:21:16,997.79,INR,SUCCESS,ONLINE
T105173,M1006,C89244,2026-09-07 16:47:05,67342.92,INR,SUCCESS,POS
T105174,M1029,C68794,2026-09-07 08:05:17,854.82,INR,SUCCESS,QR
T105175,M1027,C54205,2026-09-07 15:45:42,47636.54,INR,SUCCESS,ONLINE
T105176,M1011,C81880,2026-09-07 19:01:53,38304.06,INR,SUCCESS,POS
T105177,M1022,C51698,2026-09-07 16:11:05,3599.72,INR,SUCCESS,QR
T105178,M1024,C99371,2026-09-07 21:14:11,55332.85,INR,SUCCESS,ONLINE
T105179,M1017,C84821,2026-09-07 11:35:43,3675.89,INR,SUCCESS,POS
T105180,M1015,C94356,2026-09-07 18:04:55,304753.86,INR,SUCCESS,POS
T105181,M1015,C76286,2026-09-07 16:04:54,1007.37,INR,FAILED,POS
T105182,M1005,C71173,2026-09-07 09:40:59,13654.73,INR,SUCCESS,ONLINE
T105183,M1001,C75510,2026-09-07 10:39:05,150496.60,INR,SUCCESS,ONLINE
T105184,M1006,C77000,2026-09-07 12:30:30,51018.77,INR,SUCCESS,POS
T105185,M1009,C77857,2026-09-07 14:47:04,280751.72,INR,SUCCESS,POS
T105186,M1019,C58223,2026-09-07 11:15:40,3086.52,INR,SUCCESS,ONLINE
T105187,M1010,C94116,2026-09-07 06:00:45,2764.50,INR,SUCCESS,ONLINE
T105188,M1020,C50946,2026-09-07 12:23:32,18255.02,INR,SUCCESS,QR
T105189,M1008,C96227,2026-09-07 21:06:23,90679.29,INR,SUCCESS,ONLINE
T105190,M1023,C92859,2026-09-07 21:15:19,76471.60,INR,SUCCESS,ONLINE
T105191,M1025,C50423,2026-09-07 16:07:44,2756.02,INR,SUCCESS,POS
T105192,M1000,C73400,2026-09-07 09:53:21,7104.02,INR,SUCCESS,ONLINE
T105193,M1029,C75455,2026-09-07 16:06:25,296244.85,INR,SUCCESS,QR
T105194,M1028,C73073,2026-09-07 15:42:23,130684.48,INR,SUCCESS,QR
T105195,M1017,C91679,2026-09-07 18:39:05,131316.26,INR,FAILED,QR
T105196,M1026,C85465,2026-09-07 07:28:01,16236.42,INR,SUCCESS,POS
T105197,M1004,C89065,2026-09-07 13:26:56,2891.76,INR,SUCCESS,POS
T105198,M1020,C72009,2026-09-07 18:58:57,95986.59,INR,SUCCESS,POS
T105199,M1023,C73715,2026-09-07 22:45:37,15336.08,INR,SUCCESS,POS
T105200,M1012,C73344,2026-09-07 20:16:46,1004.80,INR,SUCCESS,POS
T105201,M1001,C57061,2026-09-07 06:27:26,36768.71,INR,SUCCESS,QR
T105202,M1026,C78654,2026-09-07 18:57:09,3590.68,INR,SUCCESS,QR
T105203,M1024,C54962,2026-09-07 17:45:00,56935.95,INR,SUCCESS,ONLINE
T105204,M1017,C56241,2026-09-07 16:24:30,16487.04,INR,SUCCESS,POS
T105205,M1005,C94280,2026-09-07 18:12:29,653.16,INR,SUCCESS,ONLINE
T105206,M1024,C71522,2026-09-07 20:09:36,20904.21,INR,FAILED,POS
T105207,M1009,C51384,2026-09-07 06:14:03,3071.64,INR,SUCCESS,QR
T105208,M1002,C85176,2026-09-07 06:31:08,47725.84,INR,FAILED,POS
T105209,M1021,C53047,2026-09-07 17:55:05,3032.35,INR,SUCCESS,ONLINE
T105210,M1013,C56388,2026-09-07 19:28:19,57099.74,INR,FAILED,POS
T105211,M1002,C67721,2026-09-07 09:12:59,206.27,INR,SUCCESS,POS
T105212,M1001,C60894,2026-09-07 12:47:18,384356.49,INR,SUCCESS,POS
T105213,M1010,C81773,2026-09-07 12:36:35,315092.81,INR,SUCCESS,QR
T105214,M1021,C92854,2026-09-07 09:33:37,2825.55,INR,SUCCESS,QR
T105215,M1004,C93648,2026-09-07 19:03:02,2179.65,INR,SUCCESS,POS
T105216,M1011,C73509,2026-09-07 15:24:34,236974.08,INR,SUCCESS,POS
T105217,M1003,C87388,2026-09-07 20:02:56,206146.35,INR,SUCCESS,POS
T105218,M1006,C76897,2026-09-07 11:53:03,65897.96,INR,SUCCESS,QR
T105219,M1027,C61402,2026-09-07 16:58:30,69187.04,INR,SUCCESS,POS
T105220,M1018,C77882,2026-09-07 08:40:45,977.30,INR,SUCCESS,ONLINE
T105221,M1001,C75495,2026-09-07 17:18:38,135661.64,INR,SUCCESS,ONLINE
T105222,M1013,C98690,2026-09-07 07:15:07,143903.62,INR,SUCCESS,QR
T105223,M1022,C66121,2026-09-07 17:51:28,31707.81,INR,SUCCESS,POS
T105224,M1014,C50437,2026-09-07 12:54:36,4145.67,INR,SUCCESS,QR
T105225,M1012,C79864,2026-09-07 13:38:43,1846.52,INR,SUCCESS,ONLINE
T105226,M1020,C97512,2026-09-07 13:02:16,41309.32,INR,SUCCESS,POS
T105227,M1025,C90302,2026-09-07 17:40:36,1988.80,INR,SUCCESS,ONLINE
T105228,M1021,C50182,2026-09-07 11:39:35,2142.96,INR,SUCCESS,QR
T105229,M1018,C51238,2026-09-07 17:18:07,54317.08,INR,SUCCESS,QR
T105230,M1023,C65826,2026-09-07 16:11:07,74442.94,INR,SUCCESS,ONLINE
T105231,M1015,C70188,2026-09-07 11:10:24,3552.70,INR,SUCCESS,POS
T105232,M1025,C82083,2026-09-07 06:14:53,3038.19,INR,SUCCESS,POS
T105233,M1006,C87967,2026-09-07 17:09:47,420.18,INR,SUCCESS,POS
T105234,M1024,C85284,2026-09-07 22:28:14,2522.28,INR,SUCCESS,ONLINE
T105235,M1001,C87918,2026-09-07 11:51:31,54518.66,INR,REVERSED,ONLINE
T105236,M1025,C90628,2026-09-07 11:49:26,154661.53,INR,SUCCESS,ONLINE
T105237,M1006,C53655,2026-09-07 14:26:10,3980.61,INR,SUCCESS,POS
T105238,M1026,C65919,2026-09-07 10:02:13,2721.33,INR,SUCCESS,POS
T105239,M1019,C76186,2026-09-07 11:49:27,1438.55,INR,SUCCESS,QR
T105240,M1005,C55963,2026-09-07 16:16:59,1614.37,INR,SUCCESS,POS
T105241,M1003,C75106,2026-09-07 07:18:33,44244.60,INR,SUCCESS,ONLINE
T105242,M1022,C77040,2026-09-07 15:56:05,223224.64,INR,SUCCESS,POS
T105243,M1025,C86995,2026-09-07 21:11:37,3646.47,INR,SUCCESS,ONLINE
T105244,M1022,C93048,2026-09-07 11:38:20,1498.42,INR,SUCCESS,ONLINE
T105245,M1010,C65712,2026-09-07 06:01:20,13279.09,INR,SUCCESS,QR
T105246,M1011,C91907,2026-09-07 10:47:25,41941.89,INR,SUCCESS,POS
T105247,M1017,C82125,2026-09-07 22:50:12,393446.93,INR,SUCCESS,ONLINE
T105248,M1015,C77472,2026-09-07 20:56:24,332744.28,INR,SUCCESS,POS
T105249,M1012,C94182,2026-09-07 15:51:58,5221.08,INR,SUCCESS,ONLINE
T105250,M1006,C71707,2026-09-07 21:55:51,18388.57,INR,SUCCESS,ONLINE
T105251,M1009,C83266,2026-09-07 14:03:11,321027.62,INR,SUCCESS,ONLINE
T105252,M1010,C62553,2026-09-07 17:41:37,9856.75,INR,SUCCESS,ONLINE
T105253,M1008,C98144,2026-09-07 08:07:45,23028.39,INR,SUCCESS,POS
T105254,M1000,C64772,2026-09-07 12:59:30,25099.63,INR,FAILED,POS
T105255,M1012,C89172,2026-09-07 16:21:14,367205.21,INR,SUCCESS,POS
T105256,M1002,C82950,2026-09-07 18:16:35,27751.05,INR,SUCCESS,POS
T105257,M1014,C75119,2026-09-07 08:16:35,2086.51,INR,SUCCESS,QR
T105258,M1007,C83771,2026-09-07 21:20:26,40920.02,INR,SUCCESS,ONLINE
T105259,M1005,C70730,2026-09-07 08:44:56,121988.52,INR,SUCCESS,ONLINE
T105260,M1012,C64251,2026-09-07 20:33:49,76033.60,INR,FAILED,POS
T105261,M1008,C84548,2026-09-07 17:27:33,17764.34,INR,SUCCESS,ONLINE
T105262,M1000,C77502,2026-09-07 17:47:05,75547.91,INR,SUCCESS,ONLINE
T105263,M1017,C80382,2026-09-07 20:16:48,1829.05,INR,SUCCESS,QR
T105264,M1009,C63347,2026-09-07 21:08:59,274734.34,INR,SUCCESS,ONLINE
T105265,M1005,C50938,2026-09-07 14:51:47,175636.76,INR,SUCCESS,ONLINE
T105266,M1006,C72457,2026-09-07 19:25:23,41690.22,INR,REVERSED,ONLINE
T105267,M1018,C60831,2026-09-07 14:25:44,17715.17,INR,SUCCESS,POS
T105268,M1002,C83203,2026-09-07 09:12:10,2371.30,INR,SUCCESS,QR
T105269,M1015,C79211,2026-09-07 08:30:19,11277.65,INR,SUCCESS,ONLINE
T105270,M1010,C62983,2026-09-07 07:02:32,306814.11,INR,SUCCESS,ONLINE
T105271,M1005,C82847,2026-09-07 12:20:26,284537.65,INR,SUCCESS,POS
T105272,M1002,C95013,2026-09-07 16:58:39,1338.46,INR,SUCCESS,POS
T105273,M1005,C56732,2026-09-07 11:46:56,1826.83,INR,SUCCESS,QR
T105274,M1024,C57192,2026-09-07 15:22:56,2652.81,INR,SUCCESS,POS
T105275,M1017,C63885,2026-09-07 10:09:34,52288.35,INR,SUCCESS,QR
T105276,M1010,C89395,2026-09-07 18:30:05,3458.81,INR,SUCCESS,ONLINE
T105277,M1023,C64541,2026-09-07 16:38:40,252571.01,INR,SUCCESS,ONLINE
T105278,M1011,C69795,2026-09-07 21:23:14,314336.95,INR,SUCCESS,ONLINE
T105279,M1027,C71970,2026-09-07 21:01:51,1754.06,INR,SUCCESS,ONLINE
T105280,M1006,C52282,2026-09-07 14:14:27,3325.79,INR,REVERSED,ONLINE
T105281,M1029,C77137,2026-09-07 08:12:04,858.28,INR,SUCCESS,ONLINE
T105282,M1000,C99335,2026-09-07 17:20:45,136348.36,INR,SUCCESS,ONLINE
T105283,M1001,C83556,2026-09-07 19:51:41,49413.80,INR,SUCCESS,POS
T105284,M1012,C84945,2026-09-07 10:54:35,320458.16,INR,SUCCESS,ONLINE
T105285,M1023,C91381,2026-09-07 19:40:55,249160.59,INR,SUCCESS,POS
T105286,M1020,C63439,2026-09-07 20:57:41,196411.91,INR,SUCCESS,POS
T105287,M1023,C92702,2026-09-07 20:25:53,404.66,INR,SUCCESS,QR
T105288,M1012,C66482,2026-09-07 22:38:05,42135.01,INR,SUCCESS,ONLINE
T105289,M1003,C59583,2026-09-07 06:59:32,137157.38,INR,FAILED,POS
T105290,M1029,C67289,2026-09-07 17:22:11,147347.50,INR,SUCCESS,POS
T105291,M1017,C50861,2026-09-07 15:13:21,2046.62,INR,SUCCESS,ONLINE
T105292,M1007,C79657,2026-09-07 08:00:07,52868.58,INR,SUCCESS,QR
T105293,M1010,C75227,2026-09-07 09:02:14,392133.98,INR,SUCCESS,ONLINE
T105294,M1027,C57047,2026-09-07 21:39:00,17300.00,INR,SUCCESS,ONLINE
T105295,M1006,C55245,2026-09-07 11:41:14,105911.86,INR,SUCCESS,QR
T105296,M1025,C59477,2026-09-07 16:20:26,372.74,INR,SUCCESS,POS
T105297,M1007,C53291,2026-09-07 09:00:53,17197.71,INR,SUCCESS,POS
T105298,M1007,C56807,2026-09-07 11:21:58,3549.81,INR,SUCCESS,ONLINE
T105299,M1012,C98091,2026-09-07 19:24:39,1644.92,INR,SUCCESS,QR
T105300,M1013,C99597,2026-09-07 16:20:37,108203.76,INR,SUCCESS,QR
T105301,M1014,C58360,2026-09-07 21:29:10,379246.90,INR,SUCCESS,ONLINE
T105302,M1009,C77635,2026-09-07 12:41:25,2468.91,INR,SUCCESS,QR
T105303,M1021,C75339,2026-09-07 20:22:09,1729.95,INR,SUCCESS,ONLINE
T105304,M1026,C51934,2026-09-07 07:32:27,55266.03,INR,SUCCESS,QR
T105305,M1009,C81641,2026-09-07 11:19:03,606.72,INR,SUCCESS,ONLINE
T105306,M1003,C99893,2026-09-07 17:38:10,84228.03,INR,SUCCESS,ONLINE
T105307,M1025,C64417,2026-09-07 20:52:47,54644.76,INR,SUCCESS,POS
T105308,M1021,C86175,2026-09-07 07:06:50,189684.28,INR,SUCCESS,ONLINE
T105309,M1028,C52312,2026-09-07 19:28:33,1390.01,INR,SUCCESS,ONLINE
T105310,M1015,C57820,2026-09-07 17:51:16,420.33,INR,REVERSED,ONLINE
T105311,M1000,C91379,2026-09-07 16:57:12,224152.86,INR,SUCCESS,POS
T105312,M1014,C59053,2026-09-07 21:06:00,73278.42,INR,FAILED,POS
T105313,M1022,C64094,2026-09-07 11:34:56,102839.76,INR,SUCCESS,ONLINE
T105314,M1029,C87780,2026-09-07 22:50:43,37426.07,INR,SUCCESS,ONLINE
T105315,M1015,C51231,2026-09-07 17:12:38,917.87,INR,SUCCESS,POS
T105316,M1013,C83640,2026-09-07 12:40:09,5100.89,INR,SUCCESS,ONLINE
T105317,M1000,C77981,2026-09-07 17:34:54,2973.30,INR,SUCCESS,POS
T105318,M1016,C81254,2026-09-07 15:47:19,36837.82,INR,SUCCESS,ONLINE
T105319,M8888,C54312,2026-09-07 18:31:27,248158.24,INR,SUCCESS,ONLINE
T105320,M1009,C69507,2026-09-07 14:28:36,5243.68,INR,SUCCESS,ONLINE
T105321,M1029,C96642,2026-09-07 14:14:40,367048.53,INR,SUCCESS,ONLINE
T105322,M1018,C77040,2026-09-07 10:58:00,2008.90,INR,FAILED,ONLINE
T105323,M1001,C59195,2026-09-07 15:22:00,211771.01,INR,SUCCESS,QR
T105324,M1025,C86375,2026-09-07 12:49:29,28317.15,INR,SUCCESS,QR
T105325,M1027,C67263,2026-09-07 07:01:08,33986.98,INR,SUCCESS,QR
T105326,M8888,C77755,2026-09-07 08:55:19,376602.35,INR,SUCCESS,POS
T105327,M1015,C59508,2026-09-07 12:22:42,209051.27,INR,SUCCESS,ONLINE
T105328,M1028,C86596,2026-09-07 11:15:44,7361.73,INR,SUCCESS,POS
T105329,M1003,C53721,2026-09-07 11:48:53,46897.92,INR,SUCCESS,ONLINE
T105330,M1013,C75225,2026-09-07 17:58:43,15263.31,INR,FAILED,QR
T105331,M1012,C86874,2026-09-07 14:10:52,50444.85,INR,SUCCESS,POS
T105332,M1013,C50610,2026-09-07 22:38:51,340937.41,INR,SUCCESS,ONLINE
T105333,M1013,C73391,2026-09-07 21:30:21,1197.51,INR,SUCCESS,ONLINE
T105334,M1015,C81085,2026-09-07 14:40:37,371687.29,INR,SUCCESS,ONLINE
T105335,M1019,C67129,2026-09-07 16:01:23,164232.03,INR,FAILED,QR
T105336,M1024,C86245,2026-09-07 17:29:01,41532.55,INR,SUCCESS,QR
T105337,M1019,C96646,2026-09-07 18:11:06,3283.94,INR,SUCCESS,ONLINE
T105338,M1021,C98997,2026-09-07 12:03:54,273715.99,INR,SUCCESS,POS
T105339,M1009,C58235,2026-09-07 20:08:25,190589.61,INR,SUCCESS,ONLINE
T105340,M1015,C54432,2026-09-07 16:57:53,54820.77,INR,REVERSED,QR
T105341,M1007,C86412,2026-09-07 16:04:00,107906.44,INR,SUCCESS,QR
T105342,M1027,C61371,2026-09-07 13:37:19,3991.34,INR,SUCCESS,QR
T105343,M1019,C89213,2026-09-07 22:55:07,27023.37,INR,SUCCESS,POS
T105344,M1025,C90297,2026-09-07 20:05:32,30577.30,INR,SUCCESS,POS
T105345,M1020,C78041,2026-09-07 11:57:49,40522.46,INR,SUCCESS,POS
T105346,M1023,C65189,2026-09-07 18:14:43,29840.84,INR,SUCCESS,ONLINE
T105347,M1018,C96682,2026-09-07 11:20:43,231641.44,INR,SUCCESS,POS
T105348,M1024,C75207,2026-09-07 12:09:16,105991.00,INR,SUCCESS,QR
T105349,M1017,C62485,2026-09-07 19:14:10,57180.32,INR,SUCCESS,ONLINE
T105350,M1002,C72910,2026-09-07 18:06:54,752.57,INR,SUCCESS,ONLINE
T105351,M1029,C60465,2026-09-07 17:20:55,31718.69,INR,FAILED,ONLINE
T105352,M1014,C99741,2026-09-07 20:33:25,271843.64,INR,SUCCESS,ONLINE
T105353,M1000,C92924,2026-09-07 21:48:20,3354.40,INR,SUCCESS,QR
T105354,M1017,C55364,2026-09-07 13:58:55,43427.93,INR,SUCCESS,ONLINE
T105355,M1020,C67546,2026-09-07 16:38:37,566.86,INR,SUCCESS,QR
T105356,M1020,C75296,2026-09-07 12:04:42,354050.58,INR,SUCCESS,POS
T105357,M1023,C81840,2026-09-07 06:56:46,62694.49,INR,SUCCESS,ONLINE
T105358,M1004,C55534,2026-09-07 13:09:31,821.05,INR,SUCCESS,POS
T105359,M1017,C65221,2026-09-07 19:55:58,2121.95,INR,SUCCESS,QR
T105360,M1010,C50874,2026-09-07 16:36:22,3608.83,INR,SUCCESS,ONLINE
T105361,M1027,C61510,2026-09-07 08:25:11,31695.09,INR,SUCCESS,QR
T105362,M1018,C55705,2026-09-07 14:20:37,156462.72,INR,SUCCESS,ONLINE
T105363,M1019,C63726,2026-09-07 09:28:29,9934.87,INR,SUCCESS,QR
T105364,M1022,C89379,2026-09-07 12:10:42,3242.66,INR,SUCCESS,QR
T105365,M1010,C55547,2026-09-07 08:51:48,39835.79,INR,SUCCESS,ONLINE
T105366,M1001,C96514,2026-09-07 22:05:09,321912.36,INR,SUCCESS,ONLINE
T105367,M1007,C99413,2026-09-07 21:44:50,49695.82,INR,SUCCESS,POS
T105368,M1021,C75459,2026-09-07 21:24:38,2595.82,INR,SUCCESS,QR
T105369,M1019,C50441,2026-09-07 12:29:03,247430.44,INR,SUCCESS,ONLINE
T105370,M1012,C84388,2026-09-07 08:09:13,521.40,INR,SUCCESS,ONLINE
T105371,M1002,C82005,2026-09-07 11:41:51,7564.93,INR,SUCCESS,ONLINE
T105372,M1014,C81556,2026-09-07 11:05:57,89576.72,INR,SUCCESS,ONLINE
T105373,M1002,C74284,2026-09-07 18:59:24,2155.71,INR,SUCCESS,ONLINE
T105374,M1023,C88185,2026-09-07 07:30:24,406.21,INR,SUCCESS,ONLINE
T105375,M1014,C77520,2026-09-07 20:01:31,20128.70,INR,SUCCESS,ONLINE
T105376,M1002,C67540,2026-09-07 07:36:32,1187.31,INR,SUCCESS,POS
T105377,M1009,C55752,2026-09-07 22:20:18,2248.70,INR,SUCCESS,POS
T105378,M1000,C59048,2026-09-07 10:27:55,41107.61,INR,SUCCESS,QR
T105379,M1028,C76030,2026-09-07 07:15:06,12535.14,INR,SUCCESS,QR
T105380,M1014,C78868,2026-09-07 15:47:45,14449.50,INR,SUCCESS,ONLINE
T105381,M1013,C79232,2026-09-07 15:35:49,82396.80,INR,SUCCESS,POS
T105382,M1004,C58067,2026-09-07 06:07:12,386552.50,INR,SUCCESS,ONLINE
T105383,M1005,C80385,2026-09-07 06:14:57,1721.00,INR,SUCCESS,POS
T105384,M1017,C97441,2026-09-07 14:47:56,3546.43,INR,SUCCESS,QR
T105385,M1016,C53871,2026-09-07 10:05:48,3732.20,INR,SUCCESS,ONLINE
T105386,M1017,C51668,2026-09-07 21:11:54,39906.32,INR,SUCCESS,ONLINE
T105387,M1008,C55255,2026-09-07 18:56:01,200879.00,INR,SUCCESS,POS
T105388,M1009,C54477,2026-09-07 19:49:06,13310.76,INR,SUCCESS,QR
T105389,M1016,C81532,2026-09-07 08:53:13,49053.60,INR,SUCCESS,POS
T105390,M1005,C59166,2026-09-07 16:57:19,384039.31,INR,SUCCESS,ONLINE
T105391,M1001,C53307,2026-09-07 14:21:51,134836.60,INR,SUCCESS,ONLINE
T105392,M1025,C52078,2026-09-07 07:10:19,165328.97,INR,SUCCESS,QR
T105393,M1024,C74236,2026-09-07 06:47:33,189537.02,INR,SUCCESS,POS
T105394,M1023,C58491,2026-09-07 13:18:10,3866.27,INR,REVERSED,ONLINE
T105395,M1019,C90077,2026-09-07 08:51:31,6110.87,INR,SUCCESS,POS
T105396,M1003,C86508,2026-09-07 11:59:31,285108.27,INR,SUCCESS,POS
T105397,M1029,C75881,2026-09-07 11:17:52,42001.47,INR,SUCCESS,QR
T105398,M1001,C80002,2026-09-07 19:46:03,2995.79,INR,SUCCESS,POS
T105399,M1002,C55259,2026-09-07 16:33:18,17402.94,INR,SUCCESS,QR
T105400,M1003,C89754,2026-09-07 06:23:24,3862.87,INR,FAILED,ONLINE
T105401,M1006,C88467,2026-09-07 12:03:06,31267.17,INR,SUCCESS,POS
T105402,M1027,C73677,2026-09-07 22:14:32,2118.33,INR,SUCCESS,QR
T105403,M1014,C61365,2026-09-07 16:07:52,2257.31,INR,SUCCESS,QR
T105404,M1015,C78854,2026-09-07 18:35:01,2280.60,INR,SUCCESS,ONLINE
T105405,M1002,C78278,2026-09-07 19:32:29,257025.52,INR,SUCCESS,ONLINE
T105406,M1027,C86911,2026-09-07 17:42:33,163006.31,INR,SUCCESS,POS
T105407,M1019,C79985,2026-09-07 20:55:35,166692.03,INR,SUCCESS,ONLINE
T105408,M1005,C66029,2026-09-07 16:48:00,30189.98,INR,SUCCESS,ONLINE
T105409,M1025,C90250,2026-09-07 11:37:27,236925.48,INR,SUCCESS,ONLINE
T105410,M1008,C80130,2026-09-07 14:29:52,898.74,INR,SUCCESS,QR
T105411,M1019,C83308,2026-09-07 09:25:56,373357.11,INR,SUCCESS,QR
T105412,M1013,C71497,2026-09-07 06:42:48,367612.42,INR,SUCCESS,ONLINE
T105413,M1017,C97668,2026-09-07 19:12:14,900.18,INR,REVERSED,QR
T105414,M1014,C85535,2026-09-07 06:27:23,44206.76,INR,SUCCESS,ONLINE
T105415,M1014,C73419,2026-09-07 15:46:19,371792.67,INR,FAILED,POS
T105416,M1002,C87639,2026-09-07 21:41:20,2804.21,INR,SUCCESS,QR
T105417,M1013,C53346,2026-09-07 10:47:27,58764.09,INR,SUCCESS,QR
T105418,M1020,C61126,2026-09-07 07:30:52,2388.46,INR,SUCCESS,POS
T105419,M1025,C98213,2026-09-07 15:18:29,1221.77,INR,SUCCESS,POS
T105420,M1019,C84939,2026-09-07 09:58:31,12124.42,INR,SUCCESS,ONLINE
T105421,M1011,C50993,2026-09-07 06:07:22,3197.68,INR,SUCCESS,POS
T105422,M1015,C84659,2026-09-07 15:21:49,3854.38,INR,SUCCESS,ONLINE
T105423,M1014,C75823,2026-09-07 08:12:41,2507.09,INR,SUCCESS,ONLINE
T105424,M1020,C91260,2026-09-07 11:38:29,37061.06,INR,FAILED,POS
T105425,M1008,C77042,2026-09-07 14:55:22,13858.20,INR,SUCCESS,QR
T105426,M1011,C61706,2026-09-07 18:03:44,336072.72,INR,SUCCESS,QR
T105427,M1028,C63759,2026-09-07 08:17:53,42286.43,INR,FAILED,ONLINE
T105428,M1005,C74029,2026-09-07 18:32:04,3682.29,INR,SUCCESS,QR
T105429,M1028,C75039,2026-09-07 22:11:00,42862.99,INR,FAILED,POS
T105430,M1008,C82077,2026-09-07 19:54:39,118252.63,INR,SUCCESS,QR
T105431,M1026,C68745,2026-09-07 12:57:18,2855.23,INR,SUCCESS,QR
T105432,M1017,C76782,2026-09-07 19:28:08,2226.44,INR,SUCCESS,POS
T105433,M1000,C67125,2026-09-07 14:29:02,54179.00,INR,SUCCESS,POS
T105434,M1007,C86283,2026-09-07 16:29:24,3800.48,INR,SUCCESS,QR
T105435,M1008,C65693,2026-09-07 20:02:09,1207.37,INR,SUCCESS,ONLINE
T105436,M1020,C89929,2026-09-07 10:20:57,343948.98,INR,SUCCESS,QR
T105437,M1007,C98649,2026-09-07 14:51:38,53177.80,INR,SUCCESS,QR
T105438,M1006,C88587,2026-09-07 20:53:11,52705.59,INR,SUCCESS,ONLINE
T105439,M1026,C99105,2026-09-07 09:54:04,1418.43,INR,SUCCESS,ONLINE
T105440,M1012,C89942,2026-09-07 12:22:19,8752.71,INR,SUCCESS,ONLINE
T105441,M1003,C52437,2026-09-07 15:35:42,3420.24,INR,SUCCESS,POS
T105442,M1009,C83603,2026-09-07 09:51:17,95147.92,INR,SUCCESS,QR
T105443,M1020,C71563,2026-09-07 12:16:11,286950.85,INR,SUCCESS,POS
T105444,M1000,C95818,2026-09-07 16:37:43,18731.10,INR,SUCCESS,QR
T105445,M1012,C76272,2026-09-07 10:40:14,697.03,INR,SUCCESS,POS
T105446,M1021,C65072,2026-09-07 09:23:01,317987.62,INR,SUCCESS,ONLINE
T105447,M1008,C99526,2026-09-07 22:09:31,212006.16,INR,SUCCESS,QR
T105448,M1016,C64772,2026-09-07 08:49:52,2489.40,INR,SUCCESS,QR
T105449,M1021,C94756,2026-09-07 13:22:11,353983.57,INR,SUCCESS,POS
T105450,M1016,C77938,2026-09-07 07:21:16,119471.68,INR,SUCCESS,ONLINE
T105451,M1004,C60786,2026-09-07 20:35:04,15748.11,INR,SUCCESS,QR
T105452,M1005,C51581,2026-09-07 07:31:41,10603.35,INR,SUCCESS,QR
T105453,M1024,C66878,2026-09-07 19:09:56,3113.40,INR,SUCCESS,QR
T105454,M1015,C60506,2026-09-07 14:19:04,137726.96,INR,SUCCESS,POS
T105455,M1009,C52504,2026-09-07 09:59:10,342921.25,INR,SUCCESS,QR
T105456,M1006,C70132,2026-09-07 16:58:44,89399.40,INR,FAILED,POS
T105457,M1021,C83114,2026-09-07 16:45:47,42118.10,INR,SUCCESS,ONLINE
T105458,M1010,C61335,2026-09-07 13:26:01,970.60,INR,SUCCESS,ONLINE
T105459,M1017,C62087,2026-09-07 09:10:43,2337.03,INR,SUCCESS,ONLINE
T105460,M1004,C92944,2026-09-07 15:48:15,118797.89,INR,SUCCESS,ONLINE
T105461,M1009,C80095,2026-09-07 10:05:21,393756.84,INR,SUCCESS,POS
T105462,M1020,C70509,2026-09-07 22:27:16,54597.13,INR,SUCCESS,ONLINE
T105463,M1004,C72954,2026-09-07 08:35:45,17401.29,INR,SUCCESS,ONLINE
T105464,M1025,C71204,2026-09-07 10:06:50,901.40,INR,SUCCESS,ONLINE
T105465,M1011,C57742,2026-09-07 21:28:03,1282.65,INR,SUCCESS,QR
T105466,M1028,C89054,2026-09-07 22:47:10,44293.25,INR,FAILED,POS
T105467,M1025,C95466,2026-09-07 10:02:08,287400.90,INR,FAILED,ONLINE
T105468,M1019,C52613,2026-09-07 19:21:36,150.43,INR,SUCCESS,ONLINE
T105469,M1003,C94479,2026-09-07 13:34:22,42637.57,INR,SUCCESS,ONLINE
T105470,M1022,C89725,2026-09-07 13:27:02,1563.06,INR,SUCCESS,POS
T105471,M1026,C85462,2026-09-07 17:49:32,169722.60,INR,SUCCESS,POS
T105472,M1027,C90894,2026-09-07 12:11:13,30333.58,INR,SUCCESS,ONLINE
T105473,M1020,C67679,2026-09-07 10:21:39,154213.39,INR,SUCCESS,POS
T105474,M1014,C75878,2026-09-07 20:06:16,138736.20,INR,SUCCESS,QR
T105475,M1009,C65919,2026-09-07 15:45:01,101941.43,INR,SUCCESS,QR
T105476,M1029,C90689,2026-09-07 07:20:40,18515.68,INR,SUCCESS,ONLINE
T105477,M1000,C85806,2026-09-07 17:22:55,53278.20,INR,SUCCESS,QR
T105478,M1022,C61229,2026-09-07 18:09:25,146587.42,INR,SUCCESS,POS
T105479,M1010,C96994,2026-09-07 10:43:54,36536.55,INR,FAILED,ONLINE
T105480,M1002,C70131,2026-09-07 10:19:49,265858.96,IN,SUCCESS,POS
T105481,M1003,C57379,2026-09-07 13:19:33,112281.13,INR,SUCCESS,POS
T105482,M1014,C51698,2026-09-07 16:53:21,3525.99,INR,SUCCESS,ONLINE
T105483,M1006,C90942,2026-09-07 20:33:21,1882.41,INR,SUCCESS,POS
T105484,M1003,C66221,2026-09-07 18:24:32,10188.83,INR,SUCCESS,QR
T105485,M1007,C83455,2026-09-07 08:00:17,1967.98,INR,SUCCESS,ONLINE
T105486,M1022,C50208,2026-09-07 22:24:47,2125.75,INR,SUCCESS,POS
T105487,M1019,C57181,2026-09-07 15:59:15,225540.71,INR,SUCCESS,ONLINE
T105488,M1015,C61661,2026-09-07 19:58:35,41647.86,INR,SUCCESS,ONLINE
T105489,M1002,C54726,2026-09-07 08:18:05,3093.37,INR,SUCCESS,ONLINE
T105490,M1003,C94740,2026-09-07 14:46:52,316020.82,INR,SUCCESS,POS
T105491,M1000,C70630,2026-09-07 16:37:24,395251.62,INR,SUCCESS,POS
T105492,M1024,C75175,2026-09-07 16:15:23,52562.50,INR,SUCCESS,ONLINE
T105493,M1019,C78318,2026-09-07 20:47:41,42856.01,INR,SUCCESS,QR
T105494,M1017,C75810,2026-09-07 22:25:06,107128.71,INR,SUCCESS,ONLINE
T105495,M1015,C79017,2026-09-07 16:22:35,233017.11,INR,SUCCESS,QR
T105496,M1029,C86570,2026-09-07 13:21:34,2621.73,INR,REVERSED,QR
T105497,M1010,C56601,2026-09-07 09:58:25,24602.97,INR,REVERSED,QR
T105498,M1005,C81936,2026-09-07 11:50:36,82130.85,INR,SUCCESS,ONLINE
T105499,M1023,C72915,2026-09-07 21:29:02,32571.04,INR,SUCCESS,POS
T105500,M1016,C52932,2026-09-07 19:54:17,69717.06,INR,SUCCESS,POS
T105501,M1004,C72522,2026-09-07 22:32:47,378.22,INR,SUCCESS,POS
