transaction_id,merchant_id,customer_id,transaction_ts,amount,currency,status,payment_channel
T105502,M1024,C71731,2026-09-08 08:13:33,47842.55,INR,SUCCESS,QR
T105503,M1008,C85700,2026-09-08 15:25:56,42926.04,INR,SUCCESS,ONLINE
T105504,M1018,C80848,2026-09-08 17:04:35,1137.94,INR,SUCCESS,ONLINE
T105505,M1014,C90031,2026-09-08 15:46:56,227461.63,INR,SUCCESS,QR
T105506,M1025,C99270,2026-09-08 11:09:01,226021.13,INR,SUCCESS,POS
T105507,M1028,C62965,2026-09-08 17:01:04,18523.80,INR,SUCCESS,POS
T105508,M1015,C53676,2026-09-08 20:50:02,366415.72,INR,SUCCESS,POS
T105509,M1009,C76474,2026-09-08 16:47:45,1575.21,INR,FAILED,ONLINE
T105510,M1015,C57750,2026-09-08 16:36:06,2664.33,INR,SUCCESS,QR
T105511,M1023,C71110,2026-09-08 06:50:04,44709.90,INR,SUCCESS,ONLINE
T105512,M1018,C62996,2026-09-08 15:25:09,208228.42,INR,SUCCESS,POS
T105513,M1009,C73935,2026-09-08 15:38:57,15653.80,INR,SUCCESS,POS
T105514,M1001,C60787,2026-09-08 15:31:23,56800.93,INR,SUCCESS,QR
T105515,M1005,C84458,2026-09-08 21:58:13,2733.12,INR,SUCCESS,POS
T105516,M1006,C92892,2026-09-08 16:33:18,2831.52,INR,SUCCESS,ONLINE
T105517,M1001,C57250,2026-09-08 16:00:20,135365.28,INR,SUCCESS,QR
T105518,M1026,C64010,2026-09-08 15:43:07,85512.39,INR,SUCCESS,ONLINE
T105519,M1023,C57975,2026-09-08 11:33:38,200077.46,INR,SUCCESS,POS
T105520,M1018,C95955,2026-09-08 22:10:01,1778.62,INR,SUCCESS,POS
T105521,M1016,C65434,2026-09-08 12:35:58,3000.51,INR,SUCCESS,QR
T105522,M1020,C89338,2026-09-08 08:37:21,37897.26,INR,SUCCESS,QR
T105523,M1017,C77327,2026-09-08 20:02:57,58868.79,INR,SUCCESS,POS
T105524,M1014,C50186,2026-09-08 20:43:11,28291.26,INR,SUCCESS,POS
T105525,M1019,C74478,2026-09-08 13:29:35,29072.77,INR,SUCCESS,POS
T105526,M1004,C71936,2026-09-08 13:47:42,47919.49,INR,SUCCESS,POS
T105527,M1009,C52571,2026-09-08 09:02:57,283178.73,INR,SUCCESS,POS
T105528,M1004,C52556,2026-09-08 09:51:42,342162.95,INR,SUCCESS,ONLINE
T105529,M1022,C90490,2026-09-08 16:41:12,17427.14,INR,SUCCESS,QR
T105530,,C50064,2026-09-08 08:53:53,1556.57,INR,SUCCESS,ONLINE
T105531,M1018,C68232,2026-09-08 17:07:33,293373.28,INR,FAILED,QR
T105532,M1012,C67752,2026-09-08 22:49:14,71128.98,INR,SUCCESS,QR
T105533,M1003,C71109,2026-09-08 13:52:22,3134.90,INR,SUCCESS,QR
T105534,M1001,C70311,2026-09-08 06:25:05,305656.84,INR,SUCCESS,ONLINE
T105535,M1010,C83939,2026-09-08 13:29:54,108113.47,INR,SUCCESS,QR
T105536,M1005,C57261,2026-09-08 09:59:37,26683.76,INR,SUCCESS,ONLINE
T105537,M1012,C60361,2026-09-08 07:06:09,228223.76,INR,SUCCESS,ONLINE
T105538,M1019,C93421,2026-09-08 16:27:08,3864.17,INR,SUCCESS,POS
T105539,M1012,C87940,2026-09-08 07:32:56,15017.65,INR,SUCCESS,QR
T105540,M1017,C69731,2026-09-08 07:14:05,98872.75,INR,SUCCESS,ONLINE
T105541,M1008,C97326,2026-09-08 19:32:57,237.99,INR,SUCCESS,QR
T105542,M1005,C76473,2026-09-08 22:00:10,20476.33,INR,SUCCESS,QR
T105543,M1014,C57779,2026-09-08 10:37:22,1588.19,INR,SUCCESS,QR
T105544,M1021,C92405,2026-09-08 13:58:57,1150.12,INR,SUCCESS,POS
T105545,M1028,C89816,2026-09-08 18:30:19,253722.59,INR,SUCCESS,QR
T105546,M1013,C84828,2026-09-08 20:41:26,192929.17,INR,SUCCESS,POS
T105547,M1005,C69283,2026-09-08 14:46:56,351261.60,INR,SUCCESS,QR
T105548,M1001,C80918,2026-09-08 18:40:02,188232.27,INR,FAILED,ONLINE
T105549,M1002,C70757,2026-09-08 20:41:48,1704.18,INR,SUCCESS,QR
T105550,M1008,C51614,2026-09-08 17:33:58,3443.86,INR,FAILED,QR
T105551,M1007,C77187,2026-09-08 18:35:56,36106.48,INR,SUCCESS,ONLINE
T105552,M1000,C80708,2026-09-08 15:54:32,378238.28,INR,SUCCESS,ONLINE
T105553,M1012,C66797,2026-09-08 17:09:17,284579.45,INR,SUCCESS,QR
T105554,M1002,C64064,2026-09-08 16:48:20,24755.05,INR,SUCCESS,ONLINE
T105555,M1009,C99522,2026-09-08 07:03:47,48136.34,INR,SUCCESS,POS
T105556,M1022,C86107,2026-09-08 06:31:16,15768.56,INR,SUCCESS,POS
T105557,M1026,C95599,2026-09-08 19:49:35,3779.17,INR,SUCCESS,QR
T105558,M1026,C80377,2026-09-08 14:53:35,35032.93,INR,SUCCESS,POS
T105559,M1002,C65530,2026-09-08 07:35:10,2240.32,INR,SUCCESS,POS
T105560,M1002,C88190,2026-09-08 19:55:44,460.55,INR,SUCCESS,QR
T105561,M1023,C56569,2026-09-08 20:58:03,23934.00,INR,SUCCESS,POS
T105562,M1021,C96181,2026-09-08 16:31:23,925.38,INR,FAILED,ONLINE
T105563,M1025,C84188,2026-09-08 12:15:00,47960.26,INR,SUCCESS,POS
T105564,M1024,C73701,2026-09-08 08:29:13,3650.46,INR,SUCCESS,POS
T105565,M1013,C84733,2026-09-08 10:12:18,3606.94,INR,SUCCESS,QR
T105566,M1022,C93551,2026-09-08 18:08:29,65146.39,INR,SUCCESS,ONLINE
T105567,M1007,C58582,2026-09-08 22:57:45,19307.49,INR,SUCCESS,ONLINE
T105568,M1022,C98310,2026-09-08 06:40:02,993.29,INR,SUCCESS,ONLINE
T105569,M1020,C64488,2026-09-08 13:12:56,213281.11,INR,SUCCESS,QR
T105570,M1024,C54285,2026-09-08 15:07:09,12562.10,INR,SUCCESS,QR
T105571,M1018,C57750,2026-09-08 14:17:52,3828.62,INR,SUCCESS,POS
T105572,M1028,C87145,2026-09-08 15:18:41,2093.56,INR,SUCCESS,QR
T105573,M1029,C78082,2026-09-08 13:42:58,12427.84,INR,SUCCESS,QR
T105574,M1010,C97707,2026-09-08 07:19:19,58478.87,INR,SUCCESS,POS
T105575,M1003,C61302,2026-09-08 12:55:54,48991.05,INR,SUCCESS,QR
T105576,M1016,C84589,2026-09-08 07:48:46,368827.21,INR,SUCCESS,POS
T105577,M1018,C55639,2026-09-08 11:55:07,233855.96,INR,SUCCESS,QR
T105578,M1019,C78254,2026-09-08 15:49:35,42006.41,INR,SUCCESS,QR
T105579,M1023,C54413,2026-09-08 15:36:28,21817.72,INR,SUCCESS,ONLINE
T105580,M1003,C78072,2026-09-08 15:22:39,3311.51,INR,SUCCESS,ONLINE
T105581,M1001,C53249,2026-09-08 06:47:23,49593.00,INR,SUCCESS,ONLINE
T105582,M1011,C65988,2026-09-08 07:23:35,224608.58,INR,SUCCESS,ONLINE
T105583,M1022,C55537,2026-09-08 21:19:30,2661.98,INR,SUCCESS,ONLINE
T105584,M1029,C81650,2026-09-08 17:44:20,2753.18,INR,SUCCESS,QR
T105585,M1014,C70105,2026-09-08 09:31:12,2123.57,INR,FAILED,ONLINE
T105586,M1002,C91869,2026-09-08 13:21:38,26914.38,INR,SUCCESS,ONLINE
T105587,M9999,C78864,2026-09-08 07:43:39,3548.51,INR,SUCCESS,POS
T105588,M1008,C65862,2026-09-08 08:25:36,56387.87,INR,SUCCESS,POS
T105589,M1005,C98136,2026-09-08 08:39:33,3986.81,INR,SUCCESS,ONLINE
T105590,M1002,C97435,2026-09-08 07:58:44,30329.26,INR,FAILED,QR
T105591,M1012,C64731,2026-09-08 21:17:38,53093.85,INR,SUCCESS,ONLINE
T105592,M1013,C57069,2026-09-08 10:34:35,7641.54,INR,SUCCESS,POS
T105593,M1002,C86982,2026-09-08 22:20:20,18264.46,INR,SUCCESS,QR
T105594,M1006,C83674,2026-09-08 20:35:01,2953.08,INR,SUCCESS,POS
T105595,M1029,C89725,2026-09-08 22:38:36,23899.98,INR,SUCCESS,ONLINE
T105596,M1026,C72155,2026-09-08 10:55:27,3360.18,INR,SUCCESS,ONLINE
T105597,M1006,C99148,2026-09-08 22:23:14,17537.66,INR,SUCCESS,QR
T105598,,C81833,2026-09-08 11:22:50,389005.28,INR,SUCCESS,ONLINE
T105599,M1014,C51113,2026-09-08 14:17:04,59835.44,INR,SUCCESS,ONLINE
T105600,M1010,C77990,2026-09-08 12:21:04,107048.92,INR,SUCCESS,QR
T105601,M1003,C71524,2026-09-08 07:53:54,18869.46,INR,SUCCESS,ONLINE
T105602,M1005,C92336,2026-09-08 21:13:13,9954.78,INR,SUCCESS,QR
T105603,M1028,C83953,2026-09-08 21:44:07,349775.86,INR,SUCCESS,POS
T105604,M1003,C66871,2026-09-08 17:43:22,53819.66,INR,FAILED,ONLINE
T105605,M1019,C94090,2026-09-08 09:48:08,2498.50,INR,SUCCESS,QR
T105606,M1007,C83060,2026-09-08 19:28:54,2837.45,INR,SUCCESS,ONLINE
T105607,M1011,C84313,2026-09-08 17:19:54,1557.35,INR,SUCCESS,POS
T105608,M1017,C65358,2026-09-08 13:01:04,3335.85,INR,SUCCESS,POS
T105609,M1012,C51299,2026-09-08 21:46:16,2450.33,INR,SUCCESS,ONLINE
T105610,M1000,C83517,2026-09-08 20:40:03,31071.78,INR,SUCCESS,ONLINE
T105611,M1015,C61550,2026-09-08 12:56:57,954.93,INR,SUCCESS,QR
T105612,M1022,C97029,2026-09-08 18:51:11,2770.70,INR,SUCCESS,QR
T105613,M1011,C92843,2026-09-08 06:23:28,43867.94,INR,SUCCESS,POS
T105614,M1017,C68587,2026-09-08 12:28:33,8389.37,INR,SUCCESS,QR
T105615,M1011,C69900,2026-09-08 14:57:58,500.80,INR,SUCCESS,ONLINE
T105616,M1021,C79950,2026-09-08 19:36:54,182094.26,INR,SUCCESS,POS
T105617,M1022,C56973,2026-09-08 21:22:19,393041.03,INR,SUCCESS,QR
T105618,M1023,C58501,2026-09-08 15:54:25,334932.56,INR,SUCCESS,POS
T105619,M1024,C72529,2026-09-08 14:56:23,864.85,INR,SUCCESS,QR
T105620,M1007,C73611,2026-09-08 10:17:38,30451.42,INR,SUCCESS,POS
T105621,M1025,C60104,2026-09-08 11:18:19,87694.74,INR,SUCCESS,ONLINE
T105622,M1011,C87385,2026-09-08 07:33:44,370673.96,INR,SUCCESS,QR
T105623,M1005,C77847,2026-09-08 21:25:30,2373.71,INR,SUCCESS,POS
T105624,M1013,C99119,2026-09-08 09:43:03,1527.75,INR,FAILED,POS
T105625,M1017,C53347,2026-09-08 22:35:31,106488.30,INR,SUCCESS,ONLINE
T105626,M1003,C79981,2026-09-08 16:52:16,252015.28,INR,SUCCESS,ONLINE
T105627,M1002,C64861,2026-09-08 08:03:53,342746.70,INR,SUCCESS,POS
T105628,M1021,C85479,2026-09-08 13:28:20,9253.20,INR,SUCCESS,QR
T105629,M1011,C76519,2026-09-08 21:35:15,3615.26,INR,SUCCESS,ONLINE
T105630,M1010,C72253,2026-09-08 20:03:33,1301.94,INR,SUCCESS,QR
T105631,M1022,C85350,2026-09-08 17:39:16,345470.95,INR,SUCCESS,POS
T105632,M1012,C57757,2026-09-08 18:31:24,2661.24,INR,FAILED,ONLINE
T105633,M1004,C78312,2026-09-08 06:17:11,3538.08,INR,SUCCESS,POS
T105634,M1024,C94767,2026-09-08 11:07:36,98006.11,INR,SUCCESS,QR
T105635,M1003,C60808,2026-09-08 06:15:00,13257.36,INR,SUCCESS,POS
T105636,M1000,C84950,2026-09-08 08:33:00,159114.56,INR,SUCCESS,QR
T105637,M1008,C63297,2026-09-08 13:34:11,873.18,INR,SUCCESS,POS
T105638,M1017,C80068,2026-09-08 12:29:18,11811.77,INR,SUCCESS,QR
T105639,M1011,C87451,2026-09-08 21:29:03,254887.39,INR,SUCCESS,POS
T105640,M1013,C73458,2026-09-08 11:52:15,30167.18,INR,SUCCESS,ONLINE
T105641,M1015,C57339,2026-09-08 19:57:23,313525.87,INR,SUCCESS,POS
T105642,M1006,C64807,2026-09-08 16:32:27,69277.94,INR,REVERSED,ONLINE
T105643,M1008,C90827,2026-09-08 09:50:44,393.08,INR,SUCCESS,ONLINE
T105644,M1014,C71275,2026-09-08 21:16:44,3279.83,INR,SUCCESS,ONLINE
T105645,M1018,C56971,2026-09-08 06:33:42,122651.26,INR,SUCCESS,QR
T105646,M1002,C92656,2026-09-08 06:17:12,240523.24,INR,SUCCESS,POS
T105647,M1022,C99798,2026-09-08 06:57:46,18276.58,INR,SUCCESS,ONLINE
T105648,M1022,C70653,2026-09-08 08:40:07,676.49,INR,SUCCESS,ONLINE
T105649,M1001,C68861,2026-09-08 20:46:25,10942.91,INR,SUCCESS,ONLINE
T105650,M1019,C75828,2026-09-08 11:29:24,3906.71,INR,SUCCESS,POS
T105651,M1005,C70877,2026-09-08 10:27:00,456.69,INR,SUCCESS,QR
T105652,M1027,C91265,2026-09-08 14:26:04,36907.51,INR,SUCCESS,ONLINE
T105653,M1023,C80553,2026-09-08 22:43:31,298352.18,INR,SUCCESS,POS
T105654,M1012,C79815,2026-09-08 15:25:05,66643.62,INR,SUCCESS,ONLINE
T105655,M1029,C65367,2026-09-08 14:03:06,22112.89,INR,SUCCESS,ONLINE
T105656,M1011,C78302,2026-09-08 19:35:14,46318.00,INR,SUCCESS,POS
T105657,M1002,C82741,2026-09-08 18:52:54,2071.67,INR,SUCCESS,QR
T105658,M1016,C56915,2026-09-08 19:40:14,53839.92,INR,SUCCESS,POS
T105659,M1003,C86591,2026-09-08 18:04:01,28050.90,INR,SUCCESS,QR
T105660,M1011,C72652,2026-09-08 17:22:08,1054.32,INR,REVERSED,ONLINE
T105661,M1000,C63837,2026-09-08 21:10:09,34138.81,INR,SUCCESS,ONLINE
T105662,M1016,C58933,2026-09-08 07:14:11,8221.76,INR,SUCCESS,ONLINE
T105663,M1015,C66901,2026-09-08 08:45:30,1416.75,INR,SUCCESS,POS
T105664,M1028,C90577,2026-09-08 21:40:54,38693.57,INR,REVERSED,QR
T105665,M1008,C99039,2026-09-08 15:56:08,46894.25,INR,SUCCESS,POS
T105666,M1017,C63263,2026-09-08 09:26:03,109120.53,INR,SUCCESS,POS
T105667,M1007,C86491,2026-09-08 15:52:44,103740.56,INR,SUCCESS,POS
T105668,M1019,C73842,2026-09-08 10:09:36,3737.28,INR,SUCCESS,QR
T105669,M1019,C77824,2026-09-08 21:13:31,33655.83,INR,SUCCESS,QR
T105670,M1017,C95803,2026-09-08 18:53:01,3086.86,INR,SUCCESS,ONLINE
T105671,M1008,C80762,2026-09-08 19:00:10,19998.11,INR,SUCCESS,ONLINE
T105672,M1023,C57078,2026-09-08 06:59:03,381920.31,INR,SUCCESS,QR
T105673,M1009,C79410,2026-09-08 12:32:31,15454.68,INR,SUCCESS,POS
T105674,M1024,C53751,2026-09-08 22:07:19,195813.07,INR,SUCCESS,QR
T105675,M1000,C99612,2026-09-08 20:07:58,13611.11,INR,SUCCESS,ONLINE
T105676,M1025,C88108,2026-09-08 19:09:07,56860.55,INR,SUCCESS,POS
T105677,M1024,C60837,2026-09-08 12:37:33,38605.22,INR,FAILED,POS
T105678,M1004,C61678,2026-09-08 12:43:49,9637.95,INR,SUCCESS,QR
T105679,M1010,C89956,2026-09-08 09:37:23,2730.00,INR,SUCCESS,POS
T105680,M1022,C54656,2026-09-08 15:39:29,2792.46,INR,REVERSED,ONLINE
T105681,M1020,C79806,2026-09-08 09:09:27,387781.02,INR,SUCCESS,POS
T105682,M1021,C69814,2026-09-08 21:06:10,111211.32,INR,SUCCESS,ONLINE
T105683,M1013,C73494,2026-09-08 09:00:38,19908.60,INR,SUCCESS,POS
T105684,M1003,C78761,2026-09-08 22:39:55,1892.09,INR,SUCCESS,QR
T105685,M1019,C60065,2026-09-08 15:34:45,3540.12,INR,SUCCESS,ONLINE
T105686,M1004,C87927,2026-09-08 20:53:06,289885.75,INR,SUCCESS,QR
T105687,M1028,C71349,2026-09-08 15:58:14,793.03,INR,SUCCESS,ONLINE
T105688,M1018,C76143,2026-09-08 13:16:24,25337.08,INR,SUCCESS,QR
T105689,M1025,C50417,2026-09-08 15:12:51,222647.33,INR,SUCCESS,QR
T105690,M1005,C75656,2026-09-08 14:44:19,5125.43,INR,SUCCESS,POS
T105691,M1016,C69121,2026-09-08 06:46:38,61284.70,INR,SUCCESS,QR
T105692,M9999,C51091,2026-09-08 20:30:47,233679.80,INR,SUCCESS,ONLINE
T105693,M1013,C54503,2026-09-08 08:28:04,46933.46,INR,SUCCESS,POS
T105694,M1004,C96212,2026-09-08 15:03:00,272660.84,INR,SUCCESS,QR
T105695,M1009,C85722,2026-09-08 09:58:39,1492.71,INR,SUCCESS,ONLINE
T105696,M1006,C74676,2026-09-08 17:32:25,150183.32,INR,SUCCESS,QR
T105697,M1019,C99803,2026-09-08 13:05:13,578.05,INR,SUCCESS,QR
T105698,M1009,C51217,2026-09-08 17:00:45,2719.91,INR,SUCCESS,POS
T105699,M1024,C63562,2026-09-08 07:30:23,2400.95,INR,SUCCESS,POS
T105700,M1001,C73419,2026-09-08 16:24:38,73334.84,INR,SUCCESS,ONLINE
T105701,M1019,C69563,2026-09-08 07:30:23,2976.21,INR,SUCCESS,QR
T105702,M1013,C74370,2026-09-08 15:49:30,10529.80,INR,SUCCESS,QR
T105703,M1015,C92147,2026-09-08 10:38:03,216442.06,INR,SUCCESS,QR
T105704,M1013,C95499,2026-09-08 13:04:33,3081.19,INR,SUCCESS,ONLINE
T105705,M1000,C86742,2026-09-08 12:46:15,343318.35,INR,SUCCESS,POS
T105706,M1020,C66702,2026-09-08 13:53:12,1555.48,INR,SUCCESS,ONLINE
T105707,M1008,C89632,2026-09-08 14:35:34,3633.04,INR,FAILED,POS
T105708,M1000,C70947,2026-09-08 16:52:33,1809.20,INR,SUCCESS,QR
T105709,M1025,C92312,2026-09-08 09:06:55,2778.78,INR,SUCCESS,QR
T105710,M1007,C61870,2026-09-08 16:23:08,78418.07,INR,FAILED,ONLINE
T105711,M1020,C54892,2026-09-08 22:45:34,104723.21,INR,SUCCESS,POS
T105712,M1018,C84067,2026-09-08 17:38:57,375568.09,INR,SUCCESS,QR
T105713,M1028,C52843,2026-09-08 07:05:48,396603.15,INR,SUCCESS,POS
T105714,M1018,C72678,2026-09-08 13:12:40,178591.29,INR,SUCCESS,ONLINE
T105715,M1027,C62498,2026-09-08 12:46:47,3455.63,INR,SUCCESS,POS
T105716,M1005,C73930,2026-09-08 21:27:34,31647.60,INR,SUCCESS,QR
T105717,M1025,C95461,2026-09-08 13:10:13,56294.15,INR,SUCCESS,ONLINE
T105718,M1029,C94668,2026-09-08 09:02:28,2910.48,INR,SUCCESS,ONLINE
T105719,M1011,C99731,2026-09-08 17:27:37,727.37,INR,SUCCESS,ONLINE
T105720,M1022,C85528,2026-09-08 14:50:08,25859.84,INR,REVERSED,ONLINE
T105721,M1005,C62933,2026-09-08 12:24:59,3285.11,INR,SUCCESS,POS
T105722,M1027,C53628,2026-09-08 12:46:18,2619.80,INR,SUCCESS,QR
T105723,M1010,C75344,2026-09-08 15:28:37,40199.74,INR,SUCCESS,ONLINE
T105724,M1010,C98437,2026-09-08 07:11:14,90782.40,INR,FAILED,QR
T105725,M1017,C76204,2026-09-08 11:24:50,2233.66,INR,SUCCESS,ONLINE
T105726,M1011,C93387,2026-09-08 09:17:09,3609.64,INR,SUCCESS,QR
T105727,M1029,C92112,2026-09-08 08:19:39,6499.33,INR,SUCCESS,POS
T105728,M1000,C57558,2026-09-08 09:10:46,113774.90,INR,SUCCESS,POS
T105729,M1001,C56005,2026-09-08 06:32:41,2349.13,INR,SUCCESS,ONLINE
T105730,M1017,C69402,2026-09-08 16:25:55,3692.13,INR,SUCCESS,QR
T105731,M1023,C99823,2026-09-08 20:49:34,3897.11,INR,SUCCESS,ONLINE
T105732,M1021,C61246,2026-09-08 15:53:34,8307.30,INR,SUCCESS,ONLINE
T105733,M1002,C88536,2026-09-08 07:03:37,3509.77,INR,SUCCESS,QR
T105734,M1023,C77038,2026-09-08 16:47:55,6636.65,INR,SUCCESS,QR
T105735,M1010,C56709,2026-09-08 10:34:37,854.86,INR,FAILED,QR
T105736,M1025,C86698,2026-09-08 19:00:55,36542.18,INR,SUCCESS,ONLINE
T105737,M1002,C79962,2026-09-08 10:16:53,353735.61,INR,SUCCESS,ONLINE
T105738,M1020,C72748,2026-09-08 10:20:52,9670.36,INR,SUCCESS,POS
T105739,M1008,C59044,2026-09-08 15:35:48,42629.29,INR,SUCCESS,ONLINE
T105740,M1004,C59141,2026-09-08 17:47:37,290901.53,INR,SUCCESS,QR
T105741,M1021,C77406,2026-09-08 10:51:42,28959.54,INR,SUCCESS,ONLINE
T105742,M1021,C69376,2026-09-08 18:09:36,268748.44,INR,SUCCESS,QR
T105743,M1005,C60540,2026-09-08 11:35:40,3278.20,INR,SUCCESS,ONLINE
T105744,M1019,C80215,2026-09-08 22:12:24,1037.12,INR,SUCCESS,POS
T105745,M1004,C56312,2026-09-08 09:26:44,39688.39,INR,SUCCESS,ONLINE
T105746,M1026,C84151,2026-09-08 07:43:38,3688.29,INR,SUCCESS,POS
T105747,M9999,C79167,2026-09-08 17:24:29,2003.57,INR,REVERSED,QR
T105748,M1001,C51276,2026-09-08 13:00:44,3879.65,INR,SUCCESS,ONLINE
T105749,M1014,C57617,2026-09-08 22:19:42,378275.73,INR,SUCCESS,POS
T105750,M1012,C79898,2026-09-08 09:28:17,2688.47,INR,SUCCESS,QR
T105751,M1004,C70216,2026-09-08 11:24:29,341974.50,INR,SUCCESS,ONLINE
T105752,M1006,C96766,2026-09-08 19:44:59,411.85,INR,SUCCESS,ONLINE
T105753,M1001,C70349,2026-09-08 08:14:44,11464.73,INR,SUCCESS,POS
T105754,M1026,C55663,2026-09-08 11:44:58,22324.43,INR,SUCCESS,QR
T105755,M1005,C69624,2026-09-08 21:25:14,48964.85,INR,SUCCESS,POS
T105756,M1009,C75921,2026-09-08 09:15:32,3200.13,INR,SUCCESS,POS
T105757,M1017,C65517,2026-09-08 10:50:55,1699.56,INR,SUCCESS,QR
T105758,M1014,C80223,2026-09-08 14:51:38,2846.14,INR,SUCCESS,POS
T105759,M1013,C95928,2026-09-08 18:33:41,3378.24,INR,SUCCESS,ONLINE
T105760,M1000,C75232,2026-09-08 15:10:02,12018.04,INR,SUCCESS,QR
T105761,M1019,C97280,2026-09-08 09:58:51,51290.59,INR,SUCCESS,POS
T105762,M1001,C88729,2026-09-08 10:48:28,74511.36,INR,SUCCESS,ONLINE
T105763,M1009,C72686,2026-09-08 20:36:33,2767.15,INR,SUCCESS,ONLINE
T105764,M1020,C98454,2026-09-08 15:15:21,155151.88,INR,SUCCESS,POS
T105765,M1017,C73513,2026-09-08 20:01:45,12540.62,INR,SUCCESS,ONLINE
T105766,M1025,C77527,2026-09-08 22:45:26,60082.38,INR,SUCCESS,POS
T105767,M1015,C64218,2026-09-08 10:18:46,93929.99,INR,SUCCESS,POS
T105768,M1019,C52120,2026-09-08 19:08:43,90895.17,INR,SUCCESS,ONLINE
T105769,M1022,C84167,2026-09-08 13:39:49,3560.32,INR,SUCCESS,QR
T105770,M1024,C61629,2026-09-08 17:58:06,208181.90,INR,SUCCESS,QR
T105771,M1001,C87948,2026-09-08 11:10:47,3155.98,INR,SUCCESS,QR
T105772,M1025,C66314,2026-09-08 12:15:05,48810.96,INR,SUCCESS,POS
T105773,M1008,C81302,2026-09-08 20:53:16,19175.16,INR,SUCCESS,ONLINE
T105774,M1006,C56455,2026-09-08 20:05:35,79836.79,INR,SUCCESS,QR
T105775,M1013,C53408,2026-09-08 10:57:20,384662.67,INR,SUCCESS,ONLINE
T105776,M1001,C72869,2026-09-08 19:50:32,12825.39,INR,SUCCESS,QR
T105777,M1028,C73349,2026-09-08 12:26:24,3281.32,INR,SUCCESS,ONLINE
T105778,M1000,C62368,2026-09-08 22:59:28,309112.21,INR,SUCCESS,QR
T105779,M1025,C80179,2026-09-08 21:47:40,43874.88,INR,SUCCESS,ONLINE
T105780,M1015,C55986,2026-09-08 17:11:08,302813.35,INR,SUCCESS,QR
T105781,M1002,C60819,2026-09-08 18:34:29,164218.01,INR,SUCCESS,QR
T105782,M1011,C83516,2026-09-08 14:06:58,1506.86,INR,SUCCESS,QR
T105783,M1028,C61327,2026-09-08 11:40:38,310639.81,INR,SUCCESS,QR
T105784,M1017,C58691,2026-09-08 15:26:43,231.44,INR,SUCCESS,ONLINE
T105785,M1008,C66146,2026-09-08 18:24:26,80338.90,INR,SUCCESS,POS
T105786,M1012,C68666,2026-09-08 13:11:16,9949.63,INR,SUCCESS,ONLINE
T105787,M1002,C91578,2026-09-08 19:44:03,212614.01,INR,SUCCESS,POS
T105788,M1007,C70446,2026-09-08 22:10:14,50602.33,INR,SUCCESS,QR
T105789,,C60273,2026-09-08 15:59:11,312258.33,INR,SUCCESS,ONLINE
T105790,M1006,C56263,2026-09-08 10:58:33,255492.82,INR,SUCCESS,QR
T105791,M1024,C69071,2026-09-08 08:50:27,16532.93,INR,SUCCESS,POS
T105792,M1025,C62379,2026-09-08 20:31:45,349221.81,INR,SUCCESS,POS
T105793,M1007,C99430,2026-09-08 17:45:45,327.13,INR,SUCCESS,QR
T105794,M1023,C81056,2026-09-08 09:07:18,3153.54,INR,SUCCESS,ONLINE
T105795,M1015,C99539,2026-09-08 16:26:49,28336.26,INR,SUCCESS,POS
T105796,M1002,C81964,2026-09-08 21:37:51,3259.39,INR,SUCCESS,ONLINE
T105797,M1009,C96624,2026-09-08 16:26:23,134938.01,INR,SUCCESS,ONLINE
T105798,M1023,C57684,2026-09-08 18:35:07,34705.06,INR,SUCCESS,QR
T105799,M1012,C72743,2026-09-08 09:22:53,123607.92,INR,SUCCESS,POS
T105800,M1018,C85150,2026-09-08 15:54:28,384939.02,INR,SUCCESS,QR
T105801,M1021,C85002,2026-09-08 21:26:05,2195.81,INR,SUCCESS,POS
T105802,M1004,C68141,2026-09-08 18:55:57,15543.61,INR,FAILED,ONLINE
T105803,M1018,C76146,2026-09-08 06:05:37,11122.26,INR,SUCCESS,QR
T105804,M1014,C93700,2026-09-08 22:31:27,665.73,INR,SUCCESS,POS
T105805,M1023,C73381,2026-09-08 08:48:48,100292.51,INR,SUCCESS,ONLINE
T105806,M1024,C89977,2026-09-08 14:30:33,921.15,INR,SUCCESS,POS
T105807,M1005,C82920,2026-09-08 20:46:32,193955.34,INR,SUCCESS,POS
T105808,M1029,C74525,2026-09-08 22:38:17,256.37,INR,SUCCESS,QR
T105809,M1013,C94300,2026-09-08 08:08:55,196437.80,INR,SUCCESS,QR
T105810,M1002,C94883,2026-09-08 22:40:20,3912.95,INR,SUCCESS,POS
T105811,M1023,C68515,2026-09-08 12:43:44,56714.66,INR,SUCCESS,ONLINE
T105812,M1027,C97545,2026-09-08 10:52:24,41373.77,INR,SUCCESS,POS
T105813,M1027,C56536,2026-09-08 06:58:42,3380.67,INR,SUCCESS,ONLINE
T105814,M1003,C75775,2026-09-08 12:39:43,1095.29,INR,SUCCESS,ONLINE
T105815,M1019,C68978,2026-09-08 07:12:27,32433.73,INR,SUCCESS,POS
T105816,M1013,C89431,2026-09-08 16:49:20,31852.68,INR,SUCCESS,POS
T105817,M1002,C83338,2026-09-08 18:46:06,13410.05,INR,SUCCESS,ONLINE
T105818,M1029,C75602,2026-09-08 06:17:27,190441.94,INR,SUCCESS,QR
T105819,M1028,C56036,2026-09-08 21:42:44,50982.52,INR,SUCCESS,ONLINE
T105820,M1013,C79827,2026-09-08 20:12:47,277.77,INR,SUCCESS,POS
T105821,M1021,C64313,2026-09-08 19:31:30,188839.02,INR,SUCCESS,QR
T105822,M1001,C58277,2026-09-08 13:04:58,50183.79,INR,SUCCESS,QR
T105823,M1009,C98484,2026-09-08 22:14:04,953.24,INR,FAILED,POS
T105824,M1011,C63807,2026-09-08 21:04:27,24265.13,INR,SUCCESS,ONLINE
T105825,M1020,C88632,2026-09-08 13:27:10,3543.57,INR,SUCCESS,QR
T105826,M1006,C95060,2026-09-08 21:08:53,240901.28,INR,SUCCESS,QR
T105827,M1012,C63891,2026-09-08 20:05:59,51025.44,INR,FAILED,QR
T105828,M1016,C73084,2026-09-08 08:41:04,43405.14,INR,FAILED,QR
T105829,M1022,C95866,2026-09-08 07:47:43,1921.21,INR,SUCCESS,POS
T105830,M1025,C83122,2026-09-08 09:05:57,298180.61,INR,SUCCESS,QR
T105831,M1004,C68088,2026-09-08 21:44:07,271295.78,INR,SUCCESS,QR
T105832,M1006,C60745,2026-09-08 12:40:55,388031.04,INR,SUCCESS,QR
T105833,M1003,C73013,2026-09-08 17:14:27,203748.97,INR,SUCCESS,ONLINE
T105834,M1012,C62824,2026-09-08 12:59:54,198809.23,INR,SUCCESS,QR
T105835,M1024,C99583,2026-09-08 07:53:05,355673.57,INR,SUCCESS,ONLINE
T105836,M1026,C50859,2026-09-08 10:16:59,340579.10,INR,SUCCESS,ONLINE
T105837,M1018,C88498,2026-09-08 20:27:22,105261.80,INR,SUCCESS,ONLINE
T105838,M1014,C85531,2026-09-08 14:53:08,225481.79,INR,SUCCESS,POS
T105839,,C92384,2026-09-08 07:48:18,13821.59,INR,SUCCESS,ONLINE
T105840,M1028,C88046,2026-09-08 11:00:03,274443.17,INR,SUCCESS,ONLINE
T105841,M1012,C82044,2026-09-08 07:19:38,334207.87,INR,SUCCESS,QR
T105842,M1019,C57284,2026-09-08 11:18:42,177710.48,INR,SUCCESS,ONLINE
T105843,M1003,C97897,2026-09-08 11:48:29,32178.31,INR,SUCCESS,ONLINE
T105844,M1012,C88030,2026-09-08 20:51:16,225514.67,INR,FAILED,QR
T105845,M1017,C56079,2026-09-08 09:57:03,3062.18,INR,FAILED,POS
T105846,M1028,C93403,2026-09-08 09:59:14,739.87,INR,SUCCESS,QR
T105847,M1006,C66536,2026-09-08 18:03:55,55115.51,INR,SUCCESS,POS
T105848,M1004,C96313,2026-09-08 22:42:34,48023.51,INR,SUCCESS,QR
T105849,M1020,C54376,2026-09-08 22:36:28,39071.85,INR,SUCCESS,QR
T105850,M1014,C72107,2026-09-08 06:27:26,197662.42,INR,SUCCESS,POS
T105851,M1007,C61118,2026-09-08 16:56:36,302070.92,INR,SUCCESS,POS
T105852,M1021,C65740,2026-09-08 09:08:17,2310.52,INR,SUCCESS,QR
T105853,M1006,C62523,2026-09-08 19:03:56,34998.23,INR,SUCCESS,ONLINE
T105854,M1022,C74202,2026-09-08 10:05:23,56463.49,INR,REVERSED,QR
T105855,M1018,C74749,2026-09-08 18:01:52,70513.83,INR,REVERSED,QR
T105856,M1014,C89408,2026-09-08 14:04:06,45840.80,INR,SUCCESS,QR
T105857,M1026,C62593,2026-09-08 22:51:30,94927.00,INR,SUCCESS,QR
T105858,M1024,C63326,2026-09-08 22:19:18,45518.47,INR,SUCCESS,ONLINE
T105859,M1014,C64635,2026-09-08 16:12:03,2992.46,INR,SUCCESS,POS
T105860,M1018,C54516,2026-09-08 08:19:50,3588.97,INR,SUCCESS,ONLINE
T105861,M1010,C87765,2026-09-08 08:28:55,3302.76,INR,SUCCESS,QR
T105862,M1004,C78112,2026-09-08 21:43:53,45214.20,INR,FAILED,POS
T105863,M1013,C84907,2026-09-08 06:54:48,384512.96,INR,SUCCESS,ONLINE
T105864,M1014,C52517,2026-09-08 12:23:10,801.30,INR,SUCCESS,QR
T105865,M1006,C75227,2026-09-08 20:24:04,25805.23,INR,SUCCESS,POS
T105866,M1010,C64678,2026-09-08 21:22:12,237961.52,INR,SUCCESS,QR
T105867,M1005,C96465,2026-09-08 14:28:39,33103.80,INR,SUCCESS,QR
T105868,M1002,C65551,2026-09-08 07:12:02,236.60,INR,SUCCESS,ONLINE
T105869,M1011,C65585,2026-09-08 09:24:01,37462.76,INR,SUCCESS,QR
T105870,M1025,C98789,2026-09-08 07:52:54,260906.13,INR,SUCCESS,POS
T105871,M1026,C91880,2026-09-08 17:45:45,19976.76,IN,SUCCESS,POS
T105872,M1009,C95599,2026-09-08 20:04:28,1200.20,INR,SUCCESS,POS
T105873,M1022,C62355,2026-09-08 11:05:27,1305.82,INR,SUCCESS,QR
T105874,M1012,C61774,2026-09-08 09:14:55,4428.85,INR,SUCCESS,POS
T105875,M1006,C80699,2026-09-08 15:36:09,345267.30,INR,SUCCESS,ONLINE
T105876,M1015,C54180,2026-09-08 22:18:26,829.90,INR,SUCCESS,QR
T105877,M1026,C83539,2026-09-08 19:02:38,3633.09,INR,SUCCESS,POS
T105878,M1014,C58762,2026-09-08 12:03:19,21220.98,INR,SUCCESS,POS
T105879,M1010,C78978,2026-09-08 19:23:14,872.39,INR,SUCCESS,QR
T105880,M1025,C94476,2026-09-08 20:03:22,2945.16,INR,SUCCESS,POS
T105881,M1024,C97697,2026-09-08 11:02:22,55120.18,INR,SUCCESS,QR
T105882,M1018,C84833,2026-09-08 19:21:54,45307.56,INR,SUCCESS,POS
T105883,M1004,C51877,2026-09-08 21:58:35,228527.59,INR,SUCCESS,QR
T105884,M1007,C81508,2026-09-08 21:15:34,2985.38,INR,SUCCESS,QR
T105885,M9999,C93936,2026-09-08 17:31:59,3434.05,INR,SUCCESS,QR
T105886,M1019,C71719,2026-09-08 18:12:01,15297.77,INR,SUCCESS,POS
T105887,M1013,C82801,2026-09-08 15:00:47,1752.16,INR,FAILED,QR
T105888,M1015,C88123,2026-09-08 19:10:55,1650.86,INR,SUCCESS,POS
T105889,M1015,C69606,2026-09-08 18:19:40,51529.29,INR,SUCCESS,ONLINE
T105890,M1007,C50520,2026-09-08 17:09:10,1657.94,INR,SUCCESS,POS
T105891,M1007,C62619,2026-09-08 21:17:07,1949.24,INR,SUCCESS,POS
T105892,M1005,C99029,2026-09-08 11:16:00,40658.00,INR,SUCCESS,QR
T105893,M1026,C79286,2026-09-08 07:13:09,207862.76,INR,SUCCESS,ONLINE
T105894,M1006,C86004,2026-09-08 07:06:23,163995.09,INR,REVERSED,QR
T105895,M1027,C98431,2026-09-08 08:30:16,55697.79,INR,SUCCESS,POS
T105896,M1017,C59700,2026-09-08 19:14:44,260.60,INR,SUCCESS,ONLINE
T105897,M1007,C98441,2026-09-08 19:59:39,32452.10,INR,SUCCESS,POS
T105898,M1023,C81282,2026-09-08 17:49:19,3210.71,INR,SUCCESS,QR
T105899,M1015,C73861,2026-09-08 19:10:50,9124.20,INR,SUCCESS,ONLINE
T105900,M1015,C82358,2026-09-08 19:24:16,167360.79,INR,REVERSED,QR
T105901,M1005,C85594,2026-09-08 13:30:32,129318.17,INR,SUCCESS,ONLINE
T105902,M1021,C68582,2026-09-08 13:31:37,3367.72,INR,SUCCESS,QR
T105903,M1018,C97418,2026-09-08 12:45:43,2811.80,INR,SUCCESS,ONLINE
T105904,M1028,C71977,2026-09-08 13:11:42,48576.97,INR,SUCCESS,QR
T105905,M1000,C85203,2026-09-08 11:10:26,294478.38,INR,SUCCESS,QR
T105906,M1017,C95720,2026-09-08 11:57:34,67635.74,INR,SUCCESS,QR
T105907,M1019,C60722,2026-09-08 22:35:19,217214.65,INR,SUCCESS,ONLINE
T105908,M1007,C99944,2026-09-08 09:43:58,185911.45,INR,FAILED,ONLINE
T105909,M1020,C78757,2026-09-08 16:36:12,258267.63,INR,FAILED,QR
T105910,M1009,C50877,2026-09-08 18:28:56,300573.21,INR,SUCCESS,QR
T105911,M1025,C78844,2026-09-08 07:08:05,281278.84,INR,SUCCESS,QR
T105912,M1024,C52787,2026-09-08 16:39:29,255704.17,INR,FAILED,ONLINE
T105913,M1017,C57730,2026-09-08 14:24:02,59958.63,INR,SUCCESS,QR
T105914,M1028,C54572,2026-09-08 07:10:45,380.40,INR,SUCCESS,POS
T105915,M1013,C80090,2026-09-08 06:40:48,3310.95,INR,SUCCESS,POS
T105916,M1013,C79170,2026-09-08 17:44:11,2609.43,INR,SUCCESS,QR
T105917,M1029,C67771,2026-09-08 22:06:11,2221.54,INR,SUCCESS,QR
T105918,M1025,C50581,2026-09-08 16:01:07,37618.96,INR,REVERSED,POS
T105919,M1007,C69491,2026-09-08 10:40:36,3810.63,INR,REVERSED,POS
T105920,M1023,C59170,2026-09-08 16:32:17,2821.66,INR,SUCCESS,POS
T105921,M1024,C64547,2026-09-08 19:27:07,8970.05,INR,SUCCESS,QR
T105922,M1011,C89262,2026-09-08 21:15:40,3591.96,INR,SUCCESS,POS
T105923,M1001,C70473,2026-09-08 20:35:35,66704.88,INR,SUCCESS,QR
T105924,M1028,C89653,2026-09-08 08:44:57,109561.95,INR,SUCCESS,ONLINE
T105925,M1028,C55219,2026-09-08 12:48:08,2776.35,INR,SUCCESS,QR
T105926,M1015,C54360,2026-09-08 14:28:10,99775.41,INR,SUCCESS,QR
T105927,M1009,C91333,2026-09-08 06:50:03,3426.08,INR,REVERSED,POS
T105928,M1005,C61132,2026-09-08 12:20:20,632.73,INR,SUCCESS,ONLINE
T105929,M1022,C93559,2026-09-08 09:05:53,59085.08,INR,SUCCESS,ONLINE
T105930,M1024,C67947,2026-09-08 09:28:00,389711.04,INR,SUCCESS,QR
T105931,M1017,C63899,2026-09-08 06:49:12,840.43,INR,SUCCESS,QR
T105932,M1029,C74632,2026-09-08 17:34:12,2921.47,INR,SUCCESS,POS
T105933,M1026,C85035,2026-09-08 21:37:23,60081.44,INR,SUCCESS,ONLINE
T105934,M1000,C54032,2026-09-08 09:31:34,651.20,INR,SUCCESS,POS
T105935,M1003,C53455,2026-09-08 09:06:15,37205.98,INR,SUCCESS,POS
T105936,M1015,C66952,2026-09-08 17:27:21,72695.20,INR,SUCCESS,POS
T105937,M1029,C66086,2026-09-08 08:09:29,284127.03,INR,SUCCESS,POS
T105938,M1008,C80358,2026-09-08 08:52:10,2277.72,INR,SUCCESS,POS
T105939,M1017,C91809,2026-09-08 19:29:26,62762.46,INR,SUCCESS,POS
T105940,M1029,C81907,2026-09-08 18:27:07,15604.29,INR,SUCCESS,QR
T105941,M1020,C69848,2026-09-08 11:53:07,3883.46,INR,SUCCESS,POS
T105942,M1005,C57366,2026-09-08 18:14:43,1698.38,INR,SUCCESS,ONLINE
T105943,M1014,C70401,2026-09-08 17:54:51,48122.66,INR,SUCCESS,ONLINE
T105944,M1023,C98463,2026-09-08 15:20:53,3793.04,INR,FAILED,QR
T105945,M1009,C86729,2026-09-08 16:47:04,34477.73,INR,SUCCESS,POS
T105946,M1010,C89701,2026-09-08 07:00:42,277.72,INR,SUCCESS,POS
T105947,M1021,C78828,2026-09-08 09:04:47,170620.11,INR,SUCCESS,POS
T105948,M1026,C52627,2026-09-08 15:37:10,92719.90,INR,REVERSED,POS
T105949,M1017,C53124,2026-09-08 13:39:49,11152.84,INR,SUCCESS,QR
T105950,M1020,C71288,2026-09-08 22:05:59,3567.36,INR,SUCCESS,ONLINE
T105951,M1013,C85633,2026-09-08 11:25:16,1859.39,INR,SUCCESS,ONLINE
T105952,M1011,C54260,2026-09-08 21:58:58,16331.23,INR,SUCCESS,ONLINE
T105953,M1011,C94218,2026-09-08 12:58:11,41951.02,INR,SUCCESS,QR
T105954,M1018,C66021,2026-09-08 19:49:27,376516.04,INR,SUCCESS,ONLINE
T105955,M1004,C82093,2026-09-08 16:00:26,2612.04,INR,SUCCESS,ONLINE
T105956,M1008,C89108,2026-09-08 22:50:50,31642.95,INR,SUCCESS,POS
T105957,M1008,C95806,2026-09-08 14:50:52,33937.89,INR,SUCCESS,ONLINE
T105958,M1019,C91241,2026-09-08 18:01:12,41624.37,INR,FAILED,ONLINE
T105959,M1018,C81677,2026-09-08 14:29:48,3356.88,INR,SUCCESS,POS
T105960,M1029,C57240,2026-09-08 21:10:20,2449.03,INR,SUCCESS,QR
T105961,M1010,C62837,2026-09-08 11:46:03,182269.70,INR,SUCCESS,POS
T105962,M1028,C97599,2026-09-08 22:48:43,356628.94,INR,SUCCESS,ONLINE
T105963,M1012,C91552,2026-09-08 12:01:28,3594.49,INR,REVERSED,ONLINE
T105964,M1012,C61124,2026-09-08 14:35:31,338362.32,INR,SUCCESS,QR
T105965,M1015,C59218,2026-09-08 18:35:41,28446.42,INR,SUCCESS,QR
T105966,M1015,C77856,2026-09-08 12:48:59,779.92,INR,SUCCESS,ONLINE
T105967,M1000,C92675,2026-09-08 17:19:54,693.51,INR,SUCCESS,ONLINE
T105968,M1011,C82032,2026-09-08 15:02:01,3747.24,INR,SUCCESS,POS
T105969,M1011,C90275,2026-09-08 17:30:09,445.39,INR,SUCCESS,ONLINE
T105970,M1019,C75806,2026-09-08 19:33:13,210.03,INR,SUCCESS,QR
T105971,M1025,C98571,2026-09-08 12:10:01,218886.92,INR,SUCCESS,POS
T105972,M1026,C85046,2026-09-08 09:25:50,1332.44,INR,SUCCESS,ONLINE
T105973,M1022,C98956,2026-09-08 11:28:54,34384.00,INR,SUCCESS,POS
T105974,M1000,C56309,2026-09-08 21:36:22,272822.59,INR,SUCCESS,QR
T105975,M1021,C93039,2026-09-08 19:05:21,312953.92,INR,REVERSED,POS
T105976,M1029,C70471,2026-09-08 10:54:54,345895.41,INR,SUCCESS,QR
T105977,M1011,C70106,2026-09-08 22:51:06,232634.47,INR,SUCCESS,POS
T105978,M1026,C53043,2026-09-08 13:51:36,3553.79,INR,SUCCESS,QR
T105979,M1017,C85247,2026-09-08 19:20:16,260610.11,INR,SUCCESS,POS
T105980,M1024,C69850,2026-09-08 11:19:47,3575.02,INR,SUCCESS,QR
T105981,M1026,C83957,2026-09-08 20:05:35,17570.34,INR,SUCCESS,QR
T105982,M1008,C53377,2026-09-08 14:01:36,230681.66,INR,SUCCESS,QR
T105983,M1017,C69452,2026-09-08 20:11:39,2329.27,INR,SUCCESS,ONLINE
T105984,M1009,C55267,2026-09-08 14:21:45,1334.60,INR,SUCCESS,QR
T105985,M1016,C79785,2026-09-08 13:51:04,2943.54,INR,SUCCESS,QR
T105986,M1029,C62520,2026-09-08 07:03:53,3383.66,INR,SUCCESS,POS
T105987,M1002,C51259,2026-09-08 19:02:46,42562.99,INR,SUCCESS,POS
T105988,M1026,C68919,2026-09-08 17:42:37,1248.55,INR,SUCCESS,QR
T105989,M1022,C65396,2026-09-08 20:23:17,59848.30,INR,SUCCESS,ONLINE
T105990,M1023,C63709,2026-09-08 12:04:19,2110.45,INR,SUCCESS,QR
T105991,M1025,C63256,2026-09-08 06:37:00,1391.76,INR,SUCCESS,ONLINE
T105992,M1000,C84760,2026-09-08 12:18:17,53230.66,INR,SUCCESS,POS
T105993,M1010,C55279,2026-09-08 16:09:52,81379.97,INR,SUCCESS,ONLINE
T105994,M1016,C50742,2026-09-08 06:50:30,39415.77,INR,SUCCESS,QR
T105995,M1021,C63625,2026-09-08 10:57:53,13138.90,INR,SUCCESS,ONLINE
T105996,M1008,C60586,2026-09-08 09:35:07,248.54,INR,SUCCESS,ONLINE
T105997,M1004,C71834,2026-09-08 17:50:19,243051.18,INR,SUCCESS,ONLINE
T105998,M1016,C88527,2026-09-08 11:02:49,528.83,INR,SUCCESS,ONLINE
T105999,M1021,C85811,2026-09-08 17:37:08,224108.65,INR,SUCCESS,ONLINE
T106000,M1023,C54453,2026-09-08 07:43:12,217469.63,INR,SUCCESS,POS
T106001,M1009,C57849,2026-09-08 12:06:52,17065.47,INR,SUCCESS,POS
T106002,M1015,C92468,2026-09-08 19:28:37,575.82,INR,SUCCESS,QR
T106003,M1015,C76672,2026-09-08 09:43:17,11736.28,INR,SUCCESS,ONLINE
T106004,M1019,C64619,2026-09-08 17:03:44,183249.14,INR,SUCCESS,ONLINE
T106005,M1018,C62180,2026-09-08 21:50:39,3036.17,INR,SUCCESS,QR
T106006,M1011,C94037,2026-09-08 10:17:04,2384.93,INR,SUCCESS,POS
T106007,M1025,C97952,2026-09-08 17:45:48,27737.49,INR,SUCCESS,ONLINE
T106008,M1019,C70766,2026-09-08 19:26:20,369974.77,INR,SUCCESS,QR
T106009,M1024,C57153,2026-09-08 07:38:23,34673.70,INR,SUCCESS,ONLINE
T106010,M1026,C62945,2026-09-08 08:39:22,51557.76,INR,SUCCESS,QR
T106011,M1007,C89277,2026-09-08 17:05:59,21187.45,INR,FAILED,QR
T106012,M1011,C87484,2026-09-08 06:40:04,58466.27,INR,SUCCESS,QR
T106013,M1029,C80250,2026-09-08 12:42:41,4608.20,INR,SUCCESS,QR
T106014,M1001,C71156,2026-09-08 15:58:58,309673.93,INR,SUCCESS,QR
T106015,M1001,C84270,2026-09-08 12:09:41,290173.45,INR,SUCCESS,ONLINE
T106016,M1014,C63888,2026-09-08 07:28:07,63118.29,INR,SUCCESS,POS
T106017,M1011,C83858,2026-09-08 20:15:51,11257.47,INR,SUCCESS,ONLINE
T106018,M1002,C72568,2026-09-08 15:26:32,296556.97,INR,FAILED,QR
T106019,M1023,C54223,2026-09-08 07:25:34,2113.12,INR,SUCCESS,ONLINE
T106020,M1006,C61293,2026-09-08 17:50:34,2181.68,INR,SUCCESS,QR
T106021,M1008,C96957,2026-09-08 15:59:40,298663.69,INR,SUCCESS,ONLINE
T106022,M1021,C61292,2026-09-08 13:39:40,275920.76,INR,SUCCESS,QR
T106023,M1002,C56648,2026-09-08 19:08:07,17624.41,INR,FAILED,ONLINE
T106024,M1014,C77405,2026-09-08 08:07:21,853.04,INR,SUCCESS,QR
T106025,M1005,C53490,2026-09-08 18:10:08,372285.66,INR,SUCCESS,QR
T106026,M1027,C67945,2026-09-08 17:58:22,17280.83,INR,SUCCESS,QR
T106027,M1006,C97033,2026-09-08 10:47:44,262881.12,INR,SUCCESS,QR
T106028,M1011,C83481,2026-09-08 06:21:19,20214.20,INR,SUCCESS,ONLINE
T106029,M1011,C84692,2026-09-08 13:47:15,72863.79,INR,SUCCESS,ONLINE
T106030,M1002,C93445,2026-09-08 21:55:54,391147.32,INR,SUCCESS,QR
T106031,M1016,C58420,2026-09-08 13:51:26,30555.15,INR,SUCCESS,POS
T106032,M1004,C71374,2026-09-08 20:57:34,343747.53,INR,SUCCESS,QR
T106033,M1024,C77820,2026-09-08 09:51:15,1392.74,INR,SUCCESS,POS
T106034,M1018,C97662,2026-09-08 22:41:27,153558.21,INR,FAILED,ONLINE
T106035,M1009,C91928,2026-09-08 21:03:10,342431.44,INR,SUCCESS,QR
T106036,M1002,C59859,2026-09-08 09:18:16,23825.84,INR,FAILED,POS
T106037,M1008,C54525,2026-09-08 22:23:05,51260.34,INR,SUCCESS,ONLINE
T106038,M1003,C64761,2026-09-08 12:05:23,47042.63,INR,SUCCESS,POS
T106039,M1005,C58955,2026-09-08 11:37:02,3052.60,INR,SUCCESS,QR
T106040,M1007,C54011,2026-09-08 19:16:55,2537.12,INR,SUCCESS,QR
T106041,M1015,C72739,2026-09-08 09:57:17,1727.21,INR,SUCCESS,QR
T106042,M1009,C60787,2026-09-08 14:59:37,22048.37,INR,SUCCESS,ONLINE
T106043,M1016,C81607,2026-09-08 21:50:15,1736.32,INR,SUCCESS,POS
T106044,M1025,C94501,2026-09-08 22:11:39,3580.93,INR,SUCCESS,ONLINE
T106045,M1003,C94384,2026-09-08 09:00:12,2106.19,INR,SUCCESS,POS
T106046,M1010,C68563,2026-09-08 06:11:44,58868.20,INR,SUCCESS,QR
T106047,M1020,C86178,2026-09-08 10:14:36,8138.93,INR,REVERSED,QR
T106048,M1000,C64881,2026-09-08 16:59:12,1061.56,INR,SUCCESS,POS
T106049,M1001,C82633,2026-09-08 18:01:42,56999.60,INR,SUCCESS,QR
T106050,M1010,C95846,2026-09-08 08:07:01,16147.96,INR,FAILED,POS
T106051,M1017,C88482,2026-09-08 20:47:14,85716.67,INR,REVERSED,QR
T106052,M1006,C75646,2026-09-08 20:34:27,1566.89,INR,SUCCESS,QR
T106053,M1020,C96488,2026-09-08 14:39:03,162620.25,INR,SUCCESS,POS
T106054,M1011,C57571,2026-09-08 19:03:33,135893.64,INR,SUCCESS,POS
T106055,M1029,C52478,2026-09-08 14:03:39,34957.67,INR,SUCCESS,ONLINE
T106056,M1013,C85133,2026-09-08 06:57:10,147949.36,INR,SUCCESS,ONLINE
T106057,M1009,C63279,2026-09-08 22:57:45,10342.92,INR,SUCCESS,QR
T106058,M1028,C54665,2026-09-08 16:27:05,302749.21,INR,SUCCESS,ONLINE
T106059,M1003,C55687,2026-09-08 20:25:53,158731.47,INR,SUCCESS,QR
T106060,M1023,C55034,2026-09-08 10:34:30,2032.50,INR,SUCCESS,ONLINE
T106061,M1006,C78026,2026-09-08 20:57:55,266853.98,INR,SUCCESS,QR
T106062,M1026,C65896,2026-09-08 11:38:41,305588.38,INR,FAILED,ONLINE
T106063,M1026,C51281,2026-09-08 14:22:38,332897.00,INR,SUCCESS,QR
T106064,M1011,C57407,2026-09-08 11:03:04,182685.62,INR,REVERSED,POS
T106065,M1022,C65132,2026-09-08 15:11:22,1176.51,INR,SUCCESS,QR
T106066,M1021,C58271,2026-09-08 07:36:46,206395.14,INR,SUCCESS,QR
T106067,M1018,C85014,2026-09-08 14:58:02,269280.43,INR,SUCCESS,ONLINE
T106068,M1025,C77358,2026-09-08 06:36:55,321250.57,INR,SUCCESS,POS
T106069,M1016,C93153,2026-09-08 11:04:19,37077.32,INR,SUCCESS,ONLINE
T106070,M1004,C90655,2026-09-08 15:25:44,393450.99,INR,SUCCESS,ONLINE
T106071,M1026,C79220,2026-09-08 09:36:26,3884.76,INR,SUCCESS,QR
T106072,M1027,C81530,2026-09-08 09:20:14,3459.63,INR,SUCCESS,POS
T106073,M1022,C54766,2026-09-08 22:28:15,1020.23,INR,SUCCESS,POS
T106074,M1018,C59816,2026-09-08 10:18:08,222247.30,INR,SUCCESS,QR
T106075,M1026,C75486,2026-09-08 11:47:42,2926.60,INR,SUCCESS,POS
T106076,M1022,C95563,2026-09-08 17:31:38,26353.78,INR,SUCCESS,POS
T106077,M1014,C53666,2026-09-08 19:19:44,377902.17,INR,SUCCESS,QR
T106078,M1004,C82723,2026-09-08 17:47:30,915.74,INR,SUCCESS,ONLINE
T106079,M1020,C57698,2026-09-08 09:30:42,55270.86,INR,SUCCESS,POS
T106080,M1022,C86220,2026-09-08 17:07:50,219966.53,INR,SUCCESS,POS
T106081,M1000,C89810,2026-09-08 17:38:51,4369.73,INR,SUCCESS,QR
T106082,M1008,C95549,2026-09-08 09:51:38,262535.00,INR,SUCCESS,ONLINE
T106083,M1025,C84343,2026-09-08 15:23:59,2837.41,INR,SUCCESS,POS
T106084,M1014,C86979,2026-09-08 13:53:28,82599.87,INR,SUCCESS,POS
T106085,M1020,C68961,2026-09-08 19:14:23,7614.79,INR,FAILED,POS
T106086,M1026,C55345,2026-09-08 08:00:41,3748.67,INR,SUCCESS,QR
T106087,M1006,C54817,2026-09-08 17:40:31,265602.74,INR,SUCCESS,POS
T106088,M1027,C87648,2026-09-08 11:53:40,54857.63,INR,FAILED,QR
T106089,M1009,C71941,2026-09-08 15:26:47,13247.11,INR,SUCCESS,ONLINE
T106090,M1011,C59751,2026-09-08 10:18:59,20356.82,INR,SUCCESS,ONLINE
T106091,M1029,C66039,2026-09-08 09:05:34,2704.00,INR,SUCCESS,ONLINE
T106092,M1029,C63153,2026-09-08 12:41:17,39294.02,INR,SUCCESS,QR
T106093,M1022,C93553,2026-09-08 12:05:49,279263.57,INR,FAILED,POS
T106094,M1020,C74196,2026-09-08 09:29:25,3414.27,INR,SUCCESS,QR
T106095,M1024,C60434,2026-09-08 08:47:25,197454.16,INR,SUCCESS,POS
T106096,M1005,C61757,2026-09-08 19:52:22,1533.07,INR,SUCCESS,ONLINE
T106097,M1017,C62615,2026-09-08 19:24:04,278.26,INR,SUCCESS,ONLINE
T106098,M1018,C72675,2026-09-08 16:06:55,3383.23,INR,SUCCESS,QR
T106099,M1005,C65248,2026-09-08 15:27:21,58780.68,INR,FAILED,ONLINE
T106100,M1002,C96343,2026-09-08 17:53:03,346061.48,INR,SUCCESS,QR
T106101,M1006,C59144,2026-09-08 22:58:33,3160.97,INR,SUCCESS,ONLINE
T106102,M1010,C68774,2026-09-08 11:37:37,42532.91,INR,REVERSED,POS
T106103,M1013,C61196,2026-09-08 06:05:39,303545.54,INR,SUCCESS,ONLINE
T106104,M1025,C57595,2026-09-08 09:31:48,49506.75,INR,SUCCESS,ONLINE
T106105,M1006,C63173,2026-09-08 12:31:59,21380.19,INR,SUCCESS,ONLINE
T106106,M1005,C63328,2026-09-08 11:19:08,369669.27,INR,SUCCESS,ONLINE
T106107,M1027,C59996,2026-09-08 09:07:44,2263.39,INR,SUCCESS,POS
T106108,M1023,C94066,2026-09-08 08:01:52,364.49,INR,SUCCESS,ONLINE
T106109,M1011,C94325,2026-09-08 14:08:20,1148.15,INR,FAILED,POS
T106110,M1012,C79975,2026-09-08 06:22:33,34760.56,INR,SUCCESS,QR
T106111,M1015,C96172,2026-09-08 10:15:55,18467.49,INR,SUCCESS,ONLINE
T106112,M1000,C53385,2026-09-08 14:11:48,68091.21,INR,FAILED,POS
T106113,M1023,C81338,2026-09-08 16:24:46,593.37,INR,SUCCESS,QR
T106114,M1008,C85843,2026-09-08 18:24:50,17935.31,INR,SUCCESS,ONLINE
T106115,M1025,C72177,2026-09-08 19:19:45,351.79,INR,SUCCESS,ONLINE
T106116,M1019,C78767,2026-09-08 07:53:07,355636.44,INR,SUCCESS,ONLINE
T106117,M1000,C59331,2026-09-08 15:22:13,39464.67,INR,SUCCESS,POS
T106118,M1029,C95644,2026-09-08 19:00:35,461.35,INR,SUCCESS,ONLINE
T106119,M1016,C54583,2026-09-08 08:45:07,29671.54,INR,SUCCESS,ONLINE
T106120,M1009,C95562,2026-09-08 13:01:10,19904.62,INR,FAILED,POS
T106121,M1024,C52301,2026-09-08 18:36:46,48431.49,INR,SUCCESS,QR
T106122,M1008,C58487,2026-09-08 14:21:19,169440.51,INR,FAILED,POS
T106123,M1022,C82018,2026-09-08 18:28:49,705.17,INR,SUCCESS,POS
T106124,M1005,C54582,2026-09-08 21:48:52,226054.26,INR,SUCCESS,ONLINE
T106125,M1005,C53581,2026-09-08 06:35:48,45680.23,INR,SUCCESS,ONLINE
T106126,M1007,C97875,2026-09-08 19:58:17,613.36,INR,REVERSED,ONLINE
T106127,M1019,C78633,2026-09-08 19:44:54,66925.96,INR,SUCCESS,ONLINE
T106128,M1011,C65920,2026-09-08 22:06:44,2292.73,INR,SUCCESS,QR
T106129,M1007,C55327,2026-09-08 13:43:19,929.51,INR,SUCCESS,POS
T106130,M1007,C94712,2026-09-08 10:25:47,250762.57,INR,SUCCESS,POS
T106131,M1022,C89497,2026-09-08 21:11:21,3669.39,INR,SUCCESS,QR
T106132,M1009,C53261,2026-09-08 10:14:55,280746.44,INR,SUCCESS,POS
T106133,M1009,C51930,2026-09-08 06:33:59,1168.53,INR,SUCCESS,ONLINE
T106134,M1009,C69148,2026-09-08 09:05:40,35129.66,INR,SUCCESS,ONLINE
T106135,M1028,C90661,2026-09-08 21:51:24,1280.21,INR,SUCCESS,QR
T106136,M1000,C57876,2026-09-08 20:41:42,359215.31,INR,SUCCESS,POS
T106137,M1002,C71663,2026-09-08 20:31:21,3282.69,INR,SUCCESS,POS
T106138,M1009,C85106,2026-09-08 18:12:34,383354.37,INR,SUCCESS,POS
T106139,M1028,C57860,2026-09-08 09:58:08,56248.42,INR,SUCCESS,ONLINE
T106140,M1021,C74995,2026-09-08 22:05:02,110684.64,INR,FAILED,ONLINE
T106141,M1006,C57434,2026-09-08 20:49:47,3418.88,INR,SUCCESS,QR
T106142,M1012,C90956,2026-09-08 22:05:04,3325.40,INR,SUCCESS,POS
T106143,M1002,C59860,2026-09-08 18:49:12,3382.71,INR,SUCCESS,POS
T106144,M1022,C93412,2026-09-08 08:15:35,977.03,INR,SUCCESS,ONLINE
T106145,M1027,C96915,2026-09-08 12:45:09,3237.51,INR,SUCCESS,POS
T106146,M1024,C87253,2026-09-08 16:37:50,235347.96,INR,SUCCESS,QR
T106147,M1022,C74920,2026-09-08 17:07:48,47434.27,INR,SUCCESS,QR
T106148,M8888,C65629,2026-09-08 09:57:13,189058.46,INR,SUCCESS,QR
T106149,M1021,C87644,2026-09-08 22:25:41,55120.96,INR,SUCCESS,ONLINE
T106150,M1019,C96245,2026-09-08 18:20:00,301238.40,INR,REVERSED,ONLINE
T106151,M1021,C63382,2026-09-08 15:27:44,11538.81,INR,SUCCESS,QR
T106152,M1017,C58045,2026-09-08 22:19:30,2259.38,INR,SUCCESS,ONLINE
T106153,M1006,C86527,2026-09-08 12:47:22,90593.36,INR,SUCCESS,POS
T106154,M1019,C66647,2026-09-08 06:27:34,2180.05,INR,SUCCESS,ONLINE
T106155,M1023,C53307,2026-09-08 06:09:19,47988.82,INR,SUCCESS,ONLINE
T106156,M1025,C61265,2026-09-08 06:11:10,150226.72,INR,SUCCESS,ONLINE
T106157,M1024,C82691,2026-09-08 07:23:05,14062.89,INR,SUCCESS,ONLINE
T106158,M1002,C84013,2026-09-08 18:53:52,370489.14,INR,SUCCESS,ONLINE
T106159,M1024,C54029,2026-09-08 10:29:37,2971.49,INR,FAILED,POS
T106160,M1006,C71122,2026-09-08 06:40:50,256074.97,INR,SUCCESS,POS
T106161,M1017,C60017,2026-09-08 06:58:10,291320.60,INR,SUCCESS,POS
T106162,M1025,C52493,2026-09-08 22:55:13,210142.85,INR,SUCCESS,QR
T106163,M1023,C58167,2026-09-08 11:41:00,18389.45,INR,SUCCESS,QR
T106164,M1018,C56569,2026-09-08 10:27:07,269313.51,INR,SUCCESS,QR
T106165,M1029,C54714,2026-09-08 08:57:44,310667.37,INR,SUCCESS,ONLINE
T106166,M1008,C95934,2026-09-08 11:35:35,55332.64,INR,SUCCESS,POS
T106167,M1020,C89163,2026-09-08 14:03:40,1546.65,INR,SUCCESS,QR
T106168,M1005,C66193,2026-09-08 08:37:57,2083.13,INR,SUCCESS,ONLINE
T106169,M1009,C53581,2026-09-08 15:22:33,274068.96,INR,SUCCESS,ONLINE
T106170,M1025,C52910,2026-09-08 20:33:02,122106.19,INR,SUCCESS,QR
T106171,M1007,C78368,2026-09-08 08:34:13,164322.16,INR,SUCCESS,QR
T106172,M1027,C61370,2026-09-08 17:22:04,391809.00,INR,SUCCESS,ONLINE
T106173,M1007,C53603,2026-09-08 11:15:52,1950.42,INR,SUCCESS,QR
T106174,M1020,C72099,2026-09-08 06:42:16,399438.49,INR,SUCCESS,ONLINE
T106175,M1012,C67380,2026-09-08 08:09:41,4946.11,INR,SUCCESS,QR
T106176,M1014,C55678,2026-09-08 15:37:39,28252.44,INR,SUCCESS,ONLINE
T106177,M1025,C74132,2026-09-08 20:01:29,57144.58,INR,SUCCESS,POS
T106178,M1024,C87955,2026-09-08 13:57:04,166953.48,INR,SUCCESS,QR
T106179,M1002,C63677,2026-09-08 06:44:51,1011.34,INR,FAILED,ONLINE
T106180,M1018,C63638,2026-09-08 09:13:13,36176.43,INR,SUCCESS,POS
T106181,M1020,C54016,2026-09-08 09:55:01,2998.63,INR,SUCCESS,QR
T106182,M1003,C99639,2026-09-08 11:12:58,39108.75,INR,SUCCESS,ONLINE
T106183,M1025,C93761,2026-09-08 10:14:36,241493.32,INR,FAILED,POS
T106184,M1007,C82695,2026-09-08 10:25:32,3689.03,INR,SUCCESS,QR
T106185,M1027,C52979,2026-09-08 19:22:09,298703.70,INR,SUCCESS,ONLINE
T106186,M1009,C90785,2026-09-08 07:05:34,3605.92,INR,SUCCESS,ONLINE
T106187,M1018,C77527,2026-09-08 21:41:59,2986.44,INR,SUCCESS,POS
T106188,M1018,C85372,2026-09-08 16:16:23,391323.26,INR,SUCCESS,POS
T106189,M1003,C56697,2026-09-08 11:29:44,121497.70,INR,REVERSED,POS
T106190,M1027,C66961,2026-09-08 08:59:41,24494.23,INR,SUCCESS,ONLINE
T106191,M1019,C52027,2026-09-08 18:53:19,48603.47,INR,SUCCESS,POS
T106192,M1025,C93579,2026-09-08 07:17:11,6828.49,INR,SUCCESS,ONLINE
T106193,M1008,C71551,2026-09-08 15:07:36,2535.93,INR,FAILED,QR
T106194,M1015,C60227,2026-09-08 06:57:20,20600.01,INR,FAILED,QR
T106195,M1026,C92080,2026-09-08 13:31:34,170512.19,INR,SUCCESS,POS
T106196,M1010,C71175,2026-09-08 18:45:40,266137.01,INR,SUCCESS,POS
T106197,M1004,C89689,2026-09-08 08:48:21,379067.03,INR,FAILED,ONLINE
T106198,M1027,C51176,2026-09-08 15:30:04,135684.12,INR,SUCCESS,ONLINE
T106199,M1003,C89124,2026-09-08 21:41:30,129718.39,INR,SUCCESS,QR
T106200,M1028,C92746,2026-09-08 16:30:06,387479.39,INR,SUCCESS,POS
T106201,M1010,C69586,2026-09-08 16:14:36,1304.38,INR,SUCCESS,QR
T106202,M1014,C53308,2026-09-08 21:31:08,3399.55,INR,SUCCESS,QR
T106203,M1021,C60170,2026-09-08 11:47:43,35878.67,INR,SUCCESS,ONLINE
T106204,M1017,C66100,2026-09-08 21:47:04,13318.18,INR,SUCCESS,ONLINE
T106205,M1020,C54621,2026-09-08 19:05:50,3250.83,INR,SUCCESS,POS
T106206,M1010,C92433,2026-09-08 08:56:10,26285.58,INR,SUCCESS,QR
T106207,M1020,C66166,2026-09-08 13:44:18,1597.85,INR,SUCCESS,ONLINE
T106208,M1007,C84374,2026-09-08 20:05:48,3642.40,INR,SUCCESS,QR
T106209,M1018,C95178,2026-09-08 20:25:22,47776.22,INR,SUCCESS,QR
T106210,M1007,C57612,2026-09-08 21:16:35,297936.16,INR,SUCCESS,QR
T106211,M1007,C67447,2026-09-08 16:59:47,98889.96,INR,SUCCESS,POS
T106212,M1013,C62898,2026-09-08 09:34:47,289976.86,INR,SUCCESS,POS
T106213,M1007,C56366,2026-09-08 06:33:25,56722.45,INR,SUCCESS,ONLINE
T106214,M1019,C79621,2026-09-08 06:47:21,21516.38,INR,SUCCESS,ONLINE
T106215,M1010,C61131,2026-09-08 07:23:59,2570.94,INR,SUCCESS,POS
T106216,M1028,C67328,2026-09-08 19:17:14,3415.07,INR,SUCCESS,POS
T106217,M1017,C93089,2026-09-08 20:02:56,281.47,INR,SUCCESS,ONLINE
T106218,M1026,C72630,2026-09-08 08:28:32,20137.42,INR,SUCCESS,ONLINE
T106219,M1007,C99332,2026-09-08 14:58:25,2361.64,INR,SUCCESS,ONLINE
T106220,M1027,C64441,2026-09-08 17:43:16,3983.61,INR,SUCCESS,POS
T106221,M1006,C66565,2026-09-08 18:28:33,3168.68,INR,SUCCESS,ONLINE
T106222,M1024,C83578,2026-09-08 10:13:29,1283.57,INR,SUCCESS,ONLINE
T106223,M1010,C93136,2026-09-08 18:44:28,8457.02,INR,SUCCESS,ONLINE
T106224,M1028,C55292,2026-09-08 10:11:45,2752.85,INR,SUCCESS,ONLINE
T106225,M1007,C99808,2026-09-08 15:29:04,13818.37,INR,REVERSED,POS
T106226,M1018,C98347,2026-09-08 17:09:19,365947.13,INR,SUCCESS,QR
T106227,M1020,C72163,2026-09-08 15:06:38,57065.13,INR,SUCCESS,POS
T106228,M1010,C56549,2026-09-08 08:23:12,26418.16,INR,SUCCESS,POS
T106229,M1022,C94926,2026-09-08 20:06:05,153431.78,INR,SUCCESS,QR
T106230,M1027,C53878,2026-09-08 08:20:12,35250.61,INR,SUCCESS,QR
T106231,M1000,C65927,2026-09-08 22:28:05,344010.57,INR,SUCCESS,QR
T106232,M1008,C69043,2026-09-08 10:54:08,56810.48,INR,SUCCESS,QR
T106233,M1021,C98029,2026-09-08 12:27:27,42995.75,INR,SUCCESS,ONLINE
T106234,M1014,C66550,2026-09-08 11:03:11,909.78,INR,SUCCESS,ONLINE
T106235,M1018,C79903,2026-09-08 06:22:17,58079.15,INR,SUCCESS,QR
T106236,M1022,C75990,2026-09-08 17:09:49,285711.86,INR,SUCCESS,QR
T106237,M1027,C71938,2026-09-08 11:30:33,3103.96,INR,SUCCESS,ONLINE
T106238,M1002,C67573,2026-09-08 13:44:10,1958.02,INR,SUCCESS,POS
T106239,M1009,C56717,2026-09-08 14:38:06,1767.09,INR,SUCCESS,QR
T106240,M1008,C67922,2026-09-08 10:52:06,334956.14,INR,SUCCESS,QR
T106241,M1029,C55318,2026-09-08 20:59:36,387921.78,INR,SUCCESS,POS
T106242,M1007,C81000,2026-09-08 22:06:17,13320.19,INR,SUCCESS,POS
T106243,M1000,C63560,2026-09-08 18:47:47,1316.00,INR,SUCCESS,POS
T106244,M1027,C51035,2026-09-08 15:51:57,23784.59,INR,SUCCESS,QR
T106245,M1012,C85163,2026-09-08 06:27:13,165018.94,INR,SUCCESS,ONLINE
T106246,M1008,C72621,2026-09-08 14:41:27,2544.63,INR,SUCCESS,POS
T106247,M1007,C96054,2026-09-08 10:58:37,84780.85,INR,SUCCESS,QR
T106248,M8888,C78266,2026-09-08 06:01:10,1880.38,INR,SUCCESS,POS
T106249,M1026,C62985,2026-09-08 22:57:44,74048.34,INR,SUCCESS,POS
T106250,M1011,C75990,2026-09-08 17:00:07,398418.42,INR,SUCCESS,QR
T106251,M1010,C94068,2026-09-08 10:13:03,809.10,INR,SUCCESS,ONLINE
T106252,M1015,C56701,2026-09-08 20:36:16,3388.68,INR,SUCCESS,POS
T106253,M1015,C77262,2026-09-08 13:53:10,40796.88,INR,SUCCESS,POS
T106254,M1014,C85290,2026-09-08 21:40:45,294.73,INR,SUCCESS,POS
T106255,M1015,C52030,2026-09-08 22:28:27,2745.09,INR,SUCCESS,POS
T106256,M1009,C53780,2026-09-08 06:50:43,172.20,INR,SUCCESS,QR
T106257,M1016,C82474,2026-09-08 09:42:35,71283.79,INR,SUCCESS,POS
T106258,M1009,C77405,2026-09-08 12:03:11,271319.72,INR,SUCCESS,ONLINE
T106259,M1026,C82855,2026-09-08 21:51:39,26069.76,INR,REVERSED,POS
T106260,M1012,C81894,2026-09-08 06:16:14,39226.83,INR,SUCCESS,ONLINE
T106261,M1018,C53086,2026-09-08 17:19:23,79581.26,INR,FAILED,POS
T106262,M1002,C67146,2026-09-08 12:09:48,364516.90,INR,SUCCESS,POS
T106263,M1021,C81720,2026-09-08 08:30:37,285935.60,INR,SUCCESS,ONLINE
T106264,M1022,C78763,2026-09-08 09:49:38,723.38,INR,SUCCESS,QR
T106265,M1004,C93464,2026-09-08 16:02:36,101382.66,INR,SUCCESS,ONLINE
T106266,M1002,C54184,2026-09-08 06:34:26,17218.44,INR,SUCCESS,QR
T106267,M1013,C77628,2026-09-08 17:12:57,3002.73,INR,SUCCESS,ONLINE
T106268,M1029,C57388,2026-09-08 16:33:04,17971.19,INR,SUCCESS,POS
T106269,M1017,C67805,2026-09-08 06:08:02,3390.93,INR,SUCCESS,POS
T106270,M1021,C82481,2026-09-08 19:40:09,635.40,INR,SUCCESS,POS
T106271,M1005,C95482,2026-09-08 11:27:51,389870.18,INR,SUCCESS,ONLINE
T106272,M1023,C61840,2026-09-08 10:26:36,45691.96,INR,REVERSED,QR
T106273,M1023,C58993,2026-09-08 19:01:26,11780.92,INR,SUCCESS,ONLINE
T106274,M1014,C79682,2026-09-08 12:03:02,183868.07,INR,SUCCESS,POS
T106275,M1008,C75863,2026-09-08 13:09:34,2468.09,INR,SUCCESS,ONLINE
T106276,M1020,C83516,2026-09-08 20:24:21,41394.57,INR,SUCCESS,POS
T106277,M1008,C78863,2026-09-08 15:40:43,7103.49,INR,SUCCESS,POS
T106278,M1013,C90508,2026-09-08 20:27:29,18801.22,INR,REVERSED,QR
T106279,M1019,C99311,2026-09-08 08:41:55,308172.13,INR,SUCCESS,ONLINE
T106280,M1012,C61429,2026-09-08 11:11:00,2990.04,INR,SUCCESS,QR
T106281,M1020,C58565,2026-09-08 17:10:23,277146.18,INR,SUCCESS,POS
T106282,M1025,C58861,2026-09-08 09:43:01,37790.72,INR,SUCCESS,POS
T106283,M1023,C55150,2026-09-08 06:11:07,29737.14,INR,SUCCESS,POS
T106284,M1002,C80994,2026-09-08 14:07:21,20645.00,INR,SUCCESS,POS
T106285,M1014,C76201,2026-09-08 10:34:47,135674.89,INR,SUCCESS,QR
T106286,M1022,C88687,2026-09-08 08:40:35,54619.87,INR,SUCCESS,ONLINE
T106287,M1022,C60360,2026-09-08 10:49:10,1339.40,INR,SUCCESS,QR
T106288,M1022,C76747,2026-09-08 08:59:55,38964.55,INR,SUCCESS,QR
T106289,M1002,C93942,2026-09-08 07:31:17,2621.39,INR,REVERSED,ONLINE
T106290,M1012,C92313,2026-09-08 10:42:22,833.74,INR,SUCCESS,ONLINE
T106291,M1003,C68063,2026-09-08 21:30:08,16197.30,INR,FAILED,POS
T106292,M1018,C70761,2026-09-08 06:02:10,126879.42,INR,SUCCESS,ONLINE
T106293,M1022,C69425,2026-09-08 09:55:43,265468.42,INR,SUCCESS,ONLINE
T106294,M1028,C75857,2026-09-09 14:37:32,95880.16,INR,SUCCESS,ONLINE
T106295,M1024,C60050,2026-09-09 17:11:53,2133.94,INR,SUCCESS,POS
T106296,M1009,C94011,2026-09-09 16:01:01,115401.98,INR,SUCCESS,POS
T106297,M1005,C95235,2026-09-09 13:23:30,77115.18,INR,SUCCESS,ONLINE
T106298,M1018,C93666,2026-09-09 10:01:53,25887.48,INR,SUCCESS,QR
T106299,M1001,C74670,2026-09-09 13:53:28,343731.30,INR,SUCCESS,ONLINE
T106300,M1014,C85692,2026-09-09 09:11:59,339265.13,INR,SUCCESS,ONLINE
T106301,M1025,C57339,2026-09-09 09:56:24,230676.68,INR,SUCCESS,ONLINE
T106302,M1000,C57253,2026-09-09 18:42:48,7632.08,INR,SUCCESS,POS
T106303,M1002,C66947,2026-09-09 06:29:37,267136.52,INR,SUCCESS,ONLINE
T106304,M1016,C72553,2026-09-09 22:01:06,26051.82,INR,SUCCESS,ONLINE
T106305,M1002,C85917,2026-09-09 07:02:09,361015.08,INR,SUCCESS,QR
T106306,M1020,C86059,2026-09-09 15:35:31,318550.81,INR,SUCCESS,POS
T106307,M1005,C74168,2026-09-09 19:05:53,127435.23,INR,SUCCESS,POS
T106308,M1023,C87522,2026-09-09 21:01:04,324207.30,INR,SUCCESS,QR
T106309,M1014,C53990,2026-09-09 18:15:21,147110.38,INR,SUCCESS,POS
T106310,M1017,C96476,2026-09-09 12:52:12,138515.08,INR,SUCCESS,ONLINE
T106311,M1029,C56786,2026-09-09 08:49:35,361.12,INR,SUCCESS,ONLINE
T106312,M1022,C66484,2026-09-09 09:36:46,231.61,INR,SUCCESS,QR
T106313,M1008,C52249,2026-09-09 12:15:59,1538.34,INR,SUCCESS,ONLINE
T106314,M1005,C71404,2026-09-09 13:29:37,59662.25,INR,SUCCESS,QR
T106315,M1018,C97983,2026-09-09 10:05:58,189288.13,INR,SUCCESS,POS
T106316,M1005,C56653,2026-09-09 19:38:58,212629.80,INR,REVERSED,QR
T106317,M1026,C77876,2026-09-09 15:26:11,41166.68,INR,SUCCESS,ONLINE
T106318,M1021,C59288,2026-09-09 21:19:06,215802.09,INR,SUCCESS,QR
T106319,M1025,C72428,2026-09-09 22:40:56,368066.58,INR,REVERSED,ONLINE
T106320,M1002,C60483,2026-09-09 18:48:48,37011.19,INR,SUCCESS,ONLINE
T106321,M1019,C81261,2026-09-09 19:09:31,55241.28,INR,SUCCESS,ONLINE
T106322,M1026,C63455,2026-09-09 12:43:56,9019.99,INR,SUCCESS,QR
T106323,M1011,C68109,2026-09-09 16:14:04,270241.93,INR,SUCCESS,ONLINE
T106324,M1002,C98640,2026-09-09 18:49:30,26767.38,INR,SUCCESS,QR
T106325,M1003,C60980,2026-09-09 15:42:21,1670.61,INR,SUCCESS,ONLINE
T106326,M1020,C81315,2026-09-09 10:04:59,36871.27,INR,REVERSED,POS
T106327,M1006,C81072,2026-09-09 22:06:44,853.37,INR,SUCCESS,POS
T106328,M1000,C97363,2026-09-09 07:47:58,3457.56,INR,SUCCESS,ONLINE
T106329,M1000,C59190,2026-09-09 15:13:20,2040.22,INR,SUCCESS,POS
T106330,M1019,C61642,2026-09-09 14:37:52,13618.14,INR,SUCCESS,QR
T106331,M1029,C93483,2026-09-09 06:51:00,46535.44,INR,SUCCESS,QR
T106332,M1001,C78251,2026-09-09 08:46:30,67404.98,INR,SUCCESS,POS
T106333,M1021,C87689,2026-09-09 17:39:15,295788.23,INR,SUCCESS,QR
T106334,M1005,C71233,2026-09-09 10:33:48,479.30,INR,FAILED,QR
T106335,M1005,C91792,2026-09-09 10:07:36,28868.19,INR,SUCCESS,QR
T106336,M1023,C84370,2026-09-09 10:23:14,88234.29,INR,SUCCESS,ONLINE
T106337,M1007,C61301,2026-09-09 10:56:59,35843.60,INR,SUCCESS,POS
T106338,M1009,C80065,2026-09-09 16:38:53,1771.80,INR,SUCCESS,POS
T106339,M1005,C71454,2026-09-09 12:53:40,102985.71,INR,SUCCESS,ONLINE
T106340,M1024,C68889,2026-09-09 10:06:28,55601.64,INR,SUCCESS,ONLINE
T106341,M1028,C50184,2026-09-09 10:22:46,1755.53,INR,SUCCESS,QR
T106342,M1009,C83853,2026-09-09 07:02:34,14969.40,INR,SUCCESS,QR
T106343,M1024,C58689,2026-09-09 06:39:01,277937.91,INR,SUCCESS,POS
T106344,M1017,C57848,2026-09-09 22:30:57,26480.94,INR,SUCCESS,QR
T106345,M1009,C66006,2026-09-09 17:07:53,71227.25,INR,SUCCESS,QR
T106346,M1017,C68718,2026-09-09 10:48:04,31988.94,INR,SUCCESS,ONLINE
T106347,M1009,C60328,2026-09-09 21:56:23,364929.34,INR,SUCCESS,QR
T106348,M1021,C77935,2026-09-09 17:30:44,18617.17,INR,SUCCESS,QR
T106349,M1020,C68179,2026-09-09 17:43:20,5943.73,INR,FAILED,POS
T106350,M1025,C73444,2026-09-09 09:30:34,10642.37,INR,SUCCESS,POS
T106351,M1028,C93661,2026-09-09 17:29:34,35146.02,INR,SUCCESS,QR
T106352,M1004,C98563,2026-09-09 11:44:22,1072.76,INR,SUCCESS,ONLINE
T106353,M1018,C94005,2026-09-09 07:10:20,1202.46,INR,SUCCESS,QR
T106354,M1028,C73128,2026-09-09 06:06:34,3971.14,INR,SUCCESS,POS
T106355,M1027,C76538,2026-09-09 09:49:31,348371.18,INR,FAILED,ONLINE
T106356,M1002,C81202,2026-09-09 19:05:39,2200.34,INR,SUCCESS,QR
T106357,M1019,C86558,2026-09-09 21:28:21,178963.36,INR,SUCCESS,POS
T106358,M1020,C83945,2026-09-09 11:39:15,37570.24,INR,SUCCESS,ONLINE
T106359,M1010,C50792,2026-09-09 20:36:52,16481.37,INR,SUCCESS,ONLINE
T106360,M1023,C58051,2026-09-09 21:14:10,3345.86,INR,REVERSED,POS
T106361,M1011,C78539,2026-09-09 14:00:17,42613.80,INR,SUCCESS,ONLINE
T106362,M1004,C77790,2026-09-09 08:00:25,2039.00,INR,SUCCESS,QR
T106363,M1027,C51681,2026-09-09 11:02:03,52170.82,INR,SUCCESS,ONLINE
T106364,M1016,C81606,2026-09-09 22:31:26,399986.46,INR,SUCCESS,POS
T106365,M1009,C58779,2026-09-09 22:05:28,2400.01,INR,SUCCESS,ONLINE
T106366,M1007,C59116,2026-09-09 15:11:16,275979.77,INR,SUCCESS,ONLINE
T106367,M1006,C89953,2026-09-09 22:32:28,3164.41,INR,SUCCESS,POS
T106368,M1011,C68065,2026-09-09 14:02:05,13292.49,INR,SUCCESS,ONLINE
T106369,M1025,C52843,2026-09-09 18:11:41,27605.85,INR,SUCCESS,POS
T106370,M1028,C98680,2026-09-09 20:27:08,3666.77,INR,SUCCESS,POS
T106371,M1011,C87173,2026-09-09 11:24:25,145350.76,INR,SUCCESS,ONLINE
T106372,M1027,C61700,2026-09-09 06:48:07,45773.89,INR,SUCCESS,ONLINE
T106373,M1022,C70931,2026-09-09 20:23:17,69102.70,INR,FAILED,ONLINE
T106374,M1021,C58746,2026-09-09 12:46:55,3577.75,INR,SUCCESS,ONLINE
T106375,,C81562,2026-09-09 20:44:31,14788.17,INR,SUCCESS,QR
T106376,M1011,C76951,2026-09-09 14:50:35,1571.19,INR,SUCCESS,ONLINE
T106377,M1018,C79318,2026-09-09 20:32:11,39537.09,INR,SUCCESS,ONLINE
T106378,M1003,C65241,2026-09-09 22:23:18,2967.49,INR,SUCCESS,POS
T106379,M1000,C72629,2026-09-09 19:35:09,428.07,INR,FAILED,ONLINE
T106380,M1022,C80347,2026-09-09 09:18:33,301222.32,INR,SUCCESS,QR
T106381,M1027,C72623,2026-09-09 14:59:15,333778.03,INR,SUCCESS,POS
T106382,M1016,C81880,2026-09-09 11:24:27,35589.24,INR,SUCCESS,POS
T106383,M1026,C71036,2026-09-09 08:51:55,54058.06,INR,SUCCESS,ONLINE
T106384,M1020,C71473,2026-09-09 20:50:15,1790.48,INR,FAILED,POS
T106385,M1027,C87923,2026-09-09 10:26:54,1502.00,INR,SUCCESS,POS
T106386,M1029,C85159,2026-09-09 17:36:55,2110.54,INR,SUCCESS,POS
T106387,M1004,C81209,2026-09-09 17:05:23,55397.81,INR,SUCCESS,POS
T106388,M1009,C57740,2026-09-09 06:08:57,2159.09,INR,SUCCESS,ONLINE
T106389,M1018,C63139,2026-09-09 09:24:44,2585.02,INR,FAILED,POS
T106390,M1014,C73193,2026-09-09 12:08:51,214090.68,INR,SUCCESS,QR
T106391,M1007,C74923,2026-09-09 08:33:08,1131.60,INR,FAILED,QR
T106392,M1004,C61114,2026-09-09 21:42:23,2230.90,INR,SUCCESS,ONLINE
T106393,M1021,C77661,2026-09-09 06:58:43,264358.19,INR,FAILED,POS
T106394,M1028,C79361,2026-09-09 07:03:06,13995.73,INR,SUCCESS,POS
T106395,M1002,C88016,2026-09-09 09:55:26,322453.26,INR,SUCCESS,POS
T106396,M1008,C54887,2026-09-09 18:00:29,316834.33,INR,SUCCESS,QR
T106397,M1001,C70426,2026-09-09 11:28:44,1350.22,INR,SUCCESS,ONLINE
T106398,M1024,C75651,2026-09-09 19:09:56,279116.90,USD,SUCCESS,POS
T106399,M1006,C54322,2026-09-09 12:05:03,582.42,INR,SUCCESS,ONLINE
T106400,M1019,C83443,2026-09-09 08:19:10,363138.39,INR,SUCCESS,QR
T106401,M1007,C93363,2026-09-09 06:16:21,211566.63,INR,SUCCESS,POS
T106402,M1020,C72564,2026-09-09 07:09:18,2553.20,INR,SUCCESS,POS
T106403,M1029,C78518,2026-09-09 22:04:01,75994.69,INR,SUCCESS,ONLINE
T106404,M1004,C56256,2026-09-09 09:57:40,61524.78,INR,SUCCESS,ONLINE
T106405,M1006,C77848,2026-09-09 16:32:27,2147.26,INR,SUCCESS,POS
T106406,M1007,C92116,2026-09-09 15:55:50,41850.97,INR,SUCCESS,POS
T106407,M1004,C62168,2026-09-09 19:28:08,240060.08,INR,SUCCESS,QR
T106408,M1026,C96904,2026-09-09 18:44:21,237515.86,INR,SUCCESS,ONLINE
T106409,M1017,C51467,2026-09-09 12:02:52,5674.26,INR,SUCCESS,ONLINE
T106410,M1020,C97877,2026-09-09 14:41:29,2278.17,INR,SUCCESS,ONLINE
T106411,M1010,C83719,2026-09-09 15:47:21,186584.84,INR,SUCCESS,POS
T106412,M1006,C79332,2026-09-09 21:28:33,11825.56,INR,SUCCESS,POS
T106413,M1016,C50182,2026-09-09 10:11:09,3080.58,INR,SUCCESS,QR
T106414,M1007,C69936,2026-09-09 06:31:16,1012.92,INR,SUCCESS,ONLINE
T106415,M1023,C99054,2026-09-09 17:38:07,59063.15,INR,SUCCESS,POS
T106416,M1005,C79358,2026-09-09 09:41:33,3683.96,INR,SUCCESS,QR
T106417,M1019,C50669,2026-09-09 06:02:37,45456.74,INR,SUCCESS,QR
T106418,M1023,C59749,2026-09-09 20:52:24,223544.71,INR,SUCCESS,ONLINE
T106419,M1010,C88328,2026-09-09 09:01:26,3025.53,INR,SUCCESS,POS
T106420,M1018,C97798,2026-09-09 14:27:18,7900.02,INR,SUCCESS,ONLINE
T106421,M1019,C77848,2026-09-09 17:35:23,3105.92,INR,SUCCESS,POS
T106422,M1018,C84605,2026-09-09 21:53:57,212189.58,INR,SUCCESS,POS
T106423,M1025,C81480,2026-09-09 12:32:34,3333.70,INR,SUCCESS,QR
T106424,M1020,C73656,2026-09-09 21:18:17,270080.55,INR,SUCCESS,POS
T106425,M1021,C68115,2026-09-09 07:34:27,396874.81,INR,SUCCESS,QR
T106426,M1014,C82088,2026-09-09 08:10:46,346868.55,INR,SUCCESS,QR
T106427,M1005,C69144,2026-09-09 16:44:13,27498.57,INR,SUCCESS,QR
T106428,M1015,C86068,2026-09-09 09:18:03,230931.75,INR,SUCCESS,POS
T106429,M1002,C80832,2026-09-09 14:04:09,319609.79,INR,SUCCESS,POS
T106430,M1007,C81442,2026-09-09 09:50:15,1886.62,INR,SUCCESS,ONLINE
T106431,M1022,C98680,2026-09-09 14:13:12,244716.27,INR,SUCCESS,QR
T106432,M1003,C80070,2026-09-09 22:32:45,278204.75,INR,SUCCESS,POS
T106433,M1008,C51169,2026-09-09 18:11:37,115227.75,INR,SUCCESS,QR
T106434,M1009,C50881,2026-09-09 09:33:56,3879.11,INR,SUCCESS,QR
T106435,M1022,C72115,2026-09-09 06:41:09,31406.57,INR,SUCCESS,POS
T106436,M1023,C82819,2026-09-09 09:16:07,1296.70,INR,SUCCESS,POS
T106437,M1024,C88080,2026-09-09 06:50:18,19366.74,INR,SUCCESS,ONLINE
T106438,M1023,C75899,2026-09-09 19:00:00,3524.02,INR,SUCCESS,POS
T106439,M1001,C99390,2026-09-09 15:53:04,18705.64,INR,SUCCESS,ONLINE
T106440,M1025,C70569,2026-09-09 15:44:42,52476.09,INR,SUCCESS,QR
T106441,M1019,C78713,2026-09-09 16:10:04,121539.17,INR,SUCCESS,POS
T106442,M1021,C98051,2026-09-09 21:27:32,1720.92,INR,SUCCESS,ONLINE
T106443,M1018,C93416,2026-09-09 18:57:13,360.93,INR,SUCCESS,ONLINE
T106444,M1019,C71103,2026-09-09 10:45:53,359380.02,INR,SUCCESS,POS
T106445,M1003,C66632,2026-09-09 08:33:13,146182.47,INR,SUCCESS,POS
T106446,M1025,C62148,2026-09-09 15:06:34,57039.27,INR,SUCCESS,QR
T106447,M1028,C54844,2026-09-09 19:51:04,289368.70,INR,SUCCESS,POS
T106448,M1010,C57576,2026-09-09 16:53:38,32226.36,INR,SUCCESS,ONLINE
T106449,M1001,C51618,2026-09-09 22:51:59,203.89,INR,SUCCESS,QR
T106450,M1021,C62974,2026-09-09 11:07:37,25728.55,INR,SUCCESS,POS
T106451,M1005,C53656,2026-09-09 06:02:20,51056.93,INR,SUCCESS,POS
T106452,M1009,C92271,2026-09-09 15:11:10,282981.29,INR,SUCCESS,ONLINE
T106453,M1009,C53374,2026-09-09 21:29:15,932.13,INR,SUCCESS,POS
T106454,M1006,C79143,2026-09-09 12:19:55,2018.55,INR,SUCCESS,POS
T106455,M1027,C80497,2026-09-09 09:44:03,4533.90,INR,FAILED,QR
T106456,M1010,C92396,2026-09-09 20:04:23,27070.91,INR,FAILED,POS
T106457,M1001,C86723,2026-09-09 20:03:50,50362.33,INR,SUCCESS,ONLINE
T106458,M1001,C52929,2026-09-09 09:57:24,2221.76,INR,SUCCESS,ONLINE
T106459,M1004,C67917,2026-09-09 20:49:23,3229.73,INR,FAILED,ONLINE
T106460,M1026,C57868,2026-09-09 07:27:15,121684.33,INR,SUCCESS,QR
T106461,M1012,C81492,2026-09-09 15:27:20,222155.32,INR,SUCCESS,ONLINE
T106462,M1001,C68495,2026-09-09 09:44:50,251450.53,INR,SUCCESS,POS
T106463,M1027,C67799,2026-09-09 21:13:32,11802.76,INR,SUCCESS,POS
T106464,M1008,C53673,2026-09-09 06:56:04,79495.04,INR,SUCCESS,POS
T106465,M1006,C54303,2026-09-09 21:57:40,1634.09,INR,SUCCESS,POS
T106466,M1006,C75255,2026-09-09 09:28:43,6412.30,INR,SUCCESS,ONLINE
T106467,M1014,C97268,2026-09-09 18:56:03,152982.14,INR,SUCCESS,QR
T106468,M1017,C97981,2026-09-09 14:30:25,37743.55,INR,SUCCESS,QR
T106469,M1004,C64920,2026-09-09 15:28:02,322719.29,INR,SUCCESS,ONLINE
T106470,M1018,C79537,2026-09-09 10:08:40,2139.38,INR,SUCCESS,QR
T106471,M1006,C81083,2026-09-09 06:12:39,222820.16,INR,SUCCESS,POS
T106472,M1017,C57205,2026-09-09 14:26:38,1766.00,INR,SUCCESS,POS
T106473,M1007,C91585,2026-09-09 08:45:37,375977.50,INR,SUCCESS,ONLINE
T106474,M1029,C79359,2026-09-09 18:08:48,12645.07,INR,SUCCESS,POS
T106475,M1016,C82980,2026-09-09 16:03:09,351436.41,INR,SUCCESS,POS
T106476,M1001,C73945,2026-09-09 22:27:43,252680.16,INR,SUCCESS,QR
T106477,M1025,C62755,2026-09-09 07:48:53,194371.96,INR,SUCCESS,POS
T106478,M1011,C78905,2026-09-09 15:41:45,671.97,INR,SUCCESS,ONLINE
T106479,M1009,C53478,2026-09-09 07:25:31,2284.65,INR,SUCCESS,POS
T106480,M1012,C98736,2026-09-09 21:47:12,20032.97,INR,SUCCESS,QR
T106481,M1019,C75726,2026-09-09 19:43:02,1899.90,INR,SUCCESS,QR
T106482,M1022,C86493,2026-09-09 15:12:15,95245.57,INR,SUCCESS,ONLINE
T106483,M1020,C60316,2026-09-09 21:49:30,6084.28,INR,SUCCESS,POS
T106484,M1018,C77062,2026-09-09 18:27:47,31607.98,INR,SUCCESS,QR
T106485,M1026,C90668,2026-09-09 22:43:02,19612.59,INR,SUCCESS,POS
T106486,M1029,C97474,2026-09-09 10:34:37,2444.98,INR,SUCCESS,POS
T106487,M1018,C62904,2026-09-09 13:58:24,22566.94,INR,SUCCESS,QR
T106488,M1010,C72485,2026-09-09 14:37:57,55501.73,INR,SUCCESS,ONLINE
T106489,M1004,C65592,2026-09-09 06:48:00,26521.13,INR,SUCCESS,POS
T106490,M1018,C68463,2026-09-09 08:07:00,354137.45,INR,SUCCESS,ONLINE
T106491,M1010,C75307,2026-09-09 15:53:44,51698.41,INR,SUCCESS,POS
T106492,M1028,C76256,2026-09-09 13:18:20,3949.30,INR,SUCCESS,QR
T106493,M1015,C55055,2026-09-09 07:41:32,57244.78,INR,SUCCESS,ONLINE
T106494,M1010,C98620,2026-09-09 16:30:34,289484.40,INR,SUCCESS,QR
T106495,M1005,C78126,2026-09-09 18:28:04,92383.84,INR,SUCCESS,ONLINE
T106496,M1015,C50060,2026-09-09 07:43:25,9145.34,INR,SUCCESS,ONLINE
T106497,M1027,C88935,2026-09-09 19:59:33,433.94,INR,SUCCESS,QR
T106498,M1018,C59126,2026-09-09 15:27:44,17926.85,INR,SUCCESS,QR
T106499,M1022,C90094,2026-09-09 06:57:44,2829.70,INR,SUCCESS,POS
T106500,M1012,C92738,2026-09-09 11:30:24,257032.04,INR,SUCCESS,POS
T106501,M1008,C85896,2026-09-09 17:19:26,3942.30,INR,SUCCESS,POS
T106502,M1012,C80981,2026-09-09 08:42:44,2620.20,INR,SUCCESS,ONLINE
T106503,M1006,C56805,2026-09-09 09:06:09,283371.25,INR,SUCCESS,ONLINE
T106504,M1023,C96967,2026-09-09 13:16:49,28198.33,INR,SUCCESS,POS
T106505,M1013,C67433,2026-09-09 19:12:17,1769.04,INR,SUCCESS,POS
T106506,M1003,C98914,2026-09-09 22:25:00,308257.37,INR,SUCCESS,POS
T106507,M1000,C95159,2026-09-09 08:48:00,215015.58,INR,SUCCESS,QR
T106508,M1004,C81129,2026-09-09 14:00:06,21514.48,INR,SUCCESS,ONLINE
T106509,M1026,C86212,2026-09-09 18:02:06,1717.75,INR,SUCCESS,POS
T106510,M1000,C63911,2026-09-09 19:43:40,2235.40,INR,SUCCESS,ONLINE
T106511,M1022,C80254,2026-09-09 11:36:56,58789.80,INR,SUCCESS,QR
T106512,M1020,C65930,2026-09-09 17:24:46,362636.24,INR,SUCCESS,POS
T106513,M1020,C59256,2026-09-09 12:56:56,47857.10,INR,SUCCESS,QR
T106514,M1009,C53951,2026-09-09 15:38:57,1651.30,INR,SUCCESS,QR
T106515,M1021,C87027,2026-09-09 11:35:57,35393.20,INR,SUCCESS,QR
T106516,M1003,C51242,2026-09-09 19:55:10,1722.60,INR,SUCCESS,ONLINE
T106517,M1003,C77426,2026-09-09 08:27:13,16505.09,INR,SUCCESS,QR
T106518,M1004,C75668,2026-09-09 20:23:41,31644.84,INR,SUCCESS,ONLINE
T106519,M1013,C57930,2026-09-09 16:11:56,58368.50,INR,SUCCESS,ONLINE
T106520,M1001,C69556,2026-09-09 22:09:59,56648.52,INR,SUCCESS,ONLINE
T106521,M1006,C87022,2026-09-09 07:23:40,1383.33,INR,SUCCESS,ONLINE
T106522,M1029,C61086,2026-09-09 07:59:08,64142.90,INR,SUCCESS,QR
T106523,M1028,C83719,2026-09-09 12:59:03,2896.21,INR,SUCCESS,POS
T106524,M1027,C88675,2026-09-09 11:12:37,216.34,INR,SUCCESS,QR
T106525,M1017,C68767,2026-09-09 17:57:06,51037.62,INR,SUCCESS,QR
T106526,M1006,C82646,2026-09-09 22:52:32,207080.84,INR,SUCCESS,QR
T106527,M1000,C81810,2026-09-09 22:54:49,129378.70,INR,SUCCESS,POS
T106528,M1000,C72127,2026-09-09 06:06:03,37314.84,INR,SUCCESS,ONLINE
T106529,M1000,C57958,2026-09-09 16:51:59,209395.97,INR,SUCCESS,POS
T106530,M1006,C87298,2026-09-09 12:31:12,205799.42,INR,SUCCESS,ONLINE
T106531,M1023,C70762,2026-09-09 22:13:13,41786.68,INR,SUCCESS,QR
T106532,M1011,C62468,2026-09-09 18:01:26,904.85,INR,SUCCESS,ONLINE
T106533,M1020,C72094,2026-09-09 08:28:20,821.80,INR,SUCCESS,QR
T106534,M1026,C79889,2026-09-09 06:56:29,39233.67,INR,SUCCESS,POS
T106535,M1012,C80815,2026-09-09 13:07:01,2332.26,INR,SUCCESS,ONLINE
T106536,M1005,C78222,2026-09-09 09:14:00,15872.10,INR,SUCCESS,POS
T106537,M1007,C89002,2026-09-09 17:31:52,29332.67,INR,SUCCESS,POS
T106538,M1015,C57398,2026-09-09 12:47:11,1429.27,INR,SUCCESS,QR
T106539,M1018,C51878,2026-09-09 19:41:45,2419.69,INR,SUCCESS,POS
T106540,M1008,C67355,2026-09-09 10:15:08,228573.60,INR,SUCCESS,POS
T106541,M1010,C87898,2026-09-09 20:53:29,3828.39,INR,SUCCESS,ONLINE
T106542,M1008,C58516,2026-09-09 17:36:34,292859.35,INR,SUCCESS,ONLINE
T106543,M1018,C53757,2026-09-09 15:46:18,2259.58,INR,SUCCESS,POS
T106544,M1001,C89036,2026-09-09 13:41:14,175116.56,INR,SUCCESS,QR
T106545,M1027,C63418,2026-09-09 16:03:54,311846.31,INR,SUCCESS,ONLINE
T106546,M1009,C55001,2026-09-09 17:49:25,709.35,INR,SUCCESS,ONLINE
T106547,M1022,C72235,2026-09-09 21:11:15,43514.40,INR,SUCCESS,ONLINE
T106548,M1002,C68046,2026-09-09 09:04:29,3568.99,INR,SUCCESS,POS
T106549,M1017,C76550,2026-09-09 17:40:45,26478.00,INR,SUCCESS,QR
T106550,M1023,C80644,2026-09-09 10:13:00,1814.59,INR,SUCCESS,QR
T106551,M1025,C67415,2026-09-09 07:24:26,143753.41,INR,SUCCESS,ONLINE
T106552,M1001,C56413,2026-09-09 10:37:21,11394.98,INR,SUCCESS,QR
T106553,M1021,C52902,2026-09-09 16:40:41,40281.74,INR,FAILED,QR
T106554,M1021,C56682,2026-09-09 18:13:28,2076.13,INR,SUCCESS,POS
T106555,M1018,C92870,2026-09-09 16:16:04,226839.21,INR,SUCCESS,POS
T106556,M1017,C98169,2026-09-09 19:55:44,302991.96,INR,SUCCESS,ONLINE
T106557,M1007,C95941,2026-09-09 16:54:05,3794.31,INR,SUCCESS,ONLINE
T106558,M1010,C60324,2026-09-09 18:30:40,27671.21,INR,SUCCESS,QR
T106559,M1001,C98210,2026-09-09 10:26:07,57213.18,INR,SUCCESS,ONLINE
T106560,M1020,C72038,2026-09-09 08:49:14,328570.59,INR,SUCCESS,POS
T106561,M1022,C68593,2026-09-09 16:57:39,23816.57,INR,SUCCESS,ONLINE
T106562,M1023,C84116,2026-09-09 07:10:53,2636.19,INR,SUCCESS,ONLINE
T106563,M1020,C66057,2026-09-09 13:59:55,41284.43,INR,SUCCESS,POS
T106564,M1017,C80725,2026-09-09 21:21:03,86632.37,INR,SUCCESS,QR
T106565,M1004,C56889,2026-09-09 22:44:23,2658.01,INR,SUCCESS,POS
T106566,M1021,C94756,2026-09-09 19:58:00,54315.09,INR,FAILED,QR
T106567,M1022,C66414,2026-09-09 15:05:12,239805.26,INR,SUCCESS,QR
T106568,M1000,C82207,2026-09-09 19:34:30,306179.76,INR,SUCCESS,ONLINE
T106569,M1011,C68764,2026-09-09 20:27:06,4049.90,,SUCCESS,POS
T106570,M1011,C97887,2026-09-09 20:27:25,359007.57,INR,SUCCESS,QR
T106571,M1003,C58247,2026-09-09 16:12:49,2346.78,INR,SUCCESS,ONLINE
T106572,M1002,C57147,2026-09-09 11:05:46,57361.71,INR,SUCCESS,QR
T106573,M1010,C82695,2026-09-09 14:00:58,95094.21,INR,SUCCESS,POS
T106574,M1008,C79417,2026-09-09 07:22:14,317975.42,INR,SUCCESS,POS
T106575,M1015,C81070,2026-09-09 18:19:08,85319.09,INR,SUCCESS,QR
T106576,M1012,C89582,2026-09-09 10:40:23,78491.01,INR,SUCCESS,POS
T106577,M1026,C50675,2026-09-09 15:39:25,136714.19,INR,SUCCESS,POS
T106578,M1011,C84069,2026-09-09 22:19:22,1682.89,INR,SUCCESS,QR
T106579,M1017,C77894,2026-09-09 15:05:47,11544.78,INR,SUCCESS,ONLINE
T106580,M1010,C57431,2026-09-09 19:22:53,73575.01,INR,SUCCESS,QR
T106581,M1013,C92166,2026-09-09 14:55:47,52553.56,INR,SUCCESS,QR
T106582,M1006,C55696,2026-09-09 06:19:06,233725.48,INR,SUCCESS,QR
T106583,M1024,C66765,2026-09-09 21:52:55,52467.56,INR,FAILED,POS
T106584,M1009,C88556,2026-09-09 07:24:34,329086.74,INR,FAILED,POS
T106585,M1019,C51832,2026-09-09 21:49:38,8573.22,INR,SUCCESS,ONLINE
T106586,M1011,C56364,2026-09-09 08:02:26,83549.37,INR,SUCCESS,ONLINE
T106587,M1006,C62212,2026-09-09 14:39:49,47413.40,INR,SUCCESS,POS
T106588,M1006,C91022,2026-09-09 16:28:30,1951.22,INR,SUCCESS,QR
T106589,M1000,C81587,2026-09-09 22:19:49,2997.63,INR,SUCCESS,QR
T106590,M1001,C87344,2026-09-09 15:01:45,2809.72,INR,SUCCESS,QR
T106591,M1014,C73735,2026-09-09 21:15:14,303494.73,INR,SUCCESS,POS
T106592,M1003,C97805,2026-09-09 08:13:14,32173.23,INR,SUCCESS,ONLINE
T106593,M1001,C78232,2026-09-09 21:11:43,33479.76,INR,SUCCESS,ONLINE
T106594,M1020,C76644,2026-09-09 17:50:07,49557.90,INR,SUCCESS,ONLINE
T106595,M1005,C56040,2026-09-09 14:56:24,24192.89,INR,SUCCESS,QR
T106596,M1013,C80627,2026-09-09 06:44:04,32436.71,INR,SUCCESS,ONLINE
T106597,M1011,C74156,2026-09-09 20:37:29,847.20,INR,SUCCESS,QR
T106598,M1006,C84258,2026-09-09 18:53:33,35859.33,INR,REVERSED,QR
T106599,M1007,C52215,2026-09-09 19:13:10,227674.78,INR,SUCCESS,POS
T106600,M1016,C78100,2026-09-09 15:41:57,392310.16,INR,SUCCESS,ONLINE
T106601,M1028,C84784,2026-09-09 19:08:49,1638.25,INR,SUCCESS,QR
T106602,M1016,C62888,2026-09-09 08:16:56,29745.90,INR,SUCCESS,POS
T106603,M1009,C84129,2026-09-09 12:12:14,284067.13,INR,SUCCESS,ONLINE
T106604,M1021,C79129,2026-09-09 18:52:29,1178.97,INR,SUCCESS,POS
T106605,M1027,C59308,2026-09-09 19:09:40,398401.89,INR,SUCCESS,POS
T106606,M1029,C53917,2026-09-09 17:34:36,372128.29,INR,SUCCESS,ONLINE
T106607,M1000,C91592,2026-09-09 14:41:46,1910.92,INR,SUCCESS,QR
T106608,M1025,C71779,2026-09-09 12:45:39,260783.13,INR,SUCCESS,QR
T106609,M1003,C84914,2026-09-09 20:53:10,49902.05,INR,SUCCESS,POS
T106610,M1017,C77223,2026-09-09 07:45:24,211924.44,INR,SUCCESS,POS
T106611,M1000,C80762,2026-09-09 10:57:39,498.65,INR,SUCCESS,POS
T106612,M1003,C66947,2026-09-09 09:50:15,3401.45,INR,SUCCESS,ONLINE
T106613,M1007,C59121,2026-09-09 17:03:01,71699.05,INR,SUCCESS,POS
T106614,M1026,C59981,2026-09-09 10:10:36,2865.25,INR,SUCCESS,ONLINE
T106615,M1020,C94629,2026-09-09 13:14:01,220439.27,INR,SUCCESS,POS
T106616,M1006,C52143,2026-09-09 15:23:32,3287.35,INR,SUCCESS,ONLINE
T106617,M1025,C92749,2026-09-09 07:15:54,59729.81,INR,SUCCESS,ONLINE
T106618,M1026,C84212,2026-09-09 11:26:46,40689.41,INR,SUCCESS,POS
T106619,M1010,C55562,2026-09-09 11:58:35,45127.58,INR,SUCCESS,ONLINE
T106620,M1020,C60666,2026-09-09 18:18:42,1420.85,INR,SUCCESS,POS
T106621,M1020,C96096,2026-09-09 15:52:19,6443.90,INR,SUCCESS,QR
T106622,M1000,C71278,2026-09-09 21:47:40,84795.45,INR,SUCCESS,QR
T106623,M1014,C50529,2026-09-09 17:25:20,21817.67,INR,SUCCESS,ONLINE
T106624,M1000,C99579,2026-09-09 12:43:32,11524.69,INR,SUCCESS,ONLINE
T106625,M1003,C57553,2026-09-09 09:12:56,141322.58,INR,SUCCESS,QR
T106626,M1012,C79169,2026-09-09 16:17:19,20441.32,INR,SUCCESS,POS
T106627,M1018,C67644,2026-09-09 06:40:11,101680.23,INR,SUCCESS,ONLINE
T106628,M1006,C57524,2026-09-09 07:07:21,2260.33,INR,SUCCESS,ONLINE
T106629,M1007,C85177,2026-09-09 16:18:49,14663.11,INR,SUCCESS,QR
T106630,M1001,C86513,2026-09-09 18:25:29,2042.18,INR,FAILED,ONLINE
T106631,M1027,C51027,2026-09-09 08:45:50,314169.40,INR,SUCCESS,ONLINE
T106632,M1001,C87178,2026-09-09 10:36:24,181327.80,INR,SUCCESS,ONLINE
T106633,M1015,C83838,2026-09-09 22:52:17,260483.91,INR,SUCCESS,ONLINE
T106634,M1027,C97857,2026-09-09 13:40:38,212606.58,INR,SUCCESS,QR
T106635,M1018,C67686,2026-09-09 11:00:43,229368.97,INR,SUCCESS,POS
T106636,M1005,C57754,2026-09-09 11:23:40,2358.40,INR,SUCCESS,ONLINE
T106637,M1007,C59251,2026-09-09 18:19:29,3636.81,INR,SUCCESS,POS
T106638,M1024,C56926,2026-09-09 17:19:06,394225.40,INR,SUCCESS,ONLINE
T106639,M1008,C87317,2026-09-09 14:12:21,35670.69,INR,SUCCESS,POS
T106640,M1009,C66501,2026-09-09 21:47:45,130433.95,INR,SUCCESS,ONLINE
T106641,M1014,C50443,2026-09-09 21:38:14,56564.15,INR,SUCCESS,ONLINE
T106642,M1020,C98914,2026-09-09 07:49:44,53261.51,INR,SUCCESS,POS
T106643,M1013,C56100,2026-09-09 07:40:16,241989.11,INR,SUCCESS,QR
T106644,M1006,C75537,2026-09-09 13:47:37,1156.74,INR,SUCCESS,ONLINE
T106645,M1025,C75244,2026-09-09 18:18:47,1603.00,INR,SUCCESS,QR
T106646,M1007,C98483,2026-09-09 08:41:35,45920.38,INR,FAILED,POS
T106647,M1007,C73826,2026-09-09 08:05:41,336.55,INR,SUCCESS,POS
T106648,M1001,C67305,2026-09-09 14:38:06,258436.77,INR,SUCCESS,ONLINE
T106649,M1018,C52325,2026-09-09 10:12:22,8396.83,INR,SUCCESS,POS
T106650,M1026,C81703,2026-09-09 13:20:41,3585.15,INR,SUCCESS,POS
T106651,M1027,C94668,2026-09-09 20:32:25,3432.05,INR,SUCCESS,QR
T106652,M1010,C73298,2026-09-09 08:51:05,1620.14,INR,SUCCESS,QR
T106653,M1023,C97339,2026-09-09 07:40:09,3630.51,INR,SUCCESS,QR
T106654,M1011,C70348,2026-09-09 20:08:14,3657.00,INR,SUCCESS,ONLINE
T106655,M1007,C64838,2026-09-09 10:52:07,3052.49,INR,SUCCESS,POS
T106656,M1011,C94085,2026-09-09 11:53:02,955.36,INR,SUCCESS,QR
T106657,M1013,C80455,2026-09-09 12:38:42,998.13,INR,SUCCESS,QR
T106658,M1029,C52892,2026-09-09 20:26:49,5409.82,,SUCCESS,QR
T106659,M1003,C61552,2026-09-09 16:21:06,25573.63,INR,SUCCESS,QR
T106660,M1006,C92412,2026-09-09 08:54:45,842.83,INR,REVERSED,QR
T106661,M1029,C78195,2026-09-09 17:12:09,2860.19,INR,SUCCESS,QR
T106662,M1001,C64523,2026-09-09 16:40:12,118623.45,INR,SUCCESS,ONLINE
T106663,M1010,C95848,2026-09-09 20:14:41,318973.89,INR,SUCCESS,QR
T106664,M1005,C95184,2026-09-09 16:24:25,47763.86,INR,SUCCESS,POS
T106665,M1008,C89297,2026-09-09 10:12:17,1645.45,INR,REVERSED,QR
T106666,M1017,C83772,2026-09-09 21:40:21,226453.96,INR,FAILED,ONLINE
T106667,M1016,C81872,2026-09-09 09:42:19,7313.44,INR,SUCCESS,POS
T106668,M1008,C67104,2026-09-09 17:15:03,37758.74,INR,SUCCESS,ONLINE
T106669,M1019,C78077,2026-09-09 22:15:09,3334.95,INR,SUCCESS,POS
T106670,M1021,C91496,2026-09-09 13:58:13,381732.62,INR,SUCCESS,ONLINE
T106671,M1003,C50633,2026-09-09 15:44:34,168135.93,INR,SUCCESS,QR
T106672,M1026,C61645,2026-09-09 17:27:53,614.54,INR,FAILED,QR
T106673,M1008,C51025,2026-09-09 18:41:06,2226.09,INR,SUCCESS,ONLINE
T106674,M1029,C99317,2026-09-09 14:38:27,301485.46,INR,SUCCESS,POS
T106675,M1012,C67399,2026-09-09 12:30:52,19517.88,INR,SUCCESS,QR
T106676,M1017,C65410,2026-09-09 18:09:10,2781.59,INR,SUCCESS,POS
T106677,M1014,C93674,2026-09-09 14:09:39,2167.47,INR,SUCCESS,QR
T106678,M1000,C74627,2026-09-09 08:18:09,1586.51,INR,SUCCESS,POS
T106679,M1018,C72923,2026-09-09 22:09:20,136954.29,INR,SUCCESS,ONLINE
T106680,M1026,C84127,2026-09-09 16:08:50,3413.89,INR,SUCCESS,POS
T106681,M1007,C68546,2026-09-09 11:47:43,28167.16,INR,SUCCESS,QR
T106682,M1012,C82778,2026-09-09 11:36:41,37200.61,INR,SUCCESS,QR
T106683,M1022,C86564,2026-09-09 08:03:23,80962.36,INR,SUCCESS,POS
T106684,M1023,C52827,2026-09-09 13:23:38,116733.10,INR,SUCCESS,ONLINE
T106685,M1023,C65845,2026-09-09 15:58:39,383759.92,INR,SUCCESS,POS
T106686,M1014,C50786,2026-09-09 12:45:52,47828.61,INR,SUCCESS,QR
T106687,M1011,C61850,2026-09-09 18:23:58,242563.73,INR,SUCCESS,QR
T106688,M1026,C89350,2026-09-09 16:01:52,16606.79,INR,SUCCESS,QR
T106689,M1021,C77504,2026-09-09 18:49:38,1619.85,INR,SUCCESS,QR
T106690,M1020,C60029,2026-09-09 22:55:01,157115.87,INR,SUCCESS,POS
T106691,M1004,C66869,2026-09-09 22:19:16,540.07,INR,SUCCESS,ONLINE
T106692,M1020,C82074,2026-09-09 22:52:08,4289.75,INR,SUCCESS,ONLINE
T106693,M1029,C94499,2026-09-09 06:49:16,216.51,INR,SUCCESS,ONLINE
T106694,M1016,C59574,2026-09-09 08:47:43,1372.19,INR,SUCCESS,ONLINE
T106695,M1020,C87150,2026-09-09 14:25:53,34914.01,INR,FAILED,QR
T106696,M1007,C72660,2026-09-09 17:37:41,1588.81,INR,SUCCESS,ONLINE
T106697,M1029,C69798,2026-09-09 16:54:53,229411.71,INR,SUCCESS,POS
T106698,M1018,C97547,2026-09-09 22:57:57,347354.49,INR,SUCCESS,ONLINE
T106699,M1012,C51105,2026-09-09 13:12:07,2896.26,INR,SUCCESS,POS
T106700,M1017,C56031,2026-09-09 06:13:26,51356.64,INR,SUCCESS,POS
T106701,M1005,C53837,2026-09-09 10:33:46,11126.37,INR,SUCCESS,QR
T106702,M1019,C62401,2026-09-09 18:29:47,124616.38,INR,SUCCESS,POS
T106703,M1027,C89246,2026-09-09 17:49:50,25310.06,INR,SUCCESS,QR
T106704,M1029,C96624,2026-09-09 19:33:33,311387.80,INR,SUCCESS,ONLINE
T106705,M1009,C99892,2026-09-09 09:44:12,1273.33,INR,SUCCESS,QR
T106706,M1021,C60636,2026-09-09 14:27:59,3614.67,INR,SUCCESS,ONLINE
T106707,M1019,C63515,2026-09-09 06:21:15,11699.76,INR,SUCCESS,ONLINE
T106708,M1004,C98865,2026-09-09 18:16:22,394393.02,INR,SUCCESS,POS
T106709,M1009,C61413,2026-09-09 15:32:05,183.37,INR,SUCCESS,QR
T106710,M1000,C53495,2026-09-09 17:59:03,98702.19,INR,SUCCESS,QR
T106711,M1019,C83820,2026-09-09 19:57:57,53882.65,INR,SUCCESS,ONLINE
T106712,M1013,C92611,2026-09-09 16:17:28,3376.67,INR,SUCCESS,QR
T106713,M1023,C75962,2026-09-09 19:10:35,3040.44,INR,SUCCESS,POS
T106714,M1006,C55445,2026-09-09 18:34:30,180796.95,INR,SUCCESS,QR
T106715,,C64609,2026-09-09 19:59:13,30163.18,INR,SUCCESS,QR
T106716,M1009,C58118,2026-09-09 13:21:11,151280.54,INR,FAILED,POS
T106717,M1002,C90440,2026-09-09 22:03:25,423.73,INR,SUCCESS,QR
T106718,M1006,C69050,2026-09-09 17:44:46,186732.60,INR,SUCCESS,ONLINE
T106719,M1010,C98014,2026-09-09 18:51:12,136714.97,INR,SUCCESS,ONLINE
T106720,M1015,C98977,2026-09-09 19:08:39,2482.19,INR,SUCCESS,QR
T106721,M1014,C59893,2026-09-09 10:05:16,52697.13,USD,SUCCESS,QR
T106722,M1007,C75200,2026-09-09 08:42:02,20858.95,INR,SUCCESS,QR
T106723,M1008,C59901,2026-09-09 19:37:23,707.56,INR,SUCCESS,POS
T106724,M1026,C93823,2026-09-09 18:11:10,35135.41,INR,SUCCESS,QR
T106725,M1007,C67173,2026-09-09 15:24:23,3598.79,INR,SUCCESS,ONLINE
T106726,M1017,C83041,2026-09-09 06:10:44,1377.01,INR,SUCCESS,POS
T106727,M1000,C62379,2026-09-09 19:26:40,160447.54,INR,FAILED,QR
T106728,M1026,C82832,2026-09-09 21:05:21,1906.09,INR,SUCCESS,QR
T106729,M1019,C68313,2026-09-09 08:49:56,1130.30,INR,SUCCESS,QR
T106730,M1027,C73731,2026-09-09 07:33:09,388867.66,INR,SUCCESS,QR
T106731,M1003,C92804,2026-09-09 14:47:04,460.16,INR,SUCCESS,ONLINE
T106732,M1024,C65353,2026-09-09 15:30:19,386131.09,INR,SUCCESS,QR
T106733,M1023,C68636,2026-09-09 15:05:03,49457.20,INR,SUCCESS,ONLINE
T106734,M1024,C89255,2026-09-09 16:05:04,117981.27,INR,SUCCESS,QR
T106735,M1004,C65884,2026-09-09 07:40:41,3717.72,INR,SUCCESS,QR
T106736,M1018,C80810,2026-09-09 10:33:53,272105.21,INR,SUCCESS,QR
T106737,M1007,C88740,2026-09-09 07:56:51,650.61,INR,SUCCESS,QR
T106738,M1019,C62092,2026-09-09 06:31:54,24584.90,INR,SUCCESS,QR
T106739,M1010,C65894,2026-09-09 22:06:09,26180.34,INR,SUCCESS,POS
T106740,M1001,C52107,2026-09-09 16:10:53,751.38,INR,SUCCESS,QR
T106741,M1018,C87056,2026-09-09 11:57:49,200988.34,INR,SUCCESS,ONLINE
T106742,M1007,C80851,2026-09-09 08:53:51,48422.09,INR,SUCCESS,POS
T106743,M1029,C52580,2026-09-09 21:04:19,2938.73,INR,SUCCESS,POS
T106744,M1021,C55981,2026-09-09 12:35:35,33187.02,INR,SUCCESS,ONLINE
T106745,M1017,C68589,2026-09-09 16:50:29,1605.73,INR,SUCCESS,ONLINE
T106746,M1022,C90732,2026-09-09 14:55:30,46245.45,INR,SUCCESS,QR
T106747,M1011,C57910,2026-09-09 21:38:40,1863.11,INR,SUCCESS,QR
T106748,M1028,C53359,2026-09-09 16:58:57,1358.01,INR,SUCCESS,POS
T106749,M1024,C92623,2026-09-09 08:58:26,275810.12,INR,REVERSED,POS
T106750,M1000,C68642,2026-09-09 12:50:22,34342.64,INR,FAILED,POS
T106751,M1023,C76347,2026-09-09 17:25:51,8361.29,INR,SUCCESS,ONLINE
T106752,M1005,C70500,2026-09-09 15:59:02,2391.10,INR,SUCCESS,QR
T106753,M1015,C95362,2026-09-09 21:44:50,3007.59,INR,SUCCESS,ONLINE
T106754,M1018,C73315,2026-09-09 12:21:17,1820.31,INR,SUCCESS,ONLINE
T106755,M1011,C78815,2026-09-09 10:53:23,2591.10,INR,SUCCESS,QR
T106756,M1008,C50853,2026-09-09 15:17:26,293465.28,INR,SUCCESS,ONLINE
T106757,M1023,C77717,2026-09-09 17:22:57,120393.22,INR,SUCCESS,POS
T106758,M1013,C58959,2026-09-09 22:53:21,5839.59,INR,SUCCESS,QR
T106759,M1006,C83444,2026-09-09 10:21:00,281498.92,INR,SUCCESS,ONLINE
T106760,M1000,C64949,2026-09-09 14:11:44,335814.82,INR,SUCCESS,ONLINE
T106761,M1020,C77968,2026-09-09 20:36:47,127911.77,INR,SUCCESS,POS
T106762,M1029,C83389,2026-09-09 12:03:13,22180.56,INR,SUCCESS,QR
T106763,M1002,C79168,2026-09-09 11:04:21,266121.08,INR,SUCCESS,POS
T106764,M1015,C57604,2026-09-09 20:39:10,18649.40,INR,FAILED,ONLINE
T106765,M1018,C73735,2026-09-09 06:46:26,2984.36,INR,SUCCESS,ONLINE
T106766,M1017,C67958,2026-09-09 09:04:19,10580.75,INR,SUCCESS,POS
T106767,M1014,C95606,2026-09-09 21:15:30,127889.73,INR,SUCCESS,POS
T106768,M1019,C71660,2026-09-09 18:51:02,39176.65,INR,SUCCESS,POS
T106769,M1000,C80539,2026-09-09 22:25:32,182354.60,INR,SUCCESS,POS
T106770,M1007,C98637,2026-09-09 17:50:38,12172.04,INR,SUCCESS,QR
T106771,M1000,C95163,2026-09-09 13:53:56,18630.96,INR,SUCCESS,ONLINE
T106772,M1009,C56667,2026-09-09 14:45:06,1368.46,INR,SUCCESS,QR
T106773,M1027,C87569,2026-09-09 10:20:34,177652.94,INR,SUCCESS,POS
T106774,M1008,C66665,2026-09-09 18:16:12,33934.03,INR,SUCCESS,POS
T106775,M1006,C57071,2026-09-09 21:32:24,1100.21,INR,SUCCESS,QR
T106776,M1017,C82300,2026-09-09 18:41:36,31800.66,INR,FAILED,QR
T106777,M1017,C56521,2026-09-09 20:13:20,20615.44,INR,SUCCESS,QR
T106778,M1016,C56162,2026-09-09 13:24:45,28185.09,INR,SUCCESS,POS
T106779,M1005,C72257,2026-09-09 09:26:31,375695.45,INR,SUCCESS,POS
T106780,M1017,C58365,2026-09-09 06:17:42,25608.27,INR,SUCCESS,QR
T106781,M1014,C71974,2026-09-09 18:07:59,160852.42,INR,SUCCESS,QR
T106782,M1010,C85221,2026-09-09 08:51:54,25308.30,INR,SUCCESS,QR
T106783,M1021,C51275,2026-09-09 17:23:52,54063.28,INR,SUCCESS,ONLINE
T106784,M1020,C89624,2026-09-09 09:56:57,385.71,INR,SUCCESS,QR
T106785,M1018,C55703,2026-09-09 08:24:25,1562.31,INR,SUCCESS,QR
T106786,M1007,C72964,2026-09-09 10:01:44,39116.22,INR,SUCCESS,ONLINE
T106787,M1022,C86167,2026-09-09 08:00:54,2300.26,INR,FAILED,QR
T106788,M1023,C60174,2026-09-09 11:48:25,54539.62,INR,SUCCESS,ONLINE
T106789,M1013,C80256,2026-09-09 16:49:32,1437.71,INR,SUCCESS,QR
T106790,M1015,C73406,2026-09-09 12:40:47,225726.51,INR,SUCCESS,ONLINE
T106791,M1002,C69298,2026-09-09 06:17:10,688.77,INR,SUCCESS,POS
T106792,M1002,C60274,2026-09-09 11:22:52,266750.64,INR,SUCCESS,POS
T106793,M1029,C54491,2026-09-09 15:02:46,353256.29,INR,SUCCESS,ONLINE
T106794,M1016,C85931,2026-09-09 08:19:16,670.64,INR,SUCCESS,POS
T106795,M1025,C68555,2026-09-09 06:37:14,379486.07,INR,SUCCESS,POS
T106796,M1000,C70915,2026-09-09 18:49:12,24978.80,INR,SUCCESS,ONLINE
T106797,M1006,C90638,2026-09-09 06:19:16,1478.01,INR,SUCCESS,ONLINE
T106798,M1021,C94339,2026-09-09 22:16:33,2579.07,INR,SUCCESS,ONLINE
T106799,M1010,C80131,2026-09-09 14:18:17,45543.94,INR,SUCCESS,ONLINE
T106800,M1003,C96739,2026-09-09 09:22:54,13138.68,INR,SUCCESS,ONLINE
T106801,M1013,C85189,2026-09-09 06:01:35,2915.41,INR,SUCCESS,QR
T106802,M1007,C61225,2026-09-09 17:10:03,139991.75,INR,SUCCESS,ONLINE
T106803,M1003,C63446,2026-09-09 09:14:06,3973.78,INR,SUCCESS,ONLINE
T106804,M1026,C70249,2026-09-09 11:26:25,662.23,INR,SUCCESS,POS
T106805,M1025,C95300,2026-09-09 12:55:16,2718.20,INR,SUCCESS,QR
T106806,M1027,C51622,2026-09-09 21:41:27,1296.21,INR,SUCCESS,QR
T106807,M1022,C95111,2026-09-09 18:19:25,54339.52,INR,SUCCESS,QR
T106808,M1017,C84194,2026-09-09 08:07:17,268.79,INR,SUCCESS,QR
T106809,M1003,C58539,2026-09-09 12:01:10,3099.17,INR,REVERSED,POS
T106810,M1005,C76799,2026-09-09 11:29:36,197.24,INR,REVERSED,QR
T106811,M1008,C61613,2026-09-09 09:12:24,45558.24,INR,REVERSED,ONLINE
T106812,M1004,C54735,2026-09-09 08:05:52,37471.93,INR,SUCCESS,ONLINE
T106813,M1019,C80741,2026-09-09 19:47:07,3934.25,INR,SUCCESS,POS
T106814,M1018,C61718,2026-09-09 13:05:38,359096.92,INR,SUCCESS,QR
T106815,M1019,C94720,2026-09-09 12:37:28,45584.03,INR,SUCCESS,POS
T106816,M1014,C98668,2026-09-09 21:24:53,2758.13,INR,SUCCESS,POS
T106817,M1004,C71876,2026-09-09 07:04:34,251143.63,INR,SUCCESS,POS
T106818,M1020,C55433,2026-09-09 09:38:42,1717.33,INR,SUCCESS,QR
T106819,M1024,C97305,2026-09-09 16:39:36,21965.02,INR,SUCCESS,POS
T106820,M1012,C91213,2026-09-09 17:37:50,338588.65,INR,SUCCESS,QR
T106821,M1003,C75556,2026-09-09 15:37:56,29167.50,INR,SUCCESS,QR
T106822,M1003,C83280,2026-09-09 11:26:39,100529.02,INR,SUCCESS,POS
T106823,M1021,C92559,2026-09-09 13:33:29,950.12,INR,SUCCESS,POS
T106824,M1022,C91186,2026-09-09 08:18:32,3039.36,INR,SUCCESS,QR
T106825,M1017,C62079,2026-09-09 11:46:28,2726.84,INR,SUCCESS,ONLINE
T106826,M1004,C75077,2026-09-09 10:19:23,63591.67,INR,FAILED,ONLINE
T106827,M1001,C51752,2026-09-09 10:34:30,2531.50,INR,SUCCESS,ONLINE
T106828,M1019,C56562,2026-09-09 18:58:09,38988.95,INR,SUCCESS,ONLINE
T106829,M1015,C67615,2026-09-09 09:44:29,53061.50,INR,SUCCESS,QR
T106830,M1012,C88867,2026-09-09 15:20:18,1402.81,IN,SUCCESS,ONLINE
T106831,M1023,C81962,2026-09-09 11:23:06,312850.26,INR,REVERSED,QR
T106832,M1029,C63155,2026-09-09 16:04:46,2643.48,INR,REVERSED,QR
T106833,M1024,C70002,2026-09-09 11:19:35,52537.21,INR,SUCCESS,ONLINE
T106834,M1007,C86793,2026-09-09 22:21:44,317784.75,INR,SUCCESS,QR
T106835,M1021,C85918,2026-09-09 22:23:18,324786.95,INR,SUCCESS,QR
T106836,M1023,C87093,2026-09-09 18:17:43,43702.24,INR,SUCCESS,QR
T106837,M1020,C84407,2026-09-09 20:50:00,702.30,INR,SUCCESS,QR
T106838,M1018,C50472,2026-09-09 13:53:06,136701.77,INR,SUCCESS,POS
T106839,M1027,C75769,2026-09-09 11:18:26,193100.22,INR,SUCCESS,ONLINE
T106840,M1012,C87541,2026-09-09 18:41:45,1230.62,INR,SUCCESS,ONLINE
T106841,M1020,C56012,2026-09-09 22:22:17,1443.11,INR,SUCCESS,POS
T106842,M1004,C74400,2026-09-09 12:47:24,107706.15,INR,SUCCESS,QR
T106843,M1025,C52338,2026-09-09 16:23:01,2605.77,INR,SUCCESS,POS
T106844,M1025,C52074,2026-09-09 07:31:44,16445.02,INR,SUCCESS,ONLINE
T106845,M1013,C81732,2026-09-09 11:31:40,115346.36,INR,SUCCESS,POS
T106846,M1029,C63011,2026-09-09 21:19:02,52264.65,INR,SUCCESS,ONLINE
T106847,M1004,C55405,2026-09-09 15:26:57,235260.13,INR,SUCCESS,POS
T106848,M1023,C68935,2026-09-09 16:49:45,12792.37,INR,SUCCESS,POS
T106849,M1025,C52812,2026-09-09 14:48:53,3430.43,INR,SUCCESS,ONLINE
T106850,M1011,C77315,2026-09-09 20:31:23,46414.38,INR,SUCCESS,ONLINE
T106851,M1018,C61732,2026-09-09 19:11:58,19983.07,INR,SUCCESS,QR
T106852,M1003,C89768,2026-09-09 12:11:56,325671.01,INR,SUCCESS,POS
T106853,M1005,C52879,2026-09-09 12:18:13,143194.25,INR,SUCCESS,POS
T106854,M1009,C65388,2026-09-09 09:02:50,515.03,INR,FAILED,ONLINE
T106855,M1020,C61671,2026-09-09 10:39:14,54846.46,INR,SUCCESS,POS
T106856,M1016,C81576,2026-09-09 17:55:23,4469.70,INR,SUCCESS,ONLINE
T106857,M1021,C57683,2026-09-09 20:47:54,2297.34,INR,SUCCESS,ONLINE
T106858,M1027,C91838,2026-09-09 08:29:19,56132.87,INR,SUCCESS,ONLINE
T106859,M1012,C90513,2026-09-09 06:26:26,151003.93,INR,SUCCESS,QR
T106860,M1019,C66260,2026-09-09 08:03:02,14590.70,INR,SUCCESS,ONLINE
T106861,M1007,C60939,2026-09-09 21:01:50,83724.92,INR,SUCCESS,POS
T106862,M1018,C50712,2026-09-09 15:09:04,350034.74,INR,SUCCESS,QR
T106863,M1007,C90218,2026-09-09 09:28:42,982.45,INR,SUCCESS,QR
T106864,M1017,C55476,2026-09-09 16:08:00,25197.37,INR,SUCCESS,ONLINE
T106865,M1024,C90784,2026-09-09 06:58:55,1043.03,INR,SUCCESS,POS
T106866,M1003,C72303,2026-09-09 19:45:05,167747.32,INR,SUCCESS,ONLINE
T106867,M1007,C57910,2026-09-09 10:04:10,389481.61,INR,SUCCESS,QR
T106868,M1011,C94582,2026-09-09 22:16:18,2002.23,INR,SUCCESS,QR
T106869,M1023,C75839,2026-09-09 16:56:11,2061.17,INR,SUCCESS,POS
T106870,M1022,C82332,2026-09-09 17:41:53,110829.43,INR,SUCCESS,QR
T106871,M1009,C67045,2026-09-09 06:23:40,2334.05,INR,SUCCESS,QR
T106872,M1022,C97387,2026-09-09 20:44:31,319258.66,INR,SUCCESS,ONLINE
T106873,M1003,C91608,2026-09-09 22:51:21,136138.17,INR,FAILED,QR
T106874,M1009,C87773,2026-09-09 15:20:58,450.41,INR,SUCCESS,QR
T106875,M1029,C61933,2026-09-09 19:05:39,274131.04,,SUCCESS,QR
T106876,M1009,C96399,2026-09-09 20:15:24,12195.19,INR,SUCCESS,QR
T106877,M1019,C84740,2026-09-09 08:43:25,39400.41,INR,SUCCESS,POS
T106878,M1013,C90867,2026-09-09 17:19:47,113838.39,INR,SUCCESS,QR
T106879,M1004,C83185,2026-09-09 19:04:40,1345.84,INR,SUCCESS,POS
T106880,M1000,C74917,2026-09-09 15:19:12,175831.75,INR,FAILED,POS
T106881,M1009,C77864,2026-09-09 08:18:53,7566.67,INR,SUCCESS,POS
T106882,M1009,C87871,2026-09-09 21:54:24,28153.06,INR,SUCCESS,POS
T106883,M1003,C99617,2026-09-09 14:04:48,319.22,INR,SUCCESS,QR
T106884,M1001,C99859,2026-09-09 22:42:01,8260.34,INR,SUCCESS,ONLINE
T106885,M1029,C54925,2026-09-09 12:14:34,1252.90,INR,SUCCESS,QR
T106886,M1029,C68017,2026-09-09 06:45:44,158825.01,INR,SUCCESS,QR
T106887,M1014,C87626,2026-09-09 09:51:03,210373.15,INR,SUCCESS,POS
T106888,M1019,C70839,2026-09-09 10:58:26,33744.82,INR,FAILED,POS
T106889,M1014,C83215,2026-09-09 12:03:11,33352.79,INR,FAILED,ONLINE
T106890,M1009,C64658,2026-09-09 08:52:03,269013.32,INR,SUCCESS,QR
T106891,M1011,C71151,2026-09-09 14:04:34,363970.72,INR,FAILED,POS
T106892,M1021,C77111,2026-09-09 10:48:19,1152.48,INR,SUCCESS,ONLINE
T106893,M1029,C82647,2026-09-09 14:52:48,395688.91,INR,SUCCESS,POS
T106894,M1011,C62490,2026-09-09 07:15:39,17585.01,INR,REVERSED,ONLINE
T106895,M1020,C75602,2026-09-09 21:09:49,3744.41,INR,SUCCESS,QR
T106896,M1011,C99229,2026-09-09 12:54:38,3984.49,INR,SUCCESS,POS
T106897,M1014,C97941,2026-09-09 07:22:55,164662.46,INR,SUCCESS,POS
T106898,M1003,C83920,2026-09-09 10:29:08,124418.05,INR,SUCCESS,ONLINE
T106899,M1000,C61194,2026-09-09 07:34:16,1730.79,INR,SUCCESS,ONLINE
T106900,M1028,C74514,2026-09-09 09:10:16,45105.22,INR,SUCCESS,POS
T106901,M1017,C55938,2026-09-09 18:51:07,3028.16,INR,SUCCESS,ONLINE
T106902,M1028,C50002,2026-09-09 13:49:14,52398.13,INR,SUCCESS,POS
T106903,M1005,C84127,2026-09-09 09:17:01,3922.80,INR,SUCCESS,QR
T106904,M1000,C91839,2026-09-09 10:56:42,47774.49,INR,SUCCESS,QR
T106905,M1004,C97782,2026-09-09 15:56:06,206705.96,INR,SUCCESS,POS
T106906,M1008,C63081,2026-09-09 17:07:43,55441.07,INR,SUCCESS,QR
T106907,M1000,C61498,2026-09-09 13:55:14,1876.01,INR,SUCCESS,QR
T106908,M1014,C73115,2026-09-09 06:27:01,188382.26,INR,SUCCESS,POS
T106909,M1017,C58199,2026-09-09 07:12:50,54990.30,INR,SUCCESS,ONLINE
T106910,M1029,C69580,2026-09-09 07:01:16,81281.45,INR,SUCCESS,QR
T106911,M1010,C69340,2026-09-09 18:55:27,156053.35,INR,SUCCESS,POS
T106912,M1016,C52870,2026-09-09 12:04:03,36561.49,INR,SUCCESS,POS
T106913,M1024,C54259,2026-09-09 22:52:32,78748.07,INR,SUCCESS,ONLINE
T106914,,C79251,2026-09-09 11:05:40,2647.23,INR,SUCCESS,QR
T106915,M1010,C50547,2026-09-09 09:17:42,1132.16,INR,SUCCESS,ONLINE
T106916,M1003,C86453,2026-09-09 08:16:49,3975.80,INR,SUCCESS,POS
T106917,M1024,C85022,2026-09-09 11:43:11,271376.15,INR,FAILED,POS
T106918,M1006,C98421,2026-09-09 18:43:19,129768.14,INR,FAILED,POS
T106919,M1001,C69881,2026-09-09 18:11:18,126678.47,INR,SUCCESS,POS
T106920,M1029,C70455,2026-09-09 09:19:00,6833.52,INR,SUCCESS,POS
T106921,M1029,C75125,2026-09-09 22:35:13,11542.81,INR,SUCCESS,QR
T106922,M1009,C98044,2026-09-09 15:06:16,1227.31,INR,SUCCESS,QR
T106923,M1021,C61918,2026-09-09 10:23:12,352726.78,INR,FAILED,POS
T106924,M1013,C56893,2026-09-09 20:53:05,8631.56,INR,SUCCESS,ONLINE
T106925,M1009,C64462,2026-09-09 16:02:49,319713.96,INR,SUCCESS,ONLINE
T106926,M1012,C54013,2026-09-09 06:03:10,38444.40,INR,SUCCESS,POS
T106927,M1015,C74682,2026-09-09 20:18:42,120630.02,INR,SUCCESS,QR
T106928,M1023,C89837,2026-09-09 17:43:26,38676.78,INR,SUCCESS,POS
T106929,M1009,C77104,2026-09-09 22:17:18,209857.56,INR,SUCCESS,ONLINE
T106930,M1016,C88584,2026-09-09 20:09:16,40614.80,INR,SUCCESS,POS
T106931,M1002,C76836,2026-09-09 16:03:30,354958.66,INR,FAILED,ONLINE
T106932,M1007,C99646,2026-09-09 12:06:42,13416.42,INR,FAILED,ONLINE
T106933,M1007,C70449,2026-09-09 15:53:26,1169.12,INR,SUCCESS,ONLINE
T106934,M1001,C51851,2026-09-09 13:07:36,3617.14,INR,SUCCESS,POS
T106935,M1014,C58696,2026-09-09 09:53:43,2995.86,INR,SUCCESS,POS
T106936,M1006,C94665,2026-09-09 20:58:46,24946.95,INR,SUCCESS,POS
T106937,M1027,C69084,2026-09-09 22:28:55,3593.60,INR,SUCCESS,POS
T106938,M1012,C87352,2026-09-09 10:55:46,383234.50,INR,SUCCESS,ONLINE
T106939,M1029,C57880,2026-09-09 21:28:40,31520.93,INR,SUCCESS,ONLINE
T106940,M1026,C68985,2026-09-09 15:32:25,1838.35,INR,SUCCESS,QR
T106941,M1022,C81746,2026-09-09 18:47:58,150330.83,INR,SUCCESS,ONLINE
T106942,M1015,C63498,2026-09-09 06:14:10,59718.64,INR,FAILED,POS
T106943,M1010,C72805,2026-09-09 18:28:43,30736.31,INR,REVERSED,ONLINE
T106944,M1018,C79210,2026-09-09 09:31:35,363165.68,INR,SUCCESS,ONLINE
T106945,M1014,C95748,2026-09-09 08:14:59,394335.52,INR,SUCCESS,ONLINE
T106946,M1024,C88116,2026-09-09 17:41:30,33465.58,INR,SUCCESS,POS
T106947,M1026,C56434,2026-09-09 14:39:48,8249.05,INR,SUCCESS,QR
T106948,M1012,C55632,2026-09-09 11:09:07,167264.65,INR,SUCCESS,ONLINE
T106949,M1015,C99259,2026-09-09 14:50:11,38951.92,INR,SUCCESS,ONLINE
T106950,M1024,C81630,2026-09-09 12:20:29,3343.47,INR,SUCCESS,POS
T106951,M1015,C93423,2026-09-09 12:32:18,37587.41,INR,SUCCESS,ONLINE
T106952,M1003,C86555,2026-09-09 14:14:01,273476.84,INR,SUCCESS,ONLINE
T106953,M1017,C70313,2026-09-09 12:29:04,1981.11,INR,SUCCESS,QR
T106954,M1010,C52906,2026-09-09 13:25:52,2557.98,INR,SUCCESS,POS
T106955,M1003,C75668,2026-09-09 10:23:15,3967.27,INR,SUCCESS,QR
T106956,M1002,C78871,2026-09-09 08:20:35,3029.21,INR,SUCCESS,QR
T106957,M1005,C90627,2026-09-09 08:41:03,1076.29,INR,FAILED,QR
T106958,M1018,C99027,2026-09-09 17:59:18,24757.40,INR,SUCCESS,ONLINE
T106959,M1008,C72959,2026-09-09 18:17:02,1457.00,INR,SUCCESS,POS
T106960,M1025,C93689,2026-09-09 22:06:29,193316.15,INR,SUCCESS,QR
T106961,M1016,C59380,2026-09-09 22:12:12,2036.01,INR,FAILED,QR
T106962,M1025,C68046,2026-09-09 09:48:28,3746.14,INR,SUCCESS,POS
T106963,M1015,C65199,2026-09-09 19:49:12,59148.70,INR,SUCCESS,QR
T106964,M1012,C68212,2026-09-09 22:00:19,8873.88,INR,SUCCESS,ONLINE
T106965,M1017,C96893,2026-09-09 16:35:42,155790.82,INR,FAILED,QR
T106966,M1014,C93055,2026-09-09 07:35:35,56744.66,INR,SUCCESS,QR
T106967,M1029,C85694,2026-09-09 18:58:08,248841.11,INR,SUCCESS,QR
T106968,M1025,C88183,2026-09-09 10:52:59,2267.26,INR,SUCCESS,POS
T106969,M1009,C94378,2026-09-09 06:21:52,111722.98,INR,SUCCESS,QR
T106970,M1027,C86571,2026-09-09 06:36:15,28577.17,INR,REVERSED,POS
T106971,M1002,C78314,2026-09-09 18:10:52,332.22,INR,SUCCESS,QR
T106972,M1003,C74795,2026-09-09 19:57:21,19643.48,INR,FAILED,QR
T106973,M1006,C91628,2026-09-09 20:03:30,380080.68,INR,SUCCESS,POS
T106974,M1018,C93358,2026-09-09 09:34:34,53128.19,INR,FAILED,QR
T106975,M1025,C58229,2026-09-09 08:59:55,1435.19,INR,SUCCESS,POS
T106976,M1007,C72038,2026-09-09 18:30:10,784.98,INR,SUCCESS,QR
T106977,M1012,C88393,2026-09-09 21:34:59,1089.49,INR,SUCCESS,POS
T106978,M1007,C62351,2026-09-09 06:41:59,45664.11,INR,SUCCESS,POS
T106979,M1007,C68463,2026-09-09 07:25:44,41271.84,INR,SUCCESS,POS
T106980,M1028,C80970,2026-09-09 07:06:40,151.86,INR,SUCCESS,QR
T106981,M1022,C78657,2026-09-09 15:57:00,190325.68,INR,SUCCESS,QR
T106982,M1027,C64071,2026-09-09 08:01:47,365826.13,INR,SUCCESS,POS
T106983,M1025,C95628,2026-09-09 14:28:06,296626.13,INR,SUCCESS,ONLINE
T106984,M1022,C60455,2026-09-09 07:26:33,194.72,INR,SUCCESS,ONLINE
T106985,M1005,C71368,2026-09-09 10:07:52,42739.04,INR,SUCCESS,ONLINE
T106986,M1001,C97502,2026-09-09 16:21:16,178457.22,INR,SUCCESS,QR
T106987,M1027,C74481,2026-09-09 19:16:41,309279.43,INR,SUCCESS,POS
T106988,M1017,C64070,2026-09-09 20:34:11,250223.63,INR,FAILED,QR
T106989,M1011,C92371,2026-09-09 17:02:03,279954.78,INR,SUCCESS,ONLINE
T106990,M1012,C90608,2026-09-09 18:17:31,671.64,INR,SUCCESS,POS
T106991,M1000,C52449,2026-09-09 17:28:27,10032.34,INR,SUCCESS,POS
T106992,M1008,C87771,2026-09-09 15:12:29,1646.06,INR,FAILED,ONLINE
T106993,M1005,C95854,2026-09-09 16:20:06,113123.14,INR,SUCCESS,POS
T106994,M1025,C68965,2026-09-09 20:36:38,58529.59,INR,FAILED,ONLINE
T106995,M1014,C85534,2026-09-09 21:00:42,243315.99,INR,FAILED,POS
T106996,M1007,C52446,2026-09-09 22:31:38,14932.42,INR,SUCCESS,ONLINE
T106997,M1024,C57066,2026-09-09 20:38:40,31354.59,INR,SUCCESS,QR
T106998,M1005,C91593,2026-09-09 10:30:20,113381.21,INR,SUCCESS,POS
T106999,M1028,C77675,2026-09-09 06:45:15,1296.54,INR,SUCCESS,ONLINE
T107000,M1006,C62588,2026-09-09 10:20:59,386461.65,INR,SUCCESS,POS
T107001,M1018,C75424,2026-09-09 21:41:30,369224.65,INR,SUCCESS,POS
T107002,M1012,C59455,2026-09-09 07:19:26,30863.06,INR,SUCCESS,QR
T107003,M1012,C86801,2026-09-09 13:19:12,1011.02,INR,SUCCESS,QR
T107004,M1008,C76271,2026-09-09 22:43:33,20131.90,INR,SUCCESS,POS
T107005,M1005,C53373,2026-09-09 06:09:28,1998.24,INR,FAILED,POS
T107006,M1016,C69834,2026-09-09 19:41:07,23833.09,INR,SUCCESS,ONLINE
T107007,M1007,C91065,2026-09-09 11:11:45,35388.96,INR,SUCCESS,ONLINE
T107008,M1023,C93018,2026-09-09 18:31:49,362852.19,INR,SUCCESS,POS
T107009,M1017,C82236,2026-09-09 07:20:18,12799.89,INR,SUCCESS,ONLINE
T107010,M1009,C52953,2026-09-09 10:40:44,42879.51,INR,FAILED,QR
T107011,M1011,C50729,2026-09-09 10:45:29,2993.22,INR,SUCCESS,QR
T107012,M1021,C97866,2026-09-09 11:37:04,306503.81,INR,REVERSED,QR
T107013,M1021,C83558,2026-09-09 10:11:51,2330.64,INR,SUCCESS,ONLINE
T107014,M1025,C73903,2026-09-09 08:43:47,21014.51,INR,SUCCESS,POS
T107015,M1003,C93529,2026-09-09 16:56:43,158348.55,INR,SUCCESS,POS
T107016,M1009,C53642,2026-09-09 20:01:58,86083.69,INR,FAILED,ONLINE
T107017,M1015,C85583,2026-09-09 13:08:52,2465.08,INR,SUCCESS,QR
T107018,M1029,C82131,2026-09-09 15:07:45,15656.43,INR,SUCCESS,QR
T107019,M1001,C77928,2026-09-09 16:23:18,39377.94,INR,SUCCESS,POS
T107020,M1008,C94229,2026-09-09 11:45:33,225427.74,INR,SUCCESS,POS
T107021,M1001,C52516,2026-09-09 20:22:51,212588.98,INR,SUCCESS,QR
T107022,M1002,C97720,2026-09-09 21:20:16,103871.80,INR,SUCCESS,QR
T107023,M1009,C89163,2026-09-09 20:19:22,2343.37,INR,SUCCESS,ONLINE
T107024,M1003,C57412,2026-09-09 16:27:36,11441.32,INR,SUCCESS,ONLINE
T107025,M1018,C86311,2026-09-09 06:24:20,213364.96,INR,SUCCESS,POS
T107026,M1019,C88661,2026-09-09 15:53:51,102758.51,INR,FAILED,ONLINE
T107027,M1017,C81708,2026-09-09 16:40:22,2467.97,INR,SUCCESS,ONLINE
T107028,M1000,C77155,2026-09-09 21:35:09,352520.45,INR,FAILED,ONLINE
T107029,M1011,C53310,2026-09-09 10:20:38,44163.48,INR,SUCCESS,POS
T107030,M1028,C85981,2026-09-09 12:59:44,389643.74,INR,SUCCESS,QR
T107031,M1003,C58327,2026-09-09 11:01:54,23111.60,INR,SUCCESS,QR
T107032,M1020,C64445,2026-09-09 09:37:58,1017.81,INR,SUCCESS,POS
T107033,M1001,C91462,2026-09-09 12:40:23,44531.52,INR,SUCCESS,QR
T107034,M1029,C66289,2026-09-09 07:28:42,39701.84,INR,SUCCESS,ONLINE
T107035,M1006,C72939,2026-09-09 19:21:52,38052.12,INR,SUCCESS,QR
T107036,M1029,C74913,2026-09-09 15:07:10,58425.72,INR,SUCCESS,POS
T107037,M1010,C87460,2026-09-09 21:10:38,17880.19,INR,SUCCESS,POS
T107038,M1004,C52387,2026-09-09 21:02:06,21577.81,INR,SUCCESS,ONLINE
T107039,M1022,C99296,2026-09-09 15:12:57,2022.20,INR,SUCCESS,QR
T107040,M1009,C88168,2026-09-09 21:19:32,345798.55,INR,SUCCESS,POS
T107041,M1023,C99947,2026-09-09 17:51:02,2264.43,INR,SUCCESS,POS
T107042,M1011,C69660,2026-09-09 21:38:57,195723.31,INR,SUCCESS,QR
T107043,M1011,C81009,2026-09-09 17:58:29,37571.62,INR,SUCCESS,ONLINE
T107044,M1003,C61698,2026-09-09 09:51:10,1408.27,INR,SUCCESS,QR
T107045,M1017,C52391,2026-09-09 11:35:58,1761.14,INR,SUCCESS,POS
T107046,M1011,C63671,2026-09-09 09:37:50,54631.00,INR,SUCCESS,QR
T107047,M1001,C68909,2026-09-09 19:47:51,2449.13,INR,SUCCESS,ONLINE
T107048,M1005,C87160,2026-09-09 12:43:14,42966.77,INR,SUCCESS,QR
T107049,M1001,C51336,2026-09-09 09:30:54,16063.90,INR,SUCCESS,POS
T107050,M1018,C66982,2026-09-09 13:28:17,9610.63,INR,SUCCESS,POS
T107051,M1003,C73048,2026-09-09 12:15:20,319038.77,INR,SUCCESS,QR
T107052,M1027,C66723,2026-09-09 18:10:34,2564.36,INR,SUCCESS,POS
T107053,M1024,C59534,2026-09-09 13:03:00,3059.09,INR,SUCCESS,POS
T107054,M1023,C79244,2026-09-09 09:54:09,306125.74,INR,SUCCESS,ONLINE
T107055,M1012,C62599,2026-09-09 17:18:50,146590.65,INR,SUCCESS,POS
T107056,M1013,C87601,2026-09-09 12:29:15,2943.78,INR,SUCCESS,ONLINE
T107057,M1029,C71512,2026-09-09 17:54:27,1422.71,INR,SUCCESS,QR
T107058,M1023,C63015,2026-09-09 06:58:14,340053.47,INR,SUCCESS,QR
T107059,M1023,C70243,2026-09-09 15:38:31,2715.30,INR,SUCCESS,ONLINE
T107060,M1022,C75997,2026-09-09 13:14:01,232123.11,INR,SUCCESS,ONLINE
T107061,M1001,C76638,2026-09-09 14:55:21,365040.26,INR,FAILED,QR
T107062,M1008,C56533,2026-09-09 08:55:00,206343.81,INR,SUCCESS,POS
T107063,M1010,C97092,2026-09-09 18:37:12,149183.44,INR,REVERSED,ONLINE
T107064,M1028,C74122,2026-09-09 17:35:31,18281.61,INR,SUCCESS,POS
T107065,M1001,C56655,2026-09-09 08:42:07,2643.24,INR,SUCCESS,ONLINE
T107066,M1026,C71594,2026-09-09 20:42:18,325588.61,INR,SUCCESS,ONLINE
T107067,M1005,C53648,2026-09-09 16:58:21,10512.07,INR,SUCCESS,POS
T107068,M1014,C57352,2026-09-09 11:04:13,41275.90,INR,SUCCESS,ONLINE
T107069,M1027,C52813,2026-09-09 09:44:44,251543.61,INR,SUCCESS,QR
T107070,M1001,C56290,2026-09-09 06:27:08,1263.55,INR,FAILED,QR
T107071,M1018,C60287,2026-09-09 10:42:34,160384.33,INR,FAILED,ONLINE
T107072,M1023,C75957,2026-09-09 09:50:39,1544.00,INR,SUCCESS,QR
T107073,M1010,C87786,2026-09-09 12:07:42,3649.03,INR,SUCCESS,ONLINE
T107074,M1002,C90152,2026-09-09 10:19:22,22934.55,INR,SUCCESS,POS
T107075,M1015,C87247,2026-09-09 18:23:45,34782.45,INR,SUCCESS,ONLINE
T107076,M1013,C76716,2026-09-09 14:49:05,249725.31,INR,SUCCESS,ONLINE
T107077,M1025,C60842,2026-09-09 09:22:54,190.15,INR,SUCCESS,POS
T107078,M1028,C68387,2026-09-09 17:00:32,51664.65,INR,REVERSED,ONLINE
T107079,M1002,C52949,2026-09-09 18:44:05,729.75,INR,FAILED,QR
T107080,M1012,C69876,2026-09-09 10:18:48,114507.61,INR,SUCCESS,ONLINE
T107081,M1000,C82252,2026-09-09 15:57:32,292661.35,INR,SUCCESS,QR
T107082,M1000,C93321,2026-09-09 15:36:45,1101.25,INR,SUCCESS,QR
T107083,M1021,C74995,2026-09-09 09:04:38,501.45,INR,SUCCESS,POS
T107084,M1014,C51330,2026-09-09 19:22:21,2051.64,INR,SUCCESS,ONLINE
T107085,M1006,C89102,2026-09-09 09:20:02,625.76,INR,SUCCESS,QR
T107086,M1002,C60188,2026-09-09 22:41:05,68437.29,INR,SUCCESS,ONLINE
T107087,M1014,C64480,2026-09-09 07:08:10,2125.74,INR,SUCCESS,POS
T107088,M1016,C79367,2026-09-09 12:19:57,51323.93,INR,SUCCESS,POS
T107089,M1006,C61630,2026-09-09 09:53:14,351997.20,INR,SUCCESS,QR
T107090,M1009,C96682,2026-09-09 07:43:02,1319.81,INR,FAILED,ONLINE
T107091,M1001,C94331,2026-09-09 19:20:01,83768.68,INR,SUCCESS,ONLINE
